#
# There is insufficient memory for the Java Runtime Environment to continue.
# Native memory allocation (malloc) failed to allocate 1556176 bytes. Error detail: Chunk::new
# Possible reasons:
#   The system is out of physical RAM or swap space
#   This process is running with CompressedOops enabled, and the Java Heap may be blocking the growth of the native heap
# Possible solutions:
#   Reduce memory load on the system
#   Increase physical memory or swap space
#   Check if swap backing store is full
#   Decrease Java heap size (-Xmx/-Xms)
#   Decrease number of Java threads
#   Decrease Java thread stack sizes (-Xss)
#   Set larger code cache with -XX:ReservedCodeCacheSize=
#   JVM is running with Unscaled Compressed Oops mode in which the Java heap is
#     placed in the first 4GB address space. The Java Heap base address is the
#     maximum limit for the native heap growth. Please use -XX:HeapBaseMinAddress
#     to set the Java Heap base and to place the Java Heap above 4GB virtual address.
# This output file may be truncated or incomplete.
#
#  Out of Memory Error (arena.cpp:191), pid=21656, tid=13868
#
# JRE version: OpenJDK Runtime Environment Temurin-17.0.17+10 (17.0.17+10) (build 17.0.17+10)
# Java VM: OpenJDK 64-Bit Server VM Temurin-17.0.17+10 (17.0.17+10, mixed mode, sharing, tiered, compressed oops, compressed class ptrs, g1 gc, windows-amd64)
# No core dump will be written. Minidumps are not enabled by default on client versions of Windows
#

---------------  S U M M A R Y ------------

Command Line: --add-opens=java.base/java.lang=ALL-UNNAMED --add-opens=java.base/java.lang.invoke=ALL-UNNAMED --add-opens=java.base/java.util=ALL-UNNAMED --add-opens=java.prefs/java.util.prefs=ALL-UNNAMED --add-exports=jdk.compiler/com.sun.tools.javac.api=ALL-UNNAMED --add-exports=jdk.compiler/com.sun.tools.javac.util=ALL-UNNAMED --add-opens=java.base/java.util=ALL-UNNAMED --add-opens=java.prefs/java.util.prefs=ALL-UNNAMED --add-opens=java.base/java.nio.charset=ALL-UNNAMED --add-opens=java.base/java.net=ALL-UNNAMED --add-opens=java.base/java.util.concurrent=ALL-UNNAMED --add-opens=java.base/java.util.concurrent.atomic=ALL-UNNAMED --add-opens=java.xml/javax.xml.namespace=ALL-UNNAMED -XX:MaxMetaspaceSize=512m -Xmx2048m -Dfile.encoding=windows-1252 -Duser.country=ID -Duser.language=en -Duser.variant -javaagent:C:\Users\asepr\.gradle\wrapper\dists\gradle-9.0.0-bin\d6wjpkvcgsg3oed0qlfss3wgl\gradle-9.0.0\lib\agents\gradle-instrumentation-agent-9.0.0.jar org.gradle.launcher.daemon.bootstrap.GradleDaemon 9.0.0

Host: AMD Ryzen 5 5500U with Radeon Graphics         , 12 cores, 5G,  Windows 11 , 64 bit Build 26100 (10.0.26100.8115)
Time: Thu Apr  2 10:38:21 2026 SE Asia Standard Time elapsed time: 8172.186844 seconds (0d 2h 16m 12s)

---------------  T H R E A D  ---------------

Current thread (0x00000219f99a1f70):  JavaThread "C2 CompilerThread0" daemon [_thread_in_native, id=13868, stack(0x000000efc0a00000,0x000000efc0b00000)]


Current CompileTask:
C2:8172186 50056       4       org.gradle.api.internal.artifacts.ivyservice.resolveengine.result.ThisBuildTreeOnlyComponentResultSerializer::readComponentResult (148 bytes)

Stack: [0x000000efc0a00000,0x000000efc0b00000]
Native frames: (J=compiled Java code, j=interpreted, Vv=VM code, C=native code)
V  [jvm.dll+0x683fb9]
V  [jvm.dll+0x83a1b5]
V  [jvm.dll+0x83bc2e]
V  [jvm.dll+0x83c2b3]
V  [jvm.dll+0x248eff]
V  [jvm.dll+0xad496]
V  [jvm.dll+0xadb3c]
V  [jvm.dll+0x3689ef]
V  [jvm.dll+0x332fa5]
V  [jvm.dll+0x33240a]
V  [jvm.dll+0x219db9]
V  [jvm.dll+0x219200]
V  [jvm.dll+0x1a4920]
V  [jvm.dll+0x22989a]
V  [jvm.dll+0x227a4b]
V  [jvm.dll+0x7effb8]
V  [jvm.dll+0x7ea44c]
V  [jvm.dll+0x682e87]
C  [ucrtbase.dll+0x37b0]
C  [KERNEL32.DLL+0x2e8d7]
C  [ntdll.dll+0x8c3fc]


---------------  P R O C E S S  ---------------

Threads class SMR info:
_java_thread_list=0x00000219a55442d0, length=208, elements={
0x00000219d93a9360, 0x00000219f9978920, 0x00000219f997a700, 0x00000219f9995bd0,
0x00000219f99984b0, 0x00000219f999b900, 0x00000219f999d4e0, 0x00000219f99a1f70,
0x00000219f99a78a0, 0x00000219f99ac480, 0x00000219f9964900, 0x00000219f9c5c8c0,
0x00000219fef9c770, 0x00000219f9e08340, 0x00000219fe8fd880, 0x00000219ff639b20,
0x00000219ff63b980, 0x00000219ff63a030, 0x00000219ff6386e0, 0x00000219ff63a540,
0x000002199bf85810, 0x000002199bf82060, 0x000002199c75c730, 0x000002199ccaa440,
0x000002199ccabd90, 0x000002199ccae100, 0x000002199ccaeb20, 0x000002199ccaf030,
0x000002199db33e90, 0x000002199db32030, 0x000002199db33980, 0x000002199db38f90,
0x000002199db394a0, 0x000002199db37640, 0x00000219a04c8550, 0x000002199e502200,
0x000002199e502c20, 0x000002199dd3be20, 0x000002199dd3c840, 0x00000219ad634aa0,
0x00000219ad634fb0, 0x00000219a7a13930, 0x00000219ad6354c0, 0x00000219ad636900,
0x00000219a80464b0, 0x000002199d0d54a0, 0x000002199d0d4060, 0x00000219af688670,
0x00000219a62ef350, 0x000002199ed71ba0, 0x000002199ed70c70, 0x00000219af6858e0,
0x00000219af5f1010, 0x00000219af525eb0, 0x000002199bca6530, 0x00000219af524050,
0x000002199ed71180, 0x000002199cec5860, 0x000002199cec5d70, 0x000002199cec4930,
0x00000219ad60c390, 0x00000219ad60d7d0, 0x00000219ad60ec10, 0x00000219ad60f630,
0x00000219af524a70, 0x00000219af523630, 0x00000219af5263c0, 0x00000219af5259a0,
0x00000219af5268d0, 0x00000219af523b40, 0x00000219af526de0, 0x00000219af524560,
0x00000219af524f80, 0x00000219af525490, 0x00000219a864ef40, 0x00000219a864e520,
0x00000219a864ea30, 0x00000219a864d0e0, 0x00000219a864f450, 0x00000219a864f960,
0x00000219a864c1b0, 0x00000219a864c6c0, 0x00000219a864cbd0, 0x00000219a864e010,
0x00000219ade044e0, 0x00000219ade03ac0, 0x00000219ade06340, 0x00000219ade03fd0,
0x00000219ade049f0, 0x00000219ade05920, 0x00000219ade04f00, 0x00000219ade05e30,
0x00000219ade05410, 0x00000219ade02b90, 0x00000219af1c3cc0, 0x00000219a838cf90,
0x00000219ad60c8a0, 0x00000219a864d5f0, 0x00000219a864db00, 0x000002199e503640,
0x000002199e5017e0, 0x000002199e504060, 0x000002199e501cf0, 0x000002199e500dc0,
0x000002199e504570, 0x00000219af686300, 0x00000219af687230, 0x00000219af686810,
0x00000219af687740, 0x00000219af688b80, 0x00000219af686d20, 0x00000219af689090,
0x00000219af687c50, 0x00000219af688160, 0x000002199bca4be0, 0x000002199cec5350,
0x000002199cec6280, 0x000002199cec71b0, 0x000002199cec76c0, 0x000002199cec3f10,
0x00000219af5f1a30, 0x00000219af5eeca0, 0x00000219af5f00e0, 0x00000219af5f1520,
0x00000219af5ee790, 0x00000219af5ee280, 0x00000219af5ef1b0, 0x00000219af5ef6c0,
0x00000219af5efbd0, 0x00000219a5f55940, 0x00000219a5f54a10, 0x00000219a5f57cb0,
0x00000219a016a380, 0x00000219a016ada0, 0x00000219af51d5b0, 0x00000219af51dac0,
0x00000219af51e9f0, 0x00000219af51d0a0, 0x00000219af51e4e0, 0x00000219af51ef00,
0x00000219a5f577a0, 0x00000219a5f55e50, 0x00000219a5f55430, 0x00000219a5f56360,
0x00000219a5f56870, 0x00000219af1c41d0, 0x00000219af1c5100, 0x00000219af1c5610,
0x00000219af1c46e0, 0x00000219af1c5b20, 0x00000219af1c4bf0, 0x00000219a5f56d80,
0x00000219a5f57290, 0x00000219a5f54f20, 0x00000219ae1162f0, 0x00000219ae116d10,
0x00000219a62f0790, 0x00000219a62f2b00, 0x00000219a62f0280, 0x00000219a62f25f0,
0x00000219a62f20e0, 0x00000219af1c2880, 0x00000219a62efd70, 0x00000219a62f0ca0,
0x00000219a62f11b0, 0x00000219a62f16c0, 0x00000219a62f1bd0, 0x00000219b50659e0,
0x00000219b5064090, 0x00000219b5065ef0, 0x00000219b5066400, 0x00000219b5063160,
0x00000219af51dfd0, 0x00000219af51c170, 0x00000219af1c6030, 0x00000219af1c2d90,
0x00000219af1c32a0, 0x00000219af1c37b0, 0x00000219af26fab0, 0x00000219af272840,
0x00000219ae117220, 0x00000219ae116800, 0x00000219ae117c40, 0x00000219af2709e0,
0x00000219af26ffc0, 0x00000219ae119590, 0x00000219ae119080, 0x00000219ae118150,
0x00000219b5066910, 0x00000219b5063670, 0x00000219b5063b80, 0x00000219b50645a0,
0x000002199e5012d0, 0x000002199e506df0, 0x000002199e505ec0, 0x000002199e504a80,
0x000002199e507300, 0x000002199e5063d0, 0x000002199e504f90, 0x000002199e508740,
0x000002199e509670, 0x000002199e509b80, 0x000002199e507810, 0x00000219af51f410,
0x00000219af51f920, 0x00000219ad60cdb0, 0x00000219b5064fc0, 0x00000219a838d4a0
}

Java Threads: ( => current thread )
  0x00000219d93a9360 JavaThread "main" [_thread_blocked, id=9756, stack(0x000000efbfd00000,0x000000efbfe00000)]
  0x00000219f9978920 JavaThread "Reference Handler" daemon [_thread_blocked, id=25824, stack(0x000000efc0400000,0x000000efc0500000)]
  0x00000219f997a700 JavaThread "Finalizer" daemon [_thread_blocked, id=1916, stack(0x000000efc0500000,0x000000efc0600000)]
  0x00000219f9995bd0 JavaThread "Signal Dispatcher" daemon [_thread_blocked, id=1372, stack(0x000000efc0600000,0x000000efc0700000)]
  0x00000219f99984b0 JavaThread "Attach Listener" daemon [_thread_blocked, id=18372, stack(0x000000efc0700000,0x000000efc0800000)]
  0x00000219f999b900 JavaThread "Service Thread" daemon [_thread_blocked, id=25180, stack(0x000000efc0800000,0x000000efc0900000)]
  0x00000219f999d4e0 JavaThread "Monitor Deflation Thread" daemon [_thread_blocked, id=12888, stack(0x000000efc0900000,0x000000efc0a00000)]
=>0x00000219f99a1f70 JavaThread "C2 CompilerThread0" daemon [_thread_in_native, id=13868, stack(0x000000efc0a00000,0x000000efc0b00000)]
  0x00000219f99a78a0 JavaThread "C1 CompilerThread0" daemon [_thread_blocked, id=11784, stack(0x000000efc0b00000,0x000000efc0c00000)]
  0x00000219f99ac480 JavaThread "Sweeper thread" daemon [_thread_blocked, id=21848, stack(0x000000efc0c00000,0x000000efc0d00000)]
  0x00000219f9964900 JavaThread "Common-Cleaner" daemon [_thread_blocked, id=24812, stack(0x000000efc0d00000,0x000000efc0e00000)]
  0x00000219f9c5c8c0 JavaThread "Notification Thread" daemon [_thread_blocked, id=11664, stack(0x000000efc0e00000,0x000000efc0f00000)]
  0x00000219fef9c770 JavaThread "Daemon health stats" [_thread_blocked, id=7328, stack(0x000000efc1500000,0x000000efc1600000)]
  0x00000219f9e08340 JavaThread "Incoming local TCP Connector on port 56102" [_thread_in_native, id=10556, stack(0x000000efc1200000,0x000000efc1300000)]
  0x00000219fe8fd880 JavaThread "Daemon periodic checks" [_thread_blocked, id=10400, stack(0x000000efc1600000,0x000000efc1700000)]
  0x00000219ff639b20 JavaThread "Cache worker for journal cache (C:\Users\asepr\.gradle\caches\journal-1)" [_thread_blocked, id=25736, stack(0x000000efc2300000,0x000000efc2400000)]
  0x00000219ff63b980 JavaThread "File lock request listener" [_thread_in_native, id=16796, stack(0x000000efc2400000,0x000000efc2500000)]
  0x00000219ff63a030 JavaThread "Cache worker for file hash cache (C:\Users\asepr\.gradle\caches\9.0.0\fileHashes)" [_thread_blocked, id=15504, stack(0x000000efc2500000,0x000000efc2600000)]
  0x00000219ff6386e0 JavaThread "File watcher server" daemon [_thread_in_native, id=10064, stack(0x000000efc2b00000,0x000000efc2c00000)]
  0x00000219ff63a540 JavaThread "File watcher consumer" daemon [_thread_blocked, id=5644, stack(0x000000efc2c00000,0x000000efc2d00000)]
  0x000002199bf85810 JavaThread "Cache worker for file content cache (C:\Users\asepr\.gradle\caches\9.0.0\fileContent)" [_thread_blocked, id=12472, stack(0x000000efc2e00000,0x000000efc2f00000)]
  0x000002199bf82060 JavaThread "jar transforms" [_thread_blocked, id=18656, stack(0x000000efc3300000,0x000000efc3400000)]
  0x000002199c75c730 JavaThread "Memory manager" [_thread_blocked, id=25128, stack(0x000000efc5d00000,0x000000efc5e00000)]
  0x000002199ccaa440 JavaThread "jar transforms Thread 2" [_thread_blocked, id=23340, stack(0x000000efcc200000,0x000000efcc300000)]
  0x000002199ccabd90 JavaThread "jar transforms Thread 3" [_thread_blocked, id=21688, stack(0x000000efcc300000,0x000000efcc400000)]
  0x000002199ccae100 JavaThread "jar transforms Thread 4" [_thread_blocked, id=5496, stack(0x000000efcce00000,0x000000efccf00000)]
  0x000002199ccaeb20 JavaThread "jar transforms Thread 5" [_thread_blocked, id=17616, stack(0x000000efc2600000,0x000000efc2700000)]
  0x000002199ccaf030 JavaThread "jar transforms Thread 6" [_thread_blocked, id=26512, stack(0x000000efccf00000,0x000000efcd000000)]
  0x000002199db33e90 JavaThread "jar transforms Thread 7" [_thread_blocked, id=20832, stack(0x000000efcd300000,0x000000efcd400000)]
  0x000002199db32030 JavaThread "jar transforms Thread 8" [_thread_blocked, id=19252, stack(0x000000efcd400000,0x000000efcd500000)]
  0x000002199db33980 JavaThread "jar transforms Thread 9" [_thread_blocked, id=6816, stack(0x000000efcd500000,0x000000efcd600000)]
  0x000002199db38f90 JavaThread "jar transforms Thread 10" [_thread_blocked, id=19392, stack(0x000000efcd600000,0x000000efcd700000)]
  0x000002199db394a0 JavaThread "jar transforms Thread 11" [_thread_blocked, id=1756, stack(0x000000efcd700000,0x000000efcd800000)]
  0x000002199db37640 JavaThread "jar transforms Thread 12" [_thread_blocked, id=21192, stack(0x000000efcd900000,0x000000efcda00000)]
  0x00000219a04c8550 JavaThread "RMI Scheduler(0)" daemon [_thread_blocked, id=24960, stack(0x000000efc6900000,0x000000efc6a00000)]
  0x000002199e502200 JavaThread "RMI TCP Accept-0" daemon [_thread_in_native, id=23268, stack(0x000000efcfe00000,0x000000efcff00000)]
  0x000002199e502c20 JavaThread "Cache worker for Java compile cache (C:\Users\asepr\.gradle\caches\9.0.0\javaCompile)" [_thread_blocked, id=16356, stack(0x000000efd0200000,0x000000efd0300000)]
  0x000002199dd3be20 JavaThread "Java2D Disposer" daemon [_thread_blocked, id=2128, stack(0x000000efd1800000,0x000000efd1900000)]
  0x000002199dd3c840 JavaThread "AWT-Windows" daemon [_thread_in_native, id=13252, stack(0x000000efd1a00000,0x000000efd1b00000)]
  0x00000219ad634aa0 JavaThread "DefaultDispatcher-worker-1" daemon [_thread_blocked, id=19288, stack(0x000000efd1d00000,0x000000efd1e00000)]
  0x00000219ad634fb0 JavaThread "DefaultDispatcher-worker-2" daemon [_thread_blocked, id=4660, stack(0x000000efd1e00000,0x000000efd1f00000)]
  0x00000219a7a13930 JavaThread "DefaultDispatcher-worker-3" daemon [_thread_blocked, id=23884, stack(0x000000efd1f00000,0x000000efd2000000)]
  0x00000219ad6354c0 JavaThread "Periodic tasks thread" daemon [_thread_blocked, id=11028, stack(0x000000efbfa00000,0x000000efbfb00000)]
  0x00000219ad636900 JavaThread "ApplicationImpl pooled thread 1" [_thread_blocked, id=5324, stack(0x000000efbfc00000,0x000000efbfd00000)]
  0x00000219a80464b0 JavaThread "ForkJoinPool.commonPool-worker-31" daemon [_thread_blocked, id=10424, stack(0x000000efc5000000,0x000000efc5100000)]
  0x000002199d0d54a0 JavaThread "ForkJoinPool.commonPool-worker-33" daemon [_thread_blocked, id=1640, stack(0x000000efc5200000,0x000000efc5300000)]
  0x000002199d0d4060 JavaThread "ForkJoinPool.commonPool-worker-37" daemon [_thread_blocked, id=21600, stack(0x000000efc5600000,0x000000efc5700000)]
  0x00000219af688670 JavaThread "ForkJoinPool.commonPool-worker-38" daemon [_thread_blocked, id=23564, stack(0x000000efc5700000,0x000000efc5800000)]
  0x00000219a62ef350 JavaThread "ForkJoinPool.commonPool-worker-40" daemon [_thread_blocked, id=4564, stack(0x000000efcd100000,0x000000efcd200000)]
  0x000002199ed71ba0 JavaThread "RMI GC Daemon" daemon [_thread_blocked, id=20984, stack(0x000000efcef00000,0x000000efcf000000)]
  0x000002199ed70c70 JavaThread "RMI Reaper" [_thread_blocked, id=24888, stack(0x000000efcf000000,0x000000efcf100000)]
  0x00000219af6858e0 JavaThread "ForkJoinPool.commonPool-worker-42" daemon [_thread_blocked, id=13876, stack(0x000000efc5a00000,0x000000efc5b00000)]
  0x00000219af5f1010 JavaThread "ForkJoinPool.commonPool-worker-43" daemon [_thread_blocked, id=20176, stack(0x000000efc5300000,0x000000efc5400000)]
  0x00000219af525eb0 JavaThread "ForkJoinPool.commonPool-worker-45" daemon [_thread_blocked, id=2388, stack(0x000000efc5500000,0x000000efc5600000)]
  0x000002199bca6530 JavaThread "ForkJoinPool.commonPool-worker-44" daemon [_thread_blocked, id=18764, stack(0x000000efc5900000,0x000000efc5a00000)]
  0x00000219af524050 JavaThread "ForkJoinPool.commonPool-worker-46" daemon [_thread_blocked, id=13888, stack(0x000000efc5100000,0x000000efc5200000)]
  0x000002199ed71180 JavaThread "Daemon Thread 7" [_thread_blocked, id=25520, stack(0x000000efbfb00000,0x000000efbfc00000)]
  0x000002199cec5860 JavaThread "Handler for socket connection from /127.0.0.1:56102 to /127.0.0.1:54203" [_thread_in_native, id=15964, stack(0x000000efc1700000,0x000000efc1800000)]
  0x000002199cec5d70 JavaThread "Cancel handler" [_thread_blocked, id=1844, stack(0x000000efc1800000,0x000000efc1900000)]
  0x000002199cec4930 JavaThread "Daemon worker Thread 7" [_thread_blocked, id=20740, stack(0x000000efc1900000,0x000000efc1a00000)]
  0x00000219ad60c390 JavaThread "Asynchronous log dispatcher for DefaultDaemonConnection: socket connection from /127.0.0.1:56102 to /127.0.0.1:54203" [_thread_blocked, id=19876, stack(0x000000efc1a00000,0x000000efc1b00000)]
  0x00000219ad60d7d0 JavaThread "Stdin handler" [_thread_blocked, id=18868, stack(0x000000efc1b00000,0x000000efc1c00000)]
  0x00000219ad60ec10 JavaThread "Daemon client event forwarder" [_thread_blocked, id=16556, stack(0x000000efc1c00000,0x000000efc1d00000)]
  0x00000219ad60f630 JavaThread "Cache worker for file hash cache (C:\Users\asepr\mobile-app\mobile\android\.gradle\9.0.0\fileHashes)" [_thread_blocked, id=24272, stack(0x000000efc1d00000,0x000000efc1e00000)]
  0x00000219af524a70 JavaThread "Cache worker for Build Output Cleanup Cache (C:\Users\asepr\mobile-app\mobile\android\.gradle\buildOutputCleanup)" [_thread_blocked, id=22120, stack(0x000000efc2900000,0x000000efc2a00000)]
  0x00000219af523630 JavaThread "Cache worker for checksums cache (C:\Users\asepr\mobile-app\mobile\android\.gradle\9.0.0\checksums)" [_thread_blocked, id=5304, stack(0x000000efc2a00000,0x000000efc2b00000)]
  0x00000219af5263c0 JavaThread "Cache worker for cache directory md-supplier (C:\Users\asepr\.gradle\caches\9.0.0\md-supplier)" [_thread_blocked, id=21136, stack(0x000000efc2d00000,0x000000efc2e00000)]
  0x00000219af5259a0 JavaThread "Cache worker for cache directory md-rule (C:\Users\asepr\.gradle\caches\9.0.0\md-rule)" [_thread_blocked, id=6104, stack(0x000000efc2f00000,0x000000efc3000000)]
  0x00000219af5268d0 JavaThread "Cache worker for Build Output Cleanup Cache (C:\Users\asepr\mobile-app\mobile\node_modules\@react-native\gradle-plugin\.gradle\buildOutputCleanup)" [_thread_blocked, id=11268, stack(0x000000efc3000000,0x000000efc3100000)]
  0x00000219af523b40 JavaThread "Unconstrained build operations" [_thread_blocked, id=26020, stack(0x000000efc3400000,0x000000efc3500000)]
  0x00000219af526de0 JavaThread "Unconstrained build operations Thread 2" [_thread_blocked, id=10068, stack(0x000000efc3500000,0x000000efc3600000)]
  0x00000219af524560 JavaThread "Unconstrained build operations Thread 3" [_thread_blocked, id=15748, stack(0x000000efc3600000,0x000000efc3700000)]
  0x00000219af524f80 JavaThread "Unconstrained build operations Thread 4" [_thread_blocked, id=20536, stack(0x000000efc3700000,0x000000efc3800000)]
  0x00000219af525490 JavaThread "Unconstrained build operations Thread 5" [_thread_blocked, id=24692, stack(0x000000efc3800000,0x000000efc3900000)]
  0x00000219a864ef40 JavaThread "Unconstrained build operations Thread 6" [_thread_blocked, id=11856, stack(0x000000efc3900000,0x000000efc3a00000)]
  0x00000219a864e520 JavaThread "Unconstrained build operations Thread 7" [_thread_blocked, id=21640, stack(0x000000efc3a00000,0x000000efc3b00000)]
  0x00000219a864ea30 JavaThread "Unconstrained build operations Thread 8" [_thread_blocked, id=26468, stack(0x000000efc3b00000,0x000000efc3c00000)]
  0x00000219a864d0e0 JavaThread "Unconstrained build operations Thread 9" [_thread_blocked, id=13580, stack(0x000000efc3c00000,0x000000efc3d00000)]
  0x00000219a864f450 JavaThread "Unconstrained build operations Thread 10" [_thread_blocked, id=12600, stack(0x000000efc3d00000,0x000000efc3e00000)]
  0x00000219a864f960 JavaThread "Unconstrained build operations Thread 11" [_thread_blocked, id=14984, stack(0x000000efc3e00000,0x000000efc3f00000)]
  0x00000219a864c1b0 JavaThread "Unconstrained build operations Thread 12" [_thread_blocked, id=16704, stack(0x000000efc3f00000,0x000000efc4000000)]
  0x00000219a864c6c0 JavaThread "Unconstrained build operations Thread 13" [_thread_blocked, id=12832, stack(0x000000efc4000000,0x000000efc4100000)]
  0x00000219a864cbd0 JavaThread "Unconstrained build operations Thread 14" [_thread_blocked, id=10208, stack(0x000000efc4100000,0x000000efc4200000)]
  0x00000219a864e010 JavaThread "Unconstrained build operations Thread 15" [_thread_blocked, id=10620, stack(0x000000efc4200000,0x000000efc4300000)]
  0x00000219ade044e0 JavaThread "Unconstrained build operations Thread 16" [_thread_blocked, id=7936, stack(0x000000efc4300000,0x000000efc4400000)]
  0x00000219ade03ac0 JavaThread "Unconstrained build operations Thread 17" [_thread_blocked, id=12536, stack(0x000000efc4400000,0x000000efc4500000)]
  0x00000219ade06340 JavaThread "Unconstrained build operations Thread 18" [_thread_blocked, id=24784, stack(0x000000efc4500000,0x000000efc4600000)]
  0x00000219ade03fd0 JavaThread "Unconstrained build operations Thread 19" [_thread_blocked, id=25336, stack(0x000000efc4600000,0x000000efc4700000)]
  0x00000219ade049f0 JavaThread "Unconstrained build operations Thread 20" [_thread_blocked, id=24932, stack(0x000000efc4700000,0x000000efc4800000)]
  0x00000219ade05920 JavaThread "Unconstrained build operations Thread 21" [_thread_blocked, id=17860, stack(0x000000efc4800000,0x000000efc4900000)]
  0x00000219ade04f00 JavaThread "Unconstrained build operations Thread 22" [_thread_blocked, id=7484, stack(0x000000efc4900000,0x000000efc4a00000)]
  0x00000219ade05e30 JavaThread "Unconstrained build operations Thread 23" [_thread_blocked, id=12088, stack(0x000000efc4a00000,0x000000efc4b00000)]
  0x00000219ade05410 JavaThread "Unconstrained build operations Thread 24" [_thread_blocked, id=22712, stack(0x000000efc4b00000,0x000000efc4c00000)]
  0x00000219ade02b90 JavaThread "Unconstrained build operations Thread 25" [_thread_blocked, id=2900, stack(0x000000efc4c00000,0x000000efc4d00000)]
  0x00000219af1c3cc0 JavaThread "Unconstrained build operations Thread 26" [_thread_blocked, id=18296, stack(0x000000efc4d00000,0x000000efc4e00000)]
  0x00000219a838cf90 JavaThread "build event listener" [_thread_blocked, id=21172, stack(0x000000efc4e00000,0x000000efc4f00000)]
  0x00000219ad60c8a0 JavaThread "included builds" [_thread_blocked, id=18036, stack(0x000000efc4f00000,0x000000efc5000000)]
  0x00000219a864d5f0 JavaThread "Execution worker" [_thread_blocked, id=10956, stack(0x000000efc5400000,0x000000efc5500000)]
  0x00000219a864db00 JavaThread "Execution worker Thread 2" [_thread_blocked, id=1352, stack(0x000000efc5800000,0x000000efc5900000)]
  0x000002199e503640 JavaThread "Execution worker Thread 3" [_thread_blocked, id=7664, stack(0x000000efc5b00000,0x000000efc5c00000)]
  0x000002199e5017e0 JavaThread "Execution worker Thread 4" [_thread_in_native, id=24632, stack(0x000000efc5c00000,0x000000efc5d00000)]
  0x000002199e504060 JavaThread "Execution worker Thread 5" [_thread_blocked, id=21972, stack(0x000000efc5e00000,0x000000efc5f00000)]
  0x000002199e501cf0 JavaThread "Execution worker Thread 6" [_thread_blocked, id=17580, stack(0x000000efc5f00000,0x000000efc6000000)]
  0x000002199e500dc0 JavaThread "Execution worker Thread 7" [_thread_blocked, id=10484, stack(0x000000efc6000000,0x000000efc6100000)]
  0x000002199e504570 JavaThread "Execution worker Thread 8" [_thread_blocked, id=10564, stack(0x000000efc6100000,0x000000efc6200000)]
  0x00000219af686300 JavaThread "Execution worker Thread 9" [_thread_blocked, id=10412, stack(0x000000efc6200000,0x000000efc6300000)]
  0x00000219af687230 JavaThread "Execution worker Thread 10" [_thread_blocked, id=16860, stack(0x000000efc6300000,0x000000efc6400000)]
  0x00000219af686810 JavaThread "Execution worker Thread 11" [_thread_blocked, id=21588, stack(0x000000efc6400000,0x000000efc6500000)]
  0x00000219af687740 JavaThread "Cache worker for execution history cache (C:\Users\asepr\mobile-app\mobile\node_modules\@react-native\gradle-plugin\.gradle\9.0.0\executionHistory)" [_thread_blocked, id=22588, stack(0x000000efc6500000,0x000000efc6600000)]
  0x00000219af688b80 JavaThread "Unconstrained build operations Thread 27" [_thread_blocked, id=14868, stack(0x000000efc6600000,0x000000efc6700000)]
  0x00000219af686d20 JavaThread "Unconstrained build operations Thread 28" [_thread_blocked, id=26132, stack(0x000000efc6700000,0x000000efc6800000)]
  0x00000219af689090 JavaThread "Unconstrained build operations Thread 29" [_thread_blocked, id=16828, stack(0x000000efc6800000,0x000000efc6900000)]
  0x00000219af687c50 JavaThread "Unconstrained build operations Thread 30" [_thread_blocked, id=22544, stack(0x000000efc6c00000,0x000000efc6d00000)]
  0x00000219af688160 JavaThread "Unconstrained build operations Thread 31" [_thread_blocked, id=22760, stack(0x000000efc6d00000,0x000000efc6e00000)]
  0x000002199bca4be0 JavaThread "Unconstrained build operations Thread 32" [_thread_blocked, id=7272, stack(0x000000efc6e00000,0x000000efc6f00000)]
  0x000002199cec5350 JavaThread "Unconstrained build operations Thread 33" [_thread_blocked, id=26344, stack(0x000000efc6f00000,0x000000efc7000000)]
  0x000002199cec6280 JavaThread "Unconstrained build operations Thread 34" [_thread_blocked, id=23860, stack(0x000000efc7000000,0x000000efc7100000)]
  0x000002199cec71b0 JavaThread "Unconstrained build operations Thread 35" [_thread_blocked, id=6616, stack(0x000000efc7100000,0x000000efc7200000)]
  0x000002199cec76c0 JavaThread "Unconstrained build operations Thread 36" [_thread_blocked, id=20836, stack(0x000000efc7200000,0x000000efc7300000)]
  0x000002199cec3f10 JavaThread "Unconstrained build operations Thread 37" [_thread_blocked, id=11396, stack(0x000000efc7300000,0x000000efc7400000)]
  0x00000219af5f1a30 JavaThread "Unconstrained build operations Thread 38" [_thread_blocked, id=25848, stack(0x000000efc7400000,0x000000efc7500000)]
  0x00000219af5eeca0 JavaThread "Unconstrained build operations Thread 39" [_thread_blocked, id=14464, stack(0x000000efc7500000,0x000000efc7600000)]
  0x00000219af5f00e0 JavaThread "Unconstrained build operations Thread 40" [_thread_blocked, id=8668, stack(0x000000efc7600000,0x000000efc7700000)]
  0x00000219af5f1520 JavaThread "Unconstrained build operations Thread 41" [_thread_blocked, id=26432, stack(0x000000efc7700000,0x000000efc7800000)]
  0x00000219af5ee790 JavaThread "Unconstrained build operations Thread 42" [_thread_blocked, id=17404, stack(0x000000efc7800000,0x000000efc7900000)]
  0x00000219af5ee280 JavaThread "Unconstrained build operations Thread 43" [_thread_blocked, id=18572, stack(0x000000efc7900000,0x000000efc7a00000)]
  0x00000219af5ef1b0 JavaThread "Unconstrained build operations Thread 44" [_thread_blocked, id=19344, stack(0x000000efc7a00000,0x000000efc7b00000)]
  0x00000219af5ef6c0 JavaThread "Unconstrained build operations Thread 45" [_thread_blocked, id=24876, stack(0x000000efc7b00000,0x000000efc7c00000)]
  0x00000219af5efbd0 JavaThread "Unconstrained build operations Thread 46" [_thread_blocked, id=21916, stack(0x000000efc7c00000,0x000000efc7d00000)]
  0x00000219a5f55940 JavaThread "Unconstrained build operations Thread 47" [_thread_blocked, id=12524, stack(0x000000efc7d00000,0x000000efc7e00000)]
  0x00000219a5f54a10 JavaThread "Unconstrained build operations Thread 48" [_thread_blocked, id=7396, stack(0x000000efc7e00000,0x000000efc7f00000)]
  0x00000219a5f57cb0 JavaThread "Unconstrained build operations Thread 49" [_thread_blocked, id=25844, stack(0x000000efc7f00000,0x000000efc8000000)]
  0x00000219a016a380 JavaThread "Unconstrained build operations Thread 50" [_thread_blocked, id=21624, stack(0x000000efc8000000,0x000000efc8100000)]
  0x00000219a016ada0 JavaThread "Unconstrained build operations Thread 51" [_thread_blocked, id=25524, stack(0x000000efc8100000,0x000000efc8200000)]
  0x00000219af51d5b0 JavaThread "Unconstrained build operations Thread 52" [_thread_blocked, id=26052, stack(0x000000efc8200000,0x000000efc8300000)]
  0x00000219af51dac0 JavaThread "Unconstrained build operations Thread 53" [_thread_blocked, id=11932, stack(0x000000efc8300000,0x000000efc8400000)]
  0x00000219af51e9f0 JavaThread "Unconstrained build operations Thread 54" [_thread_blocked, id=13832, stack(0x000000efc8400000,0x000000efc8500000)]
  0x00000219af51d0a0 JavaThread "Unconstrained build operations Thread 55" [_thread_blocked, id=22504, stack(0x000000efc8500000,0x000000efc8600000)]
  0x00000219af51e4e0 JavaThread "Unconstrained build operations Thread 56" [_thread_blocked, id=8764, stack(0x000000efc8600000,0x000000efc8700000)]
  0x00000219af51ef00 JavaThread "Unconstrained build operations Thread 57" [_thread_blocked, id=24892, stack(0x000000efc8700000,0x000000efc8800000)]
  0x00000219a5f577a0 JavaThread "Unconstrained build operations Thread 58" [_thread_blocked, id=4680, stack(0x000000efc8800000,0x000000efc8900000)]
  0x00000219a5f55e50 JavaThread "Unconstrained build operations Thread 59" [_thread_blocked, id=18284, stack(0x000000efc8900000,0x000000efc8a00000)]
  0x00000219a5f55430 JavaThread "Unconstrained build operations Thread 60" [_thread_blocked, id=15720, stack(0x000000efc8a00000,0x000000efc8b00000)]
  0x00000219a5f56360 JavaThread "Unconstrained build operations Thread 61" [_thread_blocked, id=13528, stack(0x000000efc8b00000,0x000000efc8c00000)]
  0x00000219a5f56870 JavaThread "Unconstrained build operations Thread 62" [_thread_blocked, id=9708, stack(0x000000efc8c00000,0x000000efc8d00000)]
  0x00000219af1c41d0 JavaThread "Unconstrained build operations Thread 63" [_thread_blocked, id=17932, stack(0x000000efc8d00000,0x000000efc8e00000)]
  0x00000219af1c5100 JavaThread "Unconstrained build operations Thread 64" [_thread_blocked, id=12440, stack(0x000000efc8e00000,0x000000efc8f00000)]
  0x00000219af1c5610 JavaThread "Unconstrained build operations Thread 65" [_thread_blocked, id=3996, stack(0x000000efc8f00000,0x000000efc9000000)]
  0x00000219af1c46e0 JavaThread "Unconstrained build operations Thread 66" [_thread_blocked, id=15144, stack(0x000000efc9000000,0x000000efc9100000)]
  0x00000219af1c5b20 JavaThread "Unconstrained build operations Thread 67" [_thread_blocked, id=22824, stack(0x000000efc9100000,0x000000efc9200000)]
  0x00000219af1c4bf0 JavaThread "Unconstrained build operations Thread 68" [_thread_blocked, id=17004, stack(0x000000efc9200000,0x000000efc9300000)]
  0x00000219a5f56d80 JavaThread "Unconstrained build operations Thread 69" [_thread_blocked, id=14040, stack(0x000000efc9300000,0x000000efc9400000)]
  0x00000219a5f57290 JavaThread "Unconstrained build operations Thread 70" [_thread_blocked, id=19840, stack(0x000000efc9400000,0x000000efc9500000)]
  0x00000219a5f54f20 JavaThread "Unconstrained build operations Thread 71" [_thread_blocked, id=19644, stack(0x000000efc9500000,0x000000efc9600000)]
  0x00000219ae1162f0 JavaThread "Unconstrained build operations Thread 72" [_thread_blocked, id=8028, stack(0x000000efc9600000,0x000000efc9700000)]
  0x00000219ae116d10 JavaThread "Unconstrained build operations Thread 73" [_thread_blocked, id=11380, stack(0x000000efc9700000,0x000000efc9800000)]
  0x00000219a62f0790 JavaThread "Unconstrained build operations Thread 74" [_thread_blocked, id=13160, stack(0x000000efc9800000,0x000000efc9900000)]
  0x00000219a62f2b00 JavaThread "Unconstrained build operations Thread 75" [_thread_blocked, id=12700, stack(0x000000efc9900000,0x000000efc9a00000)]
  0x00000219a62f0280 JavaThread "Unconstrained build operations Thread 76" [_thread_blocked, id=17208, stack(0x000000efc9a00000,0x000000efc9b00000)]
  0x00000219a62f25f0 JavaThread "Unconstrained build operations Thread 77" [_thread_blocked, id=15424, stack(0x000000efc9b00000,0x000000efc9c00000)]
  0x00000219a62f20e0 JavaThread "Unconstrained build operations Thread 78" [_thread_blocked, id=12544, stack(0x000000efc9c00000,0x000000efc9d00000)]
  0x00000219af1c2880 JavaThread "Unconstrained build operations Thread 79" [_thread_blocked, id=23732, stack(0x000000efc9d00000,0x000000efc9e00000)]
  0x00000219a62efd70 JavaThread "Unconstrained build operations Thread 80" [_thread_blocked, id=17912, stack(0x000000efc9e00000,0x000000efc9f00000)]
  0x00000219a62f0ca0 JavaThread "Unconstrained build operations Thread 81" [_thread_blocked, id=3836, stack(0x000000efc9f00000,0x000000efca000000)]
  0x00000219a62f11b0 JavaThread "Unconstrained build operations Thread 82" [_thread_blocked, id=396, stack(0x000000efca000000,0x000000efca100000)]
  0x00000219a62f16c0 JavaThread "Unconstrained build operations Thread 83" [_thread_blocked, id=24712, stack(0x000000efca100000,0x000000efca200000)]
  0x00000219a62f1bd0 JavaThread "Unconstrained build operations Thread 84" [_thread_blocked, id=22976, stack(0x000000efca200000,0x000000efca300000)]
  0x00000219b50659e0 JavaThread "Unconstrained build operations Thread 85" [_thread_blocked, id=24488, stack(0x000000efca300000,0x000000efca400000)]
  0x00000219b5064090 JavaThread "Unconstrained build operations Thread 86" [_thread_blocked, id=12324, stack(0x000000efca400000,0x000000efca500000)]
  0x00000219b5065ef0 JavaThread "Unconstrained build operations Thread 87" [_thread_blocked, id=18168, stack(0x000000efca500000,0x000000efca600000)]
  0x00000219b5066400 JavaThread "Unconstrained build operations Thread 88" [_thread_blocked, id=10788, stack(0x000000efca600000,0x000000efca700000)]
  0x00000219b5063160 JavaThread "Unconstrained build operations Thread 89" [_thread_blocked, id=14212, stack(0x000000efca700000,0x000000efca800000)]
  0x00000219af51dfd0 JavaThread "Unconstrained build operations Thread 90" [_thread_blocked, id=14604, stack(0x000000efca800000,0x000000efca900000)]
  0x00000219af51c170 JavaThread "Unconstrained build operations Thread 91" [_thread_blocked, id=22080, stack(0x000000efca900000,0x000000efcaa00000)]
  0x00000219af1c6030 JavaThread "Unconstrained build operations Thread 92" [_thread_blocked, id=19552, stack(0x000000efcaa00000,0x000000efcab00000)]
  0x00000219af1c2d90 JavaThread "Unconstrained build operations Thread 93" [_thread_blocked, id=10136, stack(0x000000efcab00000,0x000000efcac00000)]
  0x00000219af1c32a0 JavaThread "Unconstrained build operations Thread 94" [_thread_blocked, id=18612, stack(0x000000efcac00000,0x000000efcad00000)]
  0x00000219af1c37b0 JavaThread "Unconstrained build operations Thread 95" [_thread_blocked, id=10840, stack(0x000000efcad00000,0x000000efcae00000)]
  0x00000219af26fab0 JavaThread "Unconstrained build operations Thread 96" [_thread_blocked, id=24044, stack(0x000000efcae00000,0x000000efcaf00000)]
  0x00000219af272840 JavaThread "Unconstrained build operations Thread 97" [_thread_blocked, id=16240, stack(0x000000efcaf00000,0x000000efcb000000)]
  0x00000219ae117220 JavaThread "Unconstrained build operations Thread 98" [_thread_blocked, id=19336, stack(0x000000efcb000000,0x000000efcb100000)]
  0x00000219ae116800 JavaThread "Unconstrained build operations Thread 99" [_thread_blocked, id=3332, stack(0x000000efcb100000,0x000000efcb200000)]
  0x00000219ae117c40 JavaThread "Unconstrained build operations Thread 100" [_thread_blocked, id=19168, stack(0x000000efcb200000,0x000000efcb300000)]
  0x00000219af2709e0 JavaThread "build event listener" [_thread_blocked, id=15032, stack(0x000000efcb300000,0x000000efcb400000)]
  0x00000219af26ffc0 JavaThread "Problems report writer" [_thread_blocked, id=13544, stack(0x000000efcb400000,0x000000efcb500000)]
  0x00000219ae119590 JavaThread "Unconstrained build operations Thread 101" [_thread_blocked, id=13084, stack(0x000000efcb500000,0x000000efcb600000)]
  0x00000219ae119080 JavaThread "Unconstrained build operations Thread 102" [_thread_blocked, id=4828, stack(0x000000efcb600000,0x000000efcb700000)]
  0x00000219ae118150 JavaThread "Unconstrained build operations Thread 103" [_thread_blocked, id=7132, stack(0x000000efcb700000,0x000000efcb800000)]
  0x00000219b5066910 JavaThread "Unconstrained build operations Thread 104" [_thread_blocked, id=1608, stack(0x000000efcb800000,0x000000efcb900000)]
  0x00000219b5063670 JavaThread "Unconstrained build operations Thread 105" [_thread_blocked, id=22156, stack(0x000000efcb900000,0x000000efcba00000)]
  0x00000219b5063b80 JavaThread "Unconstrained build operations Thread 106" [_thread_blocked, id=12644, stack(0x000000efcba00000,0x000000efcbb00000)]
  0x00000219b50645a0 JavaThread "Unconstrained build operations Thread 107" [_thread_blocked, id=9164, stack(0x000000efcbb00000,0x000000efcbc00000)]
  0x000002199e5012d0 JavaThread "Unconstrained build operations Thread 108" [_thread_blocked, id=14600, stack(0x000000efcbc00000,0x000000efcbd00000)]
  0x000002199e506df0 JavaThread "Unconstrained build operations Thread 109" [_thread_blocked, id=11336, stack(0x000000efcbd00000,0x000000efcbe00000)]
  0x000002199e505ec0 JavaThread "Unconstrained build operations Thread 110" [_thread_blocked, id=21336, stack(0x000000efcbe00000,0x000000efcbf00000)]
  0x000002199e504a80 JavaThread "Unconstrained build operations Thread 111" [_thread_blocked, id=25448, stack(0x000000efcbf00000,0x000000efcc000000)]
  0x000002199e507300 JavaThread "Unconstrained build operations Thread 112" [_thread_blocked, id=23124, stack(0x000000efcc000000,0x000000efcc100000)]
  0x000002199e5063d0 JavaThread "Unconstrained build operations Thread 113" [_thread_blocked, id=3712, stack(0x000000efcc100000,0x000000efcc200000)]
  0x000002199e504f90 JavaThread "Unconstrained build operations Thread 114" [_thread_blocked, id=18960, stack(0x000000efcc400000,0x000000efcc500000)]
  0x000002199e508740 JavaThread "Unconstrained build operations Thread 115" [_thread_blocked, id=20320, stack(0x000000efcc500000,0x000000efcc600000)]
  0x000002199e509670 JavaThread "Unconstrained build operations Thread 116" [_thread_blocked, id=14768, stack(0x000000efcc600000,0x000000efcc700000)]
  0x000002199e509b80 JavaThread "Unconstrained build operations Thread 117" [_thread_blocked, id=15052, stack(0x000000efcc700000,0x000000efcc800000)]
  0x000002199e507810 JavaThread "Unconstrained build operations Thread 118" [_thread_blocked, id=3212, stack(0x000000efcc800000,0x000000efcc900000)]
  0x00000219af51f410 JavaThread "Unconstrained build operations Thread 119" [_thread_blocked, id=16676, stack(0x000000efcc900000,0x000000efcca00000)]
  0x00000219af51f920 JavaThread "Unconstrained build operations Thread 120" [_thread_blocked, id=26580, stack(0x000000efcca00000,0x000000efccb00000)]
  0x00000219ad60cdb0 JavaThread "ForkJoinPool.commonPool-worker-47" daemon [_thread_blocked, id=16732, stack(0x000000efccb00000,0x000000efccc00000)]
  0x00000219b5064fc0 JavaThread "Cache worker for execution history cache (C:\Users\asepr\mobile-app\mobile\android\.gradle\9.0.0\executionHistory)" [_thread_blocked, id=21152, stack(0x000000efccc00000,0x000000efccd00000)]
  0x00000219a838d4a0 JavaThread "RMI TCP Connection(15)-127.0.0.1" daemon [_thread_in_native, id=19608, stack(0x000000efcd200000,0x000000efcd300000)]

Other Threads:
  0x00000219f9972610 VMThread "VM Thread" [stack: 0x000000efc0300000,0x000000efc0400000] [id=13760]
  0x00000219d93a9e90 WatcherThread [stack: 0x000000efc0f00000,0x000000efc1000000] [id=3516]
  0x00000219d8ebdfb0 GCTaskThread "GC Thread#0" [stack: 0x000000efbfe00000,0x000000efbff00000] [id=18208]
  0x00000219f9e97340 GCTaskThread "GC Thread#1" [stack: 0x000000efc1000000,0x000000efc1100000] [id=25344]
  0x00000219f9db49c0 GCTaskThread "GC Thread#2" [stack: 0x000000efc1100000,0x000000efc1200000] [id=1700]
  0x00000219fe34fe70 GCTaskThread "GC Thread#3" [stack: 0x000000efc1300000,0x000000efc1400000] [id=19740]
  0x00000219fe7c1df0 GCTaskThread "GC Thread#4" [stack: 0x000000efc1400000,0x000000efc1500000] [id=19776]
  0x00000219fef85d80 GCTaskThread "GC Thread#5" [stack: 0x000000efc1e00000,0x000000efc1f00000] [id=20512]
  0x00000219fea014b0 GCTaskThread "GC Thread#6" [stack: 0x000000efc1f00000,0x000000efc2000000] [id=5492]
  0x00000219fea7a0c0 GCTaskThread "GC Thread#7" [stack: 0x000000efc2000000,0x000000efc2100000] [id=23416]
  0x00000219ff78dbd0 GCTaskThread "GC Thread#8" [stack: 0x000000efc2100000,0x000000efc2200000] [id=13256]
  0x00000219feb52390 GCTaskThread "GC Thread#9" [stack: 0x000000efc2200000,0x000000efc2300000] [id=12876]
  0x00000219d9413210 ConcurrentGCThread "G1 Main Marker" [stack: 0x000000efbff00000,0x000000efc0000000] [id=15552]
  0x00000219d9413b40 ConcurrentGCThread "G1 Conc#0" [stack: 0x000000efc0000000,0x000000efc0100000] [id=3380]
  0x000002199bc1ec40 ConcurrentGCThread "G1 Conc#1" [stack: 0x000000efc2700000,0x000000efc2800000] [id=19936]
  0x000002199bc1e980 ConcurrentGCThread "G1 Conc#2" [stack: 0x000000efc2800000,0x000000efc2900000] [id=20348]
  0x00000219d944ebe0 ConcurrentGCThread "G1 Refine#0" [stack: 0x000000efc0100000,0x000000efc0200000] [id=22536]
  0x00000219fe4dcc70 ConcurrentGCThread "G1 Refine#1" [stack: 0x000000efc3100000,0x000000efc3200000] [id=24740]
  0x000002199bb6c200 ConcurrentGCThread "G1 Refine#2" [stack: 0x000000efc3200000,0x000000efc3300000] [id=24280]
  0x000002199bc486b0 ConcurrentGCThread "G1 Refine#3" [stack: 0x000000efc6a00000,0x000000efc6b00000] [id=14268]
  0x00000219f9ef01c0 ConcurrentGCThread "G1 Refine#4" [stack: 0x000000efc6b00000,0x000000efc6c00000] [id=19148]
  0x00000219a04e1c40 ConcurrentGCThread "G1 Refine#5" [stack: 0x000000efccd00000,0x000000efcce00000] [id=24144]
  0x00000219a009c3f0 ConcurrentGCThread "G1 Refine#6" [stack: 0x000000efcd000000,0x000000efcd100000] [id=3116]
  0x00000219a5acb170 ConcurrentGCThread "G1 Refine#7" [stack: 0x000000efcd800000,0x000000efcd900000] [id=9336]
  0x00000219feae57a0 ConcurrentGCThread "G1 Refine#8" [stack: 0x000000efcda00000,0x000000efcdb00000] [id=12268]
  0x00000219a68ff4f0 ConcurrentGCThread "G1 Refine#9" [stack: 0x000000efcdb00000,0x000000efcdc00000] [id=11100]
  0x00000219f9830df0 ConcurrentGCThread "G1 Service" [stack: 0x000000efc0200000,0x000000efc0300000] [id=23896]

Threads with active compile tasks:
C2 CompilerThread0  8172278 50056       4       org.gradle.api.internal.artifacts.ivyservice.resolveengine.result.ThisBuildTreeOnlyComponentResultSerializer::readComponentResult (148 bytes)

VM state: not at safepoint (normal execution)

VM Mutex/Monitor currently owned by a thread: None

Heap address: 0x0000000080000000, size: 2048 MB, Compressed Oops mode: 32-bit

CDS archive(s) mapped at: [0x0000021980000000-0x0000021980bb0000-0x0000021980bb0000), size 12255232, SharedBaseAddress: 0x0000021980000000, ArchiveRelocationMode: 1.
Compressed class space mapped at: 0x0000021981000000-0x000002199b000000, reserved size: 436207616
Narrow klass base: 0x0000021980000000, Narrow klass shift: 0, Narrow klass range: 0x100000000

GC Precious Log:
 CPUs: 12 total, 12 available
 Memory: 6005M
 Large Page Support: Disabled
 NUMA Support: Disabled
 Compressed Oops: Enabled (32-bit)
 Heap Region Size: 1M
 Heap Min Capacity: 8M
 Heap Initial Capacity: 94M
 Heap Max Capacity: 2G
 Pre-touch: Disabled
 Parallel Workers: 10
 Concurrent Workers: 3
 Concurrent Refinement Workers: 10
 Periodic GC: Disabled

Heap:
 garbage-first heap   total 1116160K, used 376814K [0x0000000080000000, 0x0000000100000000)
  region size 1024K, 43 young (44032K), 5 survivors (5120K)
 Metaspace       used 255808K, committed 258752K, reserved 688128K
  class space    used 33419K, committed 34816K, reserved 425984K

Heap Regions: E=young(eden), S=young(survivor), O=old, HS=humongous(starts), HC=humongous(continues), CS=collection set, F=free, OA=open archive, CA=closed archive, TAMS=top-at-mark-start (previous, next)
|   0|0x0000000080000000, 0x0000000080100000, 0x0000000080100000|100%|HS|  |TAMS 0x0000000080100000, 0x0000000080000000| Complete 
|   1|0x0000000080100000, 0x0000000080200000, 0x0000000080200000|100%|HC|  |TAMS 0x0000000080200000, 0x0000000080100000| Complete 
|   2|0x0000000080200000, 0x0000000080300000, 0x0000000080300000|100%|HC|  |TAMS 0x0000000080300000, 0x0000000080200000| Complete 
|   3|0x0000000080300000, 0x0000000080400000, 0x0000000080400000|100%| O|  |TAMS 0x0000000080400000, 0x0000000080300000| Untracked 
|   4|0x0000000080400000, 0x0000000080500000, 0x0000000080500000|100%| O|  |TAMS 0x0000000080500000, 0x0000000080400000| Untracked 
|   5|0x0000000080500000, 0x00000000805fe2c8, 0x0000000080600000| 99%| O|  |TAMS 0x00000000805fe2c8, 0x0000000080500000| Untracked 
|   6|0x0000000080600000, 0x0000000080700000, 0x0000000080700000|100%|HS|  |TAMS 0x0000000080700000, 0x0000000080600000| Complete 
|   7|0x0000000080700000, 0x0000000080800000, 0x0000000080800000|100%| O|  |TAMS 0x0000000080800000, 0x0000000080700000| Untracked 
|   8|0x0000000080800000, 0x00000000808ffff0, 0x0000000080900000| 99%| O|  |TAMS 0x00000000808ffff0, 0x0000000080800000| Untracked 
|   9|0x0000000080900000, 0x0000000080a00000, 0x0000000080a00000|100%| O|  |TAMS 0x0000000080a00000, 0x0000000080900000| Untracked 
|  10|0x0000000080a00000, 0x0000000080b00000, 0x0000000080b00000|100%| O|  |TAMS 0x0000000080b00000, 0x0000000080a00000| Untracked 
|  11|0x0000000080b00000, 0x0000000080c00000, 0x0000000080c00000|100%| O|  |TAMS 0x0000000080c00000, 0x0000000080b00000| Untracked 
|  12|0x0000000080c00000, 0x0000000080cffff0, 0x0000000080d00000| 99%| O|  |TAMS 0x0000000080cffff0, 0x0000000080c00000| Untracked 
|  13|0x0000000080d00000, 0x0000000080dffff0, 0x0000000080e00000| 99%| O|  |TAMS 0x0000000080dffff0, 0x0000000080d00000| Untracked 
|  14|0x0000000080e00000, 0x0000000080eff628, 0x0000000080f00000| 99%| O|  |TAMS 0x0000000080eff628, 0x0000000080e00000| Untracked 
|  15|0x0000000080f00000, 0x0000000081000000, 0x0000000081000000|100%| O|  |TAMS 0x0000000081000000, 0x0000000080f00000| Untracked 
|  16|0x0000000081000000, 0x00000000810fffe8, 0x0000000081100000| 99%| O|  |TAMS 0x00000000810fffe8, 0x0000000081000000| Untracked 
|  17|0x0000000081100000, 0x00000000811fffb8, 0x0000000081200000| 99%| O|  |TAMS 0x00000000811fffb8, 0x0000000081100000| Untracked 
|  18|0x0000000081200000, 0x00000000812fffe8, 0x0000000081300000| 99%| O|  |TAMS 0x00000000812fffe8, 0x0000000081200000| Untracked 
|  19|0x0000000081300000, 0x00000000813ffff0, 0x0000000081400000| 99%| O|  |TAMS 0x00000000813ffff0, 0x0000000081300000| Untracked 
|  20|0x0000000081400000, 0x0000000081500000, 0x0000000081500000|100%| O|  |TAMS 0x0000000081500000, 0x0000000081400000| Untracked 
|  21|0x0000000081500000, 0x00000000815ffff0, 0x0000000081600000| 99%| O|  |TAMS 0x00000000815ffff0, 0x0000000081500000| Untracked 
|  22|0x0000000081600000, 0x00000000816fffd8, 0x0000000081700000| 99%| O|  |TAMS 0x00000000816fffd8, 0x0000000081600000| Untracked 
|  23|0x0000000081700000, 0x00000000817fffe0, 0x0000000081800000| 99%| O|  |TAMS 0x00000000817fffe0, 0x0000000081700000| Untracked 
|  24|0x0000000081800000, 0x00000000818fffc0, 0x0000000081900000| 99%| O|  |TAMS 0x00000000818fffc0, 0x0000000081800000| Untracked 
|  25|0x0000000081900000, 0x00000000819fffe8, 0x0000000081a00000| 99%| O|  |TAMS 0x00000000819fffe8, 0x0000000081900000| Untracked 
|  26|0x0000000081a00000, 0x0000000081afffb0, 0x0000000081b00000| 99%| O|  |TAMS 0x0000000081afffb0, 0x0000000081a00000| Untracked 
|  27|0x0000000081b00000, 0x0000000081bffff0, 0x0000000081c00000| 99%| O|  |TAMS 0x0000000081bffff0, 0x0000000081b00000| Untracked 
|  28|0x0000000081c00000, 0x0000000081cfffa8, 0x0000000081d00000| 99%| O|  |TAMS 0x0000000081cfffa8, 0x0000000081c00000| Untracked 
|  29|0x0000000081d00000, 0x0000000081dffc70, 0x0000000081e00000| 99%| O|  |TAMS 0x0000000081dffc70, 0x0000000081d00000| Untracked 
|  30|0x0000000081e00000, 0x0000000081efffd0, 0x0000000081f00000| 99%| O|  |TAMS 0x0000000081efffd0, 0x0000000081e00000| Untracked 
|  31|0x0000000081f00000, 0x0000000081ffff98, 0x0000000082000000| 99%| O|  |TAMS 0x0000000081ffff98, 0x0000000081f00000| Untracked 
|  32|0x0000000082000000, 0x00000000820fff58, 0x0000000082100000| 99%| O|  |TAMS 0x00000000820fff58, 0x0000000082000000| Untracked 
|  33|0x0000000082100000, 0x00000000821dca50, 0x0000000082200000| 86%| O|  |TAMS 0x00000000821dca50, 0x0000000082100000| Untracked 
|  34|0x0000000082200000, 0x00000000822fffd0, 0x0000000082300000| 99%| O|  |TAMS 0x00000000822fffd0, 0x0000000082200000| Untracked 
|  35|0x0000000082300000, 0x00000000823ffff8, 0x0000000082400000| 99%| O|  |TAMS 0x00000000823ffff8, 0x0000000082300000| Untracked 
|  36|0x0000000082400000, 0x00000000824ffff8, 0x0000000082500000| 99%| O|  |TAMS 0x00000000824ffff8, 0x0000000082400000| Untracked 
|  37|0x0000000082500000, 0x000000008259ec18, 0x0000000082600000| 62%| O|  |TAMS 0x000000008259ec18, 0x0000000082500000| Untracked 
|  38|0x0000000082600000, 0x00000000826ffff0, 0x0000000082700000| 99%| O|  |TAMS 0x00000000826ffff0, 0x0000000082600000| Untracked 
|  39|0x0000000082700000, 0x00000000827ff2f0, 0x0000000082800000| 99%| O|  |TAMS 0x00000000827ff2f0, 0x0000000082700000| Untracked 
|  40|0x0000000082800000, 0x0000000082900000, 0x0000000082900000|100%| O|  |TAMS 0x0000000082900000, 0x0000000082800000| Untracked 
|  41|0x0000000082900000, 0x0000000082a00000, 0x0000000082a00000|100%|HS|  |TAMS 0x0000000082a00000, 0x0000000082900000| Complete 
|  42|0x0000000082a00000, 0x0000000082b00000, 0x0000000082b00000|100%|HS|  |TAMS 0x0000000082b00000, 0x0000000082a00000| Complete 
|  43|0x0000000082b00000, 0x0000000082c00000, 0x0000000082c00000|100%|HC|  |TAMS 0x0000000082c00000, 0x0000000082b00000| Complete 
|  44|0x0000000082c00000, 0x0000000082d00000, 0x0000000082d00000|100%|HC|  |TAMS 0x0000000082d00000, 0x0000000082c00000| Complete 
|  45|0x0000000082d00000, 0x0000000082e00000, 0x0000000082e00000|100%|HS|  |TAMS 0x0000000082e00000, 0x0000000082d00000| Complete 
|  46|0x0000000082e00000, 0x0000000082f00000, 0x0000000082f00000|100%|HC|  |TAMS 0x0000000082f00000, 0x0000000082e00000| Complete 
|  47|0x0000000082f00000, 0x0000000083000000, 0x0000000083000000|100%|HC|  |TAMS 0x0000000083000000, 0x0000000082f00000| Complete 
|  48|0x0000000083000000, 0x0000000083100000, 0x0000000083100000|100%|HS|  |TAMS 0x0000000083100000, 0x0000000083000000| Complete 
|  49|0x0000000083100000, 0x0000000083200000, 0x0000000083200000|100%|HS|  |TAMS 0x0000000083200000, 0x0000000083100000| Complete 
|  50|0x0000000083200000, 0x00000000832fc460, 0x0000000083300000| 98%| O|  |TAMS 0x00000000832fc460, 0x0000000083200000| Untracked 
|  51|0x0000000083300000, 0x00000000833e4d80, 0x0000000083400000| 89%| O|  |TAMS 0x00000000833e4d80, 0x0000000083300000| Untracked 
|  52|0x0000000083400000, 0x00000000834ee9f0, 0x0000000083500000| 93%| O|  |TAMS 0x00000000834ee9f0, 0x0000000083400000| Untracked 
|  53|0x0000000083500000, 0x00000000835fffe8, 0x0000000083600000| 99%| O|  |TAMS 0x00000000835fffe8, 0x0000000083500000| Untracked 
|  54|0x0000000083600000, 0x00000000836fffd8, 0x0000000083700000| 99%| O|  |TAMS 0x00000000836fffd8, 0x0000000083600000| Untracked 
|  55|0x0000000083700000, 0x00000000837fe8c8, 0x0000000083800000| 99%| O|  |TAMS 0x00000000837fe8c8, 0x0000000083700000| Untracked 
|  56|0x0000000083800000, 0x00000000838fffe8, 0x0000000083900000| 99%| O|  |TAMS 0x00000000838fffe8, 0x0000000083800000| Untracked 
|  57|0x0000000083900000, 0x0000000083a00000, 0x0000000083a00000|100%| O|  |TAMS 0x0000000083a00000, 0x0000000083900000| Untracked 
|  58|0x0000000083a00000, 0x0000000083affff8, 0x0000000083b00000| 99%| O|  |TAMS 0x0000000083affff8, 0x0000000083a00000| Untracked 
|  59|0x0000000083b00000, 0x0000000083bfe148, 0x0000000083c00000| 99%| O|  |TAMS 0x0000000083bfe148, 0x0000000083b00000| Untracked 
|  60|0x0000000083c00000, 0x0000000083cf82a0, 0x0000000083d00000| 96%| O|  |TAMS 0x0000000083cf82a0, 0x0000000083c00000| Untracked 
|  61|0x0000000083d00000, 0x0000000083e00000, 0x0000000083e00000|100%| O|  |TAMS 0x0000000083e00000, 0x0000000083d00000| Untracked 
|  62|0x0000000083e00000, 0x0000000083efffb8, 0x0000000083f00000| 99%| O|  |TAMS 0x0000000083efffb8, 0x0000000083e00000| Untracked 
|  63|0x0000000083f00000, 0x0000000083ffff60, 0x0000000084000000| 99%| O|  |TAMS 0x0000000083ffff60, 0x0000000083f00000| Untracked 
|  64|0x0000000084000000, 0x00000000840fff90, 0x0000000084100000| 99%| O|  |TAMS 0x00000000840fff90, 0x0000000084000000| Untracked 
|  65|0x0000000084100000, 0x00000000841fffd8, 0x0000000084200000| 99%| O|  |TAMS 0x00000000841fffd8, 0x0000000084100000| Untracked 
|  66|0x0000000084200000, 0x00000000842fe728, 0x0000000084300000| 99%| O|  |TAMS 0x00000000842fe728, 0x0000000084200000| Untracked 
|  67|0x0000000084300000, 0x0000000084400000, 0x0000000084400000|100%| O|  |TAMS 0x0000000084400000, 0x0000000084300000| Untracked 
|  68|0x0000000084400000, 0x00000000844ffff8, 0x0000000084500000| 99%| O|  |TAMS 0x00000000844ffff8, 0x0000000084400000| Untracked 
|  69|0x0000000084500000, 0x00000000845d1158, 0x0000000084600000| 81%| O|  |TAMS 0x00000000845d1158, 0x0000000084500000| Untracked 
|  70|0x0000000084600000, 0x00000000846ffff0, 0x0000000084700000| 99%| O|  |TAMS 0x00000000846ffff0, 0x0000000084600000| Untracked 
|  71|0x0000000084700000, 0x00000000847fffe0, 0x0000000084800000| 99%| O|  |TAMS 0x00000000847fffe0, 0x0000000084700000| Untracked 
|  72|0x0000000084800000, 0x0000000084900000, 0x0000000084900000|100%| O|  |TAMS 0x0000000084900000, 0x0000000084800000| Untracked 
|  73|0x0000000084900000, 0x00000000849ff528, 0x0000000084a00000| 99%| O|  |TAMS 0x00000000849ff528, 0x0000000084900000| Untracked 
|  74|0x0000000084a00000, 0x0000000084b00000, 0x0000000084b00000|100%| O|  |TAMS 0x0000000084b00000, 0x0000000084a00000| Untracked 
|  75|0x0000000084b00000, 0x0000000084bfffc8, 0x0000000084c00000| 99%| O|  |TAMS 0x0000000084bfffc8, 0x0000000084b00000| Untracked 
|  76|0x0000000084c00000, 0x0000000084d00000, 0x0000000084d00000|100%|HS|  |TAMS 0x0000000084d00000, 0x0000000084c00000| Complete 
|  77|0x0000000084d00000, 0x0000000084e00000, 0x0000000084e00000|100%|HS|  |TAMS 0x0000000084e00000, 0x0000000084d00000| Complete 
|  78|0x0000000084e00000, 0x0000000084f00000, 0x0000000084f00000|100%|HS|  |TAMS 0x0000000084f00000, 0x0000000084e00000| Complete 
|  79|0x0000000084f00000, 0x0000000085000000, 0x0000000085000000|100%|HS|  |TAMS 0x0000000085000000, 0x0000000084f00000| Complete 
|  80|0x0000000085000000, 0x0000000085100000, 0x0000000085100000|100%| O|  |TAMS 0x0000000085100000, 0x0000000085000000| Untracked 
|  81|0x0000000085100000, 0x0000000085200000, 0x0000000085200000|100%|HS|  |TAMS 0x0000000085200000, 0x0000000085100000| Complete 
|  82|0x0000000085200000, 0x0000000085300000, 0x0000000085300000|100%|HS|  |TAMS 0x0000000085300000, 0x0000000085200000| Complete 
|  83|0x0000000085300000, 0x00000000853ec7a0, 0x0000000085400000| 92%| O|  |TAMS 0x00000000853ec7a0, 0x0000000085300000| Untracked 
|  84|0x0000000085400000, 0x00000000854da538, 0x0000000085500000| 85%| O|  |TAMS 0x00000000854da538, 0x0000000085400000| Untracked 
|  85|0x0000000085500000, 0x0000000085600000, 0x0000000085600000|100%| O|  |TAMS 0x0000000085600000, 0x0000000085500000| Untracked 
|  86|0x0000000085600000, 0x0000000085700000, 0x0000000085700000|100%| O|  |TAMS 0x0000000085700000, 0x0000000085600000| Untracked 
|  87|0x0000000085700000, 0x00000000857fb0c0, 0x0000000085800000| 98%| O|  |TAMS 0x00000000857fb0c0, 0x0000000085700000| Untracked 
|  88|0x0000000085800000, 0x00000000858fabb0, 0x0000000085900000| 97%| O|  |TAMS 0x00000000858fabb0, 0x0000000085800000| Untracked 
|  89|0x0000000085900000, 0x0000000085a00000, 0x0000000085a00000|100%| O|  |TAMS 0x0000000085a00000, 0x0000000085900000| Untracked 
|  90|0x0000000085a00000, 0x0000000085affff0, 0x0000000085b00000| 99%| O|  |TAMS 0x0000000085affff0, 0x0000000085a00000| Untracked 
|  91|0x0000000085b00000, 0x0000000085bfff60, 0x0000000085c00000| 99%| O|  |TAMS 0x0000000085bfff60, 0x0000000085b00000| Untracked 
|  92|0x0000000085c00000, 0x0000000085cffff8, 0x0000000085d00000| 99%| O|  |TAMS 0x0000000085cffff8, 0x0000000085c00000| Untracked 
|  93|0x0000000085d00000, 0x0000000085dfff70, 0x0000000085e00000| 99%| O|  |TAMS 0x0000000085dfff70, 0x0000000085d00000| Untracked 
|  94|0x0000000085e00000, 0x0000000085ee9fc8, 0x0000000085f00000| 91%| O|  |TAMS 0x0000000085ee9fc8, 0x0000000085e00000| Untracked 
|  95|0x0000000085f00000, 0x0000000085ffffb0, 0x0000000086000000| 99%| O|  |TAMS 0x0000000085ffffb0, 0x0000000085f00000| Untracked 
|  96|0x0000000086000000, 0x0000000086100000, 0x0000000086100000|100%|HS|  |TAMS 0x0000000086100000, 0x0000000086000000| Complete 
|  97|0x0000000086100000, 0x00000000861f67b8, 0x0000000086200000| 96%| O|  |TAMS 0x00000000861f67b8, 0x0000000086100000| Untracked 
|  98|0x0000000086200000, 0x00000000862f9d20, 0x0000000086300000| 97%| O|  |TAMS 0x00000000862f9d20, 0x0000000086200000| Untracked 
|  99|0x0000000086300000, 0x0000000086400000, 0x0000000086400000|100%|HS|  |TAMS 0x0000000086400000, 0x0000000086300000| Complete 
| 100|0x0000000086400000, 0x0000000086500000, 0x0000000086500000|100%|HC|  |TAMS 0x0000000086500000, 0x0000000086400000| Complete 
| 101|0x0000000086500000, 0x0000000086600000, 0x0000000086600000|100%|HC|  |TAMS 0x0000000086600000, 0x0000000086500000| Complete 
| 102|0x0000000086600000, 0x00000000866fff90, 0x0000000086700000| 99%| O|  |TAMS 0x00000000866fff90, 0x0000000086600000| Untracked 
| 103|0x0000000086700000, 0x0000000086800000, 0x0000000086800000|100%| O|  |TAMS 0x0000000086800000, 0x0000000086700000| Untracked 
| 104|0x0000000086800000, 0x00000000868fe200, 0x0000000086900000| 99%| O|  |TAMS 0x00000000868fe200, 0x0000000086800000| Untracked 
| 105|0x0000000086900000, 0x00000000869ffff8, 0x0000000086a00000| 99%| O|  |TAMS 0x00000000869ffff8, 0x0000000086900000| Untracked 
| 106|0x0000000086a00000, 0x0000000086b00000, 0x0000000086b00000|100%| O|  |TAMS 0x0000000086b00000, 0x0000000086a00000| Untracked 
| 107|0x0000000086b00000, 0x0000000086bffbf0, 0x0000000086c00000| 99%| O|  |TAMS 0x0000000086bffbf0, 0x0000000086b00000| Untracked 
| 108|0x0000000086c00000, 0x0000000086cffff0, 0x0000000086d00000| 99%| O|  |TAMS 0x0000000086cffff0, 0x0000000086c00000| Untracked 
| 109|0x0000000086d00000, 0x0000000086dffff8, 0x0000000086e00000| 99%| O|  |TAMS 0x0000000086dffff8, 0x0000000086d00000| Untracked 
| 110|0x0000000086e00000, 0x0000000086effff8, 0x0000000086f00000| 99%| O|  |TAMS 0x0000000086effff8, 0x0000000086e00000| Untracked 
| 111|0x0000000086f00000, 0x0000000086ffce68, 0x0000000087000000| 98%| O|  |TAMS 0x0000000086ffce68, 0x0000000086f00000| Untracked 
| 112|0x0000000087000000, 0x00000000870ffff0, 0x0000000087100000| 99%| O|  |TAMS 0x00000000870ffff0, 0x0000000087000000| Untracked 
| 113|0x0000000087100000, 0x0000000087200000, 0x0000000087200000|100%| O|  |TAMS 0x0000000087200000, 0x0000000087100000| Untracked 
| 114|0x0000000087200000, 0x00000000872fff78, 0x0000000087300000| 99%| O|  |TAMS 0x00000000872fff78, 0x0000000087200000| Untracked 
| 115|0x0000000087300000, 0x00000000873ffff8, 0x0000000087400000| 99%| O|  |TAMS 0x00000000873ffff8, 0x0000000087300000| Untracked 
| 116|0x0000000087400000, 0x00000000874fff98, 0x0000000087500000| 99%| O|  |TAMS 0x00000000874fff98, 0x0000000087400000| Untracked 
| 117|0x0000000087500000, 0x00000000875ffff8, 0x0000000087600000| 99%| O|  |TAMS 0x00000000875ffff8, 0x0000000087500000| Untracked 
| 118|0x0000000087600000, 0x00000000876ffff8, 0x0000000087700000| 99%| O|  |TAMS 0x00000000876ffff8, 0x0000000087600000| Untracked 
| 119|0x0000000087700000, 0x00000000877ffff8, 0x0000000087800000| 99%| O|  |TAMS 0x00000000877ffff8, 0x0000000087700000| Untracked 
| 120|0x0000000087800000, 0x00000000878fff60, 0x0000000087900000| 99%| O|  |TAMS 0x00000000878fff60, 0x0000000087800000| Untracked 
| 121|0x0000000087900000, 0x00000000879ffff8, 0x0000000087a00000| 99%| O|  |TAMS 0x00000000879ffff8, 0x0000000087900000| Untracked 
| 122|0x0000000087a00000, 0x0000000087affff0, 0x0000000087b00000| 99%| O|  |TAMS 0x0000000087affff0, 0x0000000087a00000| Untracked 
| 123|0x0000000087b00000, 0x0000000087bfffe8, 0x0000000087c00000| 99%| O|  |TAMS 0x0000000087bfffe8, 0x0000000087b00000| Untracked 
| 124|0x0000000087c00000, 0x0000000087cffff8, 0x0000000087d00000| 99%| O|  |TAMS 0x0000000087cffff8, 0x0000000087c00000| Untracked 
| 125|0x0000000087d00000, 0x0000000087dfffd8, 0x0000000087e00000| 99%| O|  |TAMS 0x0000000087dfffd8, 0x0000000087d00000| Untracked 
| 126|0x0000000087e00000, 0x0000000087efffc0, 0x0000000087f00000| 99%| O|  |TAMS 0x0000000087efffc0, 0x0000000087e00000| Untracked 
| 127|0x0000000087f00000, 0x0000000087ffffe8, 0x0000000088000000| 99%| O|  |TAMS 0x0000000087ffffe8, 0x0000000087f00000| Untracked 
| 128|0x0000000088000000, 0x0000000088100000, 0x0000000088100000|100%| O|  |TAMS 0x0000000088100000, 0x0000000088000000| Untracked 
| 129|0x0000000088100000, 0x00000000881fffa8, 0x0000000088200000| 99%| O|  |TAMS 0x00000000881fffa8, 0x0000000088100000| Untracked 
| 130|0x0000000088200000, 0x00000000882ffff0, 0x0000000088300000| 99%| O|  |TAMS 0x00000000882ffff0, 0x0000000088200000| Untracked 
| 131|0x0000000088300000, 0x00000000883fffe8, 0x0000000088400000| 99%| O|  |TAMS 0x00000000883fffe8, 0x0000000088300000| Untracked 
| 132|0x0000000088400000, 0x00000000884fffe8, 0x0000000088500000| 99%| O|  |TAMS 0x00000000884fffe8, 0x0000000088400000| Untracked 
| 133|0x0000000088500000, 0x00000000885fffe8, 0x0000000088600000| 99%| O|  |TAMS 0x00000000885fffe8, 0x0000000088500000| Untracked 
| 134|0x0000000088600000, 0x0000000088700000, 0x0000000088700000|100%| O|  |TAMS 0x0000000088700000, 0x0000000088600000| Untracked 
| 135|0x0000000088700000, 0x00000000887fffd8, 0x0000000088800000| 99%| O|  |TAMS 0x00000000887fffd8, 0x0000000088700000| Untracked 
| 136|0x0000000088800000, 0x00000000888fffc0, 0x0000000088900000| 99%| O|  |TAMS 0x00000000888fffc0, 0x0000000088800000| Untracked 
| 137|0x0000000088900000, 0x0000000088a00000, 0x0000000088a00000|100%| O|  |TAMS 0x0000000088a00000, 0x0000000088900000| Untracked 
| 138|0x0000000088a00000, 0x0000000088ada340, 0x0000000088b00000| 85%| O|  |TAMS 0x0000000088ada340, 0x0000000088a00000| Untracked 
| 139|0x0000000088b00000, 0x0000000088bfffe0, 0x0000000088c00000| 99%| O|  |TAMS 0x0000000088bfffe0, 0x0000000088b00000| Untracked 
| 140|0x0000000088c00000, 0x0000000088cff4b8, 0x0000000088d00000| 99%| O|  |TAMS 0x0000000088cff4b8, 0x0000000088c00000| Untracked 
| 141|0x0000000088d00000, 0x0000000088e00000, 0x0000000088e00000|100%|HS|  |TAMS 0x0000000088e00000, 0x0000000088d00000| Complete 
| 142|0x0000000088e00000, 0x0000000088f00000, 0x0000000088f00000|100%|HS|  |TAMS 0x0000000088f00000, 0x0000000088e00000| Complete 
| 143|0x0000000088f00000, 0x0000000088ffffc0, 0x0000000089000000| 99%| O|  |TAMS 0x0000000088ffffc0, 0x0000000088f00000| Untracked 
| 144|0x0000000089000000, 0x0000000089100000, 0x0000000089100000|100%|HS|  |TAMS 0x0000000089100000, 0x0000000089000000| Complete 
| 145|0x0000000089100000, 0x0000000089200000, 0x0000000089200000|100%|HC|  |TAMS 0x0000000089200000, 0x0000000089100000| Complete 
| 146|0x0000000089200000, 0x00000000892ffff8, 0x0000000089300000| 99%| O|  |TAMS 0x00000000892ffff8, 0x0000000089200000| Untracked 
| 147|0x0000000089300000, 0x0000000089400000, 0x0000000089400000|100%| O|  |TAMS 0x0000000089400000, 0x0000000089300000| Untracked 
| 148|0x0000000089400000, 0x00000000894fa4c8, 0x0000000089500000| 97%| O|  |TAMS 0x00000000894fa4c8, 0x0000000089400000| Untracked 
| 149|0x0000000089500000, 0x00000000895fffb8, 0x0000000089600000| 99%| O|  |TAMS 0x00000000895fffb8, 0x0000000089500000| Untracked 
| 150|0x0000000089600000, 0x00000000896ffff0, 0x0000000089700000| 99%| O|  |TAMS 0x00000000896ffff0, 0x0000000089600000| Untracked 
| 151|0x0000000089700000, 0x00000000897ffff0, 0x0000000089800000| 99%| O|  |TAMS 0x00000000897ffff0, 0x0000000089700000| Untracked 
| 152|0x0000000089800000, 0x00000000898f1198, 0x0000000089900000| 94%| O|  |TAMS 0x00000000898f1198, 0x0000000089800000| Untracked 
| 153|0x0000000089900000, 0x00000000899ffff0, 0x0000000089a00000| 99%| O|  |TAMS 0x00000000899ffff0, 0x0000000089900000| Untracked 
| 154|0x0000000089a00000, 0x0000000089afffe8, 0x0000000089b00000| 99%| O|  |TAMS 0x0000000089afffe8, 0x0000000089a00000| Untracked 
| 155|0x0000000089b00000, 0x0000000089bffff0, 0x0000000089c00000| 99%| O|  |TAMS 0x0000000089bffff0, 0x0000000089b00000| Untracked 
| 156|0x0000000089c00000, 0x0000000089d00000, 0x0000000089d00000|100%| O|  |TAMS 0x0000000089d00000, 0x0000000089c00000| Untracked 
| 157|0x0000000089d00000, 0x0000000089dffff8, 0x0000000089e00000| 99%| O|  |TAMS 0x0000000089dffff8, 0x0000000089d00000| Untracked 
| 158|0x0000000089e00000, 0x0000000089f00000, 0x0000000089f00000|100%| O|  |TAMS 0x0000000089f00000, 0x0000000089e00000| Untracked 
| 159|0x0000000089f00000, 0x0000000089ffff00, 0x000000008a000000| 99%| O|  |TAMS 0x0000000089ffff00, 0x0000000089f00000| Untracked 
| 160|0x000000008a000000, 0x000000008a0f4ea8, 0x000000008a100000| 95%| O|  |TAMS 0x000000008a0f4ea8, 0x000000008a000000| Untracked 
| 161|0x000000008a100000, 0x000000008a200000, 0x000000008a200000|100%| O|  |TAMS 0x000000008a200000, 0x000000008a100000| Untracked 
| 162|0x000000008a200000, 0x000000008a2ffff8, 0x000000008a300000| 99%| O|  |TAMS 0x000000008a2ffff8, 0x000000008a200000| Untracked 
| 163|0x000000008a300000, 0x000000008a3fffa0, 0x000000008a400000| 99%| O|  |TAMS 0x000000008a3fffa0, 0x000000008a300000| Untracked 
| 164|0x000000008a400000, 0x000000008a4fff98, 0x000000008a500000| 99%| O|  |TAMS 0x000000008a4fff98, 0x000000008a400000| Untracked 
| 165|0x000000008a500000, 0x000000008a600000, 0x000000008a600000|100%| O|  |TAMS 0x000000008a600000, 0x000000008a500000| Untracked 
| 166|0x000000008a600000, 0x000000008a6fffc8, 0x000000008a700000| 99%| O|  |TAMS 0x000000008a6fffc8, 0x000000008a600000| Untracked 
| 167|0x000000008a700000, 0x000000008a7ffff0, 0x000000008a800000| 99%| O|  |TAMS 0x000000008a7ffff0, 0x000000008a700000| Untracked 
| 168|0x000000008a800000, 0x000000008a900000, 0x000000008a900000|100%| O|  |TAMS 0x000000008a900000, 0x000000008a800000| Untracked 
| 169|0x000000008a900000, 0x000000008a9fffe8, 0x000000008aa00000| 99%| O|  |TAMS 0x000000008a9fffe8, 0x000000008a900000| Untracked 
| 170|0x000000008aa00000, 0x000000008ab00000, 0x000000008ab00000|100%| O|  |TAMS 0x000000008ab00000, 0x000000008aa00000| Untracked 
| 171|0x000000008ab00000, 0x000000008abffff0, 0x000000008ac00000| 99%| O|  |TAMS 0x000000008abffff0, 0x000000008ab00000| Untracked 
| 172|0x000000008ac00000, 0x000000008ad00000, 0x000000008ad00000|100%|HS|  |TAMS 0x000000008ad00000, 0x000000008ac00000| Complete 
| 173|0x000000008ad00000, 0x000000008ae00000, 0x000000008ae00000|100%|HS|  |TAMS 0x000000008ae00000, 0x000000008ad00000| Complete 
| 174|0x000000008ae00000, 0x000000008aefffe8, 0x000000008af00000| 99%| O|  |TAMS 0x000000008aefffe8, 0x000000008ae00000| Untracked 
| 175|0x000000008af00000, 0x000000008afe7630, 0x000000008b000000| 90%| O|  |TAMS 0x000000008afe7630, 0x000000008af00000| Untracked 
| 176|0x000000008b000000, 0x000000008b0fff48, 0x000000008b100000| 99%| O|  |TAMS 0x000000008b0fff48, 0x000000008b000000| Untracked 
| 177|0x000000008b100000, 0x000000008b1ffff8, 0x000000008b200000| 99%| O|  |TAMS 0x000000008b1ffff8, 0x000000008b100000| Untracked 
| 178|0x000000008b200000, 0x000000008b300000, 0x000000008b300000|100%| O|  |TAMS 0x000000008b300000, 0x000000008b200000| Untracked 
| 179|0x000000008b300000, 0x000000008b3ffff8, 0x000000008b400000| 99%| O|  |TAMS 0x000000008b3ffff8, 0x000000008b300000| Untracked 
| 180|0x000000008b400000, 0x000000008b4ffff0, 0x000000008b500000| 99%| O|  |TAMS 0x000000008b4ffff0, 0x000000008b400000| Untracked 
| 181|0x000000008b500000, 0x000000008b5ffff0, 0x000000008b600000| 99%| O|  |TAMS 0x000000008b5ffff0, 0x000000008b500000| Untracked 
| 182|0x000000008b600000, 0x000000008b700000, 0x000000008b700000|100%| O|  |TAMS 0x000000008b700000, 0x000000008b600000| Untracked 
| 183|0x000000008b700000, 0x000000008b7fffc8, 0x000000008b800000| 99%| O|  |TAMS 0x000000008b7fffc8, 0x000000008b700000| Untracked 
| 184|0x000000008b800000, 0x000000008b900000, 0x000000008b900000|100%| O|  |TAMS 0x000000008b900000, 0x000000008b800000| Untracked 
| 185|0x000000008b900000, 0x000000008ba00000, 0x000000008ba00000|100%| O|  |TAMS 0x000000008ba00000, 0x000000008b900000| Untracked 
| 186|0x000000008ba00000, 0x000000008bb00000, 0x000000008bb00000|100%| O|  |TAMS 0x000000008bb00000, 0x000000008ba00000| Untracked 
| 187|0x000000008bb00000, 0x000000008bc00000, 0x000000008bc00000|100%| O|  |TAMS 0x000000008bc00000, 0x000000008bb00000| Untracked 
| 188|0x000000008bc00000, 0x000000008bd00000, 0x000000008bd00000|100%| O|  |TAMS 0x000000008bd00000, 0x000000008bc00000| Untracked 
| 189|0x000000008bd00000, 0x000000008bdfff80, 0x000000008be00000| 99%| O|  |TAMS 0x000000008bdfff80, 0x000000008bd00000| Untracked 
| 190|0x000000008be00000, 0x000000008beffff8, 0x000000008bf00000| 99%| O|  |TAMS 0x000000008beffff8, 0x000000008be00000| Untracked 
| 191|0x000000008bf00000, 0x000000008c000000, 0x000000008c000000|100%| O|  |TAMS 0x000000008c000000, 0x000000008bf00000| Untracked 
| 192|0x000000008c000000, 0x000000008c100000, 0x000000008c100000|100%| O|  |TAMS 0x000000008c100000, 0x000000008c000000| Untracked 
| 193|0x000000008c100000, 0x000000008c1ffff8, 0x000000008c200000| 99%| O|  |TAMS 0x000000008c1ffff8, 0x000000008c100000| Untracked 
| 194|0x000000008c200000, 0x000000008c300000, 0x000000008c300000|100%| O|  |TAMS 0x000000008c300000, 0x000000008c200000| Untracked 
| 195|0x000000008c300000, 0x000000008c400000, 0x000000008c400000|100%| O|  |TAMS 0x000000008c400000, 0x000000008c300000| Untracked 
| 196|0x000000008c400000, 0x000000008c500000, 0x000000008c500000|100%| O|  |TAMS 0x000000008c500000, 0x000000008c400000| Untracked 
| 197|0x000000008c500000, 0x000000008c5fffd8, 0x000000008c600000| 99%| O|  |TAMS 0x000000008c5fffd8, 0x000000008c500000| Untracked 
| 198|0x000000008c600000, 0x000000008c700000, 0x000000008c700000|100%| O|  |TAMS 0x000000008c700000, 0x000000008c600000| Untracked 
| 199|0x000000008c700000, 0x000000008c800000, 0x000000008c800000|100%| O|  |TAMS 0x000000008c800000, 0x000000008c700000| Untracked 
| 200|0x000000008c800000, 0x000000008c900000, 0x000000008c900000|100%| O|  |TAMS 0x000000008c900000, 0x000000008c800000| Untracked 
| 201|0x000000008c900000, 0x000000008c9f3540, 0x000000008ca00000| 95%| O|  |TAMS 0x000000008c9f3540, 0x000000008c900000| Untracked 
| 202|0x000000008ca00000, 0x000000008cb00000, 0x000000008cb00000|100%| O|  |TAMS 0x000000008cb00000, 0x000000008ca00000| Untracked 
| 203|0x000000008cb00000, 0x000000008cc00000, 0x000000008cc00000|100%| O|  |TAMS 0x000000008cc00000, 0x000000008cb00000| Untracked 
| 204|0x000000008cc00000, 0x000000008cd00000, 0x000000008cd00000|100%| O|  |TAMS 0x000000008cd00000, 0x000000008cc00000| Untracked 
| 205|0x000000008cd00000, 0x000000008ce00000, 0x000000008ce00000|100%| O|  |TAMS 0x000000008ce00000, 0x000000008cd00000| Untracked 
| 206|0x000000008ce00000, 0x000000008cf00000, 0x000000008cf00000|100%| O|  |TAMS 0x000000008cf00000, 0x000000008ce00000| Untracked 
| 207|0x000000008cf00000, 0x000000008d000000, 0x000000008d000000|100%| O|  |TAMS 0x000000008d000000, 0x000000008cf00000| Untracked 
| 208|0x000000008d000000, 0x000000008d100000, 0x000000008d100000|100%| O|  |TAMS 0x000000008d100000, 0x000000008d000000| Untracked 
| 209|0x000000008d100000, 0x000000008d200000, 0x000000008d200000|100%| O|  |TAMS 0x000000008d200000, 0x000000008d100000| Untracked 
| 210|0x000000008d200000, 0x000000008d2fffd0, 0x000000008d300000| 99%| O|  |TAMS 0x000000008d2fffd0, 0x000000008d200000| Untracked 
| 211|0x000000008d300000, 0x000000008d400000, 0x000000008d400000|100%| O|  |TAMS 0x000000008d400000, 0x000000008d300000| Untracked 
| 212|0x000000008d400000, 0x000000008d500000, 0x000000008d500000|100%| O|  |TAMS 0x000000008d500000, 0x000000008d400000| Untracked 
| 213|0x000000008d500000, 0x000000008d600000, 0x000000008d600000|100%| O|  |TAMS 0x000000008d600000, 0x000000008d500000| Untracked 
| 214|0x000000008d600000, 0x000000008d700000, 0x000000008d700000|100%| O|  |TAMS 0x000000008d700000, 0x000000008d600000| Untracked 
| 215|0x000000008d700000, 0x000000008d800000, 0x000000008d800000|100%| O|  |TAMS 0x000000008d800000, 0x000000008d700000| Untracked 
| 216|0x000000008d800000, 0x000000008d900000, 0x000000008d900000|100%| O|  |TAMS 0x000000008d900000, 0x000000008d800000| Complete 
| 217|0x000000008d900000, 0x000000008da00000, 0x000000008da00000|100%| O|  |TAMS 0x000000008da00000, 0x000000008d900000| Untracked 
| 218|0x000000008da00000, 0x000000008db00000, 0x000000008db00000|100%| O|  |TAMS 0x000000008db00000, 0x000000008da00000| Complete 
| 219|0x000000008db00000, 0x000000008dc00000, 0x000000008dc00000|100%| O|  |TAMS 0x000000008dc00000, 0x000000008db00000| Untracked 
| 220|0x000000008dc00000, 0x000000008dd00000, 0x000000008dd00000|100%| O|  |TAMS 0x000000008dd00000, 0x000000008dc00000| Untracked 
| 221|0x000000008dd00000, 0x000000008de00000, 0x000000008de00000|100%| O|  |TAMS 0x000000008de00000, 0x000000008dd00000| Untracked 
| 222|0x000000008de00000, 0x000000008df00000, 0x000000008df00000|100%| O|  |TAMS 0x000000008df00000, 0x000000008de00000| Untracked 
| 223|0x000000008df00000, 0x000000008e000000, 0x000000008e000000|100%| O|  |TAMS 0x000000008e000000, 0x000000008df00000| Untracked 
| 224|0x000000008e000000, 0x000000008e100000, 0x000000008e100000|100%| O|  |TAMS 0x000000008e100000, 0x000000008e000000| Untracked 
| 225|0x000000008e100000, 0x000000008e200000, 0x000000008e200000|100%| O|  |TAMS 0x000000008e200000, 0x000000008e100000| Untracked 
| 226|0x000000008e200000, 0x000000008e300000, 0x000000008e300000|100%| O|  |TAMS 0x000000008e300000, 0x000000008e200000| Untracked 
| 227|0x000000008e300000, 0x000000008e400000, 0x000000008e400000|100%| O|  |TAMS 0x000000008e400000, 0x000000008e300000| Untracked 
| 228|0x000000008e400000, 0x000000008e500000, 0x000000008e500000|100%| O|  |TAMS 0x000000008e500000, 0x000000008e400000| Untracked 
| 229|0x000000008e500000, 0x000000008e600000, 0x000000008e600000|100%| O|  |TAMS 0x000000008e600000, 0x000000008e500000| Untracked 
| 230|0x000000008e600000, 0x000000008e700000, 0x000000008e700000|100%| O|  |TAMS 0x000000008e700000, 0x000000008e600000| Untracked 
| 231|0x000000008e700000, 0x000000008e800000, 0x000000008e800000|100%| O|  |TAMS 0x000000008e800000, 0x000000008e700000| Untracked 
| 232|0x000000008e800000, 0x000000008e900000, 0x000000008e900000|100%| O|  |TAMS 0x000000008e900000, 0x000000008e800000| Untracked 
| 233|0x000000008e900000, 0x000000008ea00000, 0x000000008ea00000|100%| O|  |TAMS 0x000000008ea00000, 0x000000008e900000| Complete 
| 234|0x000000008ea00000, 0x000000008eb00000, 0x000000008eb00000|100%| O|  |TAMS 0x000000008eb00000, 0x000000008ea00000| Untracked 
| 235|0x000000008eb00000, 0x000000008ec00000, 0x000000008ec00000|100%| O|  |TAMS 0x000000008ec00000, 0x000000008eb00000| Complete 
| 236|0x000000008ec00000, 0x000000008ed00000, 0x000000008ed00000|100%| O|  |TAMS 0x000000008ed00000, 0x000000008ec00000| Untracked 
| 237|0x000000008ed00000, 0x000000008ee00000, 0x000000008ee00000|100%| O|  |TAMS 0x000000008ee00000, 0x000000008ed00000| Untracked 
| 238|0x000000008ee00000, 0x000000008ef00000, 0x000000008ef00000|100%| O|  |TAMS 0x000000008ef00000, 0x000000008ee00000| Untracked 
| 239|0x000000008ef00000, 0x000000008f000000, 0x000000008f000000|100%| O|  |TAMS 0x000000008f000000, 0x000000008ef00000| Untracked 
| 240|0x000000008f000000, 0x000000008f100000, 0x000000008f100000|100%| O|  |TAMS 0x000000008f100000, 0x000000008f000000| Untracked 
| 241|0x000000008f100000, 0x000000008f200000, 0x000000008f200000|100%| O|  |TAMS 0x000000008f200000, 0x000000008f100000| Complete 
| 242|0x000000008f200000, 0x000000008f300000, 0x000000008f300000|100%| O|  |TAMS 0x000000008f300000, 0x000000008f200000| Untracked 
| 243|0x000000008f300000, 0x000000008f400000, 0x000000008f400000|100%| O|  |TAMS 0x000000008f300000, 0x000000008f300000| Untracked 
| 244|0x000000008f400000, 0x000000008f500000, 0x000000008f500000|100%| O|  |TAMS 0x000000008f400000, 0x000000008f400000| Untracked 
| 245|0x000000008f500000, 0x000000008f600000, 0x000000008f600000|100%| O|  |TAMS 0x000000008f500000, 0x000000008f500000| Untracked 
| 246|0x000000008f600000, 0x000000008f700000, 0x000000008f700000|100%| O|  |TAMS 0x000000008f600000, 0x000000008f600000| Untracked 
| 247|0x000000008f700000, 0x000000008f800000, 0x000000008f800000|100%| O|  |TAMS 0x000000008f700000, 0x000000008f700000| Untracked 
| 248|0x000000008f800000, 0x000000008f900000, 0x000000008f900000|100%| O|  |TAMS 0x000000008f900000, 0x000000008f800000| Complete 
| 249|0x000000008f900000, 0x000000008fa00000, 0x000000008fa00000|100%| O|  |TAMS 0x000000008f900000, 0x000000008f900000| Untracked 
| 250|0x000000008fa00000, 0x000000008fb00000, 0x000000008fb00000|100%| O|  |TAMS 0x000000008fa00000, 0x000000008fa00000| Untracked 
| 251|0x000000008fb00000, 0x000000008fc00000, 0x000000008fc00000|100%| O|  |TAMS 0x000000008fc00000, 0x000000008fb00000| Complete 
| 252|0x000000008fc00000, 0x000000008fd00000, 0x000000008fd00000|100%| O|  |TAMS 0x000000008fd00000, 0x000000008fc00000| Untracked 
| 253|0x000000008fd00000, 0x000000008fe00000, 0x000000008fe00000|100%| O|  |TAMS 0x000000008fe00000, 0x000000008fd00000| Complete 
| 254|0x000000008fe00000, 0x000000008ff00000, 0x000000008ff00000|100%|HS|  |TAMS 0x000000008ff00000, 0x000000008fe00000| Complete 
| 255|0x000000008ff00000, 0x0000000090000000, 0x0000000090000000|100%|HC|  |TAMS 0x0000000090000000, 0x000000008ff00000| Complete 
| 256|0x0000000090000000, 0x0000000090100000, 0x0000000090100000|100%|HC|  |TAMS 0x0000000090100000, 0x0000000090000000| Complete 
| 257|0x0000000090100000, 0x0000000090200000, 0x0000000090200000|100%|HS|  |TAMS 0x0000000090200000, 0x0000000090100000| Complete 
| 258|0x0000000090200000, 0x0000000090300000, 0x0000000090300000|100%|HC|  |TAMS 0x0000000090300000, 0x0000000090200000| Complete 
| 259|0x0000000090300000, 0x0000000090400000, 0x0000000090400000|100%|HC|  |TAMS 0x0000000090400000, 0x0000000090300000| Complete 
| 260|0x0000000090400000, 0x0000000090500000, 0x0000000090500000|100%| O|  |TAMS 0x0000000090500000, 0x0000000090400000| Complete 
| 261|0x0000000090500000, 0x0000000090600000, 0x0000000090600000|100%| O|  |TAMS 0x0000000090600000, 0x0000000090500000| Untracked 
| 262|0x0000000090600000, 0x0000000090700000, 0x0000000090700000|100%| O|  |TAMS 0x00000000906b0400, 0x0000000090600000| Untracked 
| 263|0x0000000090700000, 0x0000000090800000, 0x0000000090800000|100%| O|  |TAMS 0x0000000090700000, 0x0000000090700000| Untracked 
| 264|0x0000000090800000, 0x0000000090900000, 0x0000000090900000|100%| O|  |TAMS 0x0000000090800000, 0x0000000090800000| Untracked 
| 265|0x0000000090900000, 0x0000000090a00000, 0x0000000090a00000|100%| O|  |TAMS 0x0000000090900000, 0x0000000090900000| Untracked 
| 266|0x0000000090a00000, 0x0000000090b00000, 0x0000000090b00000|100%| O|  |TAMS 0x0000000090b00000, 0x0000000090a00000| Untracked 
| 267|0x0000000090b00000, 0x0000000090c00000, 0x0000000090c00000|100%| O|  |TAMS 0x0000000090c00000, 0x0000000090b00000| Untracked 
| 268|0x0000000090c00000, 0x0000000090d00000, 0x0000000090d00000|100%| O|  |TAMS 0x0000000090d00000, 0x0000000090c00000| Complete 
| 269|0x0000000090d00000, 0x0000000090e00000, 0x0000000090e00000|100%| O|  |TAMS 0x0000000090e00000, 0x0000000090d00000| Untracked 
| 270|0x0000000090e00000, 0x0000000090f00000, 0x0000000090f00000|100%| O|  |TAMS 0x0000000090f00000, 0x0000000090e00000| Complete 
| 271|0x0000000090f00000, 0x0000000091000000, 0x0000000091000000|100%|HS|  |TAMS 0x0000000091000000, 0x0000000090f00000| Complete 
| 272|0x0000000091000000, 0x0000000091100000, 0x0000000091100000|100%|HC|  |TAMS 0x0000000091100000, 0x0000000091000000| Complete 
| 273|0x0000000091100000, 0x0000000091200000, 0x0000000091200000|100%|HC|  |TAMS 0x0000000091200000, 0x0000000091100000| Complete 
| 274|0x0000000091200000, 0x0000000091300000, 0x0000000091300000|100%| O|  |TAMS 0x0000000091300000, 0x0000000091200000| Untracked 
| 275|0x0000000091300000, 0x0000000091400000, 0x0000000091400000|100%| O|  |TAMS 0x0000000091300000, 0x0000000091300000| Untracked 
| 276|0x0000000091400000, 0x0000000091500000, 0x0000000091500000|100%| O|  |TAMS 0x0000000091400000, 0x0000000091400000| Untracked 
| 277|0x0000000091500000, 0x0000000091600000, 0x0000000091600000|100%| O|  |TAMS 0x0000000091600000, 0x0000000091500000| Untracked 
| 278|0x0000000091600000, 0x0000000091700000, 0x0000000091700000|100%| O|  |TAMS 0x0000000091700000, 0x0000000091600000| Untracked 
| 279|0x0000000091700000, 0x0000000091800000, 0x0000000091800000|100%| O|  |TAMS 0x0000000091800000, 0x0000000091700000| Untracked 
| 280|0x0000000091800000, 0x0000000091900000, 0x0000000091900000|100%| O|  |TAMS 0x0000000091900000, 0x0000000091800000| Untracked 
| 281|0x0000000091900000, 0x0000000091a00000, 0x0000000091a00000|100%| O|  |TAMS 0x0000000091a00000, 0x0000000091900000| Untracked 
| 282|0x0000000091a00000, 0x0000000091b00000, 0x0000000091b00000|100%| O|  |TAMS 0x0000000091a00000, 0x0000000091a00000| Untracked 
| 283|0x0000000091b00000, 0x0000000091c00000, 0x0000000091c00000|100%| O|  |TAMS 0x0000000091b00000, 0x0000000091b00000| Untracked 
| 284|0x0000000091c00000, 0x0000000091d00000, 0x0000000091d00000|100%| O|  |TAMS 0x0000000091d00000, 0x0000000091c00000| Complete 
| 285|0x0000000091d00000, 0x0000000091e00000, 0x0000000091e00000|100%| O|  |TAMS 0x0000000091e00000, 0x0000000091d00000| Untracked 
| 286|0x0000000091e00000, 0x0000000091f00000, 0x0000000091f00000|100%| O|  |TAMS 0x0000000091f00000, 0x0000000091e00000| Untracked 
| 287|0x0000000091f00000, 0x0000000092000000, 0x0000000092000000|100%| O|  |TAMS 0x0000000092000000, 0x0000000091f00000| Untracked 
| 288|0x0000000092000000, 0x0000000092100000, 0x0000000092100000|100%| O|  |TAMS 0x0000000092100000, 0x0000000092000000| Untracked 
| 289|0x0000000092100000, 0x0000000092200000, 0x0000000092200000|100%| O|  |TAMS 0x0000000092200000, 0x0000000092100000| Untracked 
| 290|0x0000000092200000, 0x0000000092300000, 0x0000000092300000|100%| O|  |TAMS 0x0000000092300000, 0x0000000092200000| Untracked 
| 291|0x0000000092300000, 0x0000000092400000, 0x0000000092400000|100%| O|  |TAMS 0x0000000092400000, 0x0000000092300000| Untracked 
| 292|0x0000000092400000, 0x0000000092500000, 0x0000000092500000|100%| O|  |TAMS 0x0000000092500000, 0x0000000092400000| Complete 
| 293|0x0000000092500000, 0x0000000092600000, 0x0000000092600000|100%| O|  |TAMS 0x0000000092500000, 0x0000000092500000| Untracked 
| 294|0x0000000092600000, 0x0000000092700000, 0x0000000092700000|100%| O|  |TAMS 0x0000000092700000, 0x0000000092600000| Untracked 
| 295|0x0000000092700000, 0x0000000092800000, 0x0000000092800000|100%| O|  |TAMS 0x0000000092800000, 0x0000000092700000| Untracked 
| 296|0x0000000092800000, 0x0000000092900000, 0x0000000092900000|100%| O|  |TAMS 0x0000000092800000, 0x0000000092800000| Untracked 
| 297|0x0000000092900000, 0x0000000092a00000, 0x0000000092a00000|100%| O|  |TAMS 0x0000000092900000, 0x0000000092900000| Untracked 
| 298|0x0000000092a00000, 0x0000000092b00000, 0x0000000092b00000|100%| O|  |TAMS 0x0000000092a00000, 0x0000000092a00000| Untracked 
| 299|0x0000000092b00000, 0x0000000092c00000, 0x0000000092c00000|100%| O|  |TAMS 0x0000000092b00000, 0x0000000092b00000| Untracked 
| 300|0x0000000092c00000, 0x0000000092d00000, 0x0000000092d00000|100%| O|  |TAMS 0x0000000092d00000, 0x0000000092c00000| Untracked 
| 301|0x0000000092d00000, 0x0000000092e00000, 0x0000000092e00000|100%| O|  |TAMS 0x0000000092e00000, 0x0000000092d00000| Untracked 
| 302|0x0000000092e00000, 0x0000000092f00000, 0x0000000092f00000|100%| O|  |TAMS 0x0000000092f00000, 0x0000000092e00000| Complete 
| 303|0x0000000092f00000, 0x0000000093000000, 0x0000000093000000|100%| O|  |TAMS 0x0000000092f00000, 0x0000000092f00000| Untracked 
| 304|0x0000000093000000, 0x0000000093100000, 0x0000000093100000|100%| O|  |TAMS 0x0000000093000000, 0x0000000093000000| Untracked 
| 305|0x0000000093100000, 0x0000000093200000, 0x0000000093200000|100%| O|  |TAMS 0x0000000093200000, 0x0000000093100000| Untracked 
| 306|0x0000000093200000, 0x0000000093300000, 0x0000000093300000|100%| O|  |TAMS 0x0000000093200000, 0x0000000093200000| Untracked 
| 307|0x0000000093300000, 0x0000000093400000, 0x0000000093400000|100%| O|  |TAMS 0x0000000093300000, 0x0000000093300000| Untracked 
| 308|0x0000000093400000, 0x0000000093500000, 0x0000000093500000|100%| O|  |TAMS 0x0000000093400000, 0x0000000093400000| Untracked 
| 309|0x0000000093500000, 0x0000000093600000, 0x0000000093600000|100%| O|  |TAMS 0x0000000093500000, 0x0000000093500000| Untracked 
| 310|0x0000000093600000, 0x0000000093700000, 0x0000000093700000|100%| O|  |TAMS 0x0000000093600000, 0x0000000093600000| Untracked 
| 311|0x0000000093700000, 0x00000000937e9000, 0x0000000093800000| 91%| O|  |TAMS 0x0000000093700000, 0x0000000093700000| Untracked 
| 312|0x0000000093800000, 0x0000000093800000, 0x0000000093900000|  0%| F|  |TAMS 0x0000000093800000, 0x0000000093800000| Untracked 
| 313|0x0000000093900000, 0x0000000093900000, 0x0000000093a00000|  0%| F|  |TAMS 0x0000000093900000, 0x0000000093900000| Untracked 
| 314|0x0000000093a00000, 0x0000000093b00000, 0x0000000093b00000|100%| O|  |TAMS 0x0000000093b00000, 0x0000000093a00000| Untracked 
| 315|0x0000000093b00000, 0x0000000093c00000, 0x0000000093c00000|100%| O|  |TAMS 0x0000000093c00000, 0x0000000093b00000| Untracked 
| 316|0x0000000093c00000, 0x0000000093d00000, 0x0000000093d00000|100%| O|  |TAMS 0x0000000093d00000, 0x0000000093c00000| Untracked 
| 317|0x0000000093d00000, 0x0000000093d00000, 0x0000000093e00000|  0%| F|  |TAMS 0x0000000093d00000, 0x0000000093d00000| Untracked 
| 318|0x0000000093e00000, 0x0000000093f00000, 0x0000000093f00000|100%| O|  |TAMS 0x0000000093f00000, 0x0000000093e00000| Complete 
| 319|0x0000000093f00000, 0x0000000094000000, 0x0000000094000000|100%| O|  |TAMS 0x0000000094000000, 0x0000000093f00000| Complete 
| 320|0x0000000094000000, 0x0000000094000000, 0x0000000094100000|  0%| F|  |TAMS 0x0000000094000000, 0x0000000094000000| Untracked 
| 321|0x0000000094100000, 0x0000000094100000, 0x0000000094200000|  0%| F|  |TAMS 0x0000000094100000, 0x0000000094100000| Untracked 
| 322|0x0000000094200000, 0x0000000094200000, 0x0000000094300000|  0%| F|  |TAMS 0x0000000094200000, 0x0000000094200000| Untracked 
| 323|0x0000000094300000, 0x0000000094300000, 0x0000000094400000|  0%| F|  |TAMS 0x0000000094300000, 0x0000000094300000| Untracked 
| 324|0x0000000094400000, 0x0000000094500000, 0x0000000094500000|100%| O|  |TAMS 0x0000000094500000, 0x0000000094400000| Complete 
| 325|0x0000000094500000, 0x0000000094500000, 0x0000000094600000|  0%| F|  |TAMS 0x0000000094500000, 0x0000000094500000| Untracked 
| 326|0x0000000094600000, 0x0000000094600000, 0x0000000094700000|  0%| F|  |TAMS 0x0000000094600000, 0x0000000094600000| Untracked 
| 327|0x0000000094700000, 0x0000000094700000, 0x0000000094800000|  0%| F|  |TAMS 0x0000000094700000, 0x0000000094700000| Untracked 
| 328|0x0000000094800000, 0x0000000094900000, 0x0000000094900000|100%| O|  |TAMS 0x0000000094900000, 0x0000000094800000| Untracked 
| 329|0x0000000094900000, 0x0000000094a00000, 0x0000000094a00000|100%| O|  |TAMS 0x0000000094a00000, 0x0000000094900000| Untracked 
| 330|0x0000000094a00000, 0x0000000094a00000, 0x0000000094b00000|  0%| F|  |TAMS 0x0000000094a00000, 0x0000000094a00000| Untracked 
| 331|0x0000000094b00000, 0x0000000094c00000, 0x0000000094c00000|100%| O|  |TAMS 0x0000000094c00000, 0x0000000094b00000| Untracked 
| 332|0x0000000094c00000, 0x0000000094c00000, 0x0000000094d00000|  0%| F|  |TAMS 0x0000000094c00000, 0x0000000094c00000| Untracked 
| 333|0x0000000094d00000, 0x0000000094e00000, 0x0000000094e00000|100%| O|  |TAMS 0x0000000094e00000, 0x0000000094d00000| Untracked 
| 334|0x0000000094e00000, 0x0000000094f00000, 0x0000000094f00000|100%| O|  |TAMS 0x0000000094f00000, 0x0000000094e00000| Untracked 
| 335|0x0000000094f00000, 0x0000000094f00000, 0x0000000095000000|  0%| F|  |TAMS 0x0000000094f00000, 0x0000000094f00000| Untracked 
| 336|0x0000000095000000, 0x0000000095100000, 0x0000000095100000|100%| O|  |TAMS 0x0000000095100000, 0x0000000095000000| Complete 
| 337|0x0000000095100000, 0x0000000095100000, 0x0000000095200000|  0%| F|  |TAMS 0x0000000095100000, 0x0000000095100000| Untracked 
| 338|0x0000000095200000, 0x0000000095300000, 0x0000000095300000|100%| O|  |TAMS 0x0000000095300000, 0x0000000095200000| Complete 
| 339|0x0000000095300000, 0x0000000095300000, 0x0000000095400000|  0%| F|  |TAMS 0x0000000095300000, 0x0000000095300000| Untracked 
| 340|0x0000000095400000, 0x0000000095400000, 0x0000000095500000|  0%| F|  |TAMS 0x0000000095400000, 0x0000000095400000| Untracked 
| 341|0x0000000095500000, 0x0000000095500000, 0x0000000095600000|  0%| F|  |TAMS 0x0000000095500000, 0x0000000095500000| Untracked 
| 342|0x0000000095600000, 0x0000000095600000, 0x0000000095700000|  0%| F|  |TAMS 0x0000000095600000, 0x0000000095600000| Untracked 
| 343|0x0000000095700000, 0x0000000095700000, 0x0000000095800000|  0%| F|  |TAMS 0x0000000095700000, 0x0000000095700000| Untracked 
| 344|0x0000000095800000, 0x0000000095800000, 0x0000000095900000|  0%| F|  |TAMS 0x0000000095800000, 0x0000000095800000| Untracked 
| 345|0x0000000095900000, 0x0000000095900000, 0x0000000095a00000|  0%| F|  |TAMS 0x0000000095900000, 0x0000000095900000| Untracked 
| 346|0x0000000095a00000, 0x0000000095a00000, 0x0000000095b00000|  0%| F|  |TAMS 0x0000000095a00000, 0x0000000095a00000| Untracked 
| 347|0x0000000095b00000, 0x0000000095c00000, 0x0000000095c00000|100%| O|  |TAMS 0x0000000095c00000, 0x0000000095b00000| Untracked 
| 348|0x0000000095c00000, 0x0000000095c00000, 0x0000000095d00000|  0%| F|  |TAMS 0x0000000095c00000, 0x0000000095c00000| Untracked 
| 349|0x0000000095d00000, 0x0000000095d00000, 0x0000000095e00000|  0%| F|  |TAMS 0x0000000095d00000, 0x0000000095d00000| Untracked 
| 350|0x0000000095e00000, 0x0000000095e00000, 0x0000000095f00000|  0%| F|  |TAMS 0x0000000095e00000, 0x0000000095e00000| Untracked 
| 351|0x0000000095f00000, 0x0000000095f00000, 0x0000000096000000|  0%| F|  |TAMS 0x0000000095f00000, 0x0000000095f00000| Untracked 
| 352|0x0000000096000000, 0x0000000096000000, 0x0000000096100000|  0%| F|  |TAMS 0x0000000096000000, 0x0000000096000000| Untracked 
| 353|0x0000000096100000, 0x0000000096100000, 0x0000000096200000|  0%| F|  |TAMS 0x0000000096100000, 0x0000000096100000| Untracked 
| 354|0x0000000096200000, 0x0000000096200000, 0x0000000096300000|  0%| F|  |TAMS 0x0000000096200000, 0x0000000096200000| Untracked 
| 355|0x0000000096300000, 0x0000000096300000, 0x0000000096400000|  0%| F|  |TAMS 0x0000000096300000, 0x0000000096300000| Untracked 
| 356|0x0000000096400000, 0x0000000096400000, 0x0000000096500000|  0%| F|  |TAMS 0x0000000096400000, 0x0000000096400000| Untracked 
| 357|0x0000000096500000, 0x0000000096500000, 0x0000000096600000|  0%| F|  |TAMS 0x0000000096500000, 0x0000000096500000| Untracked 
| 358|0x0000000096600000, 0x0000000096600000, 0x0000000096700000|  0%| F|  |TAMS 0x0000000096600000, 0x0000000096600000| Untracked 
| 359|0x0000000096700000, 0x0000000096700000, 0x0000000096800000|  0%| F|  |TAMS 0x0000000096700000, 0x0000000096700000| Untracked 
| 360|0x0000000096800000, 0x0000000096800000, 0x0000000096900000|  0%| F|  |TAMS 0x0000000096800000, 0x0000000096800000| Untracked 
| 361|0x0000000096900000, 0x0000000096900000, 0x0000000096a00000|  0%| F|  |TAMS 0x0000000096900000, 0x0000000096900000| Untracked 
| 362|0x0000000096a00000, 0x0000000096a00000, 0x0000000096b00000|  0%| F|  |TAMS 0x0000000096a00000, 0x0000000096a00000| Untracked 
| 363|0x0000000096b00000, 0x0000000096b00000, 0x0000000096c00000|  0%| F|  |TAMS 0x0000000096b00000, 0x0000000096b00000| Untracked 
| 364|0x0000000096c00000, 0x0000000096c00000, 0x0000000096d00000|  0%| F|  |TAMS 0x0000000096c00000, 0x0000000096c00000| Untracked 
| 365|0x0000000096d00000, 0x0000000096d00000, 0x0000000096e00000|  0%| F|  |TAMS 0x0000000096d00000, 0x0000000096d00000| Untracked 
| 366|0x0000000096e00000, 0x0000000096e00000, 0x0000000096f00000|  0%| F|  |TAMS 0x0000000096e00000, 0x0000000096e00000| Untracked 
| 367|0x0000000096f00000, 0x0000000096f00000, 0x0000000097000000|  0%| F|  |TAMS 0x0000000096f00000, 0x0000000096f00000| Untracked 
| 368|0x0000000097000000, 0x0000000097000000, 0x0000000097100000|  0%| F|  |TAMS 0x0000000097000000, 0x0000000097000000| Untracked 
| 369|0x0000000097100000, 0x0000000097100000, 0x0000000097200000|  0%| F|  |TAMS 0x0000000097100000, 0x0000000097100000| Untracked 
| 370|0x0000000097200000, 0x0000000097200000, 0x0000000097300000|  0%| F|  |TAMS 0x0000000097200000, 0x0000000097200000| Untracked 
| 371|0x0000000097300000, 0x0000000097300000, 0x0000000097400000|  0%| F|  |TAMS 0x0000000097300000, 0x0000000097300000| Untracked 
| 372|0x0000000097400000, 0x0000000097400000, 0x0000000097500000|  0%| F|  |TAMS 0x0000000097400000, 0x0000000097400000| Untracked 
| 373|0x0000000097500000, 0x0000000097500000, 0x0000000097600000|  0%| F|  |TAMS 0x0000000097500000, 0x0000000097500000| Untracked 
| 374|0x0000000097600000, 0x0000000097600000, 0x0000000097700000|  0%| F|  |TAMS 0x0000000097600000, 0x0000000097600000| Untracked 
| 375|0x0000000097700000, 0x0000000097700000, 0x0000000097800000|  0%| F|  |TAMS 0x0000000097700000, 0x0000000097700000| Untracked 
| 376|0x0000000097800000, 0x0000000097800000, 0x0000000097900000|  0%| F|  |TAMS 0x0000000097800000, 0x0000000097800000| Untracked 
| 377|0x0000000097900000, 0x0000000097900000, 0x0000000097a00000|  0%| F|  |TAMS 0x0000000097900000, 0x0000000097900000| Untracked 
| 378|0x0000000097a00000, 0x0000000097a00000, 0x0000000097b00000|  0%| F|  |TAMS 0x0000000097a00000, 0x0000000097a00000| Untracked 
| 379|0x0000000097b00000, 0x0000000097b00000, 0x0000000097c00000|  0%| F|  |TAMS 0x0000000097b00000, 0x0000000097b00000| Untracked 
| 380|0x0000000097c00000, 0x0000000097c00000, 0x0000000097d00000|  0%| F|  |TAMS 0x0000000097c00000, 0x0000000097c00000| Untracked 
| 381|0x0000000097d00000, 0x0000000097d00000, 0x0000000097e00000|  0%| F|  |TAMS 0x0000000097d00000, 0x0000000097d00000| Untracked 
| 382|0x0000000097e00000, 0x0000000097e00000, 0x0000000097f00000|  0%| F|  |TAMS 0x0000000097e00000, 0x0000000097e00000| Untracked 
| 383|0x0000000097f00000, 0x0000000097f00000, 0x0000000098000000|  0%| F|  |TAMS 0x0000000097f00000, 0x0000000097f00000| Untracked 
| 384|0x0000000098000000, 0x0000000098000000, 0x0000000098100000|  0%| F|  |TAMS 0x0000000098000000, 0x0000000098000000| Untracked 
| 385|0x0000000098100000, 0x0000000098100000, 0x0000000098200000|  0%| F|  |TAMS 0x0000000098100000, 0x0000000098100000| Untracked 
| 386|0x0000000098200000, 0x0000000098300000, 0x0000000098300000|100%| O|  |TAMS 0x0000000098300000, 0x0000000098200000| Untracked 
| 387|0x0000000098300000, 0x0000000098300000, 0x0000000098400000|  0%| F|  |TAMS 0x0000000098300000, 0x0000000098300000| Untracked 
| 388|0x0000000098400000, 0x0000000098400000, 0x0000000098500000|  0%| F|  |TAMS 0x0000000098400000, 0x0000000098400000| Untracked 
| 389|0x0000000098500000, 0x0000000098500000, 0x0000000098600000|  0%| F|  |TAMS 0x0000000098500000, 0x0000000098500000| Untracked 
| 390|0x0000000098600000, 0x0000000098600000, 0x0000000098700000|  0%| F|  |TAMS 0x0000000098600000, 0x0000000098600000| Untracked 
| 391|0x0000000098700000, 0x0000000098700000, 0x0000000098800000|  0%| F|  |TAMS 0x0000000098700000, 0x0000000098700000| Untracked 
| 392|0x0000000098800000, 0x0000000098800000, 0x0000000098900000|  0%| F|  |TAMS 0x0000000098800000, 0x0000000098800000| Untracked 
| 393|0x0000000098900000, 0x0000000098900000, 0x0000000098a00000|  0%| F|  |TAMS 0x0000000098900000, 0x0000000098900000| Untracked 
| 394|0x0000000098a00000, 0x0000000098a00000, 0x0000000098b00000|  0%| F|  |TAMS 0x0000000098a00000, 0x0000000098a00000| Untracked 
| 395|0x0000000098b00000, 0x0000000098b00000, 0x0000000098c00000|  0%| F|  |TAMS 0x0000000098b00000, 0x0000000098b00000| Untracked 
| 396|0x0000000098c00000, 0x0000000098c00000, 0x0000000098d00000|  0%| F|  |TAMS 0x0000000098c00000, 0x0000000098c00000| Untracked 
| 397|0x0000000098d00000, 0x0000000098d00000, 0x0000000098e00000|  0%| F|  |TAMS 0x0000000098d00000, 0x0000000098d00000| Untracked 
| 398|0x0000000098e00000, 0x0000000098e00000, 0x0000000098f00000|  0%| F|  |TAMS 0x0000000098e00000, 0x0000000098e00000| Untracked 
| 399|0x0000000098f00000, 0x0000000098f00000, 0x0000000099000000|  0%| F|  |TAMS 0x0000000098f00000, 0x0000000098f00000| Untracked 
| 400|0x0000000099000000, 0x0000000099000000, 0x0000000099100000|  0%| F|  |TAMS 0x0000000099000000, 0x0000000099000000| Untracked 
| 401|0x0000000099100000, 0x0000000099100000, 0x0000000099200000|  0%| F|  |TAMS 0x0000000099100000, 0x0000000099100000| Untracked 
| 402|0x0000000099200000, 0x0000000099200000, 0x0000000099300000|  0%| F|  |TAMS 0x0000000099200000, 0x0000000099200000| Untracked 
| 403|0x0000000099300000, 0x0000000099300000, 0x0000000099400000|  0%| F|  |TAMS 0x0000000099300000, 0x0000000099300000| Untracked 
| 404|0x0000000099400000, 0x0000000099400000, 0x0000000099500000|  0%| F|  |TAMS 0x0000000099400000, 0x0000000099400000| Untracked 
| 405|0x0000000099500000, 0x0000000099500000, 0x0000000099600000|  0%| F|  |TAMS 0x0000000099500000, 0x0000000099500000| Untracked 
| 406|0x0000000099600000, 0x0000000099600000, 0x0000000099700000|  0%| F|  |TAMS 0x0000000099600000, 0x0000000099600000| Untracked 
| 407|0x0000000099700000, 0x0000000099700000, 0x0000000099800000|  0%| F|  |TAMS 0x0000000099700000, 0x0000000099700000| Untracked 
| 408|0x0000000099800000, 0x0000000099800000, 0x0000000099900000|  0%| F|  |TAMS 0x0000000099800000, 0x0000000099800000| Untracked 
| 409|0x0000000099900000, 0x0000000099900000, 0x0000000099a00000|  0%| F|  |TAMS 0x0000000099900000, 0x0000000099900000| Untracked 
| 410|0x0000000099a00000, 0x0000000099a00000, 0x0000000099b00000|  0%| F|  |TAMS 0x0000000099a00000, 0x0000000099a00000| Untracked 
| 411|0x0000000099b00000, 0x0000000099b00000, 0x0000000099c00000|  0%| F|  |TAMS 0x0000000099b00000, 0x0000000099b00000| Untracked 
| 412|0x0000000099c00000, 0x0000000099c00000, 0x0000000099d00000|  0%| F|  |TAMS 0x0000000099c00000, 0x0000000099c00000| Untracked 
| 413|0x0000000099d00000, 0x0000000099d00000, 0x0000000099e00000|  0%| F|  |TAMS 0x0000000099d00000, 0x0000000099d00000| Untracked 
| 414|0x0000000099e00000, 0x0000000099e00000, 0x0000000099f00000|  0%| F|  |TAMS 0x0000000099e00000, 0x0000000099e00000| Untracked 
| 415|0x0000000099f00000, 0x0000000099f00000, 0x000000009a000000|  0%| F|  |TAMS 0x0000000099f00000, 0x0000000099f00000| Untracked 
| 416|0x000000009a000000, 0x000000009a000000, 0x000000009a100000|  0%| F|  |TAMS 0x000000009a000000, 0x000000009a000000| Untracked 
| 417|0x000000009a100000, 0x000000009a100000, 0x000000009a200000|  0%| F|  |TAMS 0x000000009a100000, 0x000000009a100000| Untracked 
| 418|0x000000009a200000, 0x000000009a200000, 0x000000009a300000|  0%| F|  |TAMS 0x000000009a200000, 0x000000009a200000| Untracked 
| 419|0x000000009a300000, 0x000000009a300000, 0x000000009a400000|  0%| F|  |TAMS 0x000000009a300000, 0x000000009a300000| Untracked 
| 420|0x000000009a400000, 0x000000009a400000, 0x000000009a500000|  0%| F|  |TAMS 0x000000009a400000, 0x000000009a400000| Untracked 
| 421|0x000000009a500000, 0x000000009a500000, 0x000000009a600000|  0%| F|  |TAMS 0x000000009a500000, 0x000000009a500000| Untracked 
| 422|0x000000009a600000, 0x000000009a600000, 0x000000009a700000|  0%| F|  |TAMS 0x000000009a600000, 0x000000009a600000| Untracked 
| 423|0x000000009a700000, 0x000000009a700000, 0x000000009a800000|  0%| F|  |TAMS 0x000000009a700000, 0x000000009a700000| Untracked 
| 424|0x000000009a800000, 0x000000009a800000, 0x000000009a900000|  0%| F|  |TAMS 0x000000009a800000, 0x000000009a800000| Untracked 
| 425|0x000000009a900000, 0x000000009a900000, 0x000000009aa00000|  0%| F|  |TAMS 0x000000009a900000, 0x000000009a900000| Untracked 
| 426|0x000000009aa00000, 0x000000009aa00000, 0x000000009ab00000|  0%| F|  |TAMS 0x000000009aa00000, 0x000000009aa00000| Untracked 
| 427|0x000000009ab00000, 0x000000009ab00000, 0x000000009ac00000|  0%| F|  |TAMS 0x000000009ab00000, 0x000000009ab00000| Untracked 
| 428|0x000000009ac00000, 0x000000009ac00000, 0x000000009ad00000|  0%| F|  |TAMS 0x000000009ac00000, 0x000000009ac00000| Untracked 
| 429|0x000000009ad00000, 0x000000009ad00000, 0x000000009ae00000|  0%| F|  |TAMS 0x000000009ad00000, 0x000000009ad00000| Untracked 
| 430|0x000000009ae00000, 0x000000009ae00000, 0x000000009af00000|  0%| F|  |TAMS 0x000000009ae00000, 0x000000009ae00000| Untracked 
| 431|0x000000009af00000, 0x000000009af00000, 0x000000009b000000|  0%| F|  |TAMS 0x000000009af00000, 0x000000009af00000| Untracked 
| 432|0x000000009b000000, 0x000000009b000000, 0x000000009b100000|  0%| F|  |TAMS 0x000000009b000000, 0x000000009b000000| Untracked 
| 433|0x000000009b100000, 0x000000009b100000, 0x000000009b200000|  0%| F|  |TAMS 0x000000009b100000, 0x000000009b100000| Untracked 
| 434|0x000000009b200000, 0x000000009b200000, 0x000000009b300000|  0%| F|  |TAMS 0x000000009b200000, 0x000000009b200000| Untracked 
| 435|0x000000009b300000, 0x000000009b300000, 0x000000009b400000|  0%| F|  |TAMS 0x000000009b300000, 0x000000009b300000| Untracked 
| 436|0x000000009b400000, 0x000000009b400000, 0x000000009b500000|  0%| F|  |TAMS 0x000000009b400000, 0x000000009b400000| Untracked 
| 437|0x000000009b500000, 0x000000009b500000, 0x000000009b600000|  0%| F|  |TAMS 0x000000009b500000, 0x000000009b500000| Untracked 
| 438|0x000000009b600000, 0x000000009b600000, 0x000000009b700000|  0%| F|  |TAMS 0x000000009b600000, 0x000000009b600000| Untracked 
| 439|0x000000009b700000, 0x000000009b700000, 0x000000009b800000|  0%| F|  |TAMS 0x000000009b700000, 0x000000009b700000| Untracked 
| 440|0x000000009b800000, 0x000000009b800000, 0x000000009b900000|  0%| F|  |TAMS 0x000000009b800000, 0x000000009b800000| Untracked 
| 441|0x000000009b900000, 0x000000009b900000, 0x000000009ba00000|  0%| F|  |TAMS 0x000000009b900000, 0x000000009b900000| Untracked 
| 442|0x000000009ba00000, 0x000000009bb00000, 0x000000009bb00000|100%|HS|  |TAMS 0x000000009bb00000, 0x000000009ba00000| Complete 
| 443|0x000000009bb00000, 0x000000009bb00000, 0x000000009bc00000|  0%| F|  |TAMS 0x000000009bb00000, 0x000000009bb00000| Untracked 
| 444|0x000000009bc00000, 0x000000009bc00000, 0x000000009bd00000|  0%| F|  |TAMS 0x000000009bc00000, 0x000000009bc00000| Untracked 
| 445|0x000000009bd00000, 0x000000009bd00000, 0x000000009be00000|  0%| F|  |TAMS 0x000000009bd00000, 0x000000009bd00000| Untracked 
| 446|0x000000009be00000, 0x000000009be00000, 0x000000009bf00000|  0%| F|  |TAMS 0x000000009be00000, 0x000000009be00000| Untracked 
| 447|0x000000009bf00000, 0x000000009bf00000, 0x000000009c000000|  0%| F|  |TAMS 0x000000009bf00000, 0x000000009bf00000| Untracked 
| 448|0x000000009c000000, 0x000000009c000000, 0x000000009c100000|  0%| F|  |TAMS 0x000000009c000000, 0x000000009c000000| Untracked 
| 449|0x000000009c100000, 0x000000009c100000, 0x000000009c200000|  0%| F|  |TAMS 0x000000009c100000, 0x000000009c100000| Untracked 
| 450|0x000000009c200000, 0x000000009c200000, 0x000000009c300000|  0%| F|  |TAMS 0x000000009c200000, 0x000000009c200000| Untracked 
| 451|0x000000009c300000, 0x000000009c300000, 0x000000009c400000|  0%| F|  |TAMS 0x000000009c300000, 0x000000009c300000| Untracked 
| 452|0x000000009c400000, 0x000000009c400000, 0x000000009c500000|  0%| F|  |TAMS 0x000000009c400000, 0x000000009c400000| Untracked 
| 453|0x000000009c500000, 0x000000009c500000, 0x000000009c600000|  0%| F|  |TAMS 0x000000009c500000, 0x000000009c500000| Untracked 
| 454|0x000000009c600000, 0x000000009c600000, 0x000000009c700000|  0%| F|  |TAMS 0x000000009c600000, 0x000000009c600000| Untracked 
| 455|0x000000009c700000, 0x000000009c700000, 0x000000009c800000|  0%| F|  |TAMS 0x000000009c700000, 0x000000009c700000| Untracked 
| 456|0x000000009c800000, 0x000000009c800000, 0x000000009c900000|  0%| F|  |TAMS 0x000000009c800000, 0x000000009c800000| Untracked 
| 457|0x000000009c900000, 0x000000009c900000, 0x000000009ca00000|  0%| F|  |TAMS 0x000000009c900000, 0x000000009c900000| Untracked 
| 458|0x000000009ca00000, 0x000000009ca00000, 0x000000009cb00000|  0%| F|  |TAMS 0x000000009ca00000, 0x000000009ca00000| Untracked 
| 459|0x000000009cb00000, 0x000000009cb00000, 0x000000009cc00000|  0%| F|  |TAMS 0x000000009cb00000, 0x000000009cb00000| Untracked 
| 460|0x000000009cc00000, 0x000000009cc00000, 0x000000009cd00000|  0%| F|  |TAMS 0x000000009cc00000, 0x000000009cc00000| Untracked 
| 461|0x000000009cd00000, 0x000000009cd00000, 0x000000009ce00000|  0%| F|  |TAMS 0x000000009cd00000, 0x000000009cd00000| Untracked 
| 462|0x000000009ce00000, 0x000000009ce00000, 0x000000009cf00000|  0%| F|  |TAMS 0x000000009ce00000, 0x000000009ce00000| Untracked 
| 463|0x000000009cf00000, 0x000000009cf00000, 0x000000009d000000|  0%| F|  |TAMS 0x000000009cf00000, 0x000000009cf00000| Untracked 
| 464|0x000000009d000000, 0x000000009d000000, 0x000000009d100000|  0%| F|  |TAMS 0x000000009d000000, 0x000000009d000000| Untracked 
| 465|0x000000009d100000, 0x000000009d100000, 0x000000009d200000|  0%| F|  |TAMS 0x000000009d100000, 0x000000009d100000| Untracked 
| 466|0x000000009d200000, 0x000000009d200000, 0x000000009d300000|  0%| F|  |TAMS 0x000000009d200000, 0x000000009d200000| Untracked 
| 467|0x000000009d300000, 0x000000009d300000, 0x000000009d400000|  0%| F|  |TAMS 0x000000009d300000, 0x000000009d300000| Untracked 
| 468|0x000000009d400000, 0x000000009d400000, 0x000000009d500000|  0%| F|  |TAMS 0x000000009d400000, 0x000000009d400000| Untracked 
| 469|0x000000009d500000, 0x000000009d500000, 0x000000009d600000|  0%| F|  |TAMS 0x000000009d500000, 0x000000009d500000| Untracked 
| 470|0x000000009d600000, 0x000000009d600000, 0x000000009d700000|  0%| F|  |TAMS 0x000000009d600000, 0x000000009d600000| Untracked 
| 471|0x000000009d700000, 0x000000009d700000, 0x000000009d800000|  0%| F|  |TAMS 0x000000009d700000, 0x000000009d700000| Untracked 
| 472|0x000000009d800000, 0x000000009d800000, 0x000000009d900000|  0%| F|  |TAMS 0x000000009d800000, 0x000000009d800000| Untracked 
| 473|0x000000009d900000, 0x000000009d900000, 0x000000009da00000|  0%| F|  |TAMS 0x000000009d900000, 0x000000009d900000| Untracked 
| 474|0x000000009da00000, 0x000000009da00000, 0x000000009db00000|  0%| F|  |TAMS 0x000000009da00000, 0x000000009da00000| Untracked 
| 475|0x000000009db00000, 0x000000009db00000, 0x000000009dc00000|  0%| F|  |TAMS 0x000000009db00000, 0x000000009db00000| Untracked 
| 476|0x000000009dc00000, 0x000000009dc00000, 0x000000009dd00000|  0%| F|  |TAMS 0x000000009dc00000, 0x000000009dc00000| Untracked 
| 477|0x000000009dd00000, 0x000000009dd00000, 0x000000009de00000|  0%| F|  |TAMS 0x000000009dd00000, 0x000000009dd00000| Untracked 
| 478|0x000000009de00000, 0x000000009de00000, 0x000000009df00000|  0%| F|  |TAMS 0x000000009de00000, 0x000000009de00000| Untracked 
| 479|0x000000009df00000, 0x000000009df00000, 0x000000009e000000|  0%| F|  |TAMS 0x000000009df00000, 0x000000009df00000| Untracked 
| 480|0x000000009e000000, 0x000000009e000000, 0x000000009e100000|  0%| F|  |TAMS 0x000000009e000000, 0x000000009e000000| Untracked 
| 481|0x000000009e100000, 0x000000009e100000, 0x000000009e200000|  0%| F|  |TAMS 0x000000009e100000, 0x000000009e100000| Untracked 
| 482|0x000000009e200000, 0x000000009e200000, 0x000000009e300000|  0%| F|  |TAMS 0x000000009e200000, 0x000000009e200000| Untracked 
| 483|0x000000009e300000, 0x000000009e300000, 0x000000009e400000|  0%| F|  |TAMS 0x000000009e300000, 0x000000009e300000| Untracked 
| 484|0x000000009e400000, 0x000000009e400000, 0x000000009e500000|  0%| F|  |TAMS 0x000000009e400000, 0x000000009e400000| Untracked 
| 485|0x000000009e500000, 0x000000009e500000, 0x000000009e600000|  0%| F|  |TAMS 0x000000009e500000, 0x000000009e500000| Untracked 
| 486|0x000000009e600000, 0x000000009e600000, 0x000000009e700000|  0%| F|  |TAMS 0x000000009e600000, 0x000000009e600000| Untracked 
| 487|0x000000009e700000, 0x000000009e700000, 0x000000009e800000|  0%| F|  |TAMS 0x000000009e700000, 0x000000009e700000| Untracked 
| 488|0x000000009e800000, 0x000000009e800000, 0x000000009e900000|  0%| F|  |TAMS 0x000000009e800000, 0x000000009e800000| Untracked 
| 489|0x000000009e900000, 0x000000009e900000, 0x000000009ea00000|  0%| F|  |TAMS 0x000000009e900000, 0x000000009e900000| Untracked 
| 490|0x000000009ea00000, 0x000000009ea00000, 0x000000009eb00000|  0%| F|  |TAMS 0x000000009ea00000, 0x000000009ea00000| Untracked 
| 491|0x000000009eb00000, 0x000000009eb00000, 0x000000009ec00000|  0%| F|  |TAMS 0x000000009eb00000, 0x000000009eb00000| Untracked 
| 492|0x000000009ec00000, 0x000000009ec00000, 0x000000009ed00000|  0%| F|  |TAMS 0x000000009ec00000, 0x000000009ec00000| Untracked 
| 493|0x000000009ed00000, 0x000000009ed00000, 0x000000009ee00000|  0%| F|  |TAMS 0x000000009ed00000, 0x000000009ed00000| Untracked 
| 494|0x000000009ee00000, 0x000000009ee00000, 0x000000009ef00000|  0%| F|  |TAMS 0x000000009ee00000, 0x000000009ee00000| Untracked 
| 495|0x000000009ef00000, 0x000000009ef00000, 0x000000009f000000|  0%| F|  |TAMS 0x000000009ef00000, 0x000000009ef00000| Untracked 
| 496|0x000000009f000000, 0x000000009f000000, 0x000000009f100000|  0%| F|  |TAMS 0x000000009f000000, 0x000000009f000000| Untracked 
| 497|0x000000009f100000, 0x000000009f100000, 0x000000009f200000|  0%| F|  |TAMS 0x000000009f100000, 0x000000009f100000| Untracked 
| 498|0x000000009f200000, 0x000000009f200000, 0x000000009f300000|  0%| F|  |TAMS 0x000000009f200000, 0x000000009f200000| Untracked 
| 499|0x000000009f300000, 0x000000009f300000, 0x000000009f400000|  0%| F|  |TAMS 0x000000009f300000, 0x000000009f300000| Untracked 
| 500|0x000000009f400000, 0x000000009f400000, 0x000000009f500000|  0%| F|  |TAMS 0x000000009f400000, 0x000000009f400000| Untracked 
| 501|0x000000009f500000, 0x000000009f500000, 0x000000009f600000|  0%| F|  |TAMS 0x000000009f500000, 0x000000009f500000| Untracked 
| 502|0x000000009f600000, 0x000000009f600000, 0x000000009f700000|  0%| F|  |TAMS 0x000000009f600000, 0x000000009f600000| Untracked 
| 503|0x000000009f700000, 0x000000009f700000, 0x000000009f800000|  0%| F|  |TAMS 0x000000009f700000, 0x000000009f700000| Untracked 
| 504|0x000000009f800000, 0x000000009f800000, 0x000000009f900000|  0%| F|  |TAMS 0x000000009f800000, 0x000000009f800000| Untracked 
| 505|0x000000009f900000, 0x000000009f900000, 0x000000009fa00000|  0%| F|  |TAMS 0x000000009f900000, 0x000000009f900000| Untracked 
| 506|0x000000009fa00000, 0x000000009fa00000, 0x000000009fb00000|  0%| F|  |TAMS 0x000000009fa00000, 0x000000009fa00000| Untracked 
| 507|0x000000009fb00000, 0x000000009fb00000, 0x000000009fc00000|  0%| F|  |TAMS 0x000000009fb00000, 0x000000009fb00000| Untracked 
| 508|0x000000009fc00000, 0x000000009fc00000, 0x000000009fd00000|  0%| F|  |TAMS 0x000000009fc00000, 0x000000009fc00000| Untracked 
| 509|0x000000009fd00000, 0x000000009fd00000, 0x000000009fe00000|  0%| F|  |TAMS 0x000000009fd00000, 0x000000009fd00000| Untracked 
| 510|0x000000009fe00000, 0x000000009fe00000, 0x000000009ff00000|  0%| F|  |TAMS 0x000000009fe00000, 0x000000009fe00000| Untracked 
| 511|0x000000009ff00000, 0x000000009ff00000, 0x00000000a0000000|  0%| F|  |TAMS 0x000000009ff00000, 0x000000009ff00000| Untracked 
| 512|0x00000000a0000000, 0x00000000a0000000, 0x00000000a0100000|  0%| F|  |TAMS 0x00000000a0000000, 0x00000000a0000000| Untracked 
| 513|0x00000000a0100000, 0x00000000a0100000, 0x00000000a0200000|  0%| F|  |TAMS 0x00000000a0100000, 0x00000000a0100000| Untracked 
| 514|0x00000000a0200000, 0x00000000a0200000, 0x00000000a0300000|  0%| F|  |TAMS 0x00000000a0200000, 0x00000000a0200000| Untracked 
| 515|0x00000000a0300000, 0x00000000a0300000, 0x00000000a0400000|  0%| F|  |TAMS 0x00000000a0300000, 0x00000000a0300000| Untracked 
| 516|0x00000000a0400000, 0x00000000a0400000, 0x00000000a0500000|  0%| F|  |TAMS 0x00000000a0400000, 0x00000000a0400000| Untracked 
| 517|0x00000000a0500000, 0x00000000a0500000, 0x00000000a0600000|  0%| F|  |TAMS 0x00000000a0500000, 0x00000000a0500000| Untracked 
| 518|0x00000000a0600000, 0x00000000a0600000, 0x00000000a0700000|  0%| F|  |TAMS 0x00000000a0600000, 0x00000000a0600000| Untracked 
| 519|0x00000000a0700000, 0x00000000a0700000, 0x00000000a0800000|  0%| F|  |TAMS 0x00000000a0700000, 0x00000000a0700000| Untracked 
| 520|0x00000000a0800000, 0x00000000a0800000, 0x00000000a0900000|  0%| F|  |TAMS 0x00000000a0800000, 0x00000000a0800000| Untracked 
| 521|0x00000000a0900000, 0x00000000a0900000, 0x00000000a0a00000|  0%| F|  |TAMS 0x00000000a0900000, 0x00000000a0900000| Untracked 
| 522|0x00000000a0a00000, 0x00000000a0a00000, 0x00000000a0b00000|  0%| F|  |TAMS 0x00000000a0a00000, 0x00000000a0a00000| Untracked 
| 523|0x00000000a0b00000, 0x00000000a0b00000, 0x00000000a0c00000|  0%| F|  |TAMS 0x00000000a0b00000, 0x00000000a0b00000| Untracked 
| 524|0x00000000a0c00000, 0x00000000a0c00000, 0x00000000a0d00000|  0%| F|  |TAMS 0x00000000a0c00000, 0x00000000a0c00000| Untracked 
| 525|0x00000000a0d00000, 0x00000000a0d00000, 0x00000000a0e00000|  0%| F|  |TAMS 0x00000000a0d00000, 0x00000000a0d00000| Untracked 
| 526|0x00000000a0e00000, 0x00000000a0e00000, 0x00000000a0f00000|  0%| F|  |TAMS 0x00000000a0e00000, 0x00000000a0e00000| Untracked 
| 527|0x00000000a0f00000, 0x00000000a0f00000, 0x00000000a1000000|  0%| F|  |TAMS 0x00000000a0f00000, 0x00000000a0f00000| Untracked 
| 528|0x00000000a1000000, 0x00000000a1000000, 0x00000000a1100000|  0%| F|  |TAMS 0x00000000a1000000, 0x00000000a1000000| Untracked 
| 529|0x00000000a1100000, 0x00000000a1100000, 0x00000000a1200000|  0%| F|  |TAMS 0x00000000a1100000, 0x00000000a1100000| Untracked 
| 530|0x00000000a1200000, 0x00000000a1200000, 0x00000000a1300000|  0%| F|  |TAMS 0x00000000a1200000, 0x00000000a1200000| Untracked 
| 531|0x00000000a1300000, 0x00000000a1300000, 0x00000000a1400000|  0%| F|  |TAMS 0x00000000a1300000, 0x00000000a1300000| Untracked 
| 532|0x00000000a1400000, 0x00000000a1400000, 0x00000000a1500000|  0%| F|  |TAMS 0x00000000a1400000, 0x00000000a1400000| Untracked 
| 533|0x00000000a1500000, 0x00000000a1500000, 0x00000000a1600000|  0%| F|  |TAMS 0x00000000a1500000, 0x00000000a1500000| Untracked 
| 534|0x00000000a1600000, 0x00000000a1600000, 0x00000000a1700000|  0%| F|  |TAMS 0x00000000a1600000, 0x00000000a1600000| Untracked 
| 535|0x00000000a1700000, 0x00000000a1700000, 0x00000000a1800000|  0%| F|  |TAMS 0x00000000a1700000, 0x00000000a1700000| Untracked 
| 536|0x00000000a1800000, 0x00000000a1800000, 0x00000000a1900000|  0%| F|  |TAMS 0x00000000a1800000, 0x00000000a1800000| Untracked 
| 537|0x00000000a1900000, 0x00000000a1900000, 0x00000000a1a00000|  0%| F|  |TAMS 0x00000000a1900000, 0x00000000a1900000| Untracked 
| 538|0x00000000a1a00000, 0x00000000a1a00000, 0x00000000a1b00000|  0%| F|  |TAMS 0x00000000a1a00000, 0x00000000a1a00000| Untracked 
| 539|0x00000000a1b00000, 0x00000000a1b00000, 0x00000000a1c00000|  0%| F|  |TAMS 0x00000000a1b00000, 0x00000000a1b00000| Untracked 
| 540|0x00000000a1c00000, 0x00000000a1c00000, 0x00000000a1d00000|  0%| F|  |TAMS 0x00000000a1c00000, 0x00000000a1c00000| Untracked 
| 541|0x00000000a1d00000, 0x00000000a1d00000, 0x00000000a1e00000|  0%| F|  |TAMS 0x00000000a1d00000, 0x00000000a1d00000| Untracked 
| 542|0x00000000a1e00000, 0x00000000a1e00000, 0x00000000a1f00000|  0%| F|  |TAMS 0x00000000a1e00000, 0x00000000a1e00000| Untracked 
| 543|0x00000000a1f00000, 0x00000000a1f00000, 0x00000000a2000000|  0%| F|  |TAMS 0x00000000a1f00000, 0x00000000a1f00000| Untracked 
| 544|0x00000000a2000000, 0x00000000a2000000, 0x00000000a2100000|  0%| F|  |TAMS 0x00000000a2000000, 0x00000000a2000000| Untracked 
| 545|0x00000000a2100000, 0x00000000a2100000, 0x00000000a2200000|  0%| F|  |TAMS 0x00000000a2100000, 0x00000000a2100000| Untracked 
| 546|0x00000000a2200000, 0x00000000a2200000, 0x00000000a2300000|  0%| F|  |TAMS 0x00000000a2200000, 0x00000000a2200000| Untracked 
| 547|0x00000000a2300000, 0x00000000a2300000, 0x00000000a2400000|  0%| F|  |TAMS 0x00000000a2300000, 0x00000000a2300000| Untracked 
| 548|0x00000000a2400000, 0x00000000a2400000, 0x00000000a2500000|  0%| F|  |TAMS 0x00000000a2400000, 0x00000000a2400000| Untracked 
| 549|0x00000000a2500000, 0x00000000a2500000, 0x00000000a2600000|  0%| F|  |TAMS 0x00000000a2500000, 0x00000000a2500000| Untracked 
| 550|0x00000000a2600000, 0x00000000a2600000, 0x00000000a2700000|  0%| F|  |TAMS 0x00000000a2600000, 0x00000000a2600000| Untracked 
| 551|0x00000000a2700000, 0x00000000a2700000, 0x00000000a2800000|  0%| F|  |TAMS 0x00000000a2700000, 0x00000000a2700000| Untracked 
| 552|0x00000000a2800000, 0x00000000a2800000, 0x00000000a2900000|  0%| F|  |TAMS 0x00000000a2800000, 0x00000000a2800000| Untracked 
| 553|0x00000000a2900000, 0x00000000a2900000, 0x00000000a2a00000|  0%| F|  |TAMS 0x00000000a2900000, 0x00000000a2900000| Untracked 
| 554|0x00000000a2a00000, 0x00000000a2a00000, 0x00000000a2b00000|  0%| F|  |TAMS 0x00000000a2a00000, 0x00000000a2a00000| Untracked 
| 555|0x00000000a2b00000, 0x00000000a2b00000, 0x00000000a2c00000|  0%| F|  |TAMS 0x00000000a2b00000, 0x00000000a2b00000| Untracked 
| 556|0x00000000a2c00000, 0x00000000a2c00000, 0x00000000a2d00000|  0%| F|  |TAMS 0x00000000a2c00000, 0x00000000a2c00000| Untracked 
| 557|0x00000000a2d00000, 0x00000000a2d00000, 0x00000000a2e00000|  0%| F|  |TAMS 0x00000000a2d00000, 0x00000000a2d00000| Untracked 
| 558|0x00000000a2e00000, 0x00000000a2e00000, 0x00000000a2f00000|  0%| F|  |TAMS 0x00000000a2e00000, 0x00000000a2e00000| Untracked 
| 559|0x00000000a2f00000, 0x00000000a2f00000, 0x00000000a3000000|  0%| F|  |TAMS 0x00000000a2f00000, 0x00000000a2f00000| Untracked 
| 560|0x00000000a3000000, 0x00000000a3000000, 0x00000000a3100000|  0%| F|  |TAMS 0x00000000a3000000, 0x00000000a3000000| Untracked 
| 561|0x00000000a3100000, 0x00000000a3100000, 0x00000000a3200000|  0%| F|  |TAMS 0x00000000a3100000, 0x00000000a3100000| Untracked 
| 562|0x00000000a3200000, 0x00000000a3200000, 0x00000000a3300000|  0%| F|  |TAMS 0x00000000a3200000, 0x00000000a3200000| Untracked 
| 563|0x00000000a3300000, 0x00000000a3300000, 0x00000000a3400000|  0%| F|  |TAMS 0x00000000a3300000, 0x00000000a3300000| Untracked 
| 564|0x00000000a3400000, 0x00000000a3400000, 0x00000000a3500000|  0%| F|  |TAMS 0x00000000a3400000, 0x00000000a3400000| Untracked 
| 565|0x00000000a3500000, 0x00000000a3500000, 0x00000000a3600000|  0%| F|  |TAMS 0x00000000a3500000, 0x00000000a3500000| Untracked 
| 566|0x00000000a3600000, 0x00000000a3600000, 0x00000000a3700000|  0%| F|  |TAMS 0x00000000a3600000, 0x00000000a3600000| Untracked 
| 567|0x00000000a3700000, 0x00000000a3700000, 0x00000000a3800000|  0%| F|  |TAMS 0x00000000a3700000, 0x00000000a3700000| Untracked 
| 568|0x00000000a3800000, 0x00000000a3800000, 0x00000000a3900000|  0%| F|  |TAMS 0x00000000a3800000, 0x00000000a3800000| Untracked 
| 569|0x00000000a3900000, 0x00000000a3900000, 0x00000000a3a00000|  0%| F|  |TAMS 0x00000000a3900000, 0x00000000a3900000| Untracked 
| 570|0x00000000a3a00000, 0x00000000a3a00000, 0x00000000a3b00000|  0%| F|  |TAMS 0x00000000a3a00000, 0x00000000a3a00000| Untracked 
| 571|0x00000000a3b00000, 0x00000000a3b00000, 0x00000000a3c00000|  0%| F|  |TAMS 0x00000000a3b00000, 0x00000000a3b00000| Untracked 
| 572|0x00000000a3c00000, 0x00000000a3c00000, 0x00000000a3d00000|  0%| F|  |TAMS 0x00000000a3c00000, 0x00000000a3c00000| Untracked 
| 573|0x00000000a3d00000, 0x00000000a3d00000, 0x00000000a3e00000|  0%| F|  |TAMS 0x00000000a3d00000, 0x00000000a3d00000| Untracked 
| 574|0x00000000a3e00000, 0x00000000a3e00000, 0x00000000a3f00000|  0%| F|  |TAMS 0x00000000a3e00000, 0x00000000a3e00000| Untracked 
| 575|0x00000000a3f00000, 0x00000000a3f00000, 0x00000000a4000000|  0%| F|  |TAMS 0x00000000a3f00000, 0x00000000a3f00000| Untracked 
| 576|0x00000000a4000000, 0x00000000a4000000, 0x00000000a4100000|  0%| F|  |TAMS 0x00000000a4000000, 0x00000000a4000000| Untracked 
| 577|0x00000000a4100000, 0x00000000a4100000, 0x00000000a4200000|  0%| F|  |TAMS 0x00000000a4100000, 0x00000000a4100000| Untracked 
| 578|0x00000000a4200000, 0x00000000a4200000, 0x00000000a4300000|  0%| F|  |TAMS 0x00000000a4200000, 0x00000000a4200000| Untracked 
| 579|0x00000000a4300000, 0x00000000a4300000, 0x00000000a4400000|  0%| F|  |TAMS 0x00000000a4300000, 0x00000000a4300000| Untracked 
| 580|0x00000000a4400000, 0x00000000a4400000, 0x00000000a4500000|  0%| F|  |TAMS 0x00000000a4400000, 0x00000000a4400000| Untracked 
| 581|0x00000000a4500000, 0x00000000a4500000, 0x00000000a4600000|  0%| F|  |TAMS 0x00000000a4500000, 0x00000000a4500000| Untracked 
| 582|0x00000000a4600000, 0x00000000a4600000, 0x00000000a4700000|  0%| F|  |TAMS 0x00000000a4600000, 0x00000000a4600000| Untracked 
| 583|0x00000000a4700000, 0x00000000a4700000, 0x00000000a4800000|  0%| F|  |TAMS 0x00000000a4700000, 0x00000000a4700000| Untracked 
| 584|0x00000000a4800000, 0x00000000a4800000, 0x00000000a4900000|  0%| F|  |TAMS 0x00000000a4800000, 0x00000000a4800000| Untracked 
| 585|0x00000000a4900000, 0x00000000a4900000, 0x00000000a4a00000|  0%| F|  |TAMS 0x00000000a4900000, 0x00000000a4900000| Untracked 
| 586|0x00000000a4a00000, 0x00000000a4a00000, 0x00000000a4b00000|  0%| F|  |TAMS 0x00000000a4a00000, 0x00000000a4a00000| Untracked 
| 587|0x00000000a4b00000, 0x00000000a4b00000, 0x00000000a4c00000|  0%| F|  |TAMS 0x00000000a4b00000, 0x00000000a4b00000| Untracked 
| 588|0x00000000a4c00000, 0x00000000a4c00000, 0x00000000a4d00000|  0%| F|  |TAMS 0x00000000a4c00000, 0x00000000a4c00000| Untracked 
| 589|0x00000000a4d00000, 0x00000000a4d00000, 0x00000000a4e00000|  0%| F|  |TAMS 0x00000000a4d00000, 0x00000000a4d00000| Untracked 
| 590|0x00000000a4e00000, 0x00000000a4e00000, 0x00000000a4f00000|  0%| F|  |TAMS 0x00000000a4e00000, 0x00000000a4e00000| Untracked 
| 591|0x00000000a4f00000, 0x00000000a4f00000, 0x00000000a5000000|  0%| F|  |TAMS 0x00000000a4f00000, 0x00000000a4f00000| Untracked 
| 592|0x00000000a5000000, 0x00000000a5000000, 0x00000000a5100000|  0%| F|  |TAMS 0x00000000a5000000, 0x00000000a5000000| Untracked 
| 593|0x00000000a5100000, 0x00000000a5100000, 0x00000000a5200000|  0%| F|  |TAMS 0x00000000a5100000, 0x00000000a5100000| Untracked 
| 594|0x00000000a5200000, 0x00000000a5200000, 0x00000000a5300000|  0%| F|  |TAMS 0x00000000a5200000, 0x00000000a5200000| Untracked 
| 595|0x00000000a5300000, 0x00000000a5300000, 0x00000000a5400000|  0%| F|  |TAMS 0x00000000a5300000, 0x00000000a5300000| Untracked 
| 596|0x00000000a5400000, 0x00000000a5400000, 0x00000000a5500000|  0%| F|  |TAMS 0x00000000a5400000, 0x00000000a5400000| Untracked 
| 597|0x00000000a5500000, 0x00000000a5500000, 0x00000000a5600000|  0%| F|  |TAMS 0x00000000a5500000, 0x00000000a5500000| Untracked 
| 598|0x00000000a5600000, 0x00000000a5600000, 0x00000000a5700000|  0%| F|  |TAMS 0x00000000a5600000, 0x00000000a5600000| Untracked 
| 599|0x00000000a5700000, 0x00000000a5700000, 0x00000000a5800000|  0%| F|  |TAMS 0x00000000a5700000, 0x00000000a5700000| Untracked 
| 600|0x00000000a5800000, 0x00000000a5800000, 0x00000000a5900000|  0%| F|  |TAMS 0x00000000a5800000, 0x00000000a5800000| Untracked 
| 601|0x00000000a5900000, 0x00000000a5900000, 0x00000000a5a00000|  0%| F|  |TAMS 0x00000000a5900000, 0x00000000a5900000| Untracked 
| 602|0x00000000a5a00000, 0x00000000a5a00000, 0x00000000a5b00000|  0%| F|  |TAMS 0x00000000a5a00000, 0x00000000a5a00000| Untracked 
| 603|0x00000000a5b00000, 0x00000000a5b00000, 0x00000000a5c00000|  0%| F|  |TAMS 0x00000000a5b00000, 0x00000000a5b00000| Untracked 
| 604|0x00000000a5c00000, 0x00000000a5c00000, 0x00000000a5d00000|  0%| F|  |TAMS 0x00000000a5c00000, 0x00000000a5c00000| Untracked 
| 605|0x00000000a5d00000, 0x00000000a5d00000, 0x00000000a5e00000|  0%| F|  |TAMS 0x00000000a5d00000, 0x00000000a5d00000| Untracked 
| 606|0x00000000a5e00000, 0x00000000a5e00000, 0x00000000a5f00000|  0%| F|  |TAMS 0x00000000a5e00000, 0x00000000a5e00000| Untracked 
| 607|0x00000000a5f00000, 0x00000000a5f00000, 0x00000000a6000000|  0%| F|  |TAMS 0x00000000a5f00000, 0x00000000a5f00000| Untracked 
| 608|0x00000000a6000000, 0x00000000a6000000, 0x00000000a6100000|  0%| F|  |TAMS 0x00000000a6000000, 0x00000000a6000000| Untracked 
| 609|0x00000000a6100000, 0x00000000a6100000, 0x00000000a6200000|  0%| F|  |TAMS 0x00000000a6100000, 0x00000000a6100000| Untracked 
| 610|0x00000000a6200000, 0x00000000a6200000, 0x00000000a6300000|  0%| F|  |TAMS 0x00000000a6200000, 0x00000000a6200000| Untracked 
| 611|0x00000000a6300000, 0x00000000a6300000, 0x00000000a6400000|  0%| F|  |TAMS 0x00000000a6300000, 0x00000000a6300000| Untracked 
| 612|0x00000000a6400000, 0x00000000a6400000, 0x00000000a6500000|  0%| F|  |TAMS 0x00000000a6400000, 0x00000000a6400000| Untracked 
| 613|0x00000000a6500000, 0x00000000a6500000, 0x00000000a6600000|  0%| F|  |TAMS 0x00000000a6500000, 0x00000000a6500000| Untracked 
| 614|0x00000000a6600000, 0x00000000a6600000, 0x00000000a6700000|  0%| F|  |TAMS 0x00000000a6600000, 0x00000000a6600000| Untracked 
| 615|0x00000000a6700000, 0x00000000a6700000, 0x00000000a6800000|  0%| F|  |TAMS 0x00000000a6700000, 0x00000000a6700000| Untracked 
| 616|0x00000000a6800000, 0x00000000a6800000, 0x00000000a6900000|  0%| F|  |TAMS 0x00000000a6800000, 0x00000000a6800000| Untracked 
| 617|0x00000000a6900000, 0x00000000a6900000, 0x00000000a6a00000|  0%| F|  |TAMS 0x00000000a6900000, 0x00000000a6900000| Untracked 
| 618|0x00000000a6a00000, 0x00000000a6a00000, 0x00000000a6b00000|  0%| F|  |TAMS 0x00000000a6a00000, 0x00000000a6a00000| Untracked 
| 619|0x00000000a6b00000, 0x00000000a6b00000, 0x00000000a6c00000|  0%| F|  |TAMS 0x00000000a6b00000, 0x00000000a6b00000| Untracked 
| 620|0x00000000a6c00000, 0x00000000a6c00000, 0x00000000a6d00000|  0%| F|  |TAMS 0x00000000a6c00000, 0x00000000a6c00000| Untracked 
| 621|0x00000000a6d00000, 0x00000000a6d00000, 0x00000000a6e00000|  0%| F|  |TAMS 0x00000000a6d00000, 0x00000000a6d00000| Untracked 
| 622|0x00000000a6e00000, 0x00000000a6e00000, 0x00000000a6f00000|  0%| F|  |TAMS 0x00000000a6e00000, 0x00000000a6e00000| Untracked 
| 623|0x00000000a6f00000, 0x00000000a6f00000, 0x00000000a7000000|  0%| F|  |TAMS 0x00000000a6f00000, 0x00000000a6f00000| Untracked 
| 624|0x00000000a7000000, 0x00000000a7000000, 0x00000000a7100000|  0%| F|  |TAMS 0x00000000a7000000, 0x00000000a7000000| Untracked 
| 625|0x00000000a7100000, 0x00000000a7100000, 0x00000000a7200000|  0%| F|  |TAMS 0x00000000a7100000, 0x00000000a7100000| Untracked 
| 626|0x00000000a7200000, 0x00000000a7200000, 0x00000000a7300000|  0%| F|  |TAMS 0x00000000a7200000, 0x00000000a7200000| Untracked 
| 627|0x00000000a7300000, 0x00000000a7300000, 0x00000000a7400000|  0%| F|  |TAMS 0x00000000a7300000, 0x00000000a7300000| Untracked 
| 628|0x00000000a7400000, 0x00000000a7400000, 0x00000000a7500000|  0%| F|  |TAMS 0x00000000a7400000, 0x00000000a7400000| Untracked 
| 629|0x00000000a7500000, 0x00000000a7500000, 0x00000000a7600000|  0%| F|  |TAMS 0x00000000a7500000, 0x00000000a7500000| Untracked 
| 630|0x00000000a7600000, 0x00000000a7600000, 0x00000000a7700000|  0%| F|  |TAMS 0x00000000a7600000, 0x00000000a7600000| Untracked 
| 631|0x00000000a7700000, 0x00000000a7700000, 0x00000000a7800000|  0%| F|  |TAMS 0x00000000a7700000, 0x00000000a7700000| Untracked 
| 632|0x00000000a7800000, 0x00000000a7800000, 0x00000000a7900000|  0%| F|  |TAMS 0x00000000a7800000, 0x00000000a7800000| Untracked 
| 633|0x00000000a7900000, 0x00000000a7900000, 0x00000000a7a00000|  0%| F|  |TAMS 0x00000000a7900000, 0x00000000a7900000| Untracked 
| 634|0x00000000a7a00000, 0x00000000a7a00000, 0x00000000a7b00000|  0%| F|  |TAMS 0x00000000a7a00000, 0x00000000a7a00000| Untracked 
| 635|0x00000000a7b00000, 0x00000000a7b00000, 0x00000000a7c00000|  0%| F|  |TAMS 0x00000000a7b00000, 0x00000000a7b00000| Untracked 
| 636|0x00000000a7c00000, 0x00000000a7c00000, 0x00000000a7d00000|  0%| F|  |TAMS 0x00000000a7c00000, 0x00000000a7c00000| Untracked 
| 637|0x00000000a7d00000, 0x00000000a7d00000, 0x00000000a7e00000|  0%| F|  |TAMS 0x00000000a7d00000, 0x00000000a7d00000| Untracked 
| 638|0x00000000a7e00000, 0x00000000a7e00000, 0x00000000a7f00000|  0%| F|  |TAMS 0x00000000a7e00000, 0x00000000a7e00000| Untracked 
| 639|0x00000000a7f00000, 0x00000000a7f00000, 0x00000000a8000000|  0%| F|  |TAMS 0x00000000a7f00000, 0x00000000a7f00000| Untracked 
| 640|0x00000000a8000000, 0x00000000a8000000, 0x00000000a8100000|  0%| F|  |TAMS 0x00000000a8000000, 0x00000000a8000000| Untracked 
| 641|0x00000000a8100000, 0x00000000a8100000, 0x00000000a8200000|  0%| F|  |TAMS 0x00000000a8100000, 0x00000000a8100000| Untracked 
| 642|0x00000000a8200000, 0x00000000a8200000, 0x00000000a8300000|  0%| F|  |TAMS 0x00000000a8200000, 0x00000000a8200000| Untracked 
| 643|0x00000000a8300000, 0x00000000a8300000, 0x00000000a8400000|  0%| F|  |TAMS 0x00000000a8300000, 0x00000000a8300000| Untracked 
| 644|0x00000000a8400000, 0x00000000a8400000, 0x00000000a8500000|  0%| F|  |TAMS 0x00000000a8400000, 0x00000000a8400000| Untracked 
| 645|0x00000000a8500000, 0x00000000a8500000, 0x00000000a8600000|  0%| F|  |TAMS 0x00000000a8500000, 0x00000000a8500000| Untracked 
| 646|0x00000000a8600000, 0x00000000a8600000, 0x00000000a8700000|  0%| F|  |TAMS 0x00000000a8600000, 0x00000000a8600000| Untracked 
| 647|0x00000000a8700000, 0x00000000a8700000, 0x00000000a8800000|  0%| F|  |TAMS 0x00000000a8700000, 0x00000000a8700000| Untracked 
| 648|0x00000000a8800000, 0x00000000a8800000, 0x00000000a8900000|  0%| F|  |TAMS 0x00000000a8800000, 0x00000000a8800000| Untracked 
| 649|0x00000000a8900000, 0x00000000a8900000, 0x00000000a8a00000|  0%| F|  |TAMS 0x00000000a8900000, 0x00000000a8900000| Untracked 
| 650|0x00000000a8a00000, 0x00000000a8a00000, 0x00000000a8b00000|  0%| F|  |TAMS 0x00000000a8a00000, 0x00000000a8a00000| Untracked 
| 651|0x00000000a8b00000, 0x00000000a8b00000, 0x00000000a8c00000|  0%| F|  |TAMS 0x00000000a8b00000, 0x00000000a8b00000| Untracked 
| 652|0x00000000a8c00000, 0x00000000a8c00000, 0x00000000a8d00000|  0%| F|  |TAMS 0x00000000a8c00000, 0x00000000a8c00000| Untracked 
| 653|0x00000000a8d00000, 0x00000000a8d00000, 0x00000000a8e00000|  0%| F|  |TAMS 0x00000000a8d00000, 0x00000000a8d00000| Untracked 
| 654|0x00000000a8e00000, 0x00000000a8e00000, 0x00000000a8f00000|  0%| F|  |TAMS 0x00000000a8e00000, 0x00000000a8e00000| Untracked 
| 655|0x00000000a8f00000, 0x00000000a8f00000, 0x00000000a9000000|  0%| F|  |TAMS 0x00000000a8f00000, 0x00000000a8f00000| Untracked 
| 656|0x00000000a9000000, 0x00000000a9000000, 0x00000000a9100000|  0%| F|  |TAMS 0x00000000a9000000, 0x00000000a9000000| Untracked 
| 657|0x00000000a9100000, 0x00000000a9100000, 0x00000000a9200000|  0%| F|  |TAMS 0x00000000a9100000, 0x00000000a9100000| Untracked 
| 658|0x00000000a9200000, 0x00000000a9200000, 0x00000000a9300000|  0%| F|  |TAMS 0x00000000a9200000, 0x00000000a9200000| Untracked 
| 659|0x00000000a9300000, 0x00000000a9300000, 0x00000000a9400000|  0%| F|  |TAMS 0x00000000a9300000, 0x00000000a9300000| Untracked 
| 660|0x00000000a9400000, 0x00000000a9400000, 0x00000000a9500000|  0%| F|  |TAMS 0x00000000a9400000, 0x00000000a9400000| Untracked 
| 661|0x00000000a9500000, 0x00000000a9500000, 0x00000000a9600000|  0%| F|  |TAMS 0x00000000a9500000, 0x00000000a9500000| Untracked 
| 662|0x00000000a9600000, 0x00000000a9600000, 0x00000000a9700000|  0%| F|  |TAMS 0x00000000a9600000, 0x00000000a9600000| Untracked 
| 663|0x00000000a9700000, 0x00000000a9700000, 0x00000000a9800000|  0%| F|  |TAMS 0x00000000a9700000, 0x00000000a9700000| Untracked 
| 664|0x00000000a9800000, 0x00000000a9800000, 0x00000000a9900000|  0%| F|  |TAMS 0x00000000a9800000, 0x00000000a9800000| Untracked 
| 665|0x00000000a9900000, 0x00000000a9900000, 0x00000000a9a00000|  0%| F|  |TAMS 0x00000000a9900000, 0x00000000a9900000| Untracked 
| 666|0x00000000a9a00000, 0x00000000a9a00000, 0x00000000a9b00000|  0%| F|  |TAMS 0x00000000a9a00000, 0x00000000a9a00000| Untracked 
| 667|0x00000000a9b00000, 0x00000000a9b00000, 0x00000000a9c00000|  0%| F|  |TAMS 0x00000000a9b00000, 0x00000000a9b00000| Untracked 
| 668|0x00000000a9c00000, 0x00000000a9c00000, 0x00000000a9d00000|  0%| F|  |TAMS 0x00000000a9c00000, 0x00000000a9c00000| Untracked 
| 669|0x00000000a9d00000, 0x00000000a9d00000, 0x00000000a9e00000|  0%| F|  |TAMS 0x00000000a9d00000, 0x00000000a9d00000| Untracked 
| 670|0x00000000a9e00000, 0x00000000a9e00000, 0x00000000a9f00000|  0%| F|  |TAMS 0x00000000a9e00000, 0x00000000a9e00000| Untracked 
| 671|0x00000000a9f00000, 0x00000000a9f00000, 0x00000000aa000000|  0%| F|  |TAMS 0x00000000a9f00000, 0x00000000a9f00000| Untracked 
| 672|0x00000000aa000000, 0x00000000aa000000, 0x00000000aa100000|  0%| F|  |TAMS 0x00000000aa000000, 0x00000000aa000000| Untracked 
| 673|0x00000000aa100000, 0x00000000aa100000, 0x00000000aa200000|  0%| F|  |TAMS 0x00000000aa100000, 0x00000000aa100000| Untracked 
| 674|0x00000000aa200000, 0x00000000aa200000, 0x00000000aa300000|  0%| F|  |TAMS 0x00000000aa200000, 0x00000000aa200000| Untracked 
| 675|0x00000000aa300000, 0x00000000aa300000, 0x00000000aa400000|  0%| F|  |TAMS 0x00000000aa300000, 0x00000000aa300000| Untracked 
| 676|0x00000000aa400000, 0x00000000aa400000, 0x00000000aa500000|  0%| F|  |TAMS 0x00000000aa400000, 0x00000000aa400000| Untracked 
| 677|0x00000000aa500000, 0x00000000aa500000, 0x00000000aa600000|  0%| F|  |TAMS 0x00000000aa500000, 0x00000000aa500000| Untracked 
| 678|0x00000000aa600000, 0x00000000aa600000, 0x00000000aa700000|  0%| F|  |TAMS 0x00000000aa600000, 0x00000000aa600000| Untracked 
| 679|0x00000000aa700000, 0x00000000aa700000, 0x00000000aa800000|  0%| F|  |TAMS 0x00000000aa700000, 0x00000000aa700000| Untracked 
| 680|0x00000000aa800000, 0x00000000aa800000, 0x00000000aa900000|  0%| F|  |TAMS 0x00000000aa800000, 0x00000000aa800000| Untracked 
| 681|0x00000000aa900000, 0x00000000aa900000, 0x00000000aaa00000|  0%| F|  |TAMS 0x00000000aa900000, 0x00000000aa900000| Untracked 
| 682|0x00000000aaa00000, 0x00000000aaa00000, 0x00000000aab00000|  0%| F|  |TAMS 0x00000000aaa00000, 0x00000000aaa00000| Untracked 
| 683|0x00000000aab00000, 0x00000000aab00000, 0x00000000aac00000|  0%| F|  |TAMS 0x00000000aab00000, 0x00000000aab00000| Untracked 
| 684|0x00000000aac00000, 0x00000000aac00000, 0x00000000aad00000|  0%| F|  |TAMS 0x00000000aac00000, 0x00000000aac00000| Untracked 
| 685|0x00000000aad00000, 0x00000000aad00000, 0x00000000aae00000|  0%| F|  |TAMS 0x00000000aad00000, 0x00000000aad00000| Untracked 
| 686|0x00000000aae00000, 0x00000000aae00000, 0x00000000aaf00000|  0%| F|  |TAMS 0x00000000aae00000, 0x00000000aae00000| Untracked 
| 687|0x00000000aaf00000, 0x00000000aaf00000, 0x00000000ab000000|  0%| F|  |TAMS 0x00000000aaf00000, 0x00000000aaf00000| Untracked 
| 688|0x00000000ab000000, 0x00000000ab000000, 0x00000000ab100000|  0%| F|  |TAMS 0x00000000ab000000, 0x00000000ab000000| Untracked 
| 689|0x00000000ab100000, 0x00000000ab100000, 0x00000000ab200000|  0%| F|  |TAMS 0x00000000ab100000, 0x00000000ab100000| Untracked 
| 690|0x00000000ab200000, 0x00000000ab200000, 0x00000000ab300000|  0%| F|  |TAMS 0x00000000ab200000, 0x00000000ab200000| Untracked 
| 691|0x00000000ab300000, 0x00000000ab300000, 0x00000000ab400000|  0%| F|  |TAMS 0x00000000ab300000, 0x00000000ab300000| Untracked 
| 692|0x00000000ab400000, 0x00000000ab400000, 0x00000000ab500000|  0%| F|  |TAMS 0x00000000ab400000, 0x00000000ab400000| Untracked 
| 693|0x00000000ab500000, 0x00000000ab500000, 0x00000000ab600000|  0%| F|  |TAMS 0x00000000ab500000, 0x00000000ab500000| Untracked 
| 694|0x00000000ab600000, 0x00000000ab600000, 0x00000000ab700000|  0%| F|  |TAMS 0x00000000ab600000, 0x00000000ab600000| Untracked 
| 695|0x00000000ab700000, 0x00000000ab700000, 0x00000000ab800000|  0%| F|  |TAMS 0x00000000ab700000, 0x00000000ab700000| Untracked 
| 696|0x00000000ab800000, 0x00000000ab800000, 0x00000000ab900000|  0%| F|  |TAMS 0x00000000ab800000, 0x00000000ab800000| Untracked 
| 697|0x00000000ab900000, 0x00000000ab900000, 0x00000000aba00000|  0%| F|  |TAMS 0x00000000ab900000, 0x00000000ab900000| Untracked 
| 698|0x00000000aba00000, 0x00000000aba00000, 0x00000000abb00000|  0%| F|  |TAMS 0x00000000aba00000, 0x00000000aba00000| Untracked 
| 699|0x00000000abb00000, 0x00000000abb00000, 0x00000000abc00000|  0%| F|  |TAMS 0x00000000abb00000, 0x00000000abb00000| Untracked 
| 700|0x00000000abc00000, 0x00000000abc00000, 0x00000000abd00000|  0%| F|  |TAMS 0x00000000abc00000, 0x00000000abc00000| Untracked 
| 701|0x00000000abd00000, 0x00000000abd00000, 0x00000000abe00000|  0%| F|  |TAMS 0x00000000abd00000, 0x00000000abd00000| Untracked 
| 702|0x00000000abe00000, 0x00000000abe00000, 0x00000000abf00000|  0%| F|  |TAMS 0x00000000abe00000, 0x00000000abe00000| Untracked 
| 703|0x00000000abf00000, 0x00000000abf00000, 0x00000000ac000000|  0%| F|  |TAMS 0x00000000abf00000, 0x00000000abf00000| Untracked 
| 704|0x00000000ac000000, 0x00000000ac000000, 0x00000000ac100000|  0%| F|  |TAMS 0x00000000ac000000, 0x00000000ac000000| Untracked 
| 705|0x00000000ac100000, 0x00000000ac100000, 0x00000000ac200000|  0%| F|  |TAMS 0x00000000ac100000, 0x00000000ac100000| Untracked 
| 706|0x00000000ac200000, 0x00000000ac200000, 0x00000000ac300000|  0%| F|  |TAMS 0x00000000ac200000, 0x00000000ac200000| Untracked 
| 707|0x00000000ac300000, 0x00000000ac300000, 0x00000000ac400000|  0%| F|  |TAMS 0x00000000ac300000, 0x00000000ac300000| Untracked 
| 708|0x00000000ac400000, 0x00000000ac400000, 0x00000000ac500000|  0%| F|  |TAMS 0x00000000ac400000, 0x00000000ac400000| Untracked 
| 709|0x00000000ac500000, 0x00000000ac500000, 0x00000000ac600000|  0%| F|  |TAMS 0x00000000ac500000, 0x00000000ac500000| Untracked 
| 710|0x00000000ac600000, 0x00000000ac600000, 0x00000000ac700000|  0%| F|  |TAMS 0x00000000ac600000, 0x00000000ac600000| Untracked 
| 711|0x00000000ac700000, 0x00000000ac700000, 0x00000000ac800000|  0%| F|  |TAMS 0x00000000ac700000, 0x00000000ac700000| Untracked 
| 712|0x00000000ac800000, 0x00000000ac800000, 0x00000000ac900000|  0%| F|  |TAMS 0x00000000ac800000, 0x00000000ac800000| Untracked 
| 713|0x00000000ac900000, 0x00000000ac900000, 0x00000000aca00000|  0%| F|  |TAMS 0x00000000ac900000, 0x00000000ac900000| Untracked 
| 714|0x00000000aca00000, 0x00000000aca00000, 0x00000000acb00000|  0%| F|  |TAMS 0x00000000aca00000, 0x00000000aca00000| Untracked 
| 715|0x00000000acb00000, 0x00000000acb00000, 0x00000000acc00000|  0%| F|  |TAMS 0x00000000acb00000, 0x00000000acb00000| Untracked 
| 716|0x00000000acc00000, 0x00000000acc00000, 0x00000000acd00000|  0%| F|  |TAMS 0x00000000acc00000, 0x00000000acc00000| Untracked 
| 717|0x00000000acd00000, 0x00000000acd00000, 0x00000000ace00000|  0%| F|  |TAMS 0x00000000acd00000, 0x00000000acd00000| Untracked 
| 718|0x00000000ace00000, 0x00000000ace00000, 0x00000000acf00000|  0%| F|  |TAMS 0x00000000ace00000, 0x00000000ace00000| Untracked 
| 719|0x00000000acf00000, 0x00000000acf00000, 0x00000000ad000000|  0%| F|  |TAMS 0x00000000acf00000, 0x00000000acf00000| Untracked 
| 720|0x00000000ad000000, 0x00000000ad000000, 0x00000000ad100000|  0%| F|  |TAMS 0x00000000ad000000, 0x00000000ad000000| Untracked 
| 721|0x00000000ad100000, 0x00000000ad100000, 0x00000000ad200000|  0%| F|  |TAMS 0x00000000ad100000, 0x00000000ad100000| Untracked 
| 722|0x00000000ad200000, 0x00000000ad200000, 0x00000000ad300000|  0%| F|  |TAMS 0x00000000ad200000, 0x00000000ad200000| Untracked 
| 723|0x00000000ad300000, 0x00000000ad300000, 0x00000000ad400000|  0%| F|  |TAMS 0x00000000ad300000, 0x00000000ad300000| Untracked 
| 724|0x00000000ad400000, 0x00000000ad400000, 0x00000000ad500000|  0%| F|  |TAMS 0x00000000ad400000, 0x00000000ad400000| Untracked 
| 725|0x00000000ad500000, 0x00000000ad500000, 0x00000000ad600000|  0%| F|  |TAMS 0x00000000ad500000, 0x00000000ad500000| Untracked 
| 726|0x00000000ad600000, 0x00000000ad600000, 0x00000000ad700000|  0%| F|  |TAMS 0x00000000ad600000, 0x00000000ad600000| Untracked 
| 727|0x00000000ad700000, 0x00000000ad700000, 0x00000000ad800000|  0%| F|  |TAMS 0x00000000ad700000, 0x00000000ad700000| Untracked 
| 728|0x00000000ad800000, 0x00000000ad800000, 0x00000000ad900000|  0%| F|  |TAMS 0x00000000ad800000, 0x00000000ad800000| Untracked 
| 729|0x00000000ad900000, 0x00000000ad900000, 0x00000000ada00000|  0%| F|  |TAMS 0x00000000ad900000, 0x00000000ad900000| Untracked 
| 730|0x00000000ada00000, 0x00000000ada00000, 0x00000000adb00000|  0%| F|  |TAMS 0x00000000ada00000, 0x00000000ada00000| Untracked 
| 731|0x00000000adb00000, 0x00000000adb00000, 0x00000000adc00000|  0%| F|  |TAMS 0x00000000adb00000, 0x00000000adb00000| Untracked 
| 732|0x00000000adc00000, 0x00000000adc00000, 0x00000000add00000|  0%| F|  |TAMS 0x00000000adc00000, 0x00000000adc00000| Untracked 
| 733|0x00000000add00000, 0x00000000add00000, 0x00000000ade00000|  0%| F|  |TAMS 0x00000000add00000, 0x00000000add00000| Untracked 
| 734|0x00000000ade00000, 0x00000000ade00000, 0x00000000adf00000|  0%| F|  |TAMS 0x00000000ade00000, 0x00000000ade00000| Untracked 
| 735|0x00000000adf00000, 0x00000000adf00000, 0x00000000ae000000|  0%| F|  |TAMS 0x00000000adf00000, 0x00000000adf00000| Untracked 
| 736|0x00000000ae000000, 0x00000000ae000000, 0x00000000ae100000|  0%| F|  |TAMS 0x00000000ae000000, 0x00000000ae000000| Untracked 
| 737|0x00000000ae100000, 0x00000000ae100000, 0x00000000ae200000|  0%| F|  |TAMS 0x00000000ae100000, 0x00000000ae100000| Untracked 
| 738|0x00000000ae200000, 0x00000000ae200000, 0x00000000ae300000|  0%| F|  |TAMS 0x00000000ae200000, 0x00000000ae200000| Untracked 
| 739|0x00000000ae300000, 0x00000000ae300000, 0x00000000ae400000|  0%| F|  |TAMS 0x00000000ae300000, 0x00000000ae300000| Untracked 
| 740|0x00000000ae400000, 0x00000000ae400000, 0x00000000ae500000|  0%| F|  |TAMS 0x00000000ae400000, 0x00000000ae400000| Untracked 
| 741|0x00000000ae500000, 0x00000000ae500000, 0x00000000ae600000|  0%| F|  |TAMS 0x00000000ae500000, 0x00000000ae500000| Untracked 
| 742|0x00000000ae600000, 0x00000000ae600000, 0x00000000ae700000|  0%| F|  |TAMS 0x00000000ae600000, 0x00000000ae600000| Untracked 
| 743|0x00000000ae700000, 0x00000000ae700000, 0x00000000ae800000|  0%| F|  |TAMS 0x00000000ae700000, 0x00000000ae700000| Untracked 
| 744|0x00000000ae800000, 0x00000000ae800000, 0x00000000ae900000|  0%| F|  |TAMS 0x00000000ae800000, 0x00000000ae800000| Untracked 
| 745|0x00000000ae900000, 0x00000000ae900000, 0x00000000aea00000|  0%| F|  |TAMS 0x00000000ae900000, 0x00000000ae900000| Untracked 
| 746|0x00000000aea00000, 0x00000000aea00000, 0x00000000aeb00000|  0%| F|  |TAMS 0x00000000aea00000, 0x00000000aea00000| Untracked 
| 747|0x00000000aeb00000, 0x00000000aeb00000, 0x00000000aec00000|  0%| F|  |TAMS 0x00000000aeb00000, 0x00000000aeb00000| Untracked 
| 748|0x00000000aec00000, 0x00000000aec00000, 0x00000000aed00000|  0%| F|  |TAMS 0x00000000aec00000, 0x00000000aec00000| Untracked 
| 749|0x00000000aed00000, 0x00000000aed00000, 0x00000000aee00000|  0%| F|  |TAMS 0x00000000aed00000, 0x00000000aed00000| Untracked 
| 750|0x00000000aee00000, 0x00000000aee00000, 0x00000000aef00000|  0%| F|  |TAMS 0x00000000aee00000, 0x00000000aee00000| Untracked 
| 751|0x00000000aef00000, 0x00000000aef00000, 0x00000000af000000|  0%| F|  |TAMS 0x00000000aef00000, 0x00000000aef00000| Untracked 
| 752|0x00000000af000000, 0x00000000af000000, 0x00000000af100000|  0%| F|  |TAMS 0x00000000af000000, 0x00000000af000000| Untracked 
| 753|0x00000000af100000, 0x00000000af100000, 0x00000000af200000|  0%| F|  |TAMS 0x00000000af100000, 0x00000000af100000| Untracked 
| 754|0x00000000af200000, 0x00000000af200000, 0x00000000af300000|  0%| F|  |TAMS 0x00000000af200000, 0x00000000af200000| Untracked 
| 755|0x00000000af300000, 0x00000000af300000, 0x00000000af400000|  0%| F|  |TAMS 0x00000000af300000, 0x00000000af300000| Untracked 
| 756|0x00000000af400000, 0x00000000af400000, 0x00000000af500000|  0%| F|  |TAMS 0x00000000af400000, 0x00000000af400000| Untracked 
| 757|0x00000000af500000, 0x00000000af500000, 0x00000000af600000|  0%| F|  |TAMS 0x00000000af500000, 0x00000000af500000| Untracked 
| 758|0x00000000af600000, 0x00000000af600000, 0x00000000af700000|  0%| F|  |TAMS 0x00000000af600000, 0x00000000af600000| Untracked 
| 759|0x00000000af700000, 0x00000000af700000, 0x00000000af800000|  0%| F|  |TAMS 0x00000000af700000, 0x00000000af700000| Untracked 
| 760|0x00000000af800000, 0x00000000af800000, 0x00000000af900000|  0%| F|  |TAMS 0x00000000af800000, 0x00000000af800000| Untracked 
| 761|0x00000000af900000, 0x00000000af900000, 0x00000000afa00000|  0%| F|  |TAMS 0x00000000af900000, 0x00000000af900000| Untracked 
| 762|0x00000000afa00000, 0x00000000afa00000, 0x00000000afb00000|  0%| F|  |TAMS 0x00000000afa00000, 0x00000000afa00000| Untracked 
| 763|0x00000000afb00000, 0x00000000afb00000, 0x00000000afc00000|  0%| F|  |TAMS 0x00000000afb00000, 0x00000000afb00000| Untracked 
| 764|0x00000000afc00000, 0x00000000afc00000, 0x00000000afd00000|  0%| F|  |TAMS 0x00000000afc00000, 0x00000000afc00000| Untracked 
| 765|0x00000000afd00000, 0x00000000afd00000, 0x00000000afe00000|  0%| F|  |TAMS 0x00000000afd00000, 0x00000000afd00000| Untracked 
| 766|0x00000000afe00000, 0x00000000afe00000, 0x00000000aff00000|  0%| F|  |TAMS 0x00000000afe00000, 0x00000000afe00000| Untracked 
| 767|0x00000000aff00000, 0x00000000aff00000, 0x00000000b0000000|  0%| F|  |TAMS 0x00000000aff00000, 0x00000000aff00000| Untracked 
| 768|0x00000000b0000000, 0x00000000b0000000, 0x00000000b0100000|  0%| F|  |TAMS 0x00000000b0000000, 0x00000000b0000000| Untracked 
| 769|0x00000000b0100000, 0x00000000b0100000, 0x00000000b0200000|  0%| F|  |TAMS 0x00000000b0100000, 0x00000000b0100000| Untracked 
| 770|0x00000000b0200000, 0x00000000b0200000, 0x00000000b0300000|  0%| F|  |TAMS 0x00000000b0200000, 0x00000000b0200000| Untracked 
| 771|0x00000000b0300000, 0x00000000b0300000, 0x00000000b0400000|  0%| F|  |TAMS 0x00000000b0300000, 0x00000000b0300000| Untracked 
| 772|0x00000000b0400000, 0x00000000b0400000, 0x00000000b0500000|  0%| F|  |TAMS 0x00000000b0400000, 0x00000000b0400000| Untracked 
| 773|0x00000000b0500000, 0x00000000b0500000, 0x00000000b0600000|  0%| F|  |TAMS 0x00000000b0500000, 0x00000000b0500000| Untracked 
| 774|0x00000000b0600000, 0x00000000b0600000, 0x00000000b0700000|  0%| F|  |TAMS 0x00000000b0600000, 0x00000000b0600000| Untracked 
| 775|0x00000000b0700000, 0x00000000b0700000, 0x00000000b0800000|  0%| F|  |TAMS 0x00000000b0700000, 0x00000000b0700000| Untracked 
| 776|0x00000000b0800000, 0x00000000b0800000, 0x00000000b0900000|  0%| F|  |TAMS 0x00000000b0800000, 0x00000000b0800000| Untracked 
| 777|0x00000000b0900000, 0x00000000b0900000, 0x00000000b0a00000|  0%| F|  |TAMS 0x00000000b0900000, 0x00000000b0900000| Untracked 
| 778|0x00000000b0a00000, 0x00000000b0a00000, 0x00000000b0b00000|  0%| F|  |TAMS 0x00000000b0a00000, 0x00000000b0a00000| Untracked 
| 779|0x00000000b0b00000, 0x00000000b0b00000, 0x00000000b0c00000|  0%| F|  |TAMS 0x00000000b0b00000, 0x00000000b0b00000| Untracked 
| 780|0x00000000b0c00000, 0x00000000b0c00000, 0x00000000b0d00000|  0%| F|  |TAMS 0x00000000b0c00000, 0x00000000b0c00000| Untracked 
| 781|0x00000000b0d00000, 0x00000000b0d00000, 0x00000000b0e00000|  0%| F|  |TAMS 0x00000000b0d00000, 0x00000000b0d00000| Untracked 
| 782|0x00000000b0e00000, 0x00000000b0e00000, 0x00000000b0f00000|  0%| F|  |TAMS 0x00000000b0e00000, 0x00000000b0e00000| Untracked 
| 783|0x00000000b0f00000, 0x00000000b0f00000, 0x00000000b1000000|  0%| F|  |TAMS 0x00000000b0f00000, 0x00000000b0f00000| Untracked 
| 784|0x00000000b1000000, 0x00000000b1000000, 0x00000000b1100000|  0%| F|  |TAMS 0x00000000b1000000, 0x00000000b1000000| Untracked 
| 785|0x00000000b1100000, 0x00000000b1100000, 0x00000000b1200000|  0%| F|  |TAMS 0x00000000b1100000, 0x00000000b1100000| Untracked 
| 786|0x00000000b1200000, 0x00000000b1200000, 0x00000000b1300000|  0%| F|  |TAMS 0x00000000b1200000, 0x00000000b1200000| Untracked 
| 787|0x00000000b1300000, 0x00000000b1300000, 0x00000000b1400000|  0%| F|  |TAMS 0x00000000b1300000, 0x00000000b1300000| Untracked 
| 788|0x00000000b1400000, 0x00000000b1400000, 0x00000000b1500000|  0%| F|  |TAMS 0x00000000b1400000, 0x00000000b1400000| Untracked 
| 789|0x00000000b1500000, 0x00000000b1500000, 0x00000000b1600000|  0%| F|  |TAMS 0x00000000b1500000, 0x00000000b1500000| Untracked 
| 790|0x00000000b1600000, 0x00000000b1600000, 0x00000000b1700000|  0%| F|  |TAMS 0x00000000b1600000, 0x00000000b1600000| Untracked 
| 791|0x00000000b1700000, 0x00000000b1700000, 0x00000000b1800000|  0%| F|  |TAMS 0x00000000b1700000, 0x00000000b1700000| Untracked 
| 792|0x00000000b1800000, 0x00000000b1800000, 0x00000000b1900000|  0%| F|  |TAMS 0x00000000b1800000, 0x00000000b1800000| Untracked 
| 793|0x00000000b1900000, 0x00000000b1900000, 0x00000000b1a00000|  0%| F|  |TAMS 0x00000000b1900000, 0x00000000b1900000| Untracked 
| 794|0x00000000b1a00000, 0x00000000b1a00000, 0x00000000b1b00000|  0%| F|  |TAMS 0x00000000b1a00000, 0x00000000b1a00000| Untracked 
| 795|0x00000000b1b00000, 0x00000000b1b00000, 0x00000000b1c00000|  0%| F|  |TAMS 0x00000000b1b00000, 0x00000000b1b00000| Untracked 
| 796|0x00000000b1c00000, 0x00000000b1c00000, 0x00000000b1d00000|  0%| F|  |TAMS 0x00000000b1c00000, 0x00000000b1c00000| Untracked 
| 797|0x00000000b1d00000, 0x00000000b1d00000, 0x00000000b1e00000|  0%| F|  |TAMS 0x00000000b1d00000, 0x00000000b1d00000| Untracked 
| 798|0x00000000b1e00000, 0x00000000b1e00000, 0x00000000b1f00000|  0%| F|  |TAMS 0x00000000b1e00000, 0x00000000b1e00000| Untracked 
| 799|0x00000000b1f00000, 0x00000000b1f00000, 0x00000000b2000000|  0%| F|  |TAMS 0x00000000b1f00000, 0x00000000b1f00000| Untracked 
| 800|0x00000000b2000000, 0x00000000b2000000, 0x00000000b2100000|  0%| F|  |TAMS 0x00000000b2000000, 0x00000000b2000000| Untracked 
| 801|0x00000000b2100000, 0x00000000b2100000, 0x00000000b2200000|  0%| F|  |TAMS 0x00000000b2100000, 0x00000000b2100000| Untracked 
| 802|0x00000000b2200000, 0x00000000b2200000, 0x00000000b2300000|  0%| F|  |TAMS 0x00000000b2200000, 0x00000000b2200000| Untracked 
| 803|0x00000000b2300000, 0x00000000b2300000, 0x00000000b2400000|  0%| F|  |TAMS 0x00000000b2300000, 0x00000000b2300000| Untracked 
| 804|0x00000000b2400000, 0x00000000b2400000, 0x00000000b2500000|  0%| F|  |TAMS 0x00000000b2400000, 0x00000000b2400000| Untracked 
| 805|0x00000000b2500000, 0x00000000b2500000, 0x00000000b2600000|  0%| F|  |TAMS 0x00000000b2500000, 0x00000000b2500000| Untracked 
| 806|0x00000000b2600000, 0x00000000b2600000, 0x00000000b2700000|  0%| F|  |TAMS 0x00000000b2600000, 0x00000000b2600000| Untracked 
| 807|0x00000000b2700000, 0x00000000b2700000, 0x00000000b2800000|  0%| F|  |TAMS 0x00000000b2700000, 0x00000000b2700000| Untracked 
| 808|0x00000000b2800000, 0x00000000b2800000, 0x00000000b2900000|  0%| F|  |TAMS 0x00000000b2800000, 0x00000000b2800000| Untracked 
| 809|0x00000000b2900000, 0x00000000b2900000, 0x00000000b2a00000|  0%| F|  |TAMS 0x00000000b2900000, 0x00000000b2900000| Untracked 
| 810|0x00000000b2a00000, 0x00000000b2a00000, 0x00000000b2b00000|  0%| F|  |TAMS 0x00000000b2a00000, 0x00000000b2a00000| Untracked 
| 811|0x00000000b2b00000, 0x00000000b2b00000, 0x00000000b2c00000|  0%| F|  |TAMS 0x00000000b2b00000, 0x00000000b2b00000| Untracked 
| 812|0x00000000b2c00000, 0x00000000b2c00000, 0x00000000b2d00000|  0%| F|  |TAMS 0x00000000b2c00000, 0x00000000b2c00000| Untracked 
| 813|0x00000000b2d00000, 0x00000000b2d00000, 0x00000000b2e00000|  0%| F|  |TAMS 0x00000000b2d00000, 0x00000000b2d00000| Untracked 
| 814|0x00000000b2e00000, 0x00000000b2e00000, 0x00000000b2f00000|  0%| F|  |TAMS 0x00000000b2e00000, 0x00000000b2e00000| Untracked 
| 815|0x00000000b2f00000, 0x00000000b2f00000, 0x00000000b3000000|  0%| F|  |TAMS 0x00000000b2f00000, 0x00000000b2f00000| Untracked 
| 816|0x00000000b3000000, 0x00000000b3000000, 0x00000000b3100000|  0%| F|  |TAMS 0x00000000b3000000, 0x00000000b3000000| Untracked 
| 817|0x00000000b3100000, 0x00000000b3100000, 0x00000000b3200000|  0%| F|  |TAMS 0x00000000b3100000, 0x00000000b3100000| Untracked 
| 818|0x00000000b3200000, 0x00000000b3200000, 0x00000000b3300000|  0%| F|  |TAMS 0x00000000b3200000, 0x00000000b3200000| Untracked 
| 819|0x00000000b3300000, 0x00000000b3300000, 0x00000000b3400000|  0%| F|  |TAMS 0x00000000b3300000, 0x00000000b3300000| Untracked 
| 820|0x00000000b3400000, 0x00000000b3400000, 0x00000000b3500000|  0%| F|  |TAMS 0x00000000b3400000, 0x00000000b3400000| Untracked 
| 821|0x00000000b3500000, 0x00000000b3500000, 0x00000000b3600000|  0%| F|  |TAMS 0x00000000b3500000, 0x00000000b3500000| Untracked 
| 822|0x00000000b3600000, 0x00000000b3600000, 0x00000000b3700000|  0%| F|  |TAMS 0x00000000b3600000, 0x00000000b3600000| Untracked 
| 823|0x00000000b3700000, 0x00000000b3700000, 0x00000000b3800000|  0%| F|  |TAMS 0x00000000b3700000, 0x00000000b3700000| Untracked 
| 824|0x00000000b3800000, 0x00000000b3800000, 0x00000000b3900000|  0%| F|  |TAMS 0x00000000b3800000, 0x00000000b3800000| Untracked 
| 825|0x00000000b3900000, 0x00000000b3900000, 0x00000000b3a00000|  0%| F|  |TAMS 0x00000000b3900000, 0x00000000b3900000| Untracked 
| 826|0x00000000b3a00000, 0x00000000b3a00000, 0x00000000b3b00000|  0%| F|  |TAMS 0x00000000b3a00000, 0x00000000b3a00000| Untracked 
| 827|0x00000000b3b00000, 0x00000000b3b00000, 0x00000000b3c00000|  0%| F|  |TAMS 0x00000000b3b00000, 0x00000000b3b00000| Untracked 
| 828|0x00000000b3c00000, 0x00000000b3c00000, 0x00000000b3d00000|  0%| F|  |TAMS 0x00000000b3c00000, 0x00000000b3c00000| Untracked 
| 829|0x00000000b3d00000, 0x00000000b3d00000, 0x00000000b3e00000|  0%| F|  |TAMS 0x00000000b3d00000, 0x00000000b3d00000| Untracked 
| 830|0x00000000b3e00000, 0x00000000b3e00000, 0x00000000b3f00000|  0%| F|  |TAMS 0x00000000b3e00000, 0x00000000b3e00000| Untracked 
| 831|0x00000000b3f00000, 0x00000000b3f00000, 0x00000000b4000000|  0%| F|  |TAMS 0x00000000b3f00000, 0x00000000b3f00000| Untracked 
| 832|0x00000000b4000000, 0x00000000b4000000, 0x00000000b4100000|  0%| F|  |TAMS 0x00000000b4000000, 0x00000000b4000000| Untracked 
| 833|0x00000000b4100000, 0x00000000b4100000, 0x00000000b4200000|  0%| F|  |TAMS 0x00000000b4100000, 0x00000000b4100000| Untracked 
| 834|0x00000000b4200000, 0x00000000b4200000, 0x00000000b4300000|  0%| F|  |TAMS 0x00000000b4200000, 0x00000000b4200000| Untracked 
| 835|0x00000000b4300000, 0x00000000b4300000, 0x00000000b4400000|  0%| F|  |TAMS 0x00000000b4300000, 0x00000000b4300000| Untracked 
| 836|0x00000000b4400000, 0x00000000b4400000, 0x00000000b4500000|  0%| F|  |TAMS 0x00000000b4400000, 0x00000000b4400000| Untracked 
| 837|0x00000000b4500000, 0x00000000b4500000, 0x00000000b4600000|  0%| F|  |TAMS 0x00000000b4500000, 0x00000000b4500000| Untracked 
| 838|0x00000000b4600000, 0x00000000b4600000, 0x00000000b4700000|  0%| F|  |TAMS 0x00000000b4600000, 0x00000000b4600000| Untracked 
| 839|0x00000000b4700000, 0x00000000b4700000, 0x00000000b4800000|  0%| F|  |TAMS 0x00000000b4700000, 0x00000000b4700000| Untracked 
| 840|0x00000000b4800000, 0x00000000b4800000, 0x00000000b4900000|  0%| F|  |TAMS 0x00000000b4800000, 0x00000000b4800000| Untracked 
| 841|0x00000000b4900000, 0x00000000b4900000, 0x00000000b4a00000|  0%| F|  |TAMS 0x00000000b4900000, 0x00000000b4900000| Untracked 
| 842|0x00000000b4a00000, 0x00000000b4a00000, 0x00000000b4b00000|  0%| F|  |TAMS 0x00000000b4a00000, 0x00000000b4a00000| Untracked 
| 843|0x00000000b4b00000, 0x00000000b4b00000, 0x00000000b4c00000|  0%| F|  |TAMS 0x00000000b4b00000, 0x00000000b4b00000| Untracked 
| 844|0x00000000b4c00000, 0x00000000b4c00000, 0x00000000b4d00000|  0%| F|  |TAMS 0x00000000b4c00000, 0x00000000b4c00000| Untracked 
| 845|0x00000000b4d00000, 0x00000000b4d00000, 0x00000000b4e00000|  0%| F|  |TAMS 0x00000000b4d00000, 0x00000000b4d00000| Untracked 
| 846|0x00000000b4e00000, 0x00000000b4e00000, 0x00000000b4f00000|  0%| F|  |TAMS 0x00000000b4e00000, 0x00000000b4e00000| Untracked 
| 847|0x00000000b4f00000, 0x00000000b4f00000, 0x00000000b5000000|  0%| F|  |TAMS 0x00000000b4f00000, 0x00000000b4f00000| Untracked 
| 848|0x00000000b5000000, 0x00000000b5000000, 0x00000000b5100000|  0%| F|  |TAMS 0x00000000b5000000, 0x00000000b5000000| Untracked 
| 849|0x00000000b5100000, 0x00000000b5100000, 0x00000000b5200000|  0%| F|  |TAMS 0x00000000b5100000, 0x00000000b5100000| Untracked 
| 850|0x00000000b5200000, 0x00000000b5200000, 0x00000000b5300000|  0%| F|  |TAMS 0x00000000b5200000, 0x00000000b5200000| Untracked 
| 851|0x00000000b5300000, 0x00000000b5300000, 0x00000000b5400000|  0%| F|  |TAMS 0x00000000b5300000, 0x00000000b5300000| Untracked 
| 852|0x00000000b5400000, 0x00000000b5400000, 0x00000000b5500000|  0%| F|  |TAMS 0x00000000b5400000, 0x00000000b5400000| Untracked 
| 853|0x00000000b5500000, 0x00000000b5500000, 0x00000000b5600000|  0%| F|  |TAMS 0x00000000b5500000, 0x00000000b5500000| Untracked 
| 854|0x00000000b5600000, 0x00000000b5600000, 0x00000000b5700000|  0%| F|  |TAMS 0x00000000b5600000, 0x00000000b5600000| Untracked 
| 855|0x00000000b5700000, 0x00000000b5700000, 0x00000000b5800000|  0%| F|  |TAMS 0x00000000b5700000, 0x00000000b5700000| Untracked 
| 856|0x00000000b5800000, 0x00000000b5800000, 0x00000000b5900000|  0%| F|  |TAMS 0x00000000b5800000, 0x00000000b5800000| Untracked 
| 857|0x00000000b5900000, 0x00000000b5900000, 0x00000000b5a00000|  0%| F|  |TAMS 0x00000000b5900000, 0x00000000b5900000| Untracked 
| 858|0x00000000b5a00000, 0x00000000b5a00000, 0x00000000b5b00000|  0%| F|  |TAMS 0x00000000b5a00000, 0x00000000b5a00000| Untracked 
| 859|0x00000000b5b00000, 0x00000000b5b00000, 0x00000000b5c00000|  0%| F|  |TAMS 0x00000000b5b00000, 0x00000000b5b00000| Untracked 
| 860|0x00000000b5c00000, 0x00000000b5c00000, 0x00000000b5d00000|  0%| F|  |TAMS 0x00000000b5c00000, 0x00000000b5c00000| Untracked 
| 861|0x00000000b5d00000, 0x00000000b5d00000, 0x00000000b5e00000|  0%| F|  |TAMS 0x00000000b5d00000, 0x00000000b5d00000| Untracked 
| 862|0x00000000b5e00000, 0x00000000b5e00000, 0x00000000b5f00000|  0%| F|  |TAMS 0x00000000b5e00000, 0x00000000b5e00000| Untracked 
| 863|0x00000000b5f00000, 0x00000000b5f00000, 0x00000000b6000000|  0%| F|  |TAMS 0x00000000b5f00000, 0x00000000b5f00000| Untracked 
| 864|0x00000000b6000000, 0x00000000b6000000, 0x00000000b6100000|  0%| F|  |TAMS 0x00000000b6000000, 0x00000000b6000000| Untracked 
| 865|0x00000000b6100000, 0x00000000b6100000, 0x00000000b6200000|  0%| F|  |TAMS 0x00000000b6100000, 0x00000000b6100000| Untracked 
| 866|0x00000000b6200000, 0x00000000b6200000, 0x00000000b6300000|  0%| F|  |TAMS 0x00000000b6200000, 0x00000000b6200000| Untracked 
| 867|0x00000000b6300000, 0x00000000b6300000, 0x00000000b6400000|  0%| F|  |TAMS 0x00000000b6300000, 0x00000000b6300000| Untracked 
| 868|0x00000000b6400000, 0x00000000b6400000, 0x00000000b6500000|  0%| F|  |TAMS 0x00000000b6400000, 0x00000000b6400000| Untracked 
| 869|0x00000000b6500000, 0x00000000b6500000, 0x00000000b6600000|  0%| F|  |TAMS 0x00000000b6500000, 0x00000000b6500000| Untracked 
| 870|0x00000000b6600000, 0x00000000b6600000, 0x00000000b6700000|  0%| F|  |TAMS 0x00000000b6600000, 0x00000000b6600000| Untracked 
| 871|0x00000000b6700000, 0x00000000b6700000, 0x00000000b6800000|  0%| F|  |TAMS 0x00000000b6700000, 0x00000000b6700000| Untracked 
| 872|0x00000000b6800000, 0x00000000b6800000, 0x00000000b6900000|  0%| F|  |TAMS 0x00000000b6800000, 0x00000000b6800000| Untracked 
| 873|0x00000000b6900000, 0x00000000b6900000, 0x00000000b6a00000|  0%| F|  |TAMS 0x00000000b6900000, 0x00000000b6900000| Untracked 
| 874|0x00000000b6a00000, 0x00000000b6a00000, 0x00000000b6b00000|  0%| F|  |TAMS 0x00000000b6a00000, 0x00000000b6a00000| Untracked 
| 875|0x00000000b6b00000, 0x00000000b6b00000, 0x00000000b6c00000|  0%| F|  |TAMS 0x00000000b6b00000, 0x00000000b6b00000| Untracked 
| 876|0x00000000b6c00000, 0x00000000b6c00000, 0x00000000b6d00000|  0%| F|  |TAMS 0x00000000b6c00000, 0x00000000b6c00000| Untracked 
| 877|0x00000000b6d00000, 0x00000000b6d00000, 0x00000000b6e00000|  0%| F|  |TAMS 0x00000000b6d00000, 0x00000000b6d00000| Untracked 
| 878|0x00000000b6e00000, 0x00000000b6e00000, 0x00000000b6f00000|  0%| F|  |TAMS 0x00000000b6e00000, 0x00000000b6e00000| Untracked 
| 879|0x00000000b6f00000, 0x00000000b6f00000, 0x00000000b7000000|  0%| F|  |TAMS 0x00000000b6f00000, 0x00000000b6f00000| Untracked 
| 880|0x00000000b7000000, 0x00000000b7000000, 0x00000000b7100000|  0%| F|  |TAMS 0x00000000b7000000, 0x00000000b7000000| Untracked 
| 881|0x00000000b7100000, 0x00000000b7100000, 0x00000000b7200000|  0%| F|  |TAMS 0x00000000b7100000, 0x00000000b7100000| Untracked 
| 882|0x00000000b7200000, 0x00000000b7200000, 0x00000000b7300000|  0%| F|  |TAMS 0x00000000b7200000, 0x00000000b7200000| Untracked 
| 883|0x00000000b7300000, 0x00000000b7300000, 0x00000000b7400000|  0%| F|  |TAMS 0x00000000b7300000, 0x00000000b7300000| Untracked 
| 884|0x00000000b7400000, 0x00000000b7400000, 0x00000000b7500000|  0%| F|  |TAMS 0x00000000b7400000, 0x00000000b7400000| Untracked 
| 885|0x00000000b7500000, 0x00000000b7500000, 0x00000000b7600000|  0%| F|  |TAMS 0x00000000b7500000, 0x00000000b7500000| Untracked 
| 886|0x00000000b7600000, 0x00000000b7600000, 0x00000000b7700000|  0%| F|  |TAMS 0x00000000b7600000, 0x00000000b7600000| Untracked 
| 887|0x00000000b7700000, 0x00000000b7700000, 0x00000000b7800000|  0%| F|  |TAMS 0x00000000b7700000, 0x00000000b7700000| Untracked 
| 888|0x00000000b7800000, 0x00000000b7800000, 0x00000000b7900000|  0%| F|  |TAMS 0x00000000b7800000, 0x00000000b7800000| Untracked 
| 889|0x00000000b7900000, 0x00000000b7900000, 0x00000000b7a00000|  0%| F|  |TAMS 0x00000000b7900000, 0x00000000b7900000| Untracked 
| 890|0x00000000b7a00000, 0x00000000b7a00000, 0x00000000b7b00000|  0%| F|  |TAMS 0x00000000b7a00000, 0x00000000b7a00000| Untracked 
| 891|0x00000000b7b00000, 0x00000000b7b00000, 0x00000000b7c00000|  0%| F|  |TAMS 0x00000000b7b00000, 0x00000000b7b00000| Untracked 
| 892|0x00000000b7c00000, 0x00000000b7c00000, 0x00000000b7d00000|  0%| F|  |TAMS 0x00000000b7c00000, 0x00000000b7c00000| Untracked 
| 893|0x00000000b7d00000, 0x00000000b7d00000, 0x00000000b7e00000|  0%| F|  |TAMS 0x00000000b7d00000, 0x00000000b7d00000| Untracked 
| 894|0x00000000b7e00000, 0x00000000b7e00000, 0x00000000b7f00000|  0%| F|  |TAMS 0x00000000b7e00000, 0x00000000b7e00000| Untracked 
| 895|0x00000000b7f00000, 0x00000000b7f00000, 0x00000000b8000000|  0%| F|  |TAMS 0x00000000b7f00000, 0x00000000b7f00000| Untracked 
| 896|0x00000000b8000000, 0x00000000b8000000, 0x00000000b8100000|  0%| F|  |TAMS 0x00000000b8000000, 0x00000000b8000000| Untracked 
| 897|0x00000000b8100000, 0x00000000b8100000, 0x00000000b8200000|  0%| F|  |TAMS 0x00000000b8100000, 0x00000000b8100000| Untracked 
| 898|0x00000000b8200000, 0x00000000b8200000, 0x00000000b8300000|  0%| F|  |TAMS 0x00000000b8200000, 0x00000000b8200000| Untracked 
| 899|0x00000000b8300000, 0x00000000b8300000, 0x00000000b8400000|  0%| F|  |TAMS 0x00000000b8300000, 0x00000000b8300000| Untracked 
| 900|0x00000000b8400000, 0x00000000b8400000, 0x00000000b8500000|  0%| F|  |TAMS 0x00000000b8400000, 0x00000000b8400000| Untracked 
| 901|0x00000000b8500000, 0x00000000b8500000, 0x00000000b8600000|  0%| F|  |TAMS 0x00000000b8500000, 0x00000000b8500000| Untracked 
| 902|0x00000000b8600000, 0x00000000b8600000, 0x00000000b8700000|  0%| F|  |TAMS 0x00000000b8600000, 0x00000000b8600000| Untracked 
| 903|0x00000000b8700000, 0x00000000b8700000, 0x00000000b8800000|  0%| F|  |TAMS 0x00000000b8700000, 0x00000000b8700000| Untracked 
| 904|0x00000000b8800000, 0x00000000b8800000, 0x00000000b8900000|  0%| F|  |TAMS 0x00000000b8800000, 0x00000000b8800000| Untracked 
| 905|0x00000000b8900000, 0x00000000b8900000, 0x00000000b8a00000|  0%| F|  |TAMS 0x00000000b8900000, 0x00000000b8900000| Untracked 
| 906|0x00000000b8a00000, 0x00000000b8a00000, 0x00000000b8b00000|  0%| F|  |TAMS 0x00000000b8a00000, 0x00000000b8a00000| Untracked 
| 907|0x00000000b8b00000, 0x00000000b8b00000, 0x00000000b8c00000|  0%| F|  |TAMS 0x00000000b8b00000, 0x00000000b8b00000| Untracked 
| 908|0x00000000b8c00000, 0x00000000b8c00000, 0x00000000b8d00000|  0%| F|  |TAMS 0x00000000b8c00000, 0x00000000b8c00000| Untracked 
| 909|0x00000000b8d00000, 0x00000000b8d00000, 0x00000000b8e00000|  0%| F|  |TAMS 0x00000000b8d00000, 0x00000000b8d00000| Untracked 
| 910|0x00000000b8e00000, 0x00000000b8e00000, 0x00000000b8f00000|  0%| F|  |TAMS 0x00000000b8e00000, 0x00000000b8e00000| Untracked 
| 911|0x00000000b8f00000, 0x00000000b8f00000, 0x00000000b9000000|  0%| F|  |TAMS 0x00000000b8f00000, 0x00000000b8f00000| Untracked 
| 912|0x00000000b9000000, 0x00000000b9000000, 0x00000000b9100000|  0%| F|  |TAMS 0x00000000b9000000, 0x00000000b9000000| Untracked 
| 913|0x00000000b9100000, 0x00000000b9100000, 0x00000000b9200000|  0%| F|  |TAMS 0x00000000b9100000, 0x00000000b9100000| Untracked 
| 914|0x00000000b9200000, 0x00000000b9200000, 0x00000000b9300000|  0%| F|  |TAMS 0x00000000b9200000, 0x00000000b9200000| Untracked 
| 915|0x00000000b9300000, 0x00000000b9300000, 0x00000000b9400000|  0%| F|  |TAMS 0x00000000b9300000, 0x00000000b9300000| Untracked 
| 916|0x00000000b9400000, 0x00000000b9400000, 0x00000000b9500000|  0%| F|  |TAMS 0x00000000b9400000, 0x00000000b9400000| Untracked 
| 917|0x00000000b9500000, 0x00000000b9500000, 0x00000000b9600000|  0%| F|  |TAMS 0x00000000b9500000, 0x00000000b9500000| Untracked 
| 918|0x00000000b9600000, 0x00000000b9600000, 0x00000000b9700000|  0%| F|  |TAMS 0x00000000b9600000, 0x00000000b9600000| Untracked 
| 919|0x00000000b9700000, 0x00000000b9700000, 0x00000000b9800000|  0%| F|  |TAMS 0x00000000b9700000, 0x00000000b9700000| Untracked 
| 920|0x00000000b9800000, 0x00000000b9800000, 0x00000000b9900000|  0%| F|  |TAMS 0x00000000b9800000, 0x00000000b9800000| Untracked 
| 921|0x00000000b9900000, 0x00000000b9900000, 0x00000000b9a00000|  0%| F|  |TAMS 0x00000000b9900000, 0x00000000b9900000| Untracked 
| 922|0x00000000b9a00000, 0x00000000b9a00000, 0x00000000b9b00000|  0%| F|  |TAMS 0x00000000b9a00000, 0x00000000b9a00000| Untracked 
| 923|0x00000000b9b00000, 0x00000000b9b00000, 0x00000000b9c00000|  0%| F|  |TAMS 0x00000000b9b00000, 0x00000000b9b00000| Untracked 
| 924|0x00000000b9c00000, 0x00000000b9c00000, 0x00000000b9d00000|  0%| F|  |TAMS 0x00000000b9c00000, 0x00000000b9c00000| Untracked 
| 925|0x00000000b9d00000, 0x00000000b9d00000, 0x00000000b9e00000|  0%| F|  |TAMS 0x00000000b9d00000, 0x00000000b9d00000| Untracked 
| 926|0x00000000b9e00000, 0x00000000b9e00000, 0x00000000b9f00000|  0%| F|  |TAMS 0x00000000b9e00000, 0x00000000b9e00000| Untracked 
| 927|0x00000000b9f00000, 0x00000000b9f00000, 0x00000000ba000000|  0%| F|  |TAMS 0x00000000b9f00000, 0x00000000b9f00000| Untracked 
| 928|0x00000000ba000000, 0x00000000ba000000, 0x00000000ba100000|  0%| F|  |TAMS 0x00000000ba000000, 0x00000000ba000000| Untracked 
| 929|0x00000000ba100000, 0x00000000ba100000, 0x00000000ba200000|  0%| F|  |TAMS 0x00000000ba100000, 0x00000000ba100000| Untracked 
| 930|0x00000000ba200000, 0x00000000ba200000, 0x00000000ba300000|  0%| F|  |TAMS 0x00000000ba200000, 0x00000000ba200000| Untracked 
| 931|0x00000000ba300000, 0x00000000ba300000, 0x00000000ba400000|  0%| F|  |TAMS 0x00000000ba300000, 0x00000000ba300000| Untracked 
| 932|0x00000000ba400000, 0x00000000ba400000, 0x00000000ba500000|  0%| F|  |TAMS 0x00000000ba400000, 0x00000000ba400000| Untracked 
| 933|0x00000000ba500000, 0x00000000ba500000, 0x00000000ba600000|  0%| F|  |TAMS 0x00000000ba500000, 0x00000000ba500000| Untracked 
| 934|0x00000000ba600000, 0x00000000ba600000, 0x00000000ba700000|  0%| F|  |TAMS 0x00000000ba600000, 0x00000000ba600000| Untracked 
| 935|0x00000000ba700000, 0x00000000ba700000, 0x00000000ba800000|  0%| F|  |TAMS 0x00000000ba700000, 0x00000000ba700000| Untracked 
| 936|0x00000000ba800000, 0x00000000ba800000, 0x00000000ba900000|  0%| F|  |TAMS 0x00000000ba800000, 0x00000000ba800000| Untracked 
| 937|0x00000000ba900000, 0x00000000ba900000, 0x00000000baa00000|  0%| F|  |TAMS 0x00000000ba900000, 0x00000000ba900000| Untracked 
| 938|0x00000000baa00000, 0x00000000baa00000, 0x00000000bab00000|  0%| F|  |TAMS 0x00000000baa00000, 0x00000000baa00000| Untracked 
| 939|0x00000000bab00000, 0x00000000bab00000, 0x00000000bac00000|  0%| F|  |TAMS 0x00000000bab00000, 0x00000000bab00000| Untracked 
| 940|0x00000000bac00000, 0x00000000bac00000, 0x00000000bad00000|  0%| F|  |TAMS 0x00000000bac00000, 0x00000000bac00000| Untracked 
| 941|0x00000000bad00000, 0x00000000bad00000, 0x00000000bae00000|  0%| F|  |TAMS 0x00000000bad00000, 0x00000000bad00000| Untracked 
| 942|0x00000000bae00000, 0x00000000bae00000, 0x00000000baf00000|  0%| F|  |TAMS 0x00000000bae00000, 0x00000000bae00000| Untracked 
| 943|0x00000000baf00000, 0x00000000baf00000, 0x00000000bb000000|  0%| F|  |TAMS 0x00000000baf00000, 0x00000000baf00000| Untracked 
| 944|0x00000000bb000000, 0x00000000bb000000, 0x00000000bb100000|  0%| F|  |TAMS 0x00000000bb000000, 0x00000000bb000000| Untracked 
| 945|0x00000000bb100000, 0x00000000bb100000, 0x00000000bb200000|  0%| F|  |TAMS 0x00000000bb100000, 0x00000000bb100000| Untracked 
| 946|0x00000000bb200000, 0x00000000bb200000, 0x00000000bb300000|  0%| F|  |TAMS 0x00000000bb200000, 0x00000000bb200000| Untracked 
| 947|0x00000000bb300000, 0x00000000bb300000, 0x00000000bb400000|  0%| F|  |TAMS 0x00000000bb300000, 0x00000000bb300000| Untracked 
| 948|0x00000000bb400000, 0x00000000bb400000, 0x00000000bb500000|  0%| F|  |TAMS 0x00000000bb400000, 0x00000000bb400000| Untracked 
| 949|0x00000000bb500000, 0x00000000bb500000, 0x00000000bb600000|  0%| F|  |TAMS 0x00000000bb500000, 0x00000000bb500000| Untracked 
| 950|0x00000000bb600000, 0x00000000bb600000, 0x00000000bb700000|  0%| F|  |TAMS 0x00000000bb600000, 0x00000000bb600000| Untracked 
| 951|0x00000000bb700000, 0x00000000bb700000, 0x00000000bb800000|  0%| F|  |TAMS 0x00000000bb700000, 0x00000000bb700000| Untracked 
| 952|0x00000000bb800000, 0x00000000bb800000, 0x00000000bb900000|  0%| F|  |TAMS 0x00000000bb800000, 0x00000000bb800000| Untracked 
| 953|0x00000000bb900000, 0x00000000bb900000, 0x00000000bba00000|  0%| F|  |TAMS 0x00000000bb900000, 0x00000000bb900000| Untracked 
| 954|0x00000000bba00000, 0x00000000bba00000, 0x00000000bbb00000|  0%| F|  |TAMS 0x00000000bba00000, 0x00000000bba00000| Untracked 
| 955|0x00000000bbb00000, 0x00000000bbb00000, 0x00000000bbc00000|  0%| F|  |TAMS 0x00000000bbb00000, 0x00000000bbb00000| Untracked 
| 956|0x00000000bbc00000, 0x00000000bbc00000, 0x00000000bbd00000|  0%| F|  |TAMS 0x00000000bbc00000, 0x00000000bbc00000| Untracked 
| 957|0x00000000bbd00000, 0x00000000bbd00000, 0x00000000bbe00000|  0%| F|  |TAMS 0x00000000bbd00000, 0x00000000bbd00000| Untracked 
| 958|0x00000000bbe00000, 0x00000000bbe00000, 0x00000000bbf00000|  0%| F|  |TAMS 0x00000000bbe00000, 0x00000000bbe00000| Untracked 
| 959|0x00000000bbf00000, 0x00000000bbf00000, 0x00000000bc000000|  0%| F|  |TAMS 0x00000000bbf00000, 0x00000000bbf00000| Untracked 
| 960|0x00000000bc000000, 0x00000000bc000000, 0x00000000bc100000|  0%| F|  |TAMS 0x00000000bc000000, 0x00000000bc000000| Untracked 
| 961|0x00000000bc100000, 0x00000000bc100000, 0x00000000bc200000|  0%| F|  |TAMS 0x00000000bc100000, 0x00000000bc100000| Untracked 
| 962|0x00000000bc200000, 0x00000000bc200000, 0x00000000bc300000|  0%| F|  |TAMS 0x00000000bc200000, 0x00000000bc200000| Untracked 
| 963|0x00000000bc300000, 0x00000000bc300000, 0x00000000bc400000|  0%| F|  |TAMS 0x00000000bc300000, 0x00000000bc300000| Untracked 
| 964|0x00000000bc400000, 0x00000000bc400000, 0x00000000bc500000|  0%| F|  |TAMS 0x00000000bc400000, 0x00000000bc400000| Untracked 
| 965|0x00000000bc500000, 0x00000000bc500000, 0x00000000bc600000|  0%| F|  |TAMS 0x00000000bc500000, 0x00000000bc500000| Untracked 
| 966|0x00000000bc600000, 0x00000000bc600000, 0x00000000bc700000|  0%| F|  |TAMS 0x00000000bc600000, 0x00000000bc600000| Untracked 
| 967|0x00000000bc700000, 0x00000000bc700000, 0x00000000bc800000|  0%| F|  |TAMS 0x00000000bc700000, 0x00000000bc700000| Untracked 
| 968|0x00000000bc800000, 0x00000000bc800000, 0x00000000bc900000|  0%| F|  |TAMS 0x00000000bc800000, 0x00000000bc800000| Untracked 
| 969|0x00000000bc900000, 0x00000000bc900000, 0x00000000bca00000|  0%| F|  |TAMS 0x00000000bc900000, 0x00000000bc900000| Untracked 
| 970|0x00000000bca00000, 0x00000000bca00000, 0x00000000bcb00000|  0%| F|  |TAMS 0x00000000bca00000, 0x00000000bca00000| Untracked 
| 971|0x00000000bcb00000, 0x00000000bcb00000, 0x00000000bcc00000|  0%| F|  |TAMS 0x00000000bcb00000, 0x00000000bcb00000| Untracked 
| 972|0x00000000bcc00000, 0x00000000bcc00000, 0x00000000bcd00000|  0%| F|  |TAMS 0x00000000bcc00000, 0x00000000bcc00000| Untracked 
| 973|0x00000000bcd00000, 0x00000000bcd00000, 0x00000000bce00000|  0%| F|  |TAMS 0x00000000bcd00000, 0x00000000bcd00000| Untracked 
| 974|0x00000000bce00000, 0x00000000bce00000, 0x00000000bcf00000|  0%| F|  |TAMS 0x00000000bce00000, 0x00000000bce00000| Untracked 
| 975|0x00000000bcf00000, 0x00000000bcf00000, 0x00000000bd000000|  0%| F|  |TAMS 0x00000000bcf00000, 0x00000000bcf00000| Untracked 
| 976|0x00000000bd000000, 0x00000000bd000000, 0x00000000bd100000|  0%| F|  |TAMS 0x00000000bd000000, 0x00000000bd000000| Untracked 
| 977|0x00000000bd100000, 0x00000000bd100000, 0x00000000bd200000|  0%| F|  |TAMS 0x00000000bd100000, 0x00000000bd100000| Untracked 
| 978|0x00000000bd200000, 0x00000000bd200000, 0x00000000bd300000|  0%| F|  |TAMS 0x00000000bd200000, 0x00000000bd200000| Untracked 
| 979|0x00000000bd300000, 0x00000000bd300000, 0x00000000bd400000|  0%| F|  |TAMS 0x00000000bd300000, 0x00000000bd300000| Untracked 
| 980|0x00000000bd400000, 0x00000000bd400000, 0x00000000bd500000|  0%| F|  |TAMS 0x00000000bd400000, 0x00000000bd400000| Untracked 
| 981|0x00000000bd500000, 0x00000000bd500000, 0x00000000bd600000|  0%| F|  |TAMS 0x00000000bd500000, 0x00000000bd500000| Untracked 
| 982|0x00000000bd600000, 0x00000000bd600000, 0x00000000bd700000|  0%| F|  |TAMS 0x00000000bd600000, 0x00000000bd600000| Untracked 
| 983|0x00000000bd700000, 0x00000000bd700000, 0x00000000bd800000|  0%| F|  |TAMS 0x00000000bd700000, 0x00000000bd700000| Untracked 
| 984|0x00000000bd800000, 0x00000000bd800000, 0x00000000bd900000|  0%| F|  |TAMS 0x00000000bd800000, 0x00000000bd800000| Untracked 
| 985|0x00000000bd900000, 0x00000000bd900000, 0x00000000bda00000|  0%| F|  |TAMS 0x00000000bd900000, 0x00000000bd900000| Untracked 
| 986|0x00000000bda00000, 0x00000000bda00000, 0x00000000bdb00000|  0%| F|  |TAMS 0x00000000bda00000, 0x00000000bda00000| Untracked 
| 987|0x00000000bdb00000, 0x00000000bdb00000, 0x00000000bdc00000|  0%| F|  |TAMS 0x00000000bdb00000, 0x00000000bdb00000| Untracked 
| 988|0x00000000bdc00000, 0x00000000bdc00000, 0x00000000bdd00000|  0%| F|  |TAMS 0x00000000bdc00000, 0x00000000bdc00000| Untracked 
| 989|0x00000000bdd00000, 0x00000000bdd00000, 0x00000000bde00000|  0%| F|  |TAMS 0x00000000bdd00000, 0x00000000bdd00000| Untracked 
| 990|0x00000000bde00000, 0x00000000bde00000, 0x00000000bdf00000|  0%| F|  |TAMS 0x00000000bde00000, 0x00000000bde00000| Untracked 
| 991|0x00000000bdf00000, 0x00000000bdf00000, 0x00000000be000000|  0%| F|  |TAMS 0x00000000bdf00000, 0x00000000bdf00000| Untracked 
| 992|0x00000000be000000, 0x00000000be000000, 0x00000000be100000|  0%| F|  |TAMS 0x00000000be000000, 0x00000000be000000| Untracked 
| 993|0x00000000be100000, 0x00000000be100000, 0x00000000be200000|  0%| F|  |TAMS 0x00000000be100000, 0x00000000be100000| Untracked 
| 994|0x00000000be200000, 0x00000000be200000, 0x00000000be300000|  0%| F|  |TAMS 0x00000000be200000, 0x00000000be200000| Untracked 
| 995|0x00000000be300000, 0x00000000be300000, 0x00000000be400000|  0%| F|  |TAMS 0x00000000be300000, 0x00000000be300000| Untracked 
| 996|0x00000000be400000, 0x00000000be400000, 0x00000000be500000|  0%| F|  |TAMS 0x00000000be400000, 0x00000000be400000| Untracked 
| 997|0x00000000be500000, 0x00000000be500000, 0x00000000be600000|  0%| F|  |TAMS 0x00000000be500000, 0x00000000be500000| Untracked 
| 998|0x00000000be600000, 0x00000000be600000, 0x00000000be700000|  0%| F|  |TAMS 0x00000000be600000, 0x00000000be600000| Untracked 
| 999|0x00000000be700000, 0x00000000be700000, 0x00000000be800000|  0%| F|  |TAMS 0x00000000be700000, 0x00000000be700000| Untracked 
|1000|0x00000000be800000, 0x00000000be800000, 0x00000000be900000|  0%| F|  |TAMS 0x00000000be800000, 0x00000000be800000| Untracked 
|1001|0x00000000be900000, 0x00000000be900000, 0x00000000bea00000|  0%| F|  |TAMS 0x00000000be900000, 0x00000000be900000| Untracked 
|1002|0x00000000bea00000, 0x00000000bea00000, 0x00000000beb00000|  0%| F|  |TAMS 0x00000000bea00000, 0x00000000bea00000| Untracked 
|1003|0x00000000beb00000, 0x00000000beb00000, 0x00000000bec00000|  0%| F|  |TAMS 0x00000000beb00000, 0x00000000beb00000| Untracked 
|1004|0x00000000bec00000, 0x00000000bec00000, 0x00000000bed00000|  0%| F|  |TAMS 0x00000000bec00000, 0x00000000bec00000| Untracked 
|1005|0x00000000bed00000, 0x00000000bed00000, 0x00000000bee00000|  0%| F|  |TAMS 0x00000000bed00000, 0x00000000bed00000| Untracked 
|1006|0x00000000bee00000, 0x00000000bee00000, 0x00000000bef00000|  0%| F|  |TAMS 0x00000000bee00000, 0x00000000bee00000| Untracked 
|1007|0x00000000bef00000, 0x00000000bef00000, 0x00000000bf000000|  0%| F|  |TAMS 0x00000000bef00000, 0x00000000bef00000| Untracked 
|1008|0x00000000bf000000, 0x00000000bf000000, 0x00000000bf100000|  0%| F|  |TAMS 0x00000000bf000000, 0x00000000bf000000| Untracked 
|1009|0x00000000bf100000, 0x00000000bf100000, 0x00000000bf200000|  0%| F|  |TAMS 0x00000000bf100000, 0x00000000bf100000| Untracked 
|1010|0x00000000bf200000, 0x00000000bf200000, 0x00000000bf300000|  0%| F|  |TAMS 0x00000000bf200000, 0x00000000bf200000| Untracked 
|1011|0x00000000bf300000, 0x00000000bf300000, 0x00000000bf400000|  0%| F|  |TAMS 0x00000000bf300000, 0x00000000bf300000| Untracked 
|1012|0x00000000bf400000, 0x00000000bf400000, 0x00000000bf500000|  0%| F|  |TAMS 0x00000000bf400000, 0x00000000bf400000| Untracked 
|1013|0x00000000bf500000, 0x00000000bf500000, 0x00000000bf600000|  0%| F|  |TAMS 0x00000000bf500000, 0x00000000bf500000| Untracked 
|1014|0x00000000bf600000, 0x00000000bf600000, 0x00000000bf700000|  0%| F|  |TAMS 0x00000000bf600000, 0x00000000bf600000| Untracked 
|1015|0x00000000bf700000, 0x00000000bf700000, 0x00000000bf800000|  0%| F|  |TAMS 0x00000000bf700000, 0x00000000bf700000| Untracked 
|1016|0x00000000bf800000, 0x00000000bf800000, 0x00000000bf900000|  0%| F|  |TAMS 0x00000000bf800000, 0x00000000bf800000| Untracked 
|1017|0x00000000bf900000, 0x00000000bf900000, 0x00000000bfa00000|  0%| F|  |TAMS 0x00000000bf900000, 0x00000000bf900000| Untracked 
|1018|0x00000000bfa00000, 0x00000000bfa00000, 0x00000000bfb00000|  0%| F|  |TAMS 0x00000000bfa00000, 0x00000000bfa00000| Untracked 
|1019|0x00000000bfb00000, 0x00000000bfb00000, 0x00000000bfc00000|  0%| F|  |TAMS 0x00000000bfb00000, 0x00000000bfb00000| Untracked 
|1020|0x00000000bfc00000, 0x00000000bfc00000, 0x00000000bfd00000|  0%| F|  |TAMS 0x00000000bfc00000, 0x00000000bfc00000| Untracked 
|1021|0x00000000bfd00000, 0x00000000bfd00000, 0x00000000bfe00000|  0%| F|  |TAMS 0x00000000bfd00000, 0x00000000bfd00000| Untracked 
|1022|0x00000000bfe00000, 0x00000000bfe00000, 0x00000000bff00000|  0%| F|  |TAMS 0x00000000bfe00000, 0x00000000bfe00000| Untracked 
|1023|0x00000000bff00000, 0x00000000bff00000, 0x00000000c0000000|  0%| F|  |TAMS 0x00000000bff00000, 0x00000000bff00000| Untracked 
|1024|0x00000000c0000000, 0x00000000c0000000, 0x00000000c0100000|  0%| F|  |TAMS 0x00000000c0000000, 0x00000000c0000000| Untracked 
|1025|0x00000000c0100000, 0x00000000c0100000, 0x00000000c0200000|  0%| F|  |TAMS 0x00000000c0100000, 0x00000000c0100000| Untracked 
|1026|0x00000000c0200000, 0x00000000c0200000, 0x00000000c0300000|  0%| F|  |TAMS 0x00000000c0200000, 0x00000000c0200000| Untracked 
|1027|0x00000000c0300000, 0x00000000c0300000, 0x00000000c0400000|  0%| F|  |TAMS 0x00000000c0300000, 0x00000000c0300000| Untracked 
|1028|0x00000000c0400000, 0x00000000c0400000, 0x00000000c0500000|  0%| F|  |TAMS 0x00000000c0400000, 0x00000000c0400000| Untracked 
|1029|0x00000000c0500000, 0x00000000c0500000, 0x00000000c0600000|  0%| F|  |TAMS 0x00000000c0500000, 0x00000000c0500000| Untracked 
|1030|0x00000000c0600000, 0x00000000c0600000, 0x00000000c0700000|  0%| F|  |TAMS 0x00000000c0600000, 0x00000000c0600000| Untracked 
|1031|0x00000000c0700000, 0x00000000c0700000, 0x00000000c0800000|  0%| F|  |TAMS 0x00000000c0700000, 0x00000000c0700000| Untracked 
|1032|0x00000000c0800000, 0x00000000c0800000, 0x00000000c0900000|  0%| F|  |TAMS 0x00000000c0800000, 0x00000000c0800000| Untracked 
|1033|0x00000000c0900000, 0x00000000c0900000, 0x00000000c0a00000|  0%| F|  |TAMS 0x00000000c0900000, 0x00000000c0900000| Untracked 
|1034|0x00000000c0a00000, 0x00000000c0a00000, 0x00000000c0b00000|  0%| F|  |TAMS 0x00000000c0a00000, 0x00000000c0a00000| Untracked 
|1035|0x00000000c0b00000, 0x00000000c0b00000, 0x00000000c0c00000|  0%| F|  |TAMS 0x00000000c0b00000, 0x00000000c0b00000| Untracked 
|1036|0x00000000c0c00000, 0x00000000c0c00000, 0x00000000c0d00000|  0%| F|  |TAMS 0x00000000c0c00000, 0x00000000c0c00000| Untracked 
|1037|0x00000000c0d00000, 0x00000000c0d00000, 0x00000000c0e00000|  0%| F|  |TAMS 0x00000000c0d00000, 0x00000000c0d00000| Untracked 
|1038|0x00000000c0e00000, 0x00000000c0e00000, 0x00000000c0f00000|  0%| F|  |TAMS 0x00000000c0e00000, 0x00000000c0e00000| Untracked 
|1039|0x00000000c0f00000, 0x00000000c0f00000, 0x00000000c1000000|  0%| F|  |TAMS 0x00000000c0f00000, 0x00000000c0f00000| Untracked 
|1040|0x00000000c1000000, 0x00000000c1000000, 0x00000000c1100000|  0%| F|  |TAMS 0x00000000c1000000, 0x00000000c1000000| Untracked 
|1041|0x00000000c1100000, 0x00000000c1100000, 0x00000000c1200000|  0%| F|  |TAMS 0x00000000c1100000, 0x00000000c1100000| Untracked 
|1042|0x00000000c1200000, 0x00000000c1200000, 0x00000000c1300000|  0%| F|  |TAMS 0x00000000c1200000, 0x00000000c1200000| Untracked 
|1043|0x00000000c1300000, 0x00000000c1300000, 0x00000000c1400000|  0%| F|  |TAMS 0x00000000c1300000, 0x00000000c1300000| Untracked 
|1044|0x00000000c1400000, 0x00000000c1400000, 0x00000000c1500000|  0%| F|  |TAMS 0x00000000c1400000, 0x00000000c1400000| Untracked 
|1045|0x00000000c1500000, 0x00000000c1500000, 0x00000000c1600000|  0%| F|  |TAMS 0x00000000c1500000, 0x00000000c1500000| Untracked 
|1046|0x00000000c1600000, 0x00000000c1608588, 0x00000000c1700000|  3%| E|  |TAMS 0x00000000c1600000, 0x00000000c1600000| Complete 
|1047|0x00000000c1700000, 0x00000000c1800000, 0x00000000c1800000|100%| E|CS|TAMS 0x00000000c1700000, 0x00000000c1700000| Complete 
|1048|0x00000000c1800000, 0x00000000c18e24a0, 0x00000000c1900000| 88%| S|CS|TAMS 0x00000000c1800000, 0x00000000c1800000| Complete 
|1049|0x00000000c1900000, 0x00000000c1a00000, 0x00000000c1a00000|100%| S|CS|TAMS 0x00000000c1900000, 0x00000000c1900000| Complete 
|1050|0x00000000c1a00000, 0x00000000c1b00000, 0x00000000c1b00000|100%| S|CS|TAMS 0x00000000c1a00000, 0x00000000c1a00000| Complete 
|1051|0x00000000c1b00000, 0x00000000c1c00000, 0x00000000c1c00000|100%| S|CS|TAMS 0x00000000c1b00000, 0x00000000c1b00000| Complete 
|1052|0x00000000c1c00000, 0x00000000c1d00000, 0x00000000c1d00000|100%| S|CS|TAMS 0x00000000c1c00000, 0x00000000c1c00000| Complete 
|1053|0x00000000c1d00000, 0x00000000c1e00000, 0x00000000c1e00000|100%| E|CS|TAMS 0x00000000c1d00000, 0x00000000c1d00000| Complete 
|1054|0x00000000c1e00000, 0x00000000c1f00000, 0x00000000c1f00000|100%| E|CS|TAMS 0x00000000c1e00000, 0x00000000c1e00000| Complete 
|1055|0x00000000c1f00000, 0x00000000c2000000, 0x00000000c2000000|100%| E|CS|TAMS 0x00000000c1f00000, 0x00000000c1f00000| Complete 
|1056|0x00000000c2000000, 0x00000000c2100000, 0x00000000c2100000|100%| E|CS|TAMS 0x00000000c2000000, 0x00000000c2000000| Complete 
|1057|0x00000000c2100000, 0x00000000c2200000, 0x00000000c2200000|100%| E|CS|TAMS 0x00000000c2100000, 0x00000000c2100000| Complete 
|1058|0x00000000c2200000, 0x00000000c2300000, 0x00000000c2300000|100%| E|CS|TAMS 0x00000000c2200000, 0x00000000c2200000| Complete 
|1059|0x00000000c2300000, 0x00000000c2400000, 0x00000000c2400000|100%| E|CS|TAMS 0x00000000c2300000, 0x00000000c2300000| Complete 
|1060|0x00000000c2400000, 0x00000000c2500000, 0x00000000c2500000|100%| E|CS|TAMS 0x00000000c2400000, 0x00000000c2400000| Complete 
|1061|0x00000000c2500000, 0x00000000c2600000, 0x00000000c2600000|100%| E|CS|TAMS 0x00000000c2500000, 0x00000000c2500000| Complete 
|1062|0x00000000c2600000, 0x00000000c2700000, 0x00000000c2700000|100%| E|CS|TAMS 0x00000000c2600000, 0x00000000c2600000| Complete 
|1063|0x00000000c2700000, 0x00000000c2800000, 0x00000000c2800000|100%| E|CS|TAMS 0x00000000c2700000, 0x00000000c2700000| Complete 
|1064|0x00000000c2800000, 0x00000000c2900000, 0x00000000c2900000|100%| E|CS|TAMS 0x00000000c2800000, 0x00000000c2800000| Complete 
|1065|0x00000000c2900000, 0x00000000c2a00000, 0x00000000c2a00000|100%| E|CS|TAMS 0x00000000c2900000, 0x00000000c2900000| Complete 
|1066|0x00000000c2a00000, 0x00000000c2b00000, 0x00000000c2b00000|100%| E|CS|TAMS 0x00000000c2a00000, 0x00000000c2a00000| Complete 
|1067|0x00000000c2b00000, 0x00000000c2c00000, 0x00000000c2c00000|100%| E|CS|TAMS 0x00000000c2b00000, 0x00000000c2b00000| Complete 
|1068|0x00000000c2c00000, 0x00000000c2d00000, 0x00000000c2d00000|100%| E|CS|TAMS 0x00000000c2c00000, 0x00000000c2c00000| Complete 
|1069|0x00000000c2d00000, 0x00000000c2e00000, 0x00000000c2e00000|100%| E|CS|TAMS 0x00000000c2d00000, 0x00000000c2d00000| Complete 
|1070|0x00000000c2e00000, 0x00000000c2f00000, 0x00000000c2f00000|100%| E|CS|TAMS 0x00000000c2e00000, 0x00000000c2e00000| Complete 
|1071|0x00000000c2f00000, 0x00000000c3000000, 0x00000000c3000000|100%| E|CS|TAMS 0x00000000c2f00000, 0x00000000c2f00000| Complete 
|1072|0x00000000c3000000, 0x00000000c3100000, 0x00000000c3100000|100%| E|CS|TAMS 0x00000000c3000000, 0x00000000c3000000| Complete 
|1073|0x00000000c3100000, 0x00000000c3200000, 0x00000000c3200000|100%| E|CS|TAMS 0x00000000c3100000, 0x00000000c3100000| Complete 
|1074|0x00000000c3200000, 0x00000000c3300000, 0x00000000c3300000|100%| E|CS|TAMS 0x00000000c3200000, 0x00000000c3200000| Complete 
|1075|0x00000000c3300000, 0x00000000c3400000, 0x00000000c3400000|100%| E|CS|TAMS 0x00000000c3300000, 0x00000000c3300000| Complete 
|1076|0x00000000c3400000, 0x00000000c3500000, 0x00000000c3500000|100%| E|CS|TAMS 0x00000000c3400000, 0x00000000c3400000| Complete 
|1077|0x00000000c3500000, 0x00000000c3600000, 0x00000000c3600000|100%| E|CS|TAMS 0x00000000c3500000, 0x00000000c3500000| Complete 
|1078|0x00000000c3600000, 0x00000000c3700000, 0x00000000c3700000|100%| E|CS|TAMS 0x00000000c3600000, 0x00000000c3600000| Complete 
|1079|0x00000000c3700000, 0x00000000c3800000, 0x00000000c3800000|100%| E|CS|TAMS 0x00000000c3700000, 0x00000000c3700000| Complete 
|1080|0x00000000c3800000, 0x00000000c3900000, 0x00000000c3900000|100%| E|CS|TAMS 0x00000000c3800000, 0x00000000c3800000| Complete 
|1081|0x00000000c3900000, 0x00000000c3a00000, 0x00000000c3a00000|100%| E|CS|TAMS 0x00000000c3900000, 0x00000000c3900000| Complete 
|1082|0x00000000c3a00000, 0x00000000c3b00000, 0x00000000c3b00000|100%| E|CS|TAMS 0x00000000c3a00000, 0x00000000c3a00000| Complete 
|1083|0x00000000c3b00000, 0x00000000c3c00000, 0x00000000c3c00000|100%| E|CS|TAMS 0x00000000c3b00000, 0x00000000c3b00000| Complete 
|1084|0x00000000c3c00000, 0x00000000c3d00000, 0x00000000c3d00000|100%| E|CS|TAMS 0x00000000c3c00000, 0x00000000c3c00000| Complete 
|1085|0x00000000c3d00000, 0x00000000c3e00000, 0x00000000c3e00000|100%| E|CS|TAMS 0x00000000c3d00000, 0x00000000c3d00000| Complete 
|1086|0x00000000c3e00000, 0x00000000c3f00000, 0x00000000c3f00000|100%| E|CS|TAMS 0x00000000c3e00000, 0x00000000c3e00000| Complete 
|1087|0x00000000c3f00000, 0x00000000c4000000, 0x00000000c4000000|100%| E|CS|TAMS 0x00000000c3f00000, 0x00000000c3f00000| Complete 
|1088|0x00000000c4000000, 0x00000000c4100000, 0x00000000c4100000|100%| E|CS|TAMS 0x00000000c4000000, 0x00000000c4000000| Complete 
|1089|0x00000000c4100000, 0x00000000c4200000, 0x00000000c4200000|100%| E|CS|TAMS 0x00000000c4100000, 0x00000000c4100000| Complete 

Card table byte_map: [0x00000219f2540000,0x00000219f2940000] _byte_map_base: 0x00000219f2140000

Marking Bits (Prev, Next): (CMBitMap*) 0x00000219d8ebe8e0, (CMBitMap*) 0x00000219d8ebe920
 Prev Bits: [0x00000219f2d40000, 0x00000219f4d40000)
 Next Bits: [0x00000219f4d40000, 0x00000219f6d40000)

Polling page: 0x00000219d9070000

Metaspace:

Usage:
  Non-class:    217.18 MB used.
      Class:     32.64 MB used.
       Both:    249.81 MB used.

Virtual space:
  Non-class space:      256.00 MB reserved,     218.69 MB ( 85%) committed,  4 nodes.
      Class space:      416.00 MB reserved,      34.00 MB (  8%) committed,  1 nodes.
             Both:      672.00 MB reserved,     252.69 MB ( 38%) committed. 

Chunk freelists:
   Non-Class:  4.53 MB
       Class:  14.03 MB
        Both:  18.55 MB

MaxMetaspaceSize: 512.00 MB
CompressedClassSpaceSize: 416.00 MB
Initial GC threshold: 21.00 MB
Current GC threshold: 421.19 MB
CDS: on
MetaspaceReclaimPolicy: balanced
 - commit_granule_bytes: 65536.
 - commit_granule_words: 8192.
 - virtual_space_node_default_size: 8388608.
 - enlarge_chunks_in_place: 1.
 - new_chunks_are_fully_committed: 0.
 - uncommit_free_chunks: 1.
 - use_allocation_guard: 0.
 - handle_deallocations: 1.


Internal statistics:

num_allocs_failed_limit: 9.
num_arena_births: 7442.
num_arena_deaths: 2116.
num_vsnodes_births: 5.
num_vsnodes_deaths: 0.
num_space_committed: 4079.
num_space_uncommitted: 40.
num_chunks_returned_to_freelist: 2804.
num_chunks_taken_from_freelist: 19912.
num_chunk_merges: 1013.
num_chunk_splits: 12180.
num_chunks_enlarged: 7074.
num_inconsistent_stats: 0.

CodeHeap 'non-profiled nmethods': size=120000Kb used=36686Kb max_used=36686Kb free=83313Kb
 bounds [0x00000219e9f90000, 0x00000219ec370000, 0x00000219f14c0000]
CodeHeap 'profiled nmethods': size=120000Kb used=72626Kb max_used=72626Kb free=47373Kb
 bounds [0x00000219e24c0000, 0x00000219e6bb0000, 0x00000219e99f0000]
CodeHeap 'non-nmethods': size=5760Kb used=2085Kb max_used=2189Kb free=3674Kb
 bounds [0x00000219e99f0000, 0x00000219e9c60000, 0x00000219e9f90000]
 total_blobs=39139 nmethods=37889 adapters=1158
 compilation: enabled
              stopped_count=0, restarted_count=0
 full_count=0

Compilation events (20 events):
Event: 8170.754 Thread 0x00000219f99a1f70 nmethod 50054 0x00000219ec362190 code [0x00000219ec362360, 0x00000219ec362c48]
Event: 8170.810 Thread 0x00000219f99a78a0 50055       1       org.gradle.api.attributes.java.TargetJvmEnvironment$Impl::toString (5 bytes)
Event: 8170.811 Thread 0x00000219f99a78a0 nmethod 50055 0x00000219ec363310 code [0x00000219ec3634a0, 0x00000219ec363578]
Event: 8170.855 Thread 0x00000219f99a1f70 50056       4       org.gradle.api.internal.artifacts.ivyservice.resolveengine.result.ThisBuildTreeOnlyComponentResultSerializer::readComponentResult (148 bytes)
Event: 8170.865 Thread 0x00000219f99a78a0 50058       3       org.jetbrains.kotlin.gradle.tasks.KotlinCompile$ClasspathSnapshotProperties_Decorated::$gradleFactory (13 bytes)
Event: 8170.869 Thread 0x00000219f99a78a0 nmethod 50058 0x00000219e6ba9710 code [0x00000219e6ba98c0, 0x00000219e6ba9a68]
Event: 8170.931 Thread 0x00000219f99a78a0 50060       3       com.android.build.gradle.internal.dsl.ApplicationExtensionImpl$AgpDecorated_Decorated::getBuildToolsVersion (39 bytes)
Event: 8170.944 Thread 0x00000219f99a78a0 nmethod 50060 0x00000219e6ba9b10 code [0x00000219e6ba9d60, 0x00000219e6baa4b8]
Event: 8170.945 Thread 0x00000219f99a78a0 50061       1       com.android.build.gradle.tasks.MergeSourceSetFolders_Decorated::generatedFrom (3 bytes)
Event: 8170.945 Thread 0x00000219f99a78a0 nmethod 50061 0x00000219ec363610 code [0x00000219ec3637a0, 0x00000219ec363858]
Event: 8170.971 Thread 0x00000219f99a78a0 50062       3       com.android.build.gradle.tasks.ShaderCompile_Decorated::getSourceDir (33 bytes)
Event: 8170.976 Thread 0x00000219f99a78a0 nmethod 50062 0x00000219e6baa790 code [0x00000219e6baa960, 0x00000219e6baad58]
Event: 8171.078 Thread 0x00000219f99a78a0 50064       3       org.gradle.api.internal.artifacts.transform.TransformStepNode::getOwningProject (8 bytes)
Event: 8171.081 Thread 0x00000219f99a78a0 nmethod 50064 0x00000219e6baae90 code [0x00000219e6bab020, 0x00000219e6bab158]
Event: 8171.081 Thread 0x00000219f99a78a0 50065       3       org.gradle.api.internal.artifacts.transform.TransformStepNode::execute (9 bytes)
Event: 8171.082 Thread 0x00000219f99a78a0 nmethod 50065 0x00000219e6bab210 code [0x00000219e6bab3e0, 0x00000219e6bab6f8]
Event: 8171.082 Thread 0x00000219f99a78a0 50066       3       org.gradle.api.internal.artifacts.transform.TransformStepNode$TransformStepBuildOperation::description (107 bytes)
Event: 8171.098 Thread 0x00000219f99a78a0 nmethod 50066 0x00000219e6bab890 code [0x00000219e6babc80, 0x00000219e6bad518]
Event: 8171.143 Thread 0x00000219f99a78a0 50067       3       com.google.common.cache.LocalCache::get (21 bytes)
Event: 8171.146 Thread 0x00000219f99a78a0 nmethod 50067 0x00000219e6badd10 code [0x00000219e6badf20, 0x00000219e6bae478]

GC Heap History (20 events):
Event: 8022.723 GC heap before
{Heap before GC invocations=208 (full 1):
 garbage-first heap   total 870400K, used 808344K [0x0000000080000000, 0x0000000100000000)
  region size 1024K, 218 young (223232K), 11 survivors (11264K)
 Metaspace       used 255051K, committed 257920K, reserved 688128K
  class space    used 33333K, committed 34688K, reserved 425984K
}
Event: 8022.959 GC heap after
{Heap after GC invocations=209 (full 1):
 garbage-first heap   total 870400K, used 347544K [0x0000000080000000, 0x0000000100000000)
  region size 1024K, 25 young (25600K), 25 survivors (25600K)
 Metaspace       used 255051K, committed 257920K, reserved 688128K
  class space    used 33333K, committed 34688K, reserved 425984K
}
Event: 8023.966 GC heap before
{Heap before GC invocations=209 (full 1):
 garbage-first heap   total 870400K, used 364952K [0x0000000080000000, 0x0000000100000000)
  region size 1024K, 42 young (43008K), 25 survivors (25600K)
 Metaspace       used 255069K, committed 257920K, reserved 688128K
  class space    used 33334K, committed 34688K, reserved 425984K
}
Event: 8024.087 GC heap after
{Heap after GC invocations=210 (full 1):
 garbage-first heap   total 870400K, used 334072K [0x0000000080000000, 0x0000000100000000)
  region size 1024K, 6 young (6144K), 6 survivors (6144K)
 Metaspace       used 255069K, committed 257920K, reserved 688128K
  class space    used 33334K, committed 34688K, reserved 425984K
}
Event: 8036.604 GC heap before
{Heap before GC invocations=210 (full 1):
 garbage-first heap   total 870400K, used 492792K [0x0000000080000000, 0x0000000100000000)
  region size 1024K, 163 young (166912K), 6 survivors (6144K)
 Metaspace       used 255192K, committed 258048K, reserved 688128K
  class space    used 33337K, committed 34688K, reserved 425984K
}
Event: 8036.923 GC heap after
{Heap after GC invocations=211 (full 1):
 garbage-first heap   total 870400K, used 359626K [0x0000000080000000, 0x0000000100000000)
  region size 1024K, 31 young (31744K), 31 survivors (31744K)
 Metaspace       used 255192K, committed 258048K, reserved 688128K
  class space    used 33337K, committed 34688K, reserved 425984K
}
Event: 8040.551 GC heap before
{Heap before GC invocations=212 (full 1):
 garbage-first heap   total 870400K, used 493510K [0x0000000080000000, 0x0000000100000000)
  region size 1024K, 137 young (140288K), 31 survivors (31744K)
 Metaspace       used 255206K, committed 258048K, reserved 688128K
  class space    used 33337K, committed 34688K, reserved 425984K
}
Event: 8040.720 GC heap after
{Heap after GC invocations=213 (full 1):
 garbage-first heap   total 870400K, used 369170K [0x0000000080000000, 0x0000000100000000)
  region size 1024K, 18 young (18432K), 18 survivors (18432K)
 Metaspace       used 255206K, committed 258048K, reserved 688128K
  class space    used 33337K, committed 34688K, reserved 425984K
}
Event: 8040.776 GC heap before
{Heap before GC invocations=213 (full 1):
 garbage-first heap   total 870400K, used 392722K [0x0000000080000000, 0x0000000100000000)
  region size 1024K, 42 young (43008K), 18 survivors (18432K)
 Metaspace       used 255211K, committed 258048K, reserved 688128K
  class space    used 33337K, committed 34688K, reserved 425984K
}
Event: 8040.826 GC heap after
{Heap after GC invocations=214 (full 1):
 garbage-first heap   total 1116160K, used 350913K [0x0000000080000000, 0x0000000100000000)
  region size 1024K, 6 young (6144K), 6 survivors (6144K)
 Metaspace       used 255211K, committed 258048K, reserved 688128K
  class space    used 33337K, committed 34688K, reserved 425984K
}
Event: 8048.145 GC heap before
{Heap before GC invocations=214 (full 1):
 garbage-first heap   total 1116160K, used 528065K [0x0000000080000000, 0x0000000100000000)
  region size 1024K, 180 young (184320K), 6 survivors (6144K)
 Metaspace       used 255277K, committed 258112K, reserved 688128K
  class space    used 33342K, committed 34688K, reserved 425984K
}
Event: 8048.237 GC heap after
{Heap after GC invocations=215 (full 1):
 garbage-first heap   total 1116160K, used 351608K [0x0000000080000000, 0x0000000100000000)
  region size 1024K, 7 young (7168K), 7 survivors (7168K)
 Metaspace       used 255277K, committed 258112K, reserved 688128K
  class space    used 33342K, committed 34688K, reserved 425984K
}
Event: 8156.818 GC heap before
{Heap before GC invocations=216 (full 1):
 garbage-first heap   total 1116160K, used 825720K [0x0000000080000000, 0x0000000100000000)
  region size 1024K, 231 young (236544K), 7 survivors (7168K)
 Metaspace       used 255421K, committed 258240K, reserved 688128K
  class space    used 33347K, committed 34688K, reserved 425984K
}
Event: 8157.196 GC heap after
{Heap after GC invocations=217 (full 1):
 garbage-first heap   total 1116160K, used 341588K [0x0000000080000000, 0x0000000100000000)
  region size 1024K, 16 young (16384K), 16 survivors (16384K)
 Metaspace       used 255421K, committed 258240K, reserved 688128K
  class space    used 33347K, committed 34688K, reserved 425984K
}
Event: 8160.200 GC heap before
{Heap before GC invocations=217 (full 1):
 garbage-first heap   total 1116160K, used 380500K [0x0000000080000000, 0x0000000100000000)
  region size 1024K, 54 young (55296K), 16 survivors (16384K)
 Metaspace       used 255455K, committed 258240K, reserved 688128K
  class space    used 33347K, committed 34688K, reserved 425984K
}
Event: 8160.269 GC heap after
{Heap after GC invocations=218 (full 1):
 garbage-first heap   total 1116160K, used 332674K [0x0000000080000000, 0x0000000100000000)
  region size 1024K, 7 young (7168K), 7 survivors (7168K)
 Metaspace       used 255455K, committed 258240K, reserved 688128K
  class space    used 33347K, committed 34688K, reserved 425984K
}
Event: 8166.458 GC heap before
{Heap before GC invocations=218 (full 1):
 garbage-first heap   total 1116160K, used 460674K [0x0000000080000000, 0x0000000100000000)
  region size 1024K, 133 young (136192K), 7 survivors (7168K)
 Metaspace       used 255714K, committed 258688K, reserved 688128K
  class space    used 33400K, committed 34816K, reserved 425984K
}
Event: 8166.592 GC heap after
{Heap after GC invocations=219 (full 1):
 garbage-first heap   total 1116160K, used 352681K [0x0000000080000000, 0x0000000100000000)
  region size 1024K, 17 young (17408K), 17 survivors (17408K)
 Metaspace       used 255714K, committed 258688K, reserved 688128K
  class space    used 33400K, committed 34816K, reserved 425984K
}
Event: 8170.079 GC heap before
{Heap before GC invocations=219 (full 1):
 garbage-first heap   total 1116160K, used 371113K [0x0000000080000000, 0x0000000100000000)
  region size 1024K, 54 young (55296K), 17 survivors (17408K)
 Metaspace       used 255796K, committed 258752K, reserved 688128K
  class space    used 33419K, committed 34816K, reserved 425984K
}
Event: 8170.171 GC heap after
{Heap after GC invocations=220 (full 1):
 garbage-first heap   total 1116160K, used 338926K [0x0000000080000000, 0x0000000100000000)
  region size 1024K, 5 young (5120K), 5 survivors (5120K)
 Metaspace       used 255796K, committed 258752K, reserved 688128K
  class space    used 33419K, committed 34816K, reserved 425984K
}

Dll operation events (17 events):
Event: 0.038 Loaded shared library C:\Program Files\Eclipse Adoptium\jdk-17.0.17.10-hotspot\bin\java.dll
Event: 0.089 Loaded shared library C:\Program Files\Eclipse Adoptium\jdk-17.0.17.10-hotspot\bin\jsvml.dll
Event: 0.310 Loaded shared library C:\Program Files\Eclipse Adoptium\jdk-17.0.17.10-hotspot\bin\zip.dll
Event: 0.320 Loaded shared library C:\Program Files\Eclipse Adoptium\jdk-17.0.17.10-hotspot\bin\instrument.dll
Event: 0.334 Loaded shared library C:\Program Files\Eclipse Adoptium\jdk-17.0.17.10-hotspot\bin\net.dll
Event: 0.339 Loaded shared library C:\Program Files\Eclipse Adoptium\jdk-17.0.17.10-hotspot\bin\nio.dll
Event: 0.346 Loaded shared library C:\Program Files\Eclipse Adoptium\jdk-17.0.17.10-hotspot\bin\zip.dll
Event: 1.093 Loaded shared library C:\Program Files\Eclipse Adoptium\jdk-17.0.17.10-hotspot\bin\jimage.dll
Event: 1.874 Loaded shared library C:\Program Files\Eclipse Adoptium\jdk-17.0.17.10-hotspot\bin\verify.dll
Event: 1.982 Loaded shared library C:\Users\asepr\.gradle\native\1def1411415f61bf3af743bc5b6707747c0891f09f0c88961ee8f79bc544acac\windows-amd64\native-platform.dll
Event: 2.034 Loaded shared library C:\Users\asepr\.gradle\native\0.2.8\x86_64-windows-gnu\gradle-fileevents.dll
Event: 5.718 Loaded shared library C:\Program Files\Eclipse Adoptium\jdk-17.0.17.10-hotspot\bin\management.dll
Event: 5.726 Loaded shared library C:\Program Files\Eclipse Adoptium\jdk-17.0.17.10-hotspot\bin\management_ext.dll
Event: 6.396 Loaded shared library C:\Program Files\Eclipse Adoptium\jdk-17.0.17.10-hotspot\bin\extnet.dll
Event: 7.013 Loaded shared library C:\Program Files\Eclipse Adoptium\jdk-17.0.17.10-hotspot\bin\sunmscapi.dll
Event: 168.864 Loaded shared library C:\Program Files\Eclipse Adoptium\jdk-17.0.17.10-hotspot\bin\rmi.dll
Event: 184.773 Loaded shared library C:\Program Files\Eclipse Adoptium\jdk-17.0.17.10-hotspot\bin\awt.dll

Deoptimization events (20 events):
Event: 8169.804 Thread 0x00000219b5064090 Uncommon trap: reason=unstable_if action=reinterpret pc=0x00000219ea9c8f88 method=java.util.concurrent.locks.ReentrantLock$Sync.tryLock()Z @ 34 c2
Event: 8169.803 Thread 0x00000219a62f0280 Uncommon trap: trap_request=0xffffff45 fr.pc=0x00000219ea9c8f88 relative=0x0000000000000528
Event: 8169.804 Thread 0x00000219a62f0280 Uncommon trap: reason=unstable_if action=reinterpret pc=0x00000219ea9c8f88 method=java.util.concurrent.locks.ReentrantLock$Sync.tryLock()Z @ 34 c2
Event: 8169.804 Thread 0x00000219b5064090 DEOPT PACKING pc=0x00000219ea9c8f88 sp=0x000000efca4fedf0
Event: 8169.804 Thread 0x00000219a62f0280 DEOPT PACKING pc=0x00000219ea9c8f88 sp=0x000000efc9afecc0
Event: 8169.804 Thread 0x00000219a62f0280 DEOPT UNPACKING pc=0x00000219e9a469a3 sp=0x000000efc9afea80 mode 2
Event: 8169.805 Thread 0x00000219b5064090 DEOPT UNPACKING pc=0x00000219e9a469a3 sp=0x000000efca4febb0 mode 2
Event: 8169.806 Thread 0x00000219b5063160 DEOPT UNPACKING pc=0x00000219e9a469a3 sp=0x000000efca7fe998 mode 2
Event: 8171.059 Thread 0x000002199e501cf0 Uncommon trap: trap_request=0xffffff45 fr.pc=0x00000219ea533bc4 relative=0x0000000000000ba4
Event: 8171.059 Thread 0x000002199e501cf0 Uncommon trap: reason=unstable_if action=reinterpret pc=0x00000219ea533bc4 method=java.util.concurrent.ConcurrentLinkedQueue.offer(Ljava/lang/Object;)Z @ 96 c2
Event: 8171.060 Thread 0x000002199e501cf0 DEOPT PACKING pc=0x00000219ea533bc4 sp=0x000000efc5ffdb20
Event: 8171.062 Thread 0x000002199e501cf0 DEOPT UNPACKING pc=0x00000219e9a469a3 sp=0x000000efc5ffd8f0 mode 2
Event: 8171.360 Thread 0x000002199e500dc0 Uncommon trap: trap_request=0xffffffd6 fr.pc=0x00000219ec3111a8 relative=0x0000000000001788
Event: 8171.361 Thread 0x000002199e500dc0 Uncommon trap: reason=array_check action=maybe_recompile pc=0x00000219ec3111a8 method=java.util.ComparableTimSort.mergeLo(IIII)V @ 207 c2
Event: 8171.361 Thread 0x000002199e500dc0 DEOPT PACKING pc=0x00000219ec3111a8 sp=0x000000efc60fd9f0
Event: 8171.364 Thread 0x000002199e500dc0 DEOPT UNPACKING pc=0x00000219e9a469a3 sp=0x000000efc60fd9d8 mode 2
Event: 8171.364 Thread 0x000002199e500dc0 Uncommon trap: trap_request=0xffffffd6 fr.pc=0x00000219ec3111a8 relative=0x0000000000001788
Event: 8171.364 Thread 0x000002199e500dc0 Uncommon trap: reason=array_check action=maybe_recompile pc=0x00000219ec3111a8 method=java.util.ComparableTimSort.mergeLo(IIII)V @ 207 c2
Event: 8171.364 Thread 0x000002199e500dc0 DEOPT PACKING pc=0x00000219ec3111a8 sp=0x000000efc60fd9f0
Event: 8171.365 Thread 0x000002199e500dc0 DEOPT UNPACKING pc=0x00000219e9a469a3 sp=0x000000efc60fd9d8 mode 2

Classes loaded (20 events):
Event: 6628.632 Loading class jdk/internal/access/JavaAWTFontAccess done
Event: 6628.635 Loading class java/awt/font/JavaAWTFontAccessImpl done
Event: 6628.982 Loading class sun/awt/SunDisplayChanger
Event: 6629.190 Loading class sun/awt/SunDisplayChanger done
Event: 6629.317 Loading class sun/java2d/HeadlessGraphicsEnvironment
Event: 6629.352 Loading class sun/java2d/HeadlessGraphicsEnvironment done
Event: 6886.195 Loading class java/rmi/server/Unreferenced
Event: 6886.220 Loading class java/rmi/server/Unreferenced done
Event: 7475.957 Loading class sun/rmi/transport/ObjectTable$1
Event: 7475.996 Loading class sun/rmi/transport/ObjectTable$1 done
Event: 7573.325 Loading class java/nio/channels/CancelledKeyException
Event: 7573.326 Loading class java/nio/channels/CancelledKeyException done
Event: 7573.610 Loading class java/nio/channels/AsynchronousCloseException
Event: 7573.611 Loading class java/nio/channels/AsynchronousCloseException done
Event: 7573.617 Loading class sun/nio/ch/SocketChannelImpl$DefaultOptionsHolder
Event: 7573.620 Loading class sun/nio/ch/SocketChannelImpl$DefaultOptionsHolder done
Event: 7574.618 Loading class sun/net/ConnectionResetException
Event: 7574.618 Loading class sun/net/ConnectionResetException done
Event: 7613.959 Loading class java/lang/Throwable$WrappedPrintWriter
Event: 7613.968 Loading class java/lang/Throwable$WrappedPrintWriter done

Classes unloaded (20 events):
Event: 7672.600 Thread 0x00000219f9972610 Unloading class 0x0000021982091400 'jdk/internal/reflect/GeneratedMethodAccessor101'
Event: 7672.600 Thread 0x00000219f9972610 Unloading class 0x0000021982091000 'jdk/internal/reflect/GeneratedMethodAccessor100'
Event: 7672.600 Thread 0x00000219f9972610 Unloading class 0x0000021982090c00 'jdk/internal/reflect/GeneratedMethodAccessor99'
Event: 7672.600 Thread 0x00000219f9972610 Unloading class 0x0000021982090800 'jdk/internal/reflect/GeneratedMethodAccessor98'
Event: 7672.600 Thread 0x00000219f9972610 Unloading class 0x0000021982090400 'jdk/internal/reflect/GeneratedMethodAccessor97'
Event: 7672.600 Thread 0x00000219f9972610 Unloading class 0x0000021982090000 'jdk/internal/reflect/GeneratedMethodAccessor96'
Event: 7672.600 Thread 0x00000219f9972610 Unloading class 0x000002198208fc00 'jdk/internal/reflect/GeneratedMethodAccessor95'
Event: 7672.600 Thread 0x00000219f9972610 Unloading class 0x000002198208f800 'jdk/internal/reflect/GeneratedMethodAccessor94'
Event: 7672.600 Thread 0x00000219f9972610 Unloading class 0x000002198208f400 'jdk/internal/reflect/GeneratedMethodAccessor93'
Event: 7672.600 Thread 0x00000219f9972610 Unloading class 0x000002198208f000 'jdk/internal/reflect/GeneratedMethodAccessor92'
Event: 7672.600 Thread 0x00000219f9972610 Unloading class 0x000002198208ec00 'jdk/internal/reflect/GeneratedMethodAccessor91'
Event: 7672.600 Thread 0x00000219f9972610 Unloading class 0x000002198208e800 'jdk/internal/reflect/GeneratedMethodAccessor90'
Event: 7672.600 Thread 0x00000219f9972610 Unloading class 0x000002198208e400 'jdk/internal/reflect/GeneratedMethodAccessor89'
Event: 7672.600 Thread 0x00000219f9972610 Unloading class 0x000002198208e000 'jdk/internal/reflect/GeneratedMethodAccessor88'
Event: 7672.600 Thread 0x00000219f9972610 Unloading class 0x000002198208dc00 'jdk/internal/reflect/GeneratedMethodAccessor87'
Event: 7672.600 Thread 0x00000219f9972610 Unloading class 0x000002198208d800 'jdk/internal/reflect/GeneratedMethodAccessor86'
Event: 7672.600 Thread 0x00000219f9972610 Unloading class 0x000002198208d400 'jdk/internal/reflect/GeneratedMethodAccessor85'
Event: 7672.600 Thread 0x00000219f9972610 Unloading class 0x000002198208d000 'jdk/internal/reflect/GeneratedMethodAccessor84'
Event: 7672.600 Thread 0x00000219f9972610 Unloading class 0x000002198208cc00 'jdk/internal/reflect/GeneratedMethodAccessor83'
Event: 7672.600 Thread 0x00000219f9972610 Unloading class 0x000002198208c800 'jdk/internal/reflect/GeneratedMethodAccessor82'

Classes redefined (0 events):
No events

Internal exceptions (20 events):
Event: 8165.465 Thread 0x000002199cec4930 Exception <a 'sun/nio/fs/WindowsException'{0x00000000bd3965a0}> (0x00000000bd3965a0) 
thrown [s\src\hotspot\share\prims\jni.cpp, line 516]
Event: 8165.465 Thread 0x000002199cec4930 Exception <a 'sun/nio/fs/WindowsException'{0x00000000bd397af8}> (0x00000000bd397af8) 
thrown [s\src\hotspot\share\prims\jni.cpp, line 516]
Event: 8165.465 Thread 0x000002199cec4930 Exception <a 'sun/nio/fs/WindowsException'{0x00000000bd399050}> (0x00000000bd399050) 
thrown [s\src\hotspot\share\prims\jni.cpp, line 516]
Event: 8167.793 Thread 0x000002199e504570 Exception <a 'sun/nio/fs/WindowsException'{0x00000000c2fb1ee0}> (0x00000000c2fb1ee0) 
thrown [s\src\hotspot\share\prims\jni.cpp, line 516]
Event: 8167.836 Thread 0x00000219a864db00 Exception <a 'sun/nio/fs/WindowsException'{0x00000000c2e29cc8}> (0x00000000c2e29cc8) 
thrown [s\src\hotspot\share\prims\jni.cpp, line 516]
Event: 8167.850 Thread 0x000002199e5017e0 Exception <a 'sun/nio/fs/WindowsException'{0x00000000c2eaa210}> (0x00000000c2eaa210) 
thrown [s\src\hotspot\share\prims\jni.cpp, line 516]
Event: 8167.879 Thread 0x000002199e5017e0 Exception <a 'sun/nio/fs/WindowsException'{0x00000000c2d31ad0}> (0x00000000c2d31ad0) 
thrown [s\src\hotspot\share\prims\jni.cpp, line 516]
Event: 8167.911 Thread 0x000002199e5017e0 Exception <a 'sun/nio/fs/WindowsException'{0x00000000c2db7a58}> (0x00000000c2db7a58) 
thrown [s\src\hotspot\share\prims\jni.cpp, line 516]
Event: 8170.950 Thread 0x00000219af687230 Exception <a 'sun/nio/fs/WindowsException'{0x00000000c2fb1b90}> (0x00000000c2fb1b90) 
thrown [s\src\hotspot\share\prims\jni.cpp, line 516]
Event: 8170.972 Thread 0x00000219af687230 Exception <a 'sun/nio/fs/WindowsException'{0x00000000c2e1ffc8}> (0x00000000c2e1ffc8) 
thrown [s\src\hotspot\share\prims\jni.cpp, line 516]
Event: 8170.984 Thread 0x00000219af687230 Exception <a 'sun/nio/fs/WindowsException'{0x00000000c2e66328}> (0x00000000c2e66328) 
thrown [s\src\hotspot\share\prims\jni.cpp, line 516]
Event: 8170.996 Thread 0x00000219af687230 Exception <a 'sun/nio/fs/WindowsException'{0x00000000c2eb4d20}> (0x00000000c2eb4d20) 
thrown [s\src\hotspot\share\prims\jni.cpp, line 516]
Event: 8171.008 Thread 0x00000219af687230 Exception <a 'sun/nio/fs/WindowsException'{0x00000000c2d2c550}> (0x00000000c2d2c550) 
thrown [s\src\hotspot\share\prims\jni.cpp, line 516]
Event: 8171.021 Thread 0x000002199e501cf0 Exception <a 'sun/nio/fs/WindowsException'{0x00000000c2df1108}> (0x00000000c2df1108) 
thrown [s\src\hotspot\share\prims\jni.cpp, line 516]
Event: 8171.152 Thread 0x000002199e500dc0 Exception <a 'sun/nio/fs/WindowsException'{0x00000000c27a1110}> (0x00000000c27a1110) 
thrown [s\src\hotspot\share\prims\jni.cpp, line 516]
Event: 8171.152 Thread 0x000002199e500dc0 Exception <a 'sun/nio/fs/WindowsException'{0x00000000c27a33e8}> (0x00000000c27a33e8) 
thrown [s\src\hotspot\share\prims\jni.cpp, line 516]
Event: 8171.157 Thread 0x000002199e500dc0 Exception <a 'sun/nio/fs/WindowsException'{0x00000000c27e4a60}> (0x00000000c27e4a60) 
thrown [s\src\hotspot\share\prims\jni.cpp, line 516]
Event: 8171.157 Thread 0x000002199e500dc0 Exception <a 'sun/nio/fs/WindowsException'{0x00000000c27e6b48}> (0x00000000c27e6b48) 
thrown [s\src\hotspot\share\prims\jni.cpp, line 516]
Event: 8171.189 Thread 0x000002199e5017e0 Exception <a 'sun/nio/fs/WindowsException'{0x00000000c2689010}> (0x00000000c2689010) 
thrown [s\src\hotspot\share\prims\jni.cpp, line 516]
Event: 8171.190 Thread 0x000002199e5017e0 Exception <a 'sun/nio/fs/WindowsException'{0x00000000c268b0c8}> (0x00000000c268b0c8) 
thrown [s\src\hotspot\share\prims\jni.cpp, line 516]

VM Operations (20 events):
Event: 8164.272 Executing VM operation: Cleanup
Event: 8164.277 Executing VM operation: Cleanup done
Event: 8165.278 Executing VM operation: Cleanup
Event: 8165.279 Executing VM operation: Cleanup done
Event: 8166.280 Executing VM operation: Cleanup
Event: 8166.280 Executing VM operation: Cleanup done
Event: 8166.456 Executing VM operation: G1CollectForAllocation
Event: 8166.592 Executing VM operation: G1CollectForAllocation done
Event: 8168.592 Executing VM operation: Cleanup
Event: 8168.596 Executing VM operation: Cleanup done
Event: 8168.645 Executing VM operation: G1PauseRemark
Event: 8169.794 Executing VM operation: G1PauseRemark done
Event: 8170.066 Executing VM operation: G1CollectForAllocation
Event: 8170.171 Executing VM operation: G1CollectForAllocation done
Event: 8170.557 Executing VM operation: G1PauseCleanup
Event: 8170.559 Executing VM operation: G1PauseCleanup done
Event: 8170.752 Executing VM operation: HandshakeAllThreads
Event: 8170.754 Executing VM operation: HandshakeAllThreads done
Event: 8171.754 Executing VM operation: Cleanup
Event: 8172.175 Executing VM operation: Cleanup done

Memory protections (0 events):
No events

Nmethod flushes (20 events):
Event: 8051.177 Thread 0x00000219f99ac480 flushing  nmethod 0x00000219e46c4490
Event: 8051.177 Thread 0x00000219f99ac480 flushing  nmethod 0x00000219e46cbd10
Event: 8051.181 Thread 0x00000219f99ac480 flushing  nmethod 0x00000219e46e3590
Event: 8051.182 Thread 0x00000219f99ac480 flushing  nmethod 0x00000219e470f210
Event: 8051.182 Thread 0x00000219f99ac480 flushing  nmethod 0x00000219e471a090
Event: 8051.183 Thread 0x00000219f99ac480 flushing  nmethod 0x00000219e471e210
Event: 8051.183 Thread 0x00000219f99ac480 flushing  nmethod 0x00000219e4721510
Event: 8051.183 Thread 0x00000219f99ac480 flushing  nmethod 0x00000219e4739710
Event: 8051.183 Thread 0x00000219f99ac480 flushing  nmethod 0x00000219e473ac10
Event: 8051.184 Thread 0x00000219f99ac480 flushing  nmethod 0x00000219e4750f90
Event: 8051.243 Thread 0x00000219f99ac480 flushing  nmethod 0x00000219e55c2610
Event: 8051.253 Thread 0x00000219f99ac480 flushing  nmethod 0x00000219e5a3cd10
Event: 8051.260 Thread 0x00000219f99ac480 flushing  nmethod 0x00000219e5fc4090
Event: 8051.262 Thread 0x00000219f99ac480 flushing  nmethod 0x00000219e60fc410
Event: 8051.264 Thread 0x00000219f99ac480 flushing  nmethod 0x00000219e634e890
Event: 8051.264 Thread 0x00000219f99ac480 flushing  nmethod 0x00000219e634ef90
Event: 8051.264 Thread 0x00000219f99ac480 flushing  nmethod 0x00000219e634f990
Event: 8051.265 Thread 0x00000219f99ac480 flushing  nmethod 0x00000219e6353e90
Event: 8051.265 Thread 0x00000219f99ac480 flushing  nmethod 0x00000219e6375910
Event: 8051.265 Thread 0x00000219f99ac480 flushing  nmethod 0x00000219e6385e10

Events (20 events):
Event: 8157.993 Thread 0x000002199cec4930 Thread added: 0x00000219b5066910
Event: 8157.993 Thread 0x000002199cec4930 Thread added: 0x00000219b5063670
Event: 8157.994 Thread 0x000002199cec4930 Thread added: 0x00000219b5063b80
Event: 8157.994 Thread 0x000002199cec4930 Thread added: 0x00000219b50645a0
Event: 8158.039 Thread 0x000002199cec4930 Thread added: 0x000002199e5012d0
Event: 8158.040 Thread 0x000002199cec4930 Thread added: 0x000002199e506df0
Event: 8158.041 Thread 0x000002199cec4930 Thread added: 0x000002199e505ec0
Event: 8158.042 Thread 0x000002199cec4930 Thread added: 0x000002199e504a80
Event: 8158.043 Thread 0x000002199cec4930 Thread added: 0x000002199e507300
Event: 8158.044 Thread 0x000002199cec4930 Thread added: 0x000002199e5063d0
Event: 8158.045 Thread 0x000002199cec4930 Thread added: 0x000002199e504f90
Event: 8158.048 Thread 0x000002199cec4930 Thread added: 0x000002199e508740
Event: 8158.049 Thread 0x000002199cec4930 Thread added: 0x000002199e509670
Event: 8158.052 Thread 0x000002199cec4930 Thread added: 0x000002199e509b80
Event: 8158.058 Thread 0x000002199cec4930 Thread added: 0x000002199e507810
Event: 8160.070 Thread 0x000002199cec4930 Thread added: 0x00000219af51f410
Event: 8160.071 Thread 0x000002199cec4930 Thread added: 0x00000219af51f920
Event: 8161.740 Thread 0x00000219af6858e0 Thread added: 0x00000219ad60cdb0
Event: 8167.147 Thread 0x000002199e504060 Thread added: 0x00000219b5064fc0
Event: 8170.063 Thread 0x000002199e502200 Thread added: 0x00000219a838d4a0


Dynamic libraries:
0x00007ff6665d0000 - 0x00007ff6665de000 	C:\Program Files\Eclipse Adoptium\jdk-17.0.17.10-hotspot\bin\java.exe
0x00007ff92f3c0000 - 0x00007ff92f627000 	C:\WINDOWS\SYSTEM32\ntdll.dll
0x00007ff92d2e0000 - 0x00007ff92d3a9000 	C:\WINDOWS\System32\KERNEL32.DLL
0x00007ff92ca40000 - 0x00007ff92ce34000 	C:\WINDOWS\System32\KERNELBASE.dll
0x00007ff92c500000 - 0x00007ff92c64b000 	C:\WINDOWS\System32\ucrtbase.dll
0x00007ff8982c0000 - 0x00007ff8982d8000 	C:\Program Files\Eclipse Adoptium\jdk-17.0.17.10-hotspot\bin\jli.dll
0x00007ff92df50000 - 0x00007ff92e115000 	C:\WINDOWS\System32\USER32.dll
0x00007ff92d120000 - 0x00007ff92d147000 	C:\WINDOWS\System32\win32u.dll
0x00007ff92da90000 - 0x00007ff92dabb000 	C:\WINDOWS\System32\GDI32.dll
0x00007ff899730000 - 0x00007ff89974e000 	C:\Program Files\Eclipse Adoptium\jdk-17.0.17.10-hotspot\bin\VCRUNTIME140.dll
0x00007ff92c860000 - 0x00007ff92c98a000 	C:\WINDOWS\System32\gdi32full.dll
0x00007ff919d80000 - 0x00007ff91a013000 	C:\WINDOWS\WinSxS\amd64_microsoft.windows.common-controls_6595b64144ccf1df_6.0.26100.8115_none_3e075c82e3354f9c\COMCTL32.dll
0x00007ff92c990000 - 0x00007ff92ca33000 	C:\WINDOWS\System32\msvcp_win.dll
0x00007ff92dc40000 - 0x00007ff92dce9000 	C:\WINDOWS\System32\msvcrt.dll
0x00007ff92f240000 - 0x00007ff92f272000 	C:\WINDOWS\System32\IMM32.DLL
0x00007ff90d1d0000 - 0x00007ff90d1dc000 	C:\Program Files\Eclipse Adoptium\jdk-17.0.17.10-hotspot\bin\vcruntime140_1.dll
0x00007ff898230000 - 0x00007ff8982bd000 	C:\Program Files\Eclipse Adoptium\jdk-17.0.17.10-hotspot\bin\msvcp140.dll
0x00007ff895ef0000 - 0x00007ff896b5b000 	C:\Program Files\Eclipse Adoptium\jdk-17.0.17.10-hotspot\bin\server\jvm.dll
0x00007ff92de90000 - 0x00007ff92df46000 	C:\WINDOWS\System32\ADVAPI32.dll
0x00007ff92efb0000 - 0x00007ff92f057000 	C:\WINDOWS\System32\sechost.dll
0x00007ff92ed20000 - 0x00007ff92ee38000 	C:\WINDOWS\System32\RPCRT4.dll
0x00007ff92d5b0000 - 0x00007ff92d630000 	C:\WINDOWS\System32\WS2_32.dll
0x00007ff923f20000 - 0x00007ff923f2b000 	C:\WINDOWS\SYSTEM32\VERSION.dll
0x00007ff92baf0000 - 0x00007ff92bb4e000 	C:\WINDOWS\SYSTEM32\POWRPROF.dll
0x00007ff923ee0000 - 0x00007ff923f16000 	C:\WINDOWS\SYSTEM32\WINMM.dll
0x00007ff92bad0000 - 0x00007ff92bae4000 	C:\WINDOWS\SYSTEM32\UMPDC.dll
0x00007ff92a980000 - 0x00007ff92a99b000 	C:\WINDOWS\SYSTEM32\kernel.appcore.dll
0x00007ff90d200000 - 0x00007ff90d20a000 	C:\Program Files\Eclipse Adoptium\jdk-17.0.17.10-hotspot\bin\jimage.dll
0x00007ff929c60000 - 0x00007ff929ea2000 	C:\WINDOWS\SYSTEM32\DBGHELP.DLL
0x00007ff92d6d0000 - 0x00007ff92da52000 	C:\WINDOWS\System32\combase.dll
0x00007ff92dac0000 - 0x00007ff92db97000 	C:\WINDOWS\System32\OLEAUT32.dll
0x00007ff919770000 - 0x00007ff9197ab000 	C:\WINDOWS\SYSTEM32\dbgcore.DLL
0x00007ff92ce40000 - 0x00007ff92cee5000 	C:\WINDOWS\System32\bcryptPrimitives.dll
0x00007ff8ef550000 - 0x00007ff8ef55e000 	C:\Program Files\Eclipse Adoptium\jdk-17.0.17.10-hotspot\bin\instrument.dll
0x00007ff899f10000 - 0x00007ff899f35000 	C:\Program Files\Eclipse Adoptium\jdk-17.0.17.10-hotspot\bin\java.dll
0x00007ff898310000 - 0x00007ff8983e7000 	C:\Program Files\Eclipse Adoptium\jdk-17.0.17.10-hotspot\bin\jsvml.dll
0x00007ff92e120000 - 0x00007ff92e886000 	C:\WINDOWS\System32\SHELL32.dll
0x00007ff92cfb0000 - 0x00007ff92d11a000 	C:\WINDOWS\System32\wintypes.dll
0x00007ff92bc90000 - 0x00007ff92c4f5000 	C:\WINDOWS\System32\windows.storage.dll
0x00007ff92f280000 - 0x00007ff92f377000 	C:\WINDOWS\System32\SHCORE.dll
0x00007ff92d430000 - 0x00007ff92d496000 	C:\WINDOWS\System32\shlwapi.dll
0x00007ff92bbb0000 - 0x00007ff92bbd9000 	C:\WINDOWS\SYSTEM32\profapi.dll
0x00007ff8981c0000 - 0x00007ff8981d8000 	C:\Program Files\Eclipse Adoptium\jdk-17.0.17.10-hotspot\bin\zip.dll
0x00007ff899770000 - 0x00007ff89978a000 	C:\Program Files\Eclipse Adoptium\jdk-17.0.17.10-hotspot\bin\net.dll
0x00007ff924e60000 - 0x00007ff924f8d000 	C:\WINDOWS\SYSTEM32\WINHTTP.dll
0x00007ff92af90000 - 0x00007ff92affc000 	C:\WINDOWS\system32\mswsock.dll
0x00007ff8981e0000 - 0x00007ff8981f6000 	C:\Program Files\Eclipse Adoptium\jdk-17.0.17.10-hotspot\bin\nio.dll
0x00007ff927250000 - 0x00007ff927260000 	C:\Program Files\Eclipse Adoptium\jdk-17.0.17.10-hotspot\bin\verify.dll
0x00007ff8ee3c0000 - 0x00007ff8ee3e7000 	C:\Users\asepr\.gradle\native\1def1411415f61bf3af743bc5b6707747c0891f09f0c88961ee8f79bc544acac\windows-amd64\native-platform.dll
0x00007ff8ee0d0000 - 0x00007ff8ee147000 	C:\Users\asepr\.gradle\native\0.2.8\x86_64-windows-gnu\gradle-fileevents.dll
0x00007ff90d1f0000 - 0x00007ff90d1fa000 	C:\Program Files\Eclipse Adoptium\jdk-17.0.17.10-hotspot\bin\management.dll
0x00007ff90d1e0000 - 0x00007ff90d1ec000 	C:\Program Files\Eclipse Adoptium\jdk-17.0.17.10-hotspot\bin\management_ext.dll
0x00007ff92dbb0000 - 0x00007ff92dbb8000 	C:\WINDOWS\System32\PSAPI.DLL
0x00007ff92a300000 - 0x00007ff92a332000 	C:\WINDOWS\SYSTEM32\IPHLPAPI.DLL
0x00007ff92d4a0000 - 0x00007ff92d4aa000 	C:\WINDOWS\System32\NSI.dll
0x00007ff925450000 - 0x00007ff92546d000 	C:\WINDOWS\SYSTEM32\dhcpcsvc6.DLL
0x00007ff925110000 - 0x00007ff925135000 	C:\WINDOWS\SYSTEM32\dhcpcsvc.DLL
0x00007ff92a470000 - 0x00007ff92a5a2000 	C:\WINDOWS\SYSTEM32\DNSAPI.dll
0x00007ff8cf4e0000 - 0x00007ff8cf4e9000 	C:\Program Files\Eclipse Adoptium\jdk-17.0.17.10-hotspot\bin\extnet.dll
0x00007ff92b280000 - 0x00007ff92b29b000 	C:\WINDOWS\SYSTEM32\CRYPTSP.dll
0x00007ff92a9a0000 - 0x00007ff92a9d9000 	C:\WINDOWS\system32\rsaenh.dll
0x00007ff92b040000 - 0x00007ff92b073000 	C:\WINDOWS\SYSTEM32\USERENV.dll
0x00007ff92bb80000 - 0x00007ff92bbaa000 	C:\WINDOWS\SYSTEM32\bcrypt.dll
0x00007ff92b270000 - 0x00007ff92b27c000 	C:\WINDOWS\SYSTEM32\CRYPTBASE.dll
0x00007ff9087e0000 - 0x00007ff9087ee000 	C:\Program Files\Eclipse Adoptium\jdk-17.0.17.10-hotspot\bin\sunmscapi.dll
0x00007ff92c650000 - 0x00007ff92c7c7000 	C:\WINDOWS\System32\CRYPT32.dll
0x00007ff92b490000 - 0x00007ff92b4c0000 	C:\WINDOWS\SYSTEM32\ncrypt.dll
0x00007ff92b440000 - 0x00007ff92b47f000 	C:\WINDOWS\SYSTEM32\NTASN1.dll
0x00007ff8ec440000 - 0x00007ff8ec448000 	C:\WINDOWS\system32\wshunix.dll
0x00007ff92ab40000 - 0x00007ff92ab76000 	C:\WINDOWS\SYSTEM32\ntmarta.dll
0x00007ff927330000 - 0x00007ff927337000 	C:\Program Files\Eclipse Adoptium\jdk-17.0.17.10-hotspot\bin\rmi.dll
0x00007ff88e9f0000 - 0x00007ff88eb81000 	C:\Program Files\Eclipse Adoptium\jdk-17.0.17.10-hotspot\bin\awt.dll
0x00007ff928f20000 - 0x00007ff928fbf000 	C:\WINDOWS\SYSTEM32\apphelp.dll
0x00007ff929180000 - 0x00007ff929229000 	C:\WINDOWS\system32\uxtheme.dll
0x00007ff92d150000 - 0x00007ff92d2ac000 	C:\WINDOWS\System32\MSCTF.dll
0x00007ff92dcf0000 - 0x00007ff92de87000 	C:\WINDOWS\System32\ole32.dll
0x00007ff929440000 - 0x00007ff92946f000 	C:\WINDOWS\system32\DWMAPI.DLL

dbghelp: loaded successfully - version: 4.0.5 - missing functions: none
symbol engine: initialized successfully - sym options: 0x614 - pdb path: .;C:\Program Files\Eclipse Adoptium\jdk-17.0.17.10-hotspot\bin;C:\WINDOWS\SYSTEM32;C:\WINDOWS\WinSxS\amd64_microsoft.windows.common-controls_6595b64144ccf1df_6.0.26100.8115_none_3e075c82e3354f9c;C:\Program Files\Eclipse Adoptium\jdk-17.0.17.10-hotspot\bin\server;C:\Users\asepr\.gradle\native\1def1411415f61bf3af743bc5b6707747c0891f09f0c88961ee8f79bc544acac\windows-amd64;C:\Users\asepr\.gradle\native\0.2.8\x86_64-windows-gnu

VM Arguments:
jvm_args: --add-opens=java.base/java.lang=ALL-UNNAMED --add-opens=java.base/java.lang.invoke=ALL-UNNAMED --add-opens=java.base/java.util=ALL-UNNAMED --add-opens=java.prefs/java.util.prefs=ALL-UNNAMED --add-exports=jdk.compiler/com.sun.tools.javac.api=ALL-UNNAMED --add-exports=jdk.compiler/com.sun.tools.javac.util=ALL-UNNAMED --add-opens=java.base/java.util=ALL-UNNAMED --add-opens=java.prefs/java.util.prefs=ALL-UNNAMED --add-opens=java.base/java.nio.charset=ALL-UNNAMED --add-opens=java.base/java.net=ALL-UNNAMED --add-opens=java.base/java.util.concurrent=ALL-UNNAMED --add-opens=java.base/java.util.concurrent.atomic=ALL-UNNAMED --add-opens=java.xml/javax.xml.namespace=ALL-UNNAMED -XX:MaxMetaspaceSize=512m -Xmx2048m -Dfile.encoding=windows-1252 -Duser.country=ID -Duser.language=en -Duser.variant -javaagent:C:\Users\asepr\.gradle\wrapper\dists\gradle-9.0.0-bin\d6wjpkvcgsg3oed0qlfss3wgl\gradle-9.0.0\lib\agents\gradle-instrumentation-agent-9.0.0.jar 
java_command: org.gradle.launcher.daemon.bootstrap.GradleDaemon 9.0.0
java_class_path (initial): C:\Users\asepr\.gradle\wrapper\dists\gradle-9.0.0-bin\d6wjpkvcgsg3oed0qlfss3wgl\gradle-9.0.0\lib\gradle-daemon-main-9.0.0.jar
Launcher Type: SUN_STANDARD

[Global flags]
     intx CICompilerCount                          = 4                                         {product} {ergonomic}
   size_t CompressedClassSpaceSize                 = 436207616                                 {product} {ergonomic}
     uint ConcGCThreads                            = 3                                         {product} {ergonomic}
     uint G1ConcRefinementThreads                  = 10                                        {product} {ergonomic}
   size_t G1HeapRegionSize                         = 1048576                                   {product} {ergonomic}
    uintx GCDrainStackTargetSize                   = 64                                        {product} {ergonomic}
   size_t InitialHeapSize                          = 98566144                                  {product} {ergonomic}
   size_t MarkStackSize                            = 4194304                                   {product} {ergonomic}
   size_t MaxHeapSize                              = 2147483648                                {product} {command line}
   size_t MaxMetaspaceSize                         = 536870912                                 {product} {command line}
   size_t MaxNewSize                               = 1287651328                                {product} {ergonomic}
   size_t MinHeapDeltaBytes                        = 1048576                                   {product} {ergonomic}
   size_t MinHeapSize                              = 8388608                                   {product} {ergonomic}
    uintx NonNMethodCodeHeapSize                   = 5839372                                {pd product} {ergonomic}
    uintx NonProfiledCodeHeapSize                  = 122909434                              {pd product} {ergonomic}
    uintx ProfiledCodeHeapSize                     = 122909434                              {pd product} {ergonomic}
    uintx ReservedCodeCacheSize                    = 251658240                              {pd product} {ergonomic}
     bool SegmentedCodeCache                       = true                                      {product} {ergonomic}
   size_t SoftMaxHeapSize                          = 2147483648                             {manageable} {ergonomic}
     bool UseCompressedClassPointers               = true                           {product lp64_product} {ergonomic}
     bool UseCompressedOops                        = true                           {product lp64_product} {ergonomic}
     bool UseG1GC                                  = true                                      {product} {ergonomic}
     bool UseLargePagesIndividualAllocation        = false                                  {pd product} {ergonomic}

Logging:
Log output configuration:
 #0: stdout all=warning uptime,level,tags
 #1: stderr all=off uptime,level,tags

Environment Variables:
JAVA_HOME=C:\Program Files\Eclipse Adoptium\jdk-17.0.17.10-hotspot
PATH=C:\Users\asepr\bin;C:\Program Files\Git\mingw64\bin;C:\Program Files\Git\usr\local\bin;C:\Program Files\Git\usr\bin;C:\Program Files\Git\usr\bin;C:\Program Files\Git\mingw64\bin;C:\Program Files\Git\usr\bin;C:\Users\asepr\bin;C:\Users\asepr\AppData\Roaming\Code\User\globalStorage\github.copilot-chat\debugCommand;C:\Users\asepr\AppData\Roaming\Code\User\globalStorage\github.copilot-chat\copilotCli;C:\Users\asepr\AppData\Local\Programs\Microsoft VS Code;C:\Program Files\Eclipse Adoptium\jdk-17.0.17.10-hotspot\bin;C:\WINDOWS\system32;C:\WINDOWS;C:\WINDOWS\System32\Wbem;C:\WINDOWS\System32\WindowsPowerShell\v1.0;C:\WINDOWS\System32\OpenSSH;C:\Program Files\Git\cmd;C:\Program Files\Redis;C:\xampp\php;C:\Program Files\apache-maven-3.8.3\bin;C:\instantclient_21_3;C:\curl-7.81.0-win64-mingw\bin;C:\Program Files\Go\bin;C:\ProgramData\ComposerSetup\bin;C:\Program Files\PuTTY;C:\Program Files\nodejs;%JAVA_HOME%\bin;C:\Android\platform-tools;C:\WINDOWS\system32;C:\WINDOWS;C:\WINDOWS\System32\Wbem;C:\WINDOWS\System32\WindowsPowerShell\v1.0;C:\WINDOWS\System32\OpenSSH;C:\Program Files\Git\cmd;C:\Program Files\Redis;C:\xampp\php;C:\Program Files\apache-maven-3.8.3\bin;C:\instantclient_21_3;C:\curl-7.81.0-win64-mingw\bin;C:\Program Files\Go\bin;C:\ProgramData\ComposerSetup\bin;C:\Program Files\PuTTY;C:\Program Files\Docker\Docker\resources\bin;C:\Program Files\nodejs;C:\Program Files\dotnet;C:\;C:\Users\asepr\AppData\Local\Programs\Microsoft VS Code\bin;C:\Users\asepr\AppData\Local\Microsoft\WindowsApps;C:\Users\asepr\.dotnet\tools;C:\Program Files\Git\usr\bin\vendor_perl;C:\Program Files\Git\usr\bin\core_perl
USERNAME=asepr
SHELL=C:\Program Files\Git\usr\bin\bash.exe
DISPLAY=needs-to-be-defined
LANG=en_US.UTF-8
TERM=xterm-256color
TMPDIR=C:\Users\asepr\AppData\Local\Temp
OS=Windows_NT
PROCESSOR_IDENTIFIER=AMD64 Family 23 Model 104 Stepping 1, AuthenticAMD
TMP=C:\Users\asepr\AppData\Local\Temp
TEMP=C:\Users\asepr\AppData\Local\Temp



Periodic native trim disabled


---------------  S Y S T E M  ---------------

OS:
 Windows 11 , 64 bit Build 26100 (10.0.26100.8115)
OS uptime: 0 days 12:45 hours
Hyper-V role detected

CPU: total 12 (initial active 12) (12 cores per cpu, 2 threads per core) family 23 model 104 stepping 1 microcode 0x8608103, cx8, cmov, fxsr, ht, mmx, 3dnowpref, sse, sse2, sse3, ssse3, sse4a, sse4.1, sse4.2, popcnt, lzcnt, tsc, tscinvbit, avx, avx2, aes, clmul, bmi1, bmi2, adx, sha, fma, vzeroupper, clflush, clflushopt, hv
Processor Information for all 12 processors :
  Max Mhz: 2100, Current Mhz: 2100, Mhz Limit: 2100

Memory: 4k page, system-wide physical 6005M (158M free)
TotalPageFile size 24437M (AvailPageFile size 0M)
current process WorkingSet (physical memory assigned to process): 399M, peak: 874M
current process commit charge ("private bytes"): 1796M, peak: 1995M

vm_info: OpenJDK 64-Bit Server VM (17.0.17+10) for windows-amd64 JRE (17.0.17+10), built on Oct 21 2025 23:25:32 by "admin" with unknown MS VC++:1942

END.
