#
# There is insufficient memory for the Java Runtime Environment to continue.
# Native memory allocation (malloc) failed to allocate 2658320 bytes. Error detail: Chunk::new
# Possible reasons:
#   The system is out of physical RAM or swap space
#   This process is running with CompressedOops enabled, and the Java Heap may be blocking the growth of the native heap
# Possible solutions:
#   Reduce memory load on the system
#   Increase physical memory or swap space
#   Check if swap backing store is full
#   Decrease Java heap size (-Xmx/-Xms)
#   Decrease number of Java threads
#   Decrease Java thread stack sizes (-Xss)
#   Set larger code cache with -XX:ReservedCodeCacheSize=
#   JVM is running with Unscaled Compressed Oops mode in which the Java heap is
#     placed in the first 4GB address space. The Java Heap base address is the
#     maximum limit for the native heap growth. Please use -XX:HeapBaseMinAddress
#     to set the Java Heap base and to place the Java Heap above 4GB virtual address.
# This output file may be truncated or incomplete.
#
#  Out of Memory Error (arena.cpp:191), pid=20156, tid=26292
#
# JRE version: OpenJDK Runtime Environment Temurin-17.0.17+10 (17.0.17+10) (build 17.0.17+10)
# Java VM: OpenJDK 64-Bit Server VM Temurin-17.0.17+10 (17.0.17+10, mixed mode, sharing, tiered, compressed oops, compressed class ptrs, g1 gc, windows-amd64)
# No core dump will be written. Minidumps are not enabled by default on client versions of Windows
#

---------------  S U M M A R Y ------------

Command Line: --add-opens=java.base/java.lang=ALL-UNNAMED --add-opens=java.base/java.lang.invoke=ALL-UNNAMED --add-opens=java.base/java.util=ALL-UNNAMED --add-opens=java.prefs/java.util.prefs=ALL-UNNAMED --add-exports=jdk.compiler/com.sun.tools.javac.api=ALL-UNNAMED --add-exports=jdk.compiler/com.sun.tools.javac.util=ALL-UNNAMED --add-opens=java.base/java.util=ALL-UNNAMED --add-opens=java.prefs/java.util.prefs=ALL-UNNAMED --add-opens=java.base/java.nio.charset=ALL-UNNAMED --add-opens=java.base/java.net=ALL-UNNAMED --add-opens=java.base/java.util.concurrent=ALL-UNNAMED --add-opens=java.base/java.util.concurrent.atomic=ALL-UNNAMED --add-opens=java.xml/javax.xml.namespace=ALL-UNNAMED -XX:MaxMetaspaceSize=512m -Xmx2048m -Dfile.encoding=windows-1252 -Duser.country=ID -Duser.language=en -Duser.variant -javaagent:C:\Users\asepr\.gradle\wrapper\dists\gradle-9.0.0-bin\d6wjpkvcgsg3oed0qlfss3wgl\gradle-9.0.0\lib\agents\gradle-instrumentation-agent-9.0.0.jar org.gradle.launcher.daemon.bootstrap.GradleDaemon 9.0.0

Host: AMD Ryzen 5 5500U with Radeon Graphics         , 12 cores, 5G,  Windows 11 , 64 bit Build 26100 (10.0.26100.8115)
Time: Mon Apr  6 18:43:06 2026 SE Asia Standard Time elapsed time: 125.449741 seconds (0d 0h 2m 5s)

---------------  T H R E A D  ---------------

Current thread (0x000002a45f8c4820):  JavaThread "C2 CompilerThread0" daemon [_thread_in_native, id=26292, stack(0x000000f4a3500000,0x000000f4a3600000)]


Current CompileTask:
C2:125449 18925   !   4       org.gradle.api.internal.artifacts.ivyservice.resolveengine.artifact.VariantResolvingArtifactSet::select (178 bytes)

Stack: [0x000000f4a3500000,0x000000f4a3600000]
Native frames: (J=compiled Java code, j=interpreted, Vv=VM code, C=native code)
V  [jvm.dll+0x683fb9]
V  [jvm.dll+0x83a1b5]
V  [jvm.dll+0x83bc2e]
V  [jvm.dll+0x83c2b3]
V  [jvm.dll+0x248eff]
V  [jvm.dll+0xad496]
V  [jvm.dll+0xadb3c]
V  [jvm.dll+0x368a3e]
V  [jvm.dll+0x1bc1ef]
V  [jvm.dll+0x219f10]
V  [jvm.dll+0x219200]
V  [jvm.dll+0x1a4920]
V  [jvm.dll+0x22989a]
V  [jvm.dll+0x227a4b]
V  [jvm.dll+0x7effb8]
V  [jvm.dll+0x7ea44c]
V  [jvm.dll+0x682e87]
C  [ucrtbase.dll+0x37b0]
C  [KERNEL32.DLL+0x2e8d7]
C  [ntdll.dll+0x8c3fc]


---------------  P R O C E S S  ---------------

Threads class SMR info:
_java_thread_list=0x000002a402594f10, length=196, elements={
0x000002a440fa4bc0, 0x000002a45f8a32f0, 0x000002a45f8a3dc0, 0x000002a45f8bdce0,
0x000002a45f8c09c0, 0x000002a45f8c32a0, 0x000002a45f8c3b70, 0x000002a45f8c4820,
0x000002a45f8c57f0, 0x000002a45f8cc130, 0x000002a45fae1550, 0x000002a45fc85cb0,
0x000002a400c85b90, 0x000002a400cf8180, 0x000002a45fa69910, 0x000002a45fadc030,
0x000002a4000a7230, 0x000002a400431410, 0x000002a40042fac0, 0x000002a4004309f0,
0x000002a40042dc60, 0x000002a40042f5b0, 0x000002a40042e170, 0x000002a40042eb90,
0x000002a40042ffd0, 0x000002a40042e680, 0x000002a40042f0a0, 0x000002a4004304e0,
0x000002a400430f00, 0x000002a401663900, 0x000002a401664d40, 0x000002a401666180,
0x000002a401665250, 0x000002a401665c70, 0x000002a401666ba0, 0x000002a4016633f0,
0x000002a4016670b0, 0x000002a4016675c0, 0x000002a401663e10, 0x000002a401667ad0,
0x000002a401667fe0, 0x000002a4016684f0, 0x000002a401668a00, 0x000002a401668f10,
0x000002a401669420, 0x000002a401669930, 0x000002a401669e40, 0x000002a401666690,
0x000002a40166a860, 0x000002a40166a350, 0x000002a4021c7060, 0x000002a4021c7f90,
0x000002a4021c93d0, 0x000002a4021ca300, 0x000002a4021c98e0, 0x000002a4021c7570,
0x000002a4021c84a0, 0x000002a4021c6b50, 0x000002a4021c9df0, 0x000002a4021ca810,
0x000002a4021cad20, 0x000002a4021c8ec0, 0x000002a4021cb230, 0x000002a4021c7a80,
0x000002a4021cb740, 0x000002a4021cbc50, 0x000002a4021cc160, 0x000002a4021c89b0,
0x000002a4021cc670, 0x000002a4021ccb80, 0x000002a4021cd090, 0x000002a4021cd5a0,
0x000002a4021cdab0, 0x000002a4021cdfc0, 0x000002a4021ce4d0, 0x000002a402f63e10,
0x000002a402f629d0, 0x000002a402f64d40, 0x000002a402f65250, 0x000002a402f61aa0,
0x000002a402f64830, 0x000002a402f633f0, 0x000002a402f65760, 0x000002a402f61fb0,
0x000002a402f65c70, 0x000002a402f624c0, 0x000002a402f675c0, 0x000002a402f684f0,
0x000002a402f67fe0, 0x000002a402f66180, 0x000002a402f66ba0, 0x000002a404792ed0,
0x000002a404790b60, 0x000002a404791a90, 0x000002a4047929c0, 0x000002a404791070,
0x000002a4047933e0, 0x000002a404791580, 0x000002a404790650, 0x000002a404791fa0,
0x000002a4047924b0, 0x000002a4047938f0, 0x000002a404790140, 0x000002a404796170,
0x000002a4047975b0, 0x000002a404796680, 0x000002a404795750, 0x000002a4047970a0,
0x000002a404795c60, 0x000002a404796b90, 0x000002a404793e00, 0x000002a404795240,
0x000002a404797ac0, 0x000002a404794d30, 0x000002a404794310, 0x000002a404794820,
0x000002a405da1540, 0x000002a405d9ecc0, 0x000002a405d9f1d0, 0x000002a405da1a50,
0x000002a405d9f6e0, 0x000002a405d9e2a0, 0x000002a405d9fbf0, 0x000002a405da1f60,
0x000002a405da0610, 0x000002a405da0100, 0x000002a405da0b20, 0x000002a405d9e7b0,
0x000002a405da5200, 0x000002a405da5c20, 0x000002a405da5710, 0x000002a405da2470,
0x000002a405da2980, 0x000002a405da2e90, 0x000002a405da47e0, 0x000002a405da33a0,
0x000002a405da38b0, 0x000002a405da3dc0, 0x000002a405da42d0, 0x000002a405da4cf0,
0x000002a403be37c0, 0x000002a403be6040, 0x000002a403be46f0, 0x000002a403be5110,
0x000002a403be4c00, 0x000002a403be32b0, 0x000002a403be5620, 0x000002a403be41e0,
0x000002a403be5b30, 0x000002a403be6550, 0x000002a403be3cd0, 0x000002a403be2890,
0x000002a403be2da0, 0x000002a403be9d00, 0x000002a403be92e0, 0x000002a403be8dd0,
0x000002a403be7990, 0x000002a403bea210, 0x000002a403be83b0, 0x000002a403be97f0,
0x000002a403be6a60, 0x000002a403be6f70, 0x000002a403be7ea0, 0x000002a403be7480,
0x000002a403be88c0, 0x000002a4027764e0, 0x000002a402777e30, 0x000002a402775ac0,
0x000002a402777920, 0x000002a4027769f0, 0x000002a402778340, 0x000002a402776f00,
0x000002a402778850, 0x000002a4027750a0, 0x000002a4027755b0, 0x000002a402777410,
0x000002a402778d60, 0x000002a402779270, 0x000002a402779780, 0x000002a402775fd0,
0x000002a40277b5e0, 0x000002a40277b0d0, 0x000002a40277abc0, 0x000002a40277baf0,
0x000002a40277a6b0, 0x000002a40277c000, 0x000002a402779c90, 0x000002a403ac3dc0,
0x000002a403ac5c20, 0x000002a403ac6b50, 0x000002a403ac89b0, 0x000002a403ac7570,
0x000002a403ac7f90, 0x000002a402f68a00, 0x000002a405a0e5b0, 0x000002a401448b90
}

Java Threads: ( => current thread )
  0x000002a440fa4bc0 JavaThread "main" [_thread_blocked, id=21732, stack(0x000000f4a2800000,0x000000f4a2900000)]
  0x000002a45f8a32f0 JavaThread "Reference Handler" daemon [_thread_blocked, id=25124, stack(0x000000f4a2f00000,0x000000f4a3000000)]
  0x000002a45f8a3dc0 JavaThread "Finalizer" daemon [_thread_blocked, id=24544, stack(0x000000f4a3000000,0x000000f4a3100000)]
  0x000002a45f8bdce0 JavaThread "Signal Dispatcher" daemon [_thread_blocked, id=23304, stack(0x000000f4a3100000,0x000000f4a3200000)]
  0x000002a45f8c09c0 JavaThread "Attach Listener" daemon [_thread_blocked, id=23364, stack(0x000000f4a3200000,0x000000f4a3300000)]
  0x000002a45f8c32a0 JavaThread "Service Thread" daemon [_thread_blocked, id=6376, stack(0x000000f4a3300000,0x000000f4a3400000)]
  0x000002a45f8c3b70 JavaThread "Monitor Deflation Thread" daemon [_thread_blocked, id=10672, stack(0x000000f4a3400000,0x000000f4a3500000)]
=>0x000002a45f8c4820 JavaThread "C2 CompilerThread0" daemon [_thread_in_native, id=26292, stack(0x000000f4a3500000,0x000000f4a3600000)]
  0x000002a45f8c57f0 JavaThread "C1 CompilerThread0" daemon [_thread_blocked, id=24904, stack(0x000000f4a3600000,0x000000f4a3700000)]
  0x000002a45f8cc130 JavaThread "Sweeper thread" daemon [_thread_blocked, id=5300, stack(0x000000f4a3700000,0x000000f4a3800000)]
  0x000002a45fae1550 JavaThread "Common-Cleaner" daemon [_thread_blocked, id=23728, stack(0x000000f4a3800000,0x000000f4a3900000)]
  0x000002a45fc85cb0 JavaThread "Notification Thread" daemon [_thread_blocked, id=20564, stack(0x000000f4a3900000,0x000000f4a3a00000)]
  0x000002a400c85b90 JavaThread "Daemon health stats" [_thread_blocked, id=13868, stack(0x000000f4a3f00000,0x000000f4a4000000)]
  0x000002a400cf8180 JavaThread "Incoming local TCP Connector on port 58971" [_thread_in_native, id=5944, stack(0x000000f4a4000000,0x000000f4a4100000)]
  0x000002a45fa69910 JavaThread "Daemon periodic checks" [_thread_blocked, id=22896, stack(0x000000f4a4100000,0x000000f4a4200000)]
  0x000002a45fadc030 JavaThread "Daemon" [_thread_blocked, id=17076, stack(0x000000f4a4200000,0x000000f4a4300000)]
  0x000002a4000a7230 JavaThread "Handler for socket connection from /127.0.0.1:58971 to /127.0.0.1:54724" [_thread_in_native, id=17360, stack(0x000000f4a4300000,0x000000f4a4400000)]
  0x000002a400431410 JavaThread "Cancel handler" [_thread_blocked, id=12784, stack(0x000000f4a4400000,0x000000f4a4500000)]
  0x000002a40042fac0 JavaThread "Daemon worker" [_thread_blocked, id=18300, stack(0x000000f4a4500000,0x000000f4a4600000)]
  0x000002a4004309f0 JavaThread "Asynchronous log dispatcher for DefaultDaemonConnection: socket connection from /127.0.0.1:58971 to /127.0.0.1:54724" [_thread_blocked, id=15780, stack(0x000000f4a4600000,0x000000f4a4700000)]
  0x000002a40042dc60 JavaThread "Stdin handler" [_thread_blocked, id=19388, stack(0x000000f4a4700000,0x000000f4a4800000)]
  0x000002a40042f5b0 JavaThread "Daemon client event forwarder" [_thread_blocked, id=23332, stack(0x000000f4a4800000,0x000000f4a4900000)]
  0x000002a40042e170 JavaThread "Cache worker for journal cache (C:\Users\asepr\.gradle\caches\journal-1)" [_thread_blocked, id=23536, stack(0x000000f4a4e00000,0x000000f4a4f00000)]
  0x000002a40042eb90 JavaThread "File lock request listener" [_thread_in_native, id=12284, stack(0x000000f4a4f00000,0x000000f4a5000000)]
  0x000002a40042ffd0 JavaThread "Cache worker for file hash cache (C:\Users\asepr\.gradle\caches\9.0.0\fileHashes)" [_thread_blocked, id=24480, stack(0x000000f4a5000000,0x000000f4a5100000)]
  0x000002a40042e680 JavaThread "Cache worker for file hash cache (C:\Users\asepr\mobile-app\mobile\android\.gradle\9.0.0\fileHashes)" [_thread_in_Java, id=23360, stack(0x000000f4a5400000,0x000000f4a5500000)]
  0x000002a40042f0a0 JavaThread "Cache worker for Build Output Cleanup Cache (C:\Users\asepr\mobile-app\mobile\android\.gradle\buildOutputCleanup)" [_thread_blocked, id=23912, stack(0x000000f4a5500000,0x000000f4a5600000)]
  0x000002a4004304e0 JavaThread "File watcher server" daemon [_thread_in_native, id=9252, stack(0x000000f4a5600000,0x000000f4a5700000)]
  0x000002a400430f00 JavaThread "File watcher consumer" daemon [_thread_blocked, id=26328, stack(0x000000f4a5700000,0x000000f4a5800000)]
  0x000002a401663900 JavaThread "Cache worker for checksums cache (C:\Users\asepr\mobile-app\mobile\android\.gradle\9.0.0\checksums)" [_thread_blocked, id=24972, stack(0x000000f4a5300000,0x000000f4a5400000)]
  0x000002a401664d40 JavaThread "Cache worker for file content cache (C:\Users\asepr\.gradle\caches\9.0.0\fileContent)" [_thread_blocked, id=24024, stack(0x000000f4a5800000,0x000000f4a5900000)]
  0x000002a401666180 JavaThread "Cache worker for cache directory md-supplier (C:\Users\asepr\.gradle\caches\9.0.0\md-supplier)" [_thread_blocked, id=9944, stack(0x000000f4a5900000,0x000000f4a5a00000)]
  0x000002a401665250 JavaThread "Cache worker for cache directory md-rule (C:\Users\asepr\.gradle\caches\9.0.0\md-rule)" [_thread_blocked, id=12896, stack(0x000000f4a5b00000,0x000000f4a5c00000)]
  0x000002a401665c70 JavaThread "jar transforms" [_thread_blocked, id=20004, stack(0x000000f4a5e00000,0x000000f4a5f00000)]
  0x000002a401666ba0 JavaThread "Cache worker for Build Output Cleanup Cache (C:\Users\asepr\mobile-app\mobile\node_modules\@react-native\gradle-plugin\.gradle\buildOutputCleanup)" [_thread_blocked, id=19920, stack(0x000000f4a5f00000,0x000000f4a6000000)]
  0x000002a4016633f0 JavaThread "Unconstrained build operations" [_thread_blocked, id=26528, stack(0x000000f4a6000000,0x000000f4a6100000)]
  0x000002a4016670b0 JavaThread "Unconstrained build operations Thread 2" [_thread_blocked, id=23760, stack(0x000000f4a6100000,0x000000f4a6200000)]
  0x000002a4016675c0 JavaThread "Unconstrained build operations Thread 3" [_thread_blocked, id=9344, stack(0x000000f4a5a00000,0x000000f4a5b00000)]
  0x000002a401663e10 JavaThread "Unconstrained build operations Thread 4" [_thread_blocked, id=2888, stack(0x000000f4a6200000,0x000000f4a6300000)]
  0x000002a401667ad0 JavaThread "Unconstrained build operations Thread 5" [_thread_blocked, id=21560, stack(0x000000f4a6400000,0x000000f4a6500000)]
  0x000002a401667fe0 JavaThread "Unconstrained build operations Thread 6" [_thread_blocked, id=23720, stack(0x000000f4a6500000,0x000000f4a6600000)]
  0x000002a4016684f0 JavaThread "Unconstrained build operations Thread 7" [_thread_blocked, id=21992, stack(0x000000f4a6600000,0x000000f4a6700000)]
  0x000002a401668a00 JavaThread "Unconstrained build operations Thread 8" [_thread_blocked, id=22668, stack(0x000000f4a6700000,0x000000f4a6800000)]
  0x000002a401668f10 JavaThread "Unconstrained build operations Thread 9" [_thread_blocked, id=20880, stack(0x000000f4a6800000,0x000000f4a6900000)]
  0x000002a401669420 JavaThread "Unconstrained build operations Thread 10" [_thread_blocked, id=24288, stack(0x000000f4a6900000,0x000000f4a6a00000)]
  0x000002a401669930 JavaThread "Unconstrained build operations Thread 11" [_thread_blocked, id=21972, stack(0x000000f4a6a00000,0x000000f4a6b00000)]
  0x000002a401669e40 JavaThread "Unconstrained build operations Thread 12" [_thread_blocked, id=5588, stack(0x000000f4a6b00000,0x000000f4a6c00000)]
  0x000002a401666690 JavaThread "Unconstrained build operations Thread 13" [_thread_blocked, id=6596, stack(0x000000f4a6c00000,0x000000f4a6d00000)]
  0x000002a40166a860 JavaThread "Unconstrained build operations Thread 14" [_thread_blocked, id=9124, stack(0x000000f4a6d00000,0x000000f4a6e00000)]
  0x000002a40166a350 JavaThread "Unconstrained build operations Thread 15" [_thread_blocked, id=17560, stack(0x000000f4a6e00000,0x000000f4a6f00000)]
  0x000002a4021c7060 JavaThread "Unconstrained build operations Thread 16" [_thread_blocked, id=4612, stack(0x000000f4a6f00000,0x000000f4a7000000)]
  0x000002a4021c7f90 JavaThread "Unconstrained build operations Thread 17" [_thread_blocked, id=26412, stack(0x000000f4a7000000,0x000000f4a7100000)]
  0x000002a4021c93d0 JavaThread "Unconstrained build operations Thread 18" [_thread_blocked, id=26512, stack(0x000000f4a7100000,0x000000f4a7200000)]
  0x000002a4021ca300 JavaThread "Unconstrained build operations Thread 19" [_thread_blocked, id=23252, stack(0x000000f4a7200000,0x000000f4a7300000)]
  0x000002a4021c98e0 JavaThread "Unconstrained build operations Thread 20" [_thread_blocked, id=22816, stack(0x000000f4a7300000,0x000000f4a7400000)]
  0x000002a4021c7570 JavaThread "Unconstrained build operations Thread 21" [_thread_blocked, id=24708, stack(0x000000f4a7400000,0x000000f4a7500000)]
  0x000002a4021c84a0 JavaThread "Unconstrained build operations Thread 22" [_thread_blocked, id=26564, stack(0x000000f4a7500000,0x000000f4a7600000)]
  0x000002a4021c6b50 JavaThread "Unconstrained build operations Thread 23" [_thread_blocked, id=20716, stack(0x000000f4a7600000,0x000000f4a7700000)]
  0x000002a4021c9df0 JavaThread "Unconstrained build operations Thread 24" [_thread_blocked, id=22976, stack(0x000000f4a7700000,0x000000f4a7800000)]
  0x000002a4021ca810 JavaThread "Unconstrained build operations Thread 25" [_thread_blocked, id=21496, stack(0x000000f4a7800000,0x000000f4a7900000)]
  0x000002a4021cad20 JavaThread "Unconstrained build operations Thread 26" [_thread_blocked, id=23896, stack(0x000000f4a7900000,0x000000f4a7a00000)]
  0x000002a4021c8ec0 JavaThread "Unconstrained build operations Thread 27" [_thread_blocked, id=13864, stack(0x000000f4a7a00000,0x000000f4a7b00000)]
  0x000002a4021cb230 JavaThread "Unconstrained build operations Thread 28" [_thread_blocked, id=13152, stack(0x000000f4a7b00000,0x000000f4a7c00000)]
  0x000002a4021c7a80 JavaThread "Unconstrained build operations Thread 29" [_thread_blocked, id=22284, stack(0x000000f4a7c00000,0x000000f4a7d00000)]
  0x000002a4021cb740 JavaThread "Unconstrained build operations Thread 30" [_thread_blocked, id=5508, stack(0x000000f4a7d00000,0x000000f4a7e00000)]
  0x000002a4021cbc50 JavaThread "Unconstrained build operations Thread 31" [_thread_blocked, id=14844, stack(0x000000f4a7e00000,0x000000f4a7f00000)]
  0x000002a4021cc160 JavaThread "Unconstrained build operations Thread 32" [_thread_blocked, id=24432, stack(0x000000f4a7f00000,0x000000f4a8000000)]
  0x000002a4021c89b0 JavaThread "Unconstrained build operations Thread 33" [_thread_blocked, id=8392, stack(0x000000f4a8000000,0x000000f4a8100000)]
  0x000002a4021cc670 JavaThread "Unconstrained build operations Thread 34" [_thread_blocked, id=24740, stack(0x000000f4a8100000,0x000000f4a8200000)]
  0x000002a4021ccb80 JavaThread "Unconstrained build operations Thread 35" [_thread_blocked, id=18296, stack(0x000000f4a8200000,0x000000f4a8300000)]
  0x000002a4021cd090 JavaThread "Unconstrained build operations Thread 36" [_thread_blocked, id=22812, stack(0x000000f4a8300000,0x000000f4a8400000)]
  0x000002a4021cd5a0 JavaThread "Unconstrained build operations Thread 37" [_thread_blocked, id=19320, stack(0x000000f4a8400000,0x000000f4a8500000)]
  0x000002a4021cdab0 JavaThread "Unconstrained build operations Thread 38" [_thread_blocked, id=2716, stack(0x000000f4a8500000,0x000000f4a8600000)]
  0x000002a4021cdfc0 JavaThread "Unconstrained build operations Thread 39" [_thread_blocked, id=26036, stack(0x000000f4a8600000,0x000000f4a8700000)]
  0x000002a4021ce4d0 JavaThread "build event listener" [_thread_blocked, id=25608, stack(0x000000f4a6300000,0x000000f4a6400000)]
  0x000002a402f63e10 JavaThread "Memory manager" [_thread_blocked, id=3820, stack(0x000000f4a8900000,0x000000f4a8a00000)]
  0x000002a402f629d0 JavaThread "ForkJoinPool.commonPool-worker-1" daemon [_thread_blocked, id=24120, stack(0x000000f4a8b00000,0x000000f4a8c00000)]
  0x000002a402f64d40 JavaThread "ForkJoinPool.commonPool-worker-2" daemon [_thread_blocked, id=17764, stack(0x000000f4a8c00000,0x000000f4a8d00000)]
  0x000002a402f65250 JavaThread "ForkJoinPool.commonPool-worker-3" daemon [_thread_blocked, id=25100, stack(0x000000f4a8d00000,0x000000f4a8e00000)]
  0x000002a402f61aa0 JavaThread "ForkJoinPool.commonPool-worker-4" daemon [_thread_blocked, id=20992, stack(0x000000f4a8e00000,0x000000f4a8f00000)]
  0x000002a402f64830 JavaThread "ForkJoinPool.commonPool-worker-5" daemon [_thread_blocked, id=26484, stack(0x000000f4a8f00000,0x000000f4a9000000)]
  0x000002a402f633f0 JavaThread "ForkJoinPool.commonPool-worker-6" daemon [_thread_blocked, id=10200, stack(0x000000f4a9000000,0x000000f4a9100000)]
  0x000002a402f65760 JavaThread "ForkJoinPool.commonPool-worker-7" daemon [_thread_blocked, id=18748, stack(0x000000f4a9100000,0x000000f4a9200000)]
  0x000002a402f61fb0 JavaThread "ForkJoinPool.commonPool-worker-8" daemon [_thread_blocked, id=25736, stack(0x000000f4a9200000,0x000000f4a9300000)]
  0x000002a402f65c70 JavaThread "ForkJoinPool.commonPool-worker-9" daemon [_thread_blocked, id=14864, stack(0x000000f4a9300000,0x000000f4a9400000)]
  0x000002a402f624c0 JavaThread "ForkJoinPool.commonPool-worker-10" daemon [_thread_blocked, id=24956, stack(0x000000f4a9400000,0x000000f4a9500000)]
  0x000002a402f675c0 JavaThread "ForkJoinPool.commonPool-worker-11" daemon [_thread_blocked, id=17516, stack(0x000000f4a9500000,0x000000f4a9600000)]
  0x000002a402f684f0 JavaThread "Execution worker" [_thread_blocked, id=25520, stack(0x000000f4a9900000,0x000000f4a9a00000)]
  0x000002a402f67fe0 JavaThread "Execution worker Thread 2" [_thread_in_native, id=25868, stack(0x000000f4a9a00000,0x000000f4a9b00000)]
  0x000002a402f66180 JavaThread "Execution worker Thread 3" [_thread_blocked, id=1968, stack(0x000000f4a9b00000,0x000000f4a9c00000)]
  0x000002a402f66ba0 JavaThread "Execution worker Thread 4" [_thread_blocked, id=20312, stack(0x000000f4a9c00000,0x000000f4a9d00000)]
  0x000002a404792ed0 JavaThread "Execution worker Thread 5" [_thread_blocked, id=23880, stack(0x000000f4a9d00000,0x000000f4a9e00000)]
  0x000002a404790b60 JavaThread "Execution worker Thread 6" [_thread_blocked, id=17444, stack(0x000000f4a9e00000,0x000000f4a9f00000)]
  0x000002a404791a90 JavaThread "Execution worker Thread 7" [_thread_blocked, id=13836, stack(0x000000f4a9f00000,0x000000f4aa000000)]
  0x000002a4047929c0 JavaThread "Execution worker Thread 8" [_thread_blocked, id=13656, stack(0x000000f4aa000000,0x000000f4aa100000)]
  0x000002a404791070 JavaThread "Execution worker Thread 9" [_thread_blocked, id=25264, stack(0x000000f4aa100000,0x000000f4aa200000)]
  0x000002a4047933e0 JavaThread "Execution worker Thread 10" [_thread_blocked, id=13040, stack(0x000000f4aa200000,0x000000f4aa300000)]
  0x000002a404791580 JavaThread "Execution worker Thread 11" [_thread_blocked, id=20168, stack(0x000000f4aa300000,0x000000f4aa400000)]
  0x000002a404790650 JavaThread "Cache worker for execution history cache (C:\Users\asepr\mobile-app\mobile\node_modules\@react-native\gradle-plugin\.gradle\9.0.0\executionHistory)" [_thread_blocked, id=22144, stack(0x000000f4aa400000,0x000000f4aa500000)]
  0x000002a404791fa0 JavaThread "Unconstrained build operations Thread 40" [_thread_blocked, id=24400, stack(0x000000f4aa500000,0x000000f4aa600000)]
  0x000002a4047924b0 JavaThread "Unconstrained build operations Thread 41" [_thread_blocked, id=24936, stack(0x000000f4aa600000,0x000000f4aa700000)]
  0x000002a4047938f0 JavaThread "Unconstrained build operations Thread 42" [_thread_blocked, id=7364, stack(0x000000f4aa700000,0x000000f4aa800000)]
  0x000002a404790140 JavaThread "Unconstrained build operations Thread 43" [_thread_blocked, id=18712, stack(0x000000f4aa800000,0x000000f4aa900000)]
  0x000002a404796170 JavaThread "Unconstrained build operations Thread 44" [_thread_blocked, id=6772, stack(0x000000f4aa900000,0x000000f4aaa00000)]
  0x000002a4047975b0 JavaThread "Unconstrained build operations Thread 45" [_thread_blocked, id=4708, stack(0x000000f4aaa00000,0x000000f4aab00000)]
  0x000002a404796680 JavaThread "Unconstrained build operations Thread 46" [_thread_blocked, id=21848, stack(0x000000f4aab00000,0x000000f4aac00000)]
  0x000002a404795750 JavaThread "Unconstrained build operations Thread 47" [_thread_blocked, id=20788, stack(0x000000f4aac00000,0x000000f4aad00000)]
  0x000002a4047970a0 JavaThread "Unconstrained build operations Thread 48" [_thread_blocked, id=11608, stack(0x000000f4aad00000,0x000000f4aae00000)]
  0x000002a404795c60 JavaThread "Unconstrained build operations Thread 49" [_thread_blocked, id=25992, stack(0x000000f4aae00000,0x000000f4aaf00000)]
  0x000002a404796b90 JavaThread "Unconstrained build operations Thread 50" [_thread_blocked, id=3920, stack(0x000000f4aaf00000,0x000000f4ab000000)]
  0x000002a404793e00 JavaThread "Unconstrained build operations Thread 51" [_thread_blocked, id=23172, stack(0x000000f4ab000000,0x000000f4ab100000)]
  0x000002a404795240 JavaThread "Unconstrained build operations Thread 52" [_thread_blocked, id=3488, stack(0x000000f4ab100000,0x000000f4ab200000)]
  0x000002a404797ac0 JavaThread "Unconstrained build operations Thread 53" [_thread_blocked, id=18456, stack(0x000000f4ab200000,0x000000f4ab300000)]
  0x000002a404794d30 JavaThread "Unconstrained build operations Thread 54" [_thread_blocked, id=3236, stack(0x000000f4ab300000,0x000000f4ab400000)]
  0x000002a404794310 JavaThread "Unconstrained build operations Thread 55" [_thread_blocked, id=24264, stack(0x000000f4ab400000,0x000000f4ab500000)]
  0x000002a404794820 JavaThread "Unconstrained build operations Thread 56" [_thread_blocked, id=10320, stack(0x000000f4ab500000,0x000000f4ab600000)]
  0x000002a405da1540 JavaThread "Unconstrained build operations Thread 57" [_thread_blocked, id=1348, stack(0x000000f4ab600000,0x000000f4ab700000)]
  0x000002a405d9ecc0 JavaThread "Unconstrained build operations Thread 58" [_thread_blocked, id=2720, stack(0x000000f4ab700000,0x000000f4ab800000)]
  0x000002a405d9f1d0 JavaThread "Unconstrained build operations Thread 59" [_thread_blocked, id=20380, stack(0x000000f4ab800000,0x000000f4ab900000)]
  0x000002a405da1a50 JavaThread "Unconstrained build operations Thread 60" [_thread_blocked, id=24036, stack(0x000000f4ab900000,0x000000f4aba00000)]
  0x000002a405d9f6e0 JavaThread "Unconstrained build operations Thread 61" [_thread_blocked, id=4256, stack(0x000000f4aba00000,0x000000f4abb00000)]
  0x000002a405d9e2a0 JavaThread "Unconstrained build operations Thread 62" [_thread_blocked, id=24448, stack(0x000000f4abb00000,0x000000f4abc00000)]
  0x000002a405d9fbf0 JavaThread "Unconstrained build operations Thread 63" [_thread_blocked, id=17948, stack(0x000000f4abc00000,0x000000f4abd00000)]
  0x000002a405da1f60 JavaThread "Unconstrained build operations Thread 64" [_thread_blocked, id=22580, stack(0x000000f4abd00000,0x000000f4abe00000)]
  0x000002a405da0610 JavaThread "Unconstrained build operations Thread 65" [_thread_blocked, id=23772, stack(0x000000f4abe00000,0x000000f4abf00000)]
  0x000002a405da0100 JavaThread "Unconstrained build operations Thread 66" [_thread_blocked, id=5812, stack(0x000000f4abf00000,0x000000f4ac000000)]
  0x000002a405da0b20 JavaThread "Unconstrained build operations Thread 67" [_thread_blocked, id=23032, stack(0x000000f4ac000000,0x000000f4ac100000)]
  0x000002a405d9e7b0 JavaThread "Unconstrained build operations Thread 68" [_thread_blocked, id=5268, stack(0x000000f4ac100000,0x000000f4ac200000)]
  0x000002a405da5200 JavaThread "Unconstrained build operations Thread 69" [_thread_blocked, id=19132, stack(0x000000f4ac200000,0x000000f4ac300000)]
  0x000002a405da5c20 JavaThread "Unconstrained build operations Thread 70" [_thread_blocked, id=11056, stack(0x000000f4ac300000,0x000000f4ac400000)]
  0x000002a405da5710 JavaThread "Unconstrained build operations Thread 71" [_thread_blocked, id=22008, stack(0x000000f4ac400000,0x000000f4ac500000)]
  0x000002a405da2470 JavaThread "Unconstrained build operations Thread 72" [_thread_blocked, id=8516, stack(0x000000f4ac500000,0x000000f4ac600000)]
  0x000002a405da2980 JavaThread "Unconstrained build operations Thread 73" [_thread_blocked, id=19244, stack(0x000000f4ac600000,0x000000f4ac700000)]
  0x000002a405da2e90 JavaThread "Unconstrained build operations Thread 74" [_thread_blocked, id=21368, stack(0x000000f4ac700000,0x000000f4ac800000)]
  0x000002a405da47e0 JavaThread "Unconstrained build operations Thread 75" [_thread_blocked, id=2684, stack(0x000000f4ac800000,0x000000f4ac900000)]
  0x000002a405da33a0 JavaThread "Unconstrained build operations Thread 76" [_thread_blocked, id=9844, stack(0x000000f4ac900000,0x000000f4aca00000)]
  0x000002a405da38b0 JavaThread "Unconstrained build operations Thread 77" [_thread_blocked, id=5288, stack(0x000000f4aca00000,0x000000f4acb00000)]
  0x000002a405da3dc0 JavaThread "Unconstrained build operations Thread 78" [_thread_blocked, id=23828, stack(0x000000f4acb00000,0x000000f4acc00000)]
  0x000002a405da42d0 JavaThread "Unconstrained build operations Thread 79" [_thread_blocked, id=21228, stack(0x000000f4acc00000,0x000000f4acd00000)]
  0x000002a405da4cf0 JavaThread "Unconstrained build operations Thread 80" [_thread_blocked, id=19832, stack(0x000000f4acd00000,0x000000f4ace00000)]
  0x000002a403be37c0 JavaThread "Unconstrained build operations Thread 81" [_thread_blocked, id=22044, stack(0x000000f4ace00000,0x000000f4acf00000)]
  0x000002a403be6040 JavaThread "Unconstrained build operations Thread 82" [_thread_blocked, id=12608, stack(0x000000f4acf00000,0x000000f4ad000000)]
  0x000002a403be46f0 JavaThread "Unconstrained build operations Thread 83" [_thread_blocked, id=25424, stack(0x000000f4ad000000,0x000000f4ad100000)]
  0x000002a403be5110 JavaThread "Unconstrained build operations Thread 84" [_thread_blocked, id=25896, stack(0x000000f4ad100000,0x000000f4ad200000)]
  0x000002a403be4c00 JavaThread "Unconstrained build operations Thread 85" [_thread_blocked, id=23336, stack(0x000000f4ad200000,0x000000f4ad300000)]
  0x000002a403be32b0 JavaThread "Unconstrained build operations Thread 86" [_thread_blocked, id=23780, stack(0x000000f4ad300000,0x000000f4ad400000)]
  0x000002a403be5620 JavaThread "Unconstrained build operations Thread 87" [_thread_blocked, id=2660, stack(0x000000f4ad400000,0x000000f4ad500000)]
  0x000002a403be41e0 JavaThread "Unconstrained build operations Thread 88" [_thread_blocked, id=7496, stack(0x000000f4ad500000,0x000000f4ad600000)]
  0x000002a403be5b30 JavaThread "Unconstrained build operations Thread 89" [_thread_blocked, id=3204, stack(0x000000f4ad600000,0x000000f4ad700000)]
  0x000002a403be6550 JavaThread "Unconstrained build operations Thread 90" [_thread_blocked, id=26388, stack(0x000000f4ad700000,0x000000f4ad800000)]
  0x000002a403be3cd0 JavaThread "Unconstrained build operations Thread 91" [_thread_blocked, id=25768, stack(0x000000f4ad800000,0x000000f4ad900000)]
  0x000002a403be2890 JavaThread "Unconstrained build operations Thread 92" [_thread_blocked, id=23436, stack(0x000000f4ad900000,0x000000f4ada00000)]
  0x000002a403be2da0 JavaThread "Unconstrained build operations Thread 93" [_thread_blocked, id=428, stack(0x000000f4ada00000,0x000000f4adb00000)]
  0x000002a403be9d00 JavaThread "Unconstrained build operations Thread 94" [_thread_blocked, id=1364, stack(0x000000f4adb00000,0x000000f4adc00000)]
  0x000002a403be92e0 JavaThread "Unconstrained build operations Thread 95" [_thread_blocked, id=25884, stack(0x000000f4adc00000,0x000000f4add00000)]
  0x000002a403be8dd0 JavaThread "Unconstrained build operations Thread 96" [_thread_blocked, id=2420, stack(0x000000f4add00000,0x000000f4ade00000)]
  0x000002a403be7990 JavaThread "Unconstrained build operations Thread 97" [_thread_blocked, id=25856, stack(0x000000f4ade00000,0x000000f4adf00000)]
  0x000002a403bea210 JavaThread "Unconstrained build operations Thread 98" [_thread_blocked, id=17272, stack(0x000000f4adf00000,0x000000f4ae000000)]
  0x000002a403be83b0 JavaThread "Unconstrained build operations Thread 99" [_thread_blocked, id=25904, stack(0x000000f4ae000000,0x000000f4ae100000)]
  0x000002a403be97f0 JavaThread "Unconstrained build operations Thread 100" [_thread_blocked, id=7820, stack(0x000000f4ae100000,0x000000f4ae200000)]
  0x000002a403be6a60 JavaThread "Unconstrained build operations Thread 101" [_thread_blocked, id=17268, stack(0x000000f4ae200000,0x000000f4ae300000)]
  0x000002a403be6f70 JavaThread "Unconstrained build operations Thread 102" [_thread_blocked, id=15536, stack(0x000000f4ae300000,0x000000f4ae400000)]
  0x000002a403be7ea0 JavaThread "Unconstrained build operations Thread 103" [_thread_blocked, id=23724, stack(0x000000f4ae400000,0x000000f4ae500000)]
  0x000002a403be7480 JavaThread "Unconstrained build operations Thread 104" [_thread_blocked, id=20616, stack(0x000000f4ae500000,0x000000f4ae600000)]
  0x000002a403be88c0 JavaThread "Unconstrained build operations Thread 105" [_thread_blocked, id=17260, stack(0x000000f4ae600000,0x000000f4ae700000)]
  0x000002a4027764e0 JavaThread "Unconstrained build operations Thread 106" [_thread_blocked, id=25320, stack(0x000000f4ae700000,0x000000f4ae800000)]
  0x000002a402777e30 JavaThread "Unconstrained build operations Thread 107" [_thread_blocked, id=23932, stack(0x000000f4ae800000,0x000000f4ae900000)]
  0x000002a402775ac0 JavaThread "Unconstrained build operations Thread 108" [_thread_blocked, id=22080, stack(0x000000f4ae900000,0x000000f4aea00000)]
  0x000002a402777920 JavaThread "Unconstrained build operations Thread 109" [_thread_blocked, id=19044, stack(0x000000f4aea00000,0x000000f4aeb00000)]
  0x000002a4027769f0 JavaThread "Unconstrained build operations Thread 110" [_thread_blocked, id=19736, stack(0x000000f4aeb00000,0x000000f4aec00000)]
  0x000002a402778340 JavaThread "Unconstrained build operations Thread 111" [_thread_blocked, id=16520, stack(0x000000f4aec00000,0x000000f4aed00000)]
  0x000002a402776f00 JavaThread "Unconstrained build operations Thread 112" [_thread_blocked, id=6480, stack(0x000000f4aed00000,0x000000f4aee00000)]
  0x000002a402778850 JavaThread "jar transforms Thread 2" [_thread_blocked, id=25172, stack(0x000000f4aee00000,0x000000f4aef00000)]
  0x000002a4027750a0 JavaThread "jar transforms Thread 3" [_thread_blocked, id=5356, stack(0x000000f4aef00000,0x000000f4af000000)]
  0x000002a4027755b0 JavaThread "Problems report writer" [_thread_blocked, id=13228, stack(0x000000f4af000000,0x000000f4af100000)]
  0x000002a402777410 JavaThread "Unconstrained build operations Thread 113" [_thread_blocked, id=25672, stack(0x000000f4af200000,0x000000f4af300000)]
  0x000002a402778d60 JavaThread "Unconstrained build operations Thread 114" [_thread_blocked, id=21908, stack(0x000000f4af300000,0x000000f4af400000)]
  0x000002a402779270 JavaThread "Unconstrained build operations Thread 115" [_thread_blocked, id=26392, stack(0x000000f4af400000,0x000000f4af500000)]
  0x000002a402779780 JavaThread "Unconstrained build operations Thread 116" [_thread_blocked, id=26272, stack(0x000000f4af500000,0x000000f4af600000)]
  0x000002a402775fd0 JavaThread "Unconstrained build operations Thread 117" [_thread_blocked, id=13840, stack(0x000000f4af600000,0x000000f4af700000)]
  0x000002a40277b5e0 JavaThread "Unconstrained build operations Thread 118" [_thread_blocked, id=2620, stack(0x000000f4af700000,0x000000f4af800000)]
  0x000002a40277b0d0 JavaThread "Unconstrained build operations Thread 119" [_thread_blocked, id=22820, stack(0x000000f4af800000,0x000000f4af900000)]
  0x000002a40277abc0 JavaThread "Unconstrained build operations Thread 120" [_thread_blocked, id=19672, stack(0x000000f4af900000,0x000000f4afa00000)]
  0x000002a40277baf0 JavaThread "jar transforms Thread 4" [_thread_blocked, id=21236, stack(0x000000f4af100000,0x000000f4af200000)]
  0x000002a40277a6b0 JavaThread "jar transforms Thread 5" [_thread_blocked, id=13916, stack(0x000000f4afa00000,0x000000f4afb00000)]
  0x000002a40277c000 JavaThread "jar transforms Thread 6" [_thread_blocked, id=15644, stack(0x000000f4afb00000,0x000000f4afc00000)]
  0x000002a402779c90 JavaThread "build event listener" [_thread_blocked, id=22396, stack(0x000000f4afd00000,0x000000f4afe00000)]
  0x000002a403ac3dc0 JavaThread "jar transforms Thread 7" [_thread_blocked, id=25972, stack(0x000000f4a2500000,0x000000f4a2600000)]
  0x000002a403ac5c20 JavaThread "jar transforms Thread 8" [_thread_blocked, id=6528, stack(0x000000f4a2600000,0x000000f4a2700000)]
  0x000002a403ac6b50 JavaThread "jar transforms Thread 9" [_thread_blocked, id=20972, stack(0x000000f4a2700000,0x000000f4a2800000)]
  0x000002a403ac89b0 JavaThread "jar transforms Thread 10" [_thread_blocked, id=24832, stack(0x000000f4afc00000,0x000000f4afd00000)]
  0x000002a403ac7570 JavaThread "jar transforms Thread 11" [_thread_blocked, id=16632, stack(0x000000f4afe00000,0x000000f4aff00000)]
  0x000002a403ac7f90 JavaThread "jar transforms Thread 12" [_thread_blocked, id=19576, stack(0x000000f4aff00000,0x000000f4b0000000)]
  0x000002a402f68a00 JavaThread "included builds Thread 2" [_thread_blocked, id=25164, stack(0x000000f4a8a00000,0x000000f4a8b00000)]
  0x000002a405a0e5b0 JavaThread "Cache worker for execution history cache (C:\Users\asepr\mobile-app\mobile\android\.gradle\9.0.0\executionHistory)" [_thread_blocked, id=7572, stack(0x000000f4a9600000,0x000000f4a9700000)]
  0x000002a401448b90 JavaThread "C2 CompilerThread1" daemon [_thread_in_vm, id=19812, stack(0x000000f4a9700000,0x000000f4a9800000)]

Other Threads:
  0x000002a45f89df00 VMThread "VM Thread" [stack: 0x000000f4a2e00000,0x000000f4a2f00000] [id=6564]
  0x000002a440fa5850 WatcherThread [stack: 0x000000f4a3a00000,0x000000f4a3b00000] [id=20796]
  0x000002a441003ef0 GCTaskThread "GC Thread#0" [stack: 0x000000f4a2900000,0x000000f4a2a00000] [id=25024]
  0x000002a47f03a130 GCTaskThread "GC Thread#1" [stack: 0x000000f4a3b00000,0x000000f4a3c00000] [id=26432]
  0x000002a45fe0ec20 GCTaskThread "GC Thread#2" [stack: 0x000000f4a3c00000,0x000000f4a3d00000] [id=25372]
  0x000002a4000501c0 GCTaskThread "GC Thread#3" [stack: 0x000000f4a3d00000,0x000000f4a3e00000] [id=24572]
  0x000002a40012cf30 GCTaskThread "GC Thread#4" [stack: 0x000000f4a3e00000,0x000000f4a3f00000] [id=15836]
  0x000002a47f7f6970 GCTaskThread "GC Thread#5" [stack: 0x000000f4a4900000,0x000000f4a4a00000] [id=2172]
  0x000002a45fcf6b20 GCTaskThread "GC Thread#6" [stack: 0x000000f4a4a00000,0x000000f4a4b00000] [id=24792]
  0x000002a400f15b20 GCTaskThread "GC Thread#7" [stack: 0x000000f4a4b00000,0x000000f4a4c00000] [id=21888]
  0x000002a400c50e20 GCTaskThread "GC Thread#8" [stack: 0x000000f4a4c00000,0x000000f4a4d00000] [id=18688]
  0x000002a45fa6a020 GCTaskThread "GC Thread#9" [stack: 0x000000f4a4d00000,0x000000f4a4e00000] [id=8252]
  0x000002a441014d50 ConcurrentGCThread "G1 Main Marker" [stack: 0x000000f4a2a00000,0x000000f4a2b00000] [id=25980]
  0x000002a441016350 ConcurrentGCThread "G1 Conc#0" [stack: 0x000000f4a2b00000,0x000000f4a2c00000] [id=12992]
  0x000002a4019a4a80 ConcurrentGCThread "G1 Conc#1" [stack: 0x000000f4a5100000,0x000000f4a5200000] [id=25316]
  0x000002a4019a3480 ConcurrentGCThread "G1 Conc#2" [stack: 0x000000f4a5200000,0x000000f4a5300000] [id=22168]
  0x000002a45f7499a0 ConcurrentGCThread "G1 Refine#0" [stack: 0x000000f4a2c00000,0x000000f4a2d00000] [id=26280]
  0x000002a401dd9a50 ConcurrentGCThread "G1 Refine#1" [stack: 0x000000f4a5c00000,0x000000f4a5d00000] [id=26336]
  0x000002a401610e90 ConcurrentGCThread "G1 Refine#2" [stack: 0x000000f4a5d00000,0x000000f4a5e00000] [id=7696]
  0x000002a45f74a2e0 ConcurrentGCThread "G1 Service" [stack: 0x000000f4a2d00000,0x000000f4a2e00000] [id=26312]

Threads with active compile tasks:
C2 CompilerThread0  125608 18925   !   4       org.gradle.api.internal.artifacts.ivyservice.resolveengine.artifact.VariantResolvingArtifactSet::select (178 bytes)
C2 CompilerThread1  125608 18922   !   4       org.gradle.api.internal.artifacts.transform.AttributeMatchingArtifactVariantSelector::select (29 bytes)

VM state: not at safepoint (normal execution)

VM Mutex/Monitor currently owned by a thread: None

Heap address: 0x0000000080000000, size: 2048 MB, Compressed Oops mode: 32-bit

CDS archive(s) mapped at: [0x000002a460000000-0x000002a460bb0000-0x000002a460bb0000), size 12255232, SharedBaseAddress: 0x000002a460000000, ArchiveRelocationMode: 1.
Compressed class space mapped at: 0x000002a461000000-0x000002a47b000000, reserved size: 436207616
Narrow klass base: 0x000002a460000000, Narrow klass shift: 0, Narrow klass range: 0x100000000

GC Precious Log:
 CPUs: 12 total, 12 available
 Memory: 6005M
 Large Page Support: Disabled
 NUMA Support: Disabled
 Compressed Oops: Enabled (32-bit)
 Heap Region Size: 1M
 Heap Min Capacity: 8M
 Heap Initial Capacity: 94M
 Heap Max Capacity: 2G
 Pre-touch: Disabled
 Parallel Workers: 10
 Concurrent Workers: 3
 Concurrent Refinement Workers: 10
 Periodic GC: Disabled

Heap:
 garbage-first heap   total 353280K, used 271120K [0x0000000080000000, 0x0000000100000000)
  region size 1024K, 16 young (16384K), 5 survivors (5120K)
 Metaspace       used 118366K, committed 120256K, reserved 557056K
  class space    used 16368K, committed 17216K, reserved 425984K

Heap Regions: E=young(eden), S=young(survivor), O=old, HS=humongous(starts), HC=humongous(continues), CS=collection set, F=free, OA=open archive, CA=closed archive, TAMS=top-at-mark-start (previous, next)
|   0|0x0000000080000000, 0x0000000080100000, 0x0000000080100000|100%|HS|  |TAMS 0x0000000080100000, 0x0000000080000000| Complete 
|   1|0x0000000080100000, 0x0000000080200000, 0x0000000080200000|100%|HC|  |TAMS 0x0000000080200000, 0x0000000080100000| Complete 
|   2|0x0000000080200000, 0x0000000080300000, 0x0000000080300000|100%|HC|  |TAMS 0x0000000080300000, 0x0000000080200000| Complete 
|   3|0x0000000080300000, 0x0000000080400000, 0x0000000080400000|100%| O|  |TAMS 0x0000000080400000, 0x0000000080300000| Untracked 
|   4|0x0000000080400000, 0x0000000080500000, 0x0000000080500000|100%| O|  |TAMS 0x0000000080500000, 0x0000000080400000| Untracked 
|   5|0x0000000080500000, 0x0000000080600000, 0x0000000080600000|100%| O|  |TAMS 0x0000000080600000, 0x0000000080500000| Untracked 
|   6|0x0000000080600000, 0x0000000080700000, 0x0000000080700000|100%|HS|  |TAMS 0x0000000080700000, 0x0000000080600000| Complete 
|   7|0x0000000080700000, 0x0000000080800000, 0x0000000080800000|100%| O|  |TAMS 0x0000000080800000, 0x0000000080700000| Untracked 
|   8|0x0000000080800000, 0x0000000080900000, 0x0000000080900000|100%| O|  |TAMS 0x0000000080900000, 0x0000000080800000| Untracked 
|   9|0x0000000080900000, 0x0000000080a00000, 0x0000000080a00000|100%| O|  |TAMS 0x0000000080a00000, 0x0000000080900000| Untracked 
|  10|0x0000000080a00000, 0x0000000080b00000, 0x0000000080b00000|100%| O|  |TAMS 0x0000000080b00000, 0x0000000080a00000| Untracked 
|  11|0x0000000080b00000, 0x0000000080c00000, 0x0000000080c00000|100%| O|  |TAMS 0x0000000080c00000, 0x0000000080b00000| Untracked 
|  12|0x0000000080c00000, 0x0000000080d00000, 0x0000000080d00000|100%| O|  |TAMS 0x0000000080d00000, 0x0000000080c00000| Untracked 
|  13|0x0000000080d00000, 0x0000000080e00000, 0x0000000080e00000|100%| O|  |TAMS 0x0000000080e00000, 0x0000000080d00000| Untracked 
|  14|0x0000000080e00000, 0x0000000080f00000, 0x0000000080f00000|100%| O|  |TAMS 0x0000000080f00000, 0x0000000080e00000| Untracked 
|  15|0x0000000080f00000, 0x0000000081000000, 0x0000000081000000|100%| O|  |TAMS 0x0000000081000000, 0x0000000080f00000| Untracked 
|  16|0x0000000081000000, 0x0000000081100000, 0x0000000081100000|100%| O|  |TAMS 0x0000000081100000, 0x0000000081000000| Untracked 
|  17|0x0000000081100000, 0x0000000081200000, 0x0000000081200000|100%| O|  |TAMS 0x0000000081200000, 0x0000000081100000| Untracked 
|  18|0x0000000081200000, 0x0000000081300000, 0x0000000081300000|100%| O|  |TAMS 0x0000000081300000, 0x0000000081200000| Untracked 
|  19|0x0000000081300000, 0x0000000081400000, 0x0000000081400000|100%| O|  |TAMS 0x0000000081400000, 0x0000000081300000| Untracked 
|  20|0x0000000081400000, 0x0000000081500000, 0x0000000081500000|100%| O|  |TAMS 0x0000000081500000, 0x0000000081400000| Untracked 
|  21|0x0000000081500000, 0x0000000081600000, 0x0000000081600000|100%| O|  |TAMS 0x0000000081600000, 0x0000000081500000| Untracked 
|  22|0x0000000081600000, 0x0000000081700000, 0x0000000081700000|100%| O|  |TAMS 0x0000000081700000, 0x0000000081600000| Untracked 
|  23|0x0000000081700000, 0x0000000081800000, 0x0000000081800000|100%| O|  |TAMS 0x0000000081800000, 0x0000000081700000| Untracked 
|  24|0x0000000081800000, 0x0000000081900000, 0x0000000081900000|100%| O|  |TAMS 0x0000000081900000, 0x0000000081800000| Untracked 
|  25|0x0000000081900000, 0x0000000081a00000, 0x0000000081a00000|100%| O|  |TAMS 0x0000000081a00000, 0x0000000081900000| Untracked 
|  26|0x0000000081a00000, 0x0000000081b00000, 0x0000000081b00000|100%| O|  |TAMS 0x0000000081b00000, 0x0000000081a00000| Untracked 
|  27|0x0000000081b00000, 0x0000000081c00000, 0x0000000081c00000|100%| O|  |TAMS 0x0000000081c00000, 0x0000000081b00000| Untracked 
|  28|0x0000000081c00000, 0x0000000081d00000, 0x0000000081d00000|100%| O|  |TAMS 0x0000000081d00000, 0x0000000081c00000| Untracked 
|  29|0x0000000081d00000, 0x0000000081e00000, 0x0000000081e00000|100%| O|  |TAMS 0x0000000081e00000, 0x0000000081d00000| Untracked 
|  30|0x0000000081e00000, 0x0000000081f00000, 0x0000000081f00000|100%| O|  |TAMS 0x0000000081f00000, 0x0000000081e00000| Untracked 
|  31|0x0000000081f00000, 0x0000000082000000, 0x0000000082000000|100%| O|  |TAMS 0x0000000082000000, 0x0000000081f00000| Untracked 
|  32|0x0000000082000000, 0x0000000082100000, 0x0000000082100000|100%| O|  |TAMS 0x0000000082100000, 0x0000000082000000| Untracked 
|  33|0x0000000082100000, 0x0000000082200000, 0x0000000082200000|100%| O|  |TAMS 0x0000000082200000, 0x0000000082100000| Untracked 
|  34|0x0000000082200000, 0x0000000082300000, 0x0000000082300000|100%| O|  |TAMS 0x0000000082200000, 0x0000000082200000| Untracked 
|  35|0x0000000082300000, 0x0000000082400000, 0x0000000082400000|100%| O|  |TAMS 0x0000000082400000, 0x0000000082300000| Untracked 
|  36|0x0000000082400000, 0x0000000082500000, 0x0000000082500000|100%| O|  |TAMS 0x0000000082500000, 0x0000000082400000| Untracked 
|  37|0x0000000082500000, 0x0000000082600000, 0x0000000082600000|100%| O|  |TAMS 0x0000000082600000, 0x0000000082500000| Untracked 
|  38|0x0000000082600000, 0x0000000082700000, 0x0000000082700000|100%| O|  |TAMS 0x0000000082700000, 0x0000000082600000| Untracked 
|  39|0x0000000082700000, 0x0000000082800000, 0x0000000082800000|100%| O|  |TAMS 0x0000000082800000, 0x0000000082700000| Untracked 
|  40|0x0000000082800000, 0x0000000082900000, 0x0000000082900000|100%| O|  |TAMS 0x0000000082900000, 0x0000000082800000| Untracked 
|  41|0x0000000082900000, 0x0000000082a00000, 0x0000000082a00000|100%|HS|  |TAMS 0x0000000082a00000, 0x0000000082900000| Complete 
|  42|0x0000000082a00000, 0x0000000082b00000, 0x0000000082b00000|100%|HC|  |TAMS 0x0000000082b00000, 0x0000000082a00000| Complete 
|  43|0x0000000082b00000, 0x0000000082c00000, 0x0000000082c00000|100%|HC|  |TAMS 0x0000000082c00000, 0x0000000082b00000| Complete 
|  44|0x0000000082c00000, 0x0000000082d00000, 0x0000000082d00000|100%|HS|  |TAMS 0x0000000082d00000, 0x0000000082c00000| Complete 
|  45|0x0000000082d00000, 0x0000000082e00000, 0x0000000082e00000|100%|HC|  |TAMS 0x0000000082e00000, 0x0000000082d00000| Complete 
|  46|0x0000000082e00000, 0x0000000082f00000, 0x0000000082f00000|100%|HC|  |TAMS 0x0000000082f00000, 0x0000000082e00000| Complete 
|  47|0x0000000082f00000, 0x0000000083000000, 0x0000000083000000|100%| O|  |TAMS 0x0000000083000000, 0x0000000082f00000| Untracked 
|  48|0x0000000083000000, 0x0000000083100000, 0x0000000083100000|100%| O|  |TAMS 0x0000000083000000, 0x0000000083000000| Untracked 
|  49|0x0000000083100000, 0x0000000083200000, 0x0000000083200000|100%| O|  |TAMS 0x0000000083200000, 0x0000000083100000| Untracked 
|  50|0x0000000083200000, 0x0000000083300000, 0x0000000083300000|100%| O|  |TAMS 0x0000000083300000, 0x0000000083200000| Untracked 
|  51|0x0000000083300000, 0x0000000083400000, 0x0000000083400000|100%| O|  |TAMS 0x0000000083400000, 0x0000000083300000| Untracked 
|  52|0x0000000083400000, 0x0000000083500000, 0x0000000083500000|100%| O|  |TAMS 0x0000000083400000, 0x0000000083400000| Untracked 
|  53|0x0000000083500000, 0x0000000083600000, 0x0000000083600000|100%| O|  |TAMS 0x0000000083600000, 0x0000000083500000| Untracked 
|  54|0x0000000083600000, 0x0000000083700000, 0x0000000083700000|100%| O|  |TAMS 0x0000000083700000, 0x0000000083600000| Untracked 
|  55|0x0000000083700000, 0x0000000083800000, 0x0000000083800000|100%| O|  |TAMS 0x0000000083800000, 0x0000000083700000| Untracked 
|  56|0x0000000083800000, 0x0000000083900000, 0x0000000083900000|100%| O|  |TAMS 0x0000000083900000, 0x0000000083800000| Untracked 
|  57|0x0000000083900000, 0x0000000083a00000, 0x0000000083a00000|100%| O|  |TAMS 0x0000000083a00000, 0x0000000083900000| Untracked 
|  58|0x0000000083a00000, 0x0000000083b00000, 0x0000000083b00000|100%| O|  |TAMS 0x0000000083b00000, 0x0000000083a00000| Untracked 
|  59|0x0000000083b00000, 0x0000000083c00000, 0x0000000083c00000|100%| O|  |TAMS 0x0000000083c00000, 0x0000000083b00000| Untracked 
|  60|0x0000000083c00000, 0x0000000083d00000, 0x0000000083d00000|100%| O|  |TAMS 0x0000000083d00000, 0x0000000083c00000| Untracked 
|  61|0x0000000083d00000, 0x0000000083e00000, 0x0000000083e00000|100%| O|  |TAMS 0x0000000083e00000, 0x0000000083d00000| Untracked 
|  62|0x0000000083e00000, 0x0000000083f00000, 0x0000000083f00000|100%| O|  |TAMS 0x0000000083f00000, 0x0000000083e00000| Untracked 
|  63|0x0000000083f00000, 0x0000000084000000, 0x0000000084000000|100%| O|  |TAMS 0x0000000084000000, 0x0000000083f00000| Untracked 
|  64|0x0000000084000000, 0x0000000084100000, 0x0000000084100000|100%| O|  |TAMS 0x0000000084100000, 0x0000000084000000| Untracked 
|  65|0x0000000084100000, 0x0000000084200000, 0x0000000084200000|100%| O|  |TAMS 0x0000000084200000, 0x0000000084100000| Untracked 
|  66|0x0000000084200000, 0x0000000084300000, 0x0000000084300000|100%| O|  |TAMS 0x0000000084300000, 0x0000000084200000| Untracked 
|  67|0x0000000084300000, 0x0000000084400000, 0x0000000084400000|100%| O|  |TAMS 0x0000000084400000, 0x0000000084300000| Untracked 
|  68|0x0000000084400000, 0x0000000084500000, 0x0000000084500000|100%| O|  |TAMS 0x0000000084500000, 0x0000000084400000| Untracked 
|  69|0x0000000084500000, 0x0000000084600000, 0x0000000084600000|100%| O|  |TAMS 0x0000000084600000, 0x0000000084500000| Untracked 
|  70|0x0000000084600000, 0x0000000084700000, 0x0000000084700000|100%| O|  |TAMS 0x0000000084700000, 0x0000000084600000| Untracked 
|  71|0x0000000084700000, 0x0000000084800000, 0x0000000084800000|100%| O|  |TAMS 0x0000000084800000, 0x0000000084700000| Untracked 
|  72|0x0000000084800000, 0x0000000084900000, 0x0000000084900000|100%| O|  |TAMS 0x0000000084900000, 0x0000000084800000| Untracked 
|  73|0x0000000084900000, 0x0000000084a00000, 0x0000000084a00000|100%| O|  |TAMS 0x0000000084a00000, 0x0000000084900000| Untracked 
|  74|0x0000000084a00000, 0x0000000084b00000, 0x0000000084b00000|100%| O|  |TAMS 0x0000000084b00000, 0x0000000084a00000| Untracked 
|  75|0x0000000084b00000, 0x0000000084c00000, 0x0000000084c00000|100%| O|  |TAMS 0x0000000084c00000, 0x0000000084b00000| Untracked 
|  76|0x0000000084c00000, 0x0000000084d00000, 0x0000000084d00000|100%|HS|  |TAMS 0x0000000084d00000, 0x0000000084c00000| Complete 
|  77|0x0000000084d00000, 0x0000000084e00000, 0x0000000084e00000|100%|HS|  |TAMS 0x0000000084e00000, 0x0000000084d00000| Complete 
|  78|0x0000000084e00000, 0x0000000084f00000, 0x0000000084f00000|100%|HS|  |TAMS 0x0000000084f00000, 0x0000000084e00000| Complete 
|  79|0x0000000084f00000, 0x0000000085000000, 0x0000000085000000|100%|HS|  |TAMS 0x0000000085000000, 0x0000000084f00000| Complete 
|  80|0x0000000085000000, 0x0000000085100000, 0x0000000085100000|100%|HS|  |TAMS 0x0000000085100000, 0x0000000085000000| Complete 
|  81|0x0000000085100000, 0x0000000085200000, 0x0000000085200000|100%|HS|  |TAMS 0x0000000085200000, 0x0000000085100000| Complete 
|  82|0x0000000085200000, 0x0000000085300000, 0x0000000085300000|100%| O|  |TAMS 0x0000000085300000, 0x0000000085200000| Untracked 
|  83|0x0000000085300000, 0x0000000085400000, 0x0000000085400000|100%| O|  |TAMS 0x0000000085400000, 0x0000000085300000| Untracked 
|  84|0x0000000085400000, 0x0000000085500000, 0x0000000085500000|100%| O|  |TAMS 0x0000000085500000, 0x0000000085400000| Untracked 
|  85|0x0000000085500000, 0x0000000085600000, 0x0000000085600000|100%| O|  |TAMS 0x0000000085600000, 0x0000000085500000| Untracked 
|  86|0x0000000085600000, 0x0000000085700000, 0x0000000085700000|100%| O|  |TAMS 0x0000000085700000, 0x0000000085600000| Untracked 
|  87|0x0000000085700000, 0x0000000085800000, 0x0000000085800000|100%| O|  |TAMS 0x0000000085800000, 0x0000000085700000| Untracked 
|  88|0x0000000085800000, 0x0000000085900000, 0x0000000085900000|100%| O|  |TAMS 0x0000000085900000, 0x0000000085800000| Untracked 
|  89|0x0000000085900000, 0x0000000085a00000, 0x0000000085a00000|100%| O|  |TAMS 0x0000000085a00000, 0x0000000085900000| Untracked 
|  90|0x0000000085a00000, 0x0000000085b00000, 0x0000000085b00000|100%| O|  |TAMS 0x0000000085a00000, 0x0000000085a00000| Untracked 
|  91|0x0000000085b00000, 0x0000000085c00000, 0x0000000085c00000|100%| O|  |TAMS 0x0000000085c00000, 0x0000000085b00000| Untracked 
|  92|0x0000000085c00000, 0x0000000085d00000, 0x0000000085d00000|100%|HS|  |TAMS 0x0000000085d00000, 0x0000000085c00000| Complete 
|  93|0x0000000085d00000, 0x0000000085e00000, 0x0000000085e00000|100%|HC|  |TAMS 0x0000000085e00000, 0x0000000085d00000| Complete 
|  94|0x0000000085e00000, 0x0000000085f00000, 0x0000000085f00000|100%|HC|  |TAMS 0x0000000085f00000, 0x0000000085e00000| Complete 
|  95|0x0000000085f00000, 0x0000000086000000, 0x0000000086000000|100%| O|  |TAMS 0x0000000086000000, 0x0000000085f00000| Untracked 
|  96|0x0000000086000000, 0x0000000086100000, 0x0000000086100000|100%|HS|  |TAMS 0x0000000086100000, 0x0000000086000000| Complete 
|  97|0x0000000086100000, 0x0000000086200000, 0x0000000086200000|100%| O|  |TAMS 0x0000000086200000, 0x0000000086100000| Untracked 
|  98|0x0000000086200000, 0x0000000086300000, 0x0000000086300000|100%| O|  |TAMS 0x0000000086300000, 0x0000000086200000| Untracked 
|  99|0x0000000086300000, 0x0000000086400000, 0x0000000086400000|100%| O|  |TAMS 0x0000000086400000, 0x0000000086300000| Untracked 
| 100|0x0000000086400000, 0x0000000086500000, 0x0000000086500000|100%| O|  |TAMS 0x0000000086500000, 0x0000000086400000| Untracked 
| 101|0x0000000086500000, 0x0000000086600000, 0x0000000086600000|100%| O|  |TAMS 0x0000000086600000, 0x0000000086500000| Untracked 
| 102|0x0000000086600000, 0x0000000086700000, 0x0000000086700000|100%| O|  |TAMS 0x0000000086700000, 0x0000000086600000| Untracked 
| 103|0x0000000086700000, 0x0000000086800000, 0x0000000086800000|100%| O|  |TAMS 0x0000000086800000, 0x0000000086700000| Untracked 
| 104|0x0000000086800000, 0x0000000086900000, 0x0000000086900000|100%| O|  |TAMS 0x0000000086900000, 0x0000000086800000| Untracked 
| 105|0x0000000086900000, 0x0000000086a00000, 0x0000000086a00000|100%| O|  |TAMS 0x0000000086a00000, 0x0000000086900000| Untracked 
| 106|0x0000000086a00000, 0x0000000086b00000, 0x0000000086b00000|100%| O|  |TAMS 0x0000000086b00000, 0x0000000086a00000| Untracked 
| 107|0x0000000086b00000, 0x0000000086c00000, 0x0000000086c00000|100%| O|  |TAMS 0x0000000086c00000, 0x0000000086b00000| Untracked 
| 108|0x0000000086c00000, 0x0000000086d00000, 0x0000000086d00000|100%| O|  |TAMS 0x0000000086d00000, 0x0000000086c00000| Untracked 
| 109|0x0000000086d00000, 0x0000000086e00000, 0x0000000086e00000|100%| O|  |TAMS 0x0000000086e00000, 0x0000000086d00000| Untracked 
| 110|0x0000000086e00000, 0x0000000086f00000, 0x0000000086f00000|100%| O|  |TAMS 0x0000000086f00000, 0x0000000086e00000| Untracked 
| 111|0x0000000086f00000, 0x0000000087000000, 0x0000000087000000|100%| O|  |TAMS 0x0000000087000000, 0x0000000086f00000| Untracked 
| 112|0x0000000087000000, 0x0000000087100000, 0x0000000087100000|100%| O|  |TAMS 0x0000000087100000, 0x0000000087000000| Untracked 
| 113|0x0000000087100000, 0x0000000087200000, 0x0000000087200000|100%| O|  |TAMS 0x0000000087200000, 0x0000000087100000| Untracked 
| 114|0x0000000087200000, 0x0000000087300000, 0x0000000087300000|100%| O|  |TAMS 0x0000000087300000, 0x0000000087200000| Untracked 
| 115|0x0000000087300000, 0x0000000087400000, 0x0000000087400000|100%| O|  |TAMS 0x0000000087400000, 0x0000000087300000| Untracked 
| 116|0x0000000087400000, 0x0000000087500000, 0x0000000087500000|100%| O|  |TAMS 0x0000000087500000, 0x0000000087400000| Untracked 
| 117|0x0000000087500000, 0x0000000087600000, 0x0000000087600000|100%| O|  |TAMS 0x0000000087600000, 0x0000000087500000| Untracked 
| 118|0x0000000087600000, 0x0000000087700000, 0x0000000087700000|100%| O|  |TAMS 0x0000000087700000, 0x0000000087600000| Untracked 
| 119|0x0000000087700000, 0x0000000087800000, 0x0000000087800000|100%| O|  |TAMS 0x0000000087800000, 0x0000000087700000| Untracked 
| 120|0x0000000087800000, 0x0000000087900000, 0x0000000087900000|100%| O|  |TAMS 0x0000000087900000, 0x0000000087800000| Untracked 
| 121|0x0000000087900000, 0x0000000087a00000, 0x0000000087a00000|100%| O|  |TAMS 0x0000000087a00000, 0x0000000087900000| Untracked 
| 122|0x0000000087a00000, 0x0000000087b00000, 0x0000000087b00000|100%| O|  |TAMS 0x0000000087b00000, 0x0000000087a00000| Untracked 
| 123|0x0000000087b00000, 0x0000000087c00000, 0x0000000087c00000|100%| O|  |TAMS 0x0000000087c00000, 0x0000000087b00000| Untracked 
| 124|0x0000000087c00000, 0x0000000087d00000, 0x0000000087d00000|100%| O|  |TAMS 0x0000000087d00000, 0x0000000087c00000| Untracked 
| 125|0x0000000087d00000, 0x0000000087e00000, 0x0000000087e00000|100%| O|  |TAMS 0x0000000087e00000, 0x0000000087d00000| Untracked 
| 126|0x0000000087e00000, 0x0000000087f00000, 0x0000000087f00000|100%| O|  |TAMS 0x0000000087f00000, 0x0000000087e00000| Untracked 
| 127|0x0000000087f00000, 0x0000000088000000, 0x0000000088000000|100%| O|  |TAMS 0x0000000087f89000, 0x0000000087f00000| Untracked 
| 128|0x0000000088000000, 0x0000000088100000, 0x0000000088100000|100%| O|  |TAMS 0x0000000088000000, 0x0000000088000000| Untracked 
| 129|0x0000000088100000, 0x0000000088200000, 0x0000000088200000|100%| O|  |TAMS 0x0000000088100000, 0x0000000088100000| Untracked 
| 130|0x0000000088200000, 0x0000000088300000, 0x0000000088300000|100%| O|  |TAMS 0x0000000088200000, 0x0000000088200000| Untracked 
| 131|0x0000000088300000, 0x0000000088400000, 0x0000000088400000|100%| O|  |TAMS 0x0000000088300000, 0x0000000088300000| Untracked 
| 132|0x0000000088400000, 0x0000000088500000, 0x0000000088500000|100%| O|  |TAMS 0x0000000088400000, 0x0000000088400000| Untracked 
| 133|0x0000000088500000, 0x0000000088600000, 0x0000000088600000|100%| O|  |TAMS 0x0000000088500000, 0x0000000088500000| Untracked 
| 134|0x0000000088600000, 0x0000000088700000, 0x0000000088700000|100%| O|  |TAMS 0x0000000088600000, 0x0000000088600000| Untracked 
| 135|0x0000000088700000, 0x0000000088800000, 0x0000000088800000|100%| O|  |TAMS 0x0000000088700000, 0x0000000088700000| Untracked 
| 136|0x0000000088800000, 0x0000000088900000, 0x0000000088900000|100%| O|  |TAMS 0x0000000088800000, 0x0000000088800000| Untracked 
| 137|0x0000000088900000, 0x0000000088a00000, 0x0000000088a00000|100%| O|  |TAMS 0x0000000088900000, 0x0000000088900000| Untracked 
| 138|0x0000000088a00000, 0x0000000088b00000, 0x0000000088b00000|100%| O|  |TAMS 0x0000000088a00000, 0x0000000088a00000| Untracked 
| 139|0x0000000088b00000, 0x0000000088c00000, 0x0000000088c00000|100%| O|  |TAMS 0x0000000088b00000, 0x0000000088b00000| Untracked 
| 140|0x0000000088c00000, 0x0000000088d00000, 0x0000000088d00000|100%| O|  |TAMS 0x0000000088c00000, 0x0000000088c00000| Untracked 
| 141|0x0000000088d00000, 0x0000000088e00000, 0x0000000088e00000|100%| O|  |TAMS 0x0000000088d00000, 0x0000000088d00000| Untracked 
| 142|0x0000000088e00000, 0x0000000088f00000, 0x0000000088f00000|100%| O|  |TAMS 0x0000000088e00000, 0x0000000088e00000| Untracked 
| 143|0x0000000088f00000, 0x0000000089000000, 0x0000000089000000|100%| O|  |TAMS 0x0000000088f00000, 0x0000000088f00000| Untracked 
| 144|0x0000000089000000, 0x0000000089100000, 0x0000000089100000|100%| O|  |TAMS 0x0000000089000000, 0x0000000089000000| Untracked 
| 145|0x0000000089100000, 0x0000000089200000, 0x0000000089200000|100%| O|  |TAMS 0x0000000089100000, 0x0000000089100000| Untracked 
| 146|0x0000000089200000, 0x0000000089300000, 0x0000000089300000|100%| O|  |TAMS 0x0000000089200000, 0x0000000089200000| Untracked 
| 147|0x0000000089300000, 0x0000000089400000, 0x0000000089400000|100%| O|  |TAMS 0x0000000089300000, 0x0000000089300000| Untracked 
| 148|0x0000000089400000, 0x0000000089500000, 0x0000000089500000|100%| O|  |TAMS 0x0000000089400000, 0x0000000089400000| Untracked 
| 149|0x0000000089500000, 0x0000000089600000, 0x0000000089600000|100%| O|  |TAMS 0x0000000089500000, 0x0000000089500000| Untracked 
| 150|0x0000000089600000, 0x0000000089700000, 0x0000000089700000|100%| O|  |TAMS 0x0000000089600000, 0x0000000089600000| Untracked 
| 151|0x0000000089700000, 0x0000000089800000, 0x0000000089800000|100%| O|  |TAMS 0x0000000089700000, 0x0000000089700000| Untracked 
| 152|0x0000000089800000, 0x0000000089900000, 0x0000000089900000|100%|HS|  |TAMS 0x0000000089800000, 0x0000000089800000| Complete 
| 153|0x0000000089900000, 0x0000000089a00000, 0x0000000089a00000|100%|HS|  |TAMS 0x0000000089900000, 0x0000000089900000| Complete 
| 154|0x0000000089a00000, 0x0000000089b00000, 0x0000000089b00000|100%| O|  |TAMS 0x0000000089a00000, 0x0000000089a00000| Untracked 
| 155|0x0000000089b00000, 0x0000000089c00000, 0x0000000089c00000|100%|HS|  |TAMS 0x0000000089b00000, 0x0000000089b00000| Complete 
| 156|0x0000000089c00000, 0x0000000089d00000, 0x0000000089d00000|100%|HC|  |TAMS 0x0000000089c00000, 0x0000000089c00000| Complete 
| 157|0x0000000089d00000, 0x0000000089e00000, 0x0000000089e00000|100%| O|  |TAMS 0x0000000089d00000, 0x0000000089d00000| Untracked 
| 158|0x0000000089e00000, 0x0000000089f00000, 0x0000000089f00000|100%| O|  |TAMS 0x0000000089e00000, 0x0000000089e00000| Untracked 
| 159|0x0000000089f00000, 0x000000008a000000, 0x000000008a000000|100%| O|  |TAMS 0x0000000089f00000, 0x0000000089f00000| Untracked 
| 160|0x000000008a000000, 0x000000008a100000, 0x000000008a100000|100%| O|  |TAMS 0x000000008a000000, 0x000000008a000000| Untracked 
| 161|0x000000008a100000, 0x000000008a200000, 0x000000008a200000|100%| O|  |TAMS 0x000000008a100000, 0x000000008a100000| Untracked 
| 162|0x000000008a200000, 0x000000008a300000, 0x000000008a300000|100%| O|  |TAMS 0x000000008a200000, 0x000000008a200000| Untracked 
| 163|0x000000008a300000, 0x000000008a400000, 0x000000008a400000|100%| O|  |TAMS 0x000000008a300000, 0x000000008a300000| Untracked 
| 164|0x000000008a400000, 0x000000008a500000, 0x000000008a500000|100%| O|  |TAMS 0x000000008a400000, 0x000000008a400000| Untracked 
| 165|0x000000008a500000, 0x000000008a600000, 0x000000008a600000|100%| O|  |TAMS 0x000000008a500000, 0x000000008a500000| Untracked 
| 166|0x000000008a600000, 0x000000008a700000, 0x000000008a700000|100%| O|  |TAMS 0x000000008a600000, 0x000000008a600000| Untracked 
| 167|0x000000008a700000, 0x000000008a800000, 0x000000008a800000|100%| O|  |TAMS 0x000000008a700000, 0x000000008a700000| Untracked 
| 168|0x000000008a800000, 0x000000008a900000, 0x000000008a900000|100%| O|  |TAMS 0x000000008a800000, 0x000000008a800000| Untracked 
| 169|0x000000008a900000, 0x000000008aa00000, 0x000000008aa00000|100%| O|  |TAMS 0x000000008a900000, 0x000000008a900000| Untracked 
| 170|0x000000008aa00000, 0x000000008ab00000, 0x000000008ab00000|100%| O|  |TAMS 0x000000008aa00000, 0x000000008aa00000| Untracked 
| 171|0x000000008ab00000, 0x000000008ac00000, 0x000000008ac00000|100%| O|  |TAMS 0x000000008ab00000, 0x000000008ab00000| Untracked 
| 172|0x000000008ac00000, 0x000000008ad00000, 0x000000008ad00000|100%|HS|  |TAMS 0x000000008ac00000, 0x000000008ac00000| Complete 
| 173|0x000000008ad00000, 0x000000008ae00000, 0x000000008ae00000|100%|HS|  |TAMS 0x000000008ad00000, 0x000000008ad00000| Complete 
| 174|0x000000008ae00000, 0x000000008af00000, 0x000000008af00000|100%|HS|  |TAMS 0x000000008ae00000, 0x000000008ae00000| Complete 
| 175|0x000000008af00000, 0x000000008b000000, 0x000000008b000000|100%| O|  |TAMS 0x000000008af00000, 0x000000008af00000| Untracked 
| 176|0x000000008b000000, 0x000000008b100000, 0x000000008b100000|100%| O|  |TAMS 0x000000008b000000, 0x000000008b000000| Untracked 
| 177|0x000000008b100000, 0x000000008b200000, 0x000000008b200000|100%| O|  |TAMS 0x000000008b100000, 0x000000008b100000| Untracked 
| 178|0x000000008b200000, 0x000000008b300000, 0x000000008b300000|100%| O|  |TAMS 0x000000008b200000, 0x000000008b200000| Untracked 
| 179|0x000000008b300000, 0x000000008b400000, 0x000000008b400000|100%| O|  |TAMS 0x000000008b300000, 0x000000008b300000| Untracked 
| 180|0x000000008b400000, 0x000000008b500000, 0x000000008b500000|100%| O|  |TAMS 0x000000008b400000, 0x000000008b400000| Untracked 
| 181|0x000000008b500000, 0x000000008b600000, 0x000000008b600000|100%| O|  |TAMS 0x000000008b500000, 0x000000008b500000| Untracked 
| 182|0x000000008b600000, 0x000000008b700000, 0x000000008b700000|100%| O|  |TAMS 0x000000008b600000, 0x000000008b600000| Untracked 
| 183|0x000000008b700000, 0x000000008b800000, 0x000000008b800000|100%| O|  |TAMS 0x000000008b700000, 0x000000008b700000| Untracked 
| 184|0x000000008b800000, 0x000000008b900000, 0x000000008b900000|100%| O|  |TAMS 0x000000008b800000, 0x000000008b800000| Untracked 
| 185|0x000000008b900000, 0x000000008ba00000, 0x000000008ba00000|100%| O|  |TAMS 0x000000008b900000, 0x000000008b900000| Untracked 
| 186|0x000000008ba00000, 0x000000008bb00000, 0x000000008bb00000|100%| O|  |TAMS 0x000000008ba00000, 0x000000008ba00000| Untracked 
| 187|0x000000008bb00000, 0x000000008bc00000, 0x000000008bc00000|100%| O|  |TAMS 0x000000008bb00000, 0x000000008bb00000| Untracked 
| 188|0x000000008bc00000, 0x000000008bd00000, 0x000000008bd00000|100%|HS|  |TAMS 0x000000008bc00000, 0x000000008bc00000| Complete 
| 189|0x000000008bd00000, 0x000000008be00000, 0x000000008be00000|100%|HC|  |TAMS 0x000000008bd00000, 0x000000008bd00000| Complete 
| 190|0x000000008be00000, 0x000000008bf00000, 0x000000008bf00000|100%|HS|  |TAMS 0x000000008be00000, 0x000000008be00000| Complete 
| 191|0x000000008bf00000, 0x000000008c000000, 0x000000008c000000|100%|HC|  |TAMS 0x000000008bf00000, 0x000000008bf00000| Complete 
| 192|0x000000008c000000, 0x000000008c100000, 0x000000008c100000|100%| O|  |TAMS 0x000000008c000000, 0x000000008c000000| Untracked 
| 193|0x000000008c100000, 0x000000008c200000, 0x000000008c200000|100%| O|  |TAMS 0x000000008c100000, 0x000000008c100000| Untracked 
| 194|0x000000008c200000, 0x000000008c300000, 0x000000008c300000|100%| O|  |TAMS 0x000000008c200000, 0x000000008c200000| Untracked 
| 195|0x000000008c300000, 0x000000008c400000, 0x000000008c400000|100%| O|  |TAMS 0x000000008c300000, 0x000000008c300000| Untracked 
| 196|0x000000008c400000, 0x000000008c500000, 0x000000008c500000|100%| O|  |TAMS 0x000000008c400000, 0x000000008c400000| Untracked 
| 197|0x000000008c500000, 0x000000008c600000, 0x000000008c600000|100%| O|  |TAMS 0x000000008c500000, 0x000000008c500000| Untracked 
| 198|0x000000008c600000, 0x000000008c700000, 0x000000008c700000|100%| O|  |TAMS 0x000000008c600000, 0x000000008c600000| Untracked 
| 199|0x000000008c700000, 0x000000008c800000, 0x000000008c800000|100%| O|  |TAMS 0x000000008c700000, 0x000000008c700000| Untracked 
| 200|0x000000008c800000, 0x000000008c900000, 0x000000008c900000|100%| O|  |TAMS 0x000000008c800000, 0x000000008c800000| Untracked 
| 201|0x000000008c900000, 0x000000008ca00000, 0x000000008ca00000|100%| O|  |TAMS 0x000000008c900000, 0x000000008c900000| Untracked 
| 202|0x000000008ca00000, 0x000000008cb00000, 0x000000008cb00000|100%| O|  |TAMS 0x000000008ca00000, 0x000000008ca00000| Untracked 
| 203|0x000000008cb00000, 0x000000008cc00000, 0x000000008cc00000|100%| O|  |TAMS 0x000000008cb00000, 0x000000008cb00000| Untracked 
| 204|0x000000008cc00000, 0x000000008cd00000, 0x000000008cd00000|100%| O|  |TAMS 0x000000008cc00000, 0x000000008cc00000| Untracked 
| 205|0x000000008cd00000, 0x000000008ce00000, 0x000000008ce00000|100%|HS|  |TAMS 0x000000008cd00000, 0x000000008cd00000| Complete 
| 206|0x000000008ce00000, 0x000000008cf00000, 0x000000008cf00000|100%|HS|  |TAMS 0x000000008ce00000, 0x000000008ce00000| Complete 
| 207|0x000000008cf00000, 0x000000008d000000, 0x000000008d000000|100%| O|  |TAMS 0x000000008cf00000, 0x000000008cf00000| Untracked 
| 208|0x000000008d000000, 0x000000008d100000, 0x000000008d100000|100%| O|  |TAMS 0x000000008d000000, 0x000000008d000000| Untracked 
| 209|0x000000008d100000, 0x000000008d200000, 0x000000008d200000|100%| O|  |TAMS 0x000000008d100000, 0x000000008d100000| Untracked 
| 210|0x000000008d200000, 0x000000008d300000, 0x000000008d300000|100%| O|  |TAMS 0x000000008d200000, 0x000000008d200000| Untracked 
| 211|0x000000008d300000, 0x000000008d400000, 0x000000008d400000|100%| O|  |TAMS 0x000000008d300000, 0x000000008d300000| Untracked 
| 212|0x000000008d400000, 0x000000008d500000, 0x000000008d500000|100%| O|  |TAMS 0x000000008d400000, 0x000000008d400000| Untracked 
| 213|0x000000008d500000, 0x000000008d600000, 0x000000008d600000|100%| O|  |TAMS 0x000000008d500000, 0x000000008d500000| Untracked 
| 214|0x000000008d600000, 0x000000008d700000, 0x000000008d700000|100%| O|  |TAMS 0x000000008d600000, 0x000000008d600000| Untracked 
| 215|0x000000008d700000, 0x000000008d800000, 0x000000008d800000|100%| O|  |TAMS 0x000000008d700000, 0x000000008d700000| Untracked 
| 216|0x000000008d800000, 0x000000008d900000, 0x000000008d900000|100%| O|  |TAMS 0x000000008d800000, 0x000000008d800000| Untracked 
| 217|0x000000008d900000, 0x000000008da00000, 0x000000008da00000|100%| O|  |TAMS 0x000000008d900000, 0x000000008d900000| Untracked 
| 218|0x000000008da00000, 0x000000008db00000, 0x000000008db00000|100%| O|  |TAMS 0x000000008da00000, 0x000000008da00000| Untracked 
| 219|0x000000008db00000, 0x000000008dc00000, 0x000000008dc00000|100%| O|  |TAMS 0x000000008db00000, 0x000000008db00000| Untracked 
| 220|0x000000008dc00000, 0x000000008dd00000, 0x000000008dd00000|100%| O|  |TAMS 0x000000008dc00000, 0x000000008dc00000| Untracked 
| 221|0x000000008dd00000, 0x000000008de00000, 0x000000008de00000|100%| O|  |TAMS 0x000000008dd00000, 0x000000008dd00000| Untracked 
| 222|0x000000008de00000, 0x000000008df00000, 0x000000008df00000|100%| O|  |TAMS 0x000000008de00000, 0x000000008de00000| Untracked 
| 223|0x000000008df00000, 0x000000008e000000, 0x000000008e000000|100%| O|  |TAMS 0x000000008df00000, 0x000000008df00000| Untracked 
| 224|0x000000008e000000, 0x000000008e100000, 0x000000008e100000|100%| O|  |TAMS 0x000000008e000000, 0x000000008e000000| Untracked 
| 225|0x000000008e100000, 0x000000008e200000, 0x000000008e200000|100%| O|  |TAMS 0x000000008e100000, 0x000000008e100000| Untracked 
| 226|0x000000008e200000, 0x000000008e300000, 0x000000008e300000|100%| O|  |TAMS 0x000000008e200000, 0x000000008e200000| Untracked 
| 227|0x000000008e300000, 0x000000008e400000, 0x000000008e400000|100%| O|  |TAMS 0x000000008e300000, 0x000000008e300000| Untracked 
| 228|0x000000008e400000, 0x000000008e500000, 0x000000008e500000|100%| O|  |TAMS 0x000000008e400000, 0x000000008e400000| Untracked 
| 229|0x000000008e500000, 0x000000008e600000, 0x000000008e600000|100%| O|  |TAMS 0x000000008e500000, 0x000000008e500000| Untracked 
| 230|0x000000008e600000, 0x000000008e700000, 0x000000008e700000|100%| O|  |TAMS 0x000000008e600000, 0x000000008e600000| Untracked 
| 231|0x000000008e700000, 0x000000008e800000, 0x000000008e800000|100%| O|  |TAMS 0x000000008e700000, 0x000000008e700000| Untracked 
| 232|0x000000008e800000, 0x000000008e900000, 0x000000008e900000|100%| O|  |TAMS 0x000000008e800000, 0x000000008e800000| Untracked 
| 233|0x000000008e900000, 0x000000008ea00000, 0x000000008ea00000|100%| O|  |TAMS 0x000000008e900000, 0x000000008e900000| Untracked 
| 234|0x000000008ea00000, 0x000000008eb00000, 0x000000008eb00000|100%| O|  |TAMS 0x000000008ea00000, 0x000000008ea00000| Untracked 
| 235|0x000000008eb00000, 0x000000008ec00000, 0x000000008ec00000|100%| O|  |TAMS 0x000000008eb00000, 0x000000008eb00000| Untracked 
| 236|0x000000008ec00000, 0x000000008ed00000, 0x000000008ed00000|100%| O|  |TAMS 0x000000008ec00000, 0x000000008ec00000| Untracked 
| 237|0x000000008ed00000, 0x000000008ee00000, 0x000000008ee00000|100%| O|  |TAMS 0x000000008ed00000, 0x000000008ed00000| Untracked 
| 238|0x000000008ee00000, 0x000000008ef00000, 0x000000008ef00000|100%| O|  |TAMS 0x000000008ee00000, 0x000000008ee00000| Untracked 
| 239|0x000000008ef00000, 0x000000008f000000, 0x000000008f000000|100%| O|  |TAMS 0x000000008ef00000, 0x000000008ef00000| Untracked 
| 240|0x000000008f000000, 0x000000008f100000, 0x000000008f100000|100%| O|  |TAMS 0x000000008f000000, 0x000000008f000000| Untracked 
| 241|0x000000008f100000, 0x000000008f200000, 0x000000008f200000|100%| O|  |TAMS 0x000000008f100000, 0x000000008f100000| Untracked 
| 242|0x000000008f200000, 0x000000008f300000, 0x000000008f300000|100%| O|  |TAMS 0x000000008f200000, 0x000000008f200000| Untracked 
| 243|0x000000008f300000, 0x000000008f400000, 0x000000008f400000|100%| O|  |TAMS 0x000000008f300000, 0x000000008f300000| Untracked 
| 244|0x000000008f400000, 0x000000008f500000, 0x000000008f500000|100%| O|  |TAMS 0x000000008f400000, 0x000000008f400000| Untracked 
| 245|0x000000008f500000, 0x000000008f600000, 0x000000008f600000|100%| O|  |TAMS 0x000000008f500000, 0x000000008f500000| Untracked 
| 246|0x000000008f600000, 0x000000008f700000, 0x000000008f700000|100%| O|  |TAMS 0x000000008f600000, 0x000000008f600000| Untracked 
| 247|0x000000008f700000, 0x000000008f800000, 0x000000008f800000|100%| O|  |TAMS 0x000000008f700000, 0x000000008f700000| Untracked 
| 248|0x000000008f800000, 0x000000008f900000, 0x000000008f900000|100%| O|  |TAMS 0x000000008f800000, 0x000000008f800000| Untracked 
| 249|0x000000008f900000, 0x000000008fa00000, 0x000000008fa00000|100%| O|  |TAMS 0x000000008f900000, 0x000000008f900000| Untracked 
| 250|0x000000008fa00000, 0x000000008fb00000, 0x000000008fb00000|100%| O|  |TAMS 0x000000008fa00000, 0x000000008fa00000| Untracked 
| 251|0x000000008fb00000, 0x000000008fb00000, 0x000000008fc00000|  0%| F|  |TAMS 0x000000008fb00000, 0x000000008fb00000| Untracked 
| 252|0x000000008fc00000, 0x000000008fc00000, 0x000000008fd00000|  0%| F|  |TAMS 0x000000008fc00000, 0x000000008fc00000| Untracked 
| 253|0x000000008fd00000, 0x000000008fd00000, 0x000000008fe00000|  0%| F|  |TAMS 0x000000008fd00000, 0x000000008fd00000| Untracked 
| 254|0x000000008fe00000, 0x000000008fe00000, 0x000000008ff00000|  0%| F|  |TAMS 0x000000008fe00000, 0x000000008fe00000| Untracked 
| 255|0x000000008ff00000, 0x000000008ff00000, 0x0000000090000000|  0%| F|  |TAMS 0x000000008ff00000, 0x000000008ff00000| Untracked 
| 256|0x0000000090000000, 0x000000009006e800, 0x0000000090100000| 43%| O|  |TAMS 0x0000000090000000, 0x0000000090000000| Untracked 
| 257|0x0000000090100000, 0x0000000090100000, 0x0000000090200000|  0%| F|  |TAMS 0x0000000090100000, 0x0000000090100000| Untracked 
| 258|0x0000000090200000, 0x0000000090200000, 0x0000000090300000|  0%| F|  |TAMS 0x0000000090200000, 0x0000000090200000| Untracked 
| 259|0x0000000090300000, 0x0000000090300000, 0x0000000090400000|  0%| F|  |TAMS 0x0000000090300000, 0x0000000090300000| Untracked 
| 260|0x0000000090400000, 0x0000000090400000, 0x0000000090500000|  0%| F|  |TAMS 0x0000000090400000, 0x0000000090400000| Untracked 
| 261|0x0000000090500000, 0x0000000090500000, 0x0000000090600000|  0%| F|  |TAMS 0x0000000090500000, 0x0000000090500000| Untracked 
| 262|0x0000000090600000, 0x0000000090600000, 0x0000000090700000|  0%| F|  |TAMS 0x0000000090600000, 0x0000000090600000| Untracked 
| 263|0x0000000090700000, 0x0000000090700000, 0x0000000090800000|  0%| F|  |TAMS 0x0000000090700000, 0x0000000090700000| Untracked 
| 264|0x0000000090800000, 0x0000000090800000, 0x0000000090900000|  0%| F|  |TAMS 0x0000000090800000, 0x0000000090800000| Untracked 
| 265|0x0000000090900000, 0x0000000090900000, 0x0000000090a00000|  0%| F|  |TAMS 0x0000000090900000, 0x0000000090900000| Untracked 
| 266|0x0000000090a00000, 0x0000000090a00000, 0x0000000090b00000|  0%| F|  |TAMS 0x0000000090a00000, 0x0000000090a00000| Untracked 
| 267|0x0000000090b00000, 0x0000000090b00000, 0x0000000090c00000|  0%| F|  |TAMS 0x0000000090b00000, 0x0000000090b00000| Untracked 
| 268|0x0000000090c00000, 0x0000000090c00000, 0x0000000090d00000|  0%| F|  |TAMS 0x0000000090c00000, 0x0000000090c00000| Untracked 
| 269|0x0000000090d00000, 0x0000000090d00000, 0x0000000090e00000|  0%| F|  |TAMS 0x0000000090d00000, 0x0000000090d00000| Untracked 
| 270|0x0000000090e00000, 0x0000000090e00000, 0x0000000090f00000|  0%| F|  |TAMS 0x0000000090e00000, 0x0000000090e00000| Untracked 
| 271|0x0000000090f00000, 0x0000000090f00000, 0x0000000091000000|  0%| F|  |TAMS 0x0000000090f00000, 0x0000000090f00000| Untracked 
| 272|0x0000000091000000, 0x0000000091000000, 0x0000000091100000|  0%| F|  |TAMS 0x0000000091000000, 0x0000000091000000| Untracked 
| 273|0x0000000091100000, 0x0000000091100000, 0x0000000091200000|  0%| F|  |TAMS 0x0000000091100000, 0x0000000091100000| Untracked 
| 274|0x0000000091200000, 0x0000000091200000, 0x0000000091300000|  0%| F|  |TAMS 0x0000000091200000, 0x0000000091200000| Untracked 
| 275|0x0000000091300000, 0x0000000091300000, 0x0000000091400000|  0%| F|  |TAMS 0x0000000091300000, 0x0000000091300000| Untracked 
| 276|0x0000000091400000, 0x0000000091400000, 0x0000000091500000|  0%| F|  |TAMS 0x0000000091400000, 0x0000000091400000| Untracked 
| 277|0x0000000091500000, 0x0000000091500000, 0x0000000091600000|  0%| F|  |TAMS 0x0000000091500000, 0x0000000091500000| Untracked 
| 278|0x0000000091600000, 0x0000000091600000, 0x0000000091700000|  0%| F|  |TAMS 0x0000000091600000, 0x0000000091600000| Untracked 
| 279|0x0000000091700000, 0x0000000091700000, 0x0000000091800000|  0%| F|  |TAMS 0x0000000091700000, 0x0000000091700000| Untracked 
| 280|0x0000000091800000, 0x0000000091800000, 0x0000000091900000|  0%| F|  |TAMS 0x0000000091800000, 0x0000000091800000| Untracked 
| 281|0x0000000091900000, 0x0000000091900000, 0x0000000091a00000|  0%| F|  |TAMS 0x0000000091900000, 0x0000000091900000| Untracked 
| 282|0x0000000091a00000, 0x0000000091a00000, 0x0000000091b00000|  0%| F|  |TAMS 0x0000000091a00000, 0x0000000091a00000| Untracked 
| 283|0x0000000091b00000, 0x0000000091b00000, 0x0000000091c00000|  0%| F|  |TAMS 0x0000000091b00000, 0x0000000091b00000| Untracked 
| 284|0x0000000091c00000, 0x0000000091c00000, 0x0000000091d00000|  0%| F|  |TAMS 0x0000000091c00000, 0x0000000091c00000| Untracked 
| 285|0x0000000091d00000, 0x0000000091d00000, 0x0000000091e00000|  0%| F|  |TAMS 0x0000000091d00000, 0x0000000091d00000| Untracked 
| 286|0x0000000091e00000, 0x0000000091e00000, 0x0000000091f00000|  0%| F|  |TAMS 0x0000000091e00000, 0x0000000091e00000| Untracked 
| 287|0x0000000091f00000, 0x0000000091f00000, 0x0000000092000000|  0%| F|  |TAMS 0x0000000091f00000, 0x0000000091f00000| Untracked 
| 288|0x0000000092000000, 0x0000000092000000, 0x0000000092100000|  0%| F|  |TAMS 0x0000000092000000, 0x0000000092000000| Untracked 
| 289|0x0000000092100000, 0x0000000092100000, 0x0000000092200000|  0%| F|  |TAMS 0x0000000092100000, 0x0000000092100000| Untracked 
| 290|0x0000000092200000, 0x0000000092200000, 0x0000000092300000|  0%| F|  |TAMS 0x0000000092200000, 0x0000000092200000| Untracked 
| 291|0x0000000092300000, 0x0000000092300000, 0x0000000092400000|  0%| F|  |TAMS 0x0000000092300000, 0x0000000092300000| Untracked 
| 292|0x0000000092400000, 0x0000000092455af0, 0x0000000092500000| 33%| S|CS|TAMS 0x0000000092400000, 0x0000000092400000| Complete 
| 293|0x0000000092500000, 0x0000000092500000, 0x0000000092600000|  0%| F|  |TAMS 0x0000000092500000, 0x0000000092500000| Untracked 
| 294|0x0000000092600000, 0x0000000092600000, 0x0000000092700000|  0%| F|  |TAMS 0x0000000092600000, 0x0000000092600000| Untracked 
| 295|0x0000000092700000, 0x0000000092700000, 0x0000000092800000|  0%| F|  |TAMS 0x0000000092700000, 0x0000000092700000| Untracked 
| 296|0x0000000092800000, 0x0000000092800000, 0x0000000092900000|  0%| F|  |TAMS 0x0000000092800000, 0x0000000092800000| Untracked 
| 297|0x0000000092900000, 0x0000000092a00000, 0x0000000092a00000|100%| S|CS|TAMS 0x0000000092900000, 0x0000000092900000| Complete 
| 298|0x0000000092a00000, 0x0000000092b00000, 0x0000000092b00000|100%| S|CS|TAMS 0x0000000092a00000, 0x0000000092a00000| Complete 
| 299|0x0000000092b00000, 0x0000000092c00000, 0x0000000092c00000|100%| S|CS|TAMS 0x0000000092b00000, 0x0000000092b00000| Complete 
| 300|0x0000000092c00000, 0x0000000092d00000, 0x0000000092d00000|100%| S|CS|TAMS 0x0000000092c00000, 0x0000000092c00000| Complete 
| 301|0x0000000092d00000, 0x0000000092d00000, 0x0000000092e00000|  0%| F|  |TAMS 0x0000000092d00000, 0x0000000092d00000| Untracked 
| 302|0x0000000092e00000, 0x0000000092e00000, 0x0000000092f00000|  0%| F|  |TAMS 0x0000000092e00000, 0x0000000092e00000| Untracked 
| 303|0x0000000092f00000, 0x0000000092f00000, 0x0000000093000000|  0%| F|  |TAMS 0x0000000092f00000, 0x0000000092f00000| Untracked 
| 304|0x0000000093000000, 0x0000000093000000, 0x0000000093100000|  0%| F|  |TAMS 0x0000000093000000, 0x0000000093000000| Untracked 
| 305|0x0000000093100000, 0x0000000093100000, 0x0000000093200000|  0%| F|  |TAMS 0x0000000093100000, 0x0000000093100000| Untracked 
| 306|0x0000000093200000, 0x0000000093200000, 0x0000000093300000|  0%| F|  |TAMS 0x0000000093200000, 0x0000000093200000| Untracked 
| 307|0x0000000093300000, 0x0000000093300000, 0x0000000093400000|  0%| F|  |TAMS 0x0000000093300000, 0x0000000093300000| Untracked 
| 308|0x0000000093400000, 0x0000000093400000, 0x0000000093500000|  0%| F|  |TAMS 0x0000000093400000, 0x0000000093400000| Untracked 
| 309|0x0000000093500000, 0x0000000093500000, 0x0000000093600000|  0%| F|  |TAMS 0x0000000093500000, 0x0000000093500000| Untracked 
| 310|0x0000000093600000, 0x0000000093600000, 0x0000000093700000|  0%| F|  |TAMS 0x0000000093600000, 0x0000000093600000| Untracked 
| 311|0x0000000093700000, 0x0000000093700000, 0x0000000093800000|  0%| F|  |TAMS 0x0000000093700000, 0x0000000093700000| Untracked 
| 312|0x0000000093800000, 0x0000000093800000, 0x0000000093900000|  0%| F|  |TAMS 0x0000000093800000, 0x0000000093800000| Untracked 
| 313|0x0000000093900000, 0x0000000093900000, 0x0000000093a00000|  0%| F|  |TAMS 0x0000000093900000, 0x0000000093900000| Untracked 
| 314|0x0000000093a00000, 0x0000000093a00000, 0x0000000093b00000|  0%| F|  |TAMS 0x0000000093a00000, 0x0000000093a00000| Untracked 
| 315|0x0000000093b00000, 0x0000000093b00000, 0x0000000093c00000|  0%| F|  |TAMS 0x0000000093b00000, 0x0000000093b00000| Untracked 
| 316|0x0000000093c00000, 0x0000000093c00000, 0x0000000093d00000|  0%| F|  |TAMS 0x0000000093c00000, 0x0000000093c00000| Untracked 
| 317|0x0000000093d00000, 0x0000000093d00000, 0x0000000093e00000|  0%| F|  |TAMS 0x0000000093d00000, 0x0000000093d00000| Untracked 
| 318|0x0000000093e00000, 0x0000000093e00000, 0x0000000093f00000|  0%| F|  |TAMS 0x0000000093e00000, 0x0000000093e00000| Untracked 
| 319|0x0000000093f00000, 0x0000000093f00000, 0x0000000094000000|  0%| F|  |TAMS 0x0000000093f00000, 0x0000000093f00000| Untracked 
| 320|0x0000000094000000, 0x0000000094000000, 0x0000000094100000|  0%| F|  |TAMS 0x0000000094000000, 0x0000000094000000| Untracked 
| 321|0x0000000094100000, 0x0000000094100000, 0x0000000094200000|  0%| F|  |TAMS 0x0000000094100000, 0x0000000094100000| Untracked 
| 322|0x0000000094200000, 0x0000000094200000, 0x0000000094300000|  0%| F|  |TAMS 0x0000000094200000, 0x0000000094200000| Untracked 
| 323|0x0000000094300000, 0x0000000094300000, 0x0000000094400000|  0%| F|  |TAMS 0x0000000094300000, 0x0000000094300000| Untracked 
| 324|0x0000000094400000, 0x0000000094400000, 0x0000000094500000|  0%| F|  |TAMS 0x0000000094400000, 0x0000000094400000| Untracked 
| 325|0x0000000094500000, 0x0000000094500000, 0x0000000094600000|  0%| F|  |TAMS 0x0000000094500000, 0x0000000094500000| Untracked 
| 326|0x0000000094600000, 0x0000000094600000, 0x0000000094700000|  0%| F|  |TAMS 0x0000000094600000, 0x0000000094600000| Untracked 
| 327|0x0000000094700000, 0x0000000094700000, 0x0000000094800000|  0%| F|  |TAMS 0x0000000094700000, 0x0000000094700000| Untracked 
| 328|0x0000000094800000, 0x0000000094800000, 0x0000000094900000|  0%| F|  |TAMS 0x0000000094800000, 0x0000000094800000| Untracked 
| 329|0x0000000094900000, 0x0000000094900000, 0x0000000094a00000|  0%| F|  |TAMS 0x0000000094900000, 0x0000000094900000| Untracked 
| 330|0x0000000094a00000, 0x0000000094a00000, 0x0000000094b00000|  0%| F|  |TAMS 0x0000000094a00000, 0x0000000094a00000| Untracked 
| 331|0x0000000094b00000, 0x0000000094b00000, 0x0000000094c00000|  0%| F|  |TAMS 0x0000000094b00000, 0x0000000094b00000| Untracked 
| 332|0x0000000094c00000, 0x0000000094c00000, 0x0000000094d00000|  0%| F|  |TAMS 0x0000000094c00000, 0x0000000094c00000| Untracked 
| 333|0x0000000094d00000, 0x0000000094d00000, 0x0000000094e00000|  0%| F|  |TAMS 0x0000000094d00000, 0x0000000094d00000| Untracked 
| 334|0x0000000094e00000, 0x0000000094e284a0, 0x0000000094f00000| 15%| E|  |TAMS 0x0000000094e00000, 0x0000000094e00000| Complete 
| 335|0x0000000094f00000, 0x0000000095000000, 0x0000000095000000|100%| E|CS|TAMS 0x0000000094f00000, 0x0000000094f00000| Complete 
| 336|0x0000000095000000, 0x0000000095100000, 0x0000000095100000|100%| E|CS|TAMS 0x0000000095000000, 0x0000000095000000| Complete 
| 337|0x0000000095100000, 0x0000000095200000, 0x0000000095200000|100%| E|CS|TAMS 0x0000000095100000, 0x0000000095100000| Complete 
| 338|0x0000000095200000, 0x0000000095300000, 0x0000000095300000|100%| E|  |TAMS 0x0000000095200000, 0x0000000095200000| Complete 
| 339|0x0000000095300000, 0x0000000095400000, 0x0000000095400000|100%| E|CS|TAMS 0x0000000095300000, 0x0000000095300000| Complete 
| 340|0x0000000095400000, 0x0000000095500000, 0x0000000095500000|100%| E|CS|TAMS 0x0000000095400000, 0x0000000095400000| Complete 
| 341|0x0000000095500000, 0x0000000095600000, 0x0000000095600000|100%| E|CS|TAMS 0x0000000095500000, 0x0000000095500000| Complete 
| 342|0x0000000095600000, 0x0000000095700000, 0x0000000095700000|100%| E|CS|TAMS 0x0000000095600000, 0x0000000095600000| Complete 
| 343|0x0000000095700000, 0x0000000095800000, 0x0000000095800000|100%| E|CS|TAMS 0x0000000095700000, 0x0000000095700000| Complete 
| 344|0x0000000095800000, 0x0000000095900000, 0x0000000095900000|100%| E|CS|TAMS 0x0000000095800000, 0x0000000095800000| Complete 

Card table byte_map: [0x000002a458460000,0x000002a458860000] _byte_map_base: 0x000002a458060000

Marking Bits (Prev, Next): (CMBitMap*) 0x000002a441004460, (CMBitMap*) 0x000002a441004420
 Prev Bits: [0x000002a45ac60000, 0x000002a45cc60000)
 Next Bits: [0x000002a458c60000, 0x000002a45ac60000)

Polling page: 0x000002a43eea0000

Metaspace:

Usage:
  Non-class:     99.61 MB used.
      Class:     15.98 MB used.
       Both:    115.59 MB used.

Virtual space:
  Non-class space:      128.00 MB reserved,     100.62 MB ( 79%) committed,  2 nodes.
      Class space:      416.00 MB reserved,      16.81 MB (  4%) committed,  1 nodes.
             Both:      544.00 MB reserved,     117.44 MB ( 22%) committed. 

Chunk freelists:
   Non-Class:  11.42 MB
       Class:  15.22 MB
        Both:  26.64 MB

MaxMetaspaceSize: 512.00 MB
CompressedClassSpaceSize: 416.00 MB
Initial GC threshold: 21.00 MB
Current GC threshold: 173.75 MB
CDS: on
MetaspaceReclaimPolicy: balanced
 - commit_granule_bytes: 65536.
 - commit_granule_words: 8192.
 - virtual_space_node_default_size: 8388608.
 - enlarge_chunks_in_place: 1.
 - new_chunks_are_fully_committed: 0.
 - uncommit_free_chunks: 1.
 - use_allocation_guard: 0.
 - handle_deallocations: 1.


Internal statistics:

num_allocs_failed_limit: 9.
num_arena_births: 2704.
num_arena_deaths: 0.
num_vsnodes_births: 3.
num_vsnodes_deaths: 0.
num_space_committed: 1878.
num_space_uncommitted: 0.
num_chunks_returned_to_freelist: 9.
num_chunks_taken_from_freelist: 8468.
num_chunk_merges: 9.
num_chunk_splits: 5280.
num_chunks_enlarged: 3102.
num_inconsistent_stats: 0.

CodeHeap 'non-profiled nmethods': size=120000Kb used=11945Kb max_used=11945Kb free=108054Kb
 bounds [0x000002a4505e0000, 0x000002a451190000, 0x000002a457b10000]
CodeHeap 'profiled nmethods': size=120000Kb used=30926Kb max_used=30926Kb free=89073Kb
 bounds [0x000002a448b10000, 0x000002a44a950000, 0x000002a450040000]
CodeHeap 'non-nmethods': size=5760Kb used=2480Kb max_used=2536Kb free=3279Kb
 bounds [0x000002a450040000, 0x000002a4502d0000, 0x000002a4505e0000]
 total_blobs=16980 nmethods=15955 adapters=936
 compilation: enabled
              stopped_count=0, restarted_count=0
 full_count=0

Compilation events (20 events):
Event: 123.165 Thread 0x000002a45f8c57f0 19037       3       org.gradle.internal.snapshot.impl.DirectorySnapshotterStatistics$CollectingFileVisitor::visitFile (10 bytes)
Event: 123.165 Thread 0x000002a45f8c57f0 nmethod 19037 0x000002a44a933910 code [0x000002a44a933ae0, 0x000002a44a933e58]
Event: 123.166 Thread 0x000002a45f8c57f0 19047       2       org.gradle.internal.vfs.impl.DefaultFileSystemAccess::readSnapshotFromLocation (27 bytes)
Event: 123.167 Thread 0x000002a45f8c57f0 nmethod 19047 0x000002a44a934010 code [0x000002a44a934220, 0x000002a44a9347e8]
Event: 123.167 Thread 0x000002a45f8c57f0 19039       2       org.gradle.internal.watch.registry.impl.HierarchicalFileWatcherUpdater$$Lambda$571/0x000002a4614a6440::test (16 bytes)
Event: 123.168 Thread 0x000002a45f8c57f0 nmethod 19039 0x000002a44a934b10 code [0x000002a44a934cc0, 0x000002a44a934e98]
Event: 123.168 Thread 0x000002a45f8c57f0 19051       3       org.gradle.internal.resources.TaskExecutionLock::canAcquire (26 bytes)
Event: 124.179 Thread 0x000002a45f8c57f0 nmethod 19051 0x000002a44a935010 code [0x000002a44a935200, 0x000002a44a935888]
Event: 124.180 Thread 0x000002a45f8c57f0 19075       3       java.util.stream.Collector::of (73 bytes)
Event: 124.181 Thread 0x000002a45f8c57f0 nmethod 19075 0x000002a44a935b10 code [0x000002a44a935de0, 0x000002a44a936d58]
Event: 124.182 Thread 0x000002a45f8c57f0 19077       3       org.gradle.internal.execution.steps.WorkspaceResult::lambda$getOutputAs$0 (11 bytes)
Event: 124.182 Thread 0x000002a45f8c57f0 nmethod 19077 0x000002a44a937290 code [0x000002a44a937440, 0x000002a44a937628]
Event: 124.182 Thread 0x000002a45f8c57f0 19048       2       org.gradle.internal.vfs.impl.DefaultFileSystemAccess$$Lambda$544/0x000002a461494280::<init> (26 bytes)
Event: 124.182 Thread 0x000002a45f8c57f0 nmethod 19048 0x000002a44a937710 code [0x000002a44a9378c0, 0x000002a44a937b38]
Event: 124.182 Thread 0x000002a45f8c57f0 19034       3       org.gradle.internal.snapshot.impl.ImplementationSnapshot::<init> (10 bytes)
Event: 124.183 Thread 0x000002a45f8c57f0 nmethod 19034 0x000002a44a937c10 code [0x000002a44a937dc0, 0x000002a44a937f78]
Event: 124.183 Thread 0x000002a45f8c57f0 19035       1       org.gradle.internal.execution.history.changes.AbstractFingerprintChanges::access$000 (5 bytes)
Event: 124.183 Thread 0x000002a45f8c57f0 nmethod 19035 0x000002a45116fa90 code [0x000002a45116fc20, 0x000002a45116fcd8]
Event: 124.183 Thread 0x000002a45f8c57f0 19038       1       org.gradle.internal.properties.bean.DefaultPropertyWalker$ImplementationPropertyValue::call (5 bytes)
Event: 125.431 Thread 0x000002a45f8c57f0 nmethod 19038 0x000002a45116fd90 code [0x000002a45116ff20, 0x000002a45116fff8]

GC Heap History (20 events):
Event: 113.986 GC heap before
{Heap before GC invocations=79 (full 0):
 garbage-first heap   total 293888K, used 259390K [0x0000000080000000, 0x0000000100000000)
  region size 1024K, 14 young (14336K), 2 survivors (2048K)
 Metaspace       used 116551K, committed 118336K, reserved 557056K
  class space    used 16210K, committed 17024K, reserved 425984K
}
Event: 113.999 GC heap after
{Heap after GC invocations=80 (full 0):
 garbage-first heap   total 293888K, used 248708K [0x0000000080000000, 0x0000000100000000)
  region size 1024K, 2 young (2048K), 2 survivors (2048K)
 Metaspace       used 116551K, committed 118336K, reserved 557056K
  class space    used 16210K, committed 17024K, reserved 425984K
}
Event: 115.422 GC heap before
{Heap before GC invocations=80 (full 0):
 garbage-first heap   total 293888K, used 259972K [0x0000000080000000, 0x0000000100000000)
  region size 1024K, 14 young (14336K), 2 survivors (2048K)
 Metaspace       used 116942K, committed 118784K, reserved 557056K
  class space    used 16264K, committed 17088K, reserved 425984K
}
Event: 115.431 GC heap after
{Heap after GC invocations=81 (full 0):
 garbage-first heap   total 293888K, used 250044K [0x0000000080000000, 0x0000000100000000)
  region size 1024K, 2 young (2048K), 2 survivors (2048K)
 Metaspace       used 116942K, committed 118784K, reserved 557056K
  class space    used 16264K, committed 17088K, reserved 425984K
}
Event: 115.756 GC heap before
{Heap before GC invocations=81 (full 0):
 garbage-first heap   total 293888K, used 261308K [0x0000000080000000, 0x0000000100000000)
  region size 1024K, 14 young (14336K), 2 survivors (2048K)
 Metaspace       used 116961K, committed 118784K, reserved 557056K
  class space    used 16267K, committed 17088K, reserved 425984K
}
Event: 115.763 GC heap after
{Heap after GC invocations=82 (full 0):
 garbage-first heap   total 293888K, used 252815K [0x0000000080000000, 0x0000000100000000)
  region size 1024K, 2 young (2048K), 2 survivors (2048K)
 Metaspace       used 116961K, committed 118784K, reserved 557056K
  class space    used 16267K, committed 17088K, reserved 425984K
}
Event: 115.964 GC heap before
{Heap before GC invocations=82 (full 0):
 garbage-first heap   total 293888K, used 265103K [0x0000000080000000, 0x0000000100000000)
  region size 1024K, 14 young (14336K), 2 survivors (2048K)
 Metaspace       used 116961K, committed 118784K, reserved 557056K
  class space    used 16267K, committed 17088K, reserved 425984K
}
Event: 115.971 GC heap after
{Heap after GC invocations=83 (full 0):
 garbage-first heap   total 293888K, used 253987K [0x0000000080000000, 0x0000000100000000)
  region size 1024K, 2 young (2048K), 2 survivors (2048K)
 Metaspace       used 116961K, committed 118784K, reserved 557056K
  class space    used 16267K, committed 17088K, reserved 425984K
}
Event: 116.085 GC heap before
{Heap before GC invocations=83 (full 0):
 garbage-first heap   total 293888K, used 266275K [0x0000000080000000, 0x0000000100000000)
  region size 1024K, 14 young (14336K), 2 survivors (2048K)
 Metaspace       used 116961K, committed 118784K, reserved 557056K
  class space    used 16267K, committed 17088K, reserved 425984K
}
Event: 116.097 GC heap after
{Heap after GC invocations=84 (full 0):
 garbage-first heap   total 353280K, used 255140K [0x0000000080000000, 0x0000000100000000)
  region size 1024K, 2 young (2048K), 2 survivors (2048K)
 Metaspace       used 116961K, committed 118784K, reserved 557056K
  class space    used 16267K, committed 17088K, reserved 425984K
}
Event: 117.219 GC heap before
{Heap before GC invocations=84 (full 0):
 garbage-first heap   total 353280K, used 300196K [0x0000000080000000, 0x0000000100000000)
  region size 1024K, 46 young (47104K), 2 survivors (2048K)
 Metaspace       used 116963K, committed 118784K, reserved 557056K
  class space    used 16267K, committed 17088K, reserved 425984K
}
Event: 117.226 GC heap after
{Heap after GC invocations=85 (full 0):
 garbage-first heap   total 353280K, used 257086K [0x0000000080000000, 0x0000000100000000)
  region size 1024K, 4 young (4096K), 4 survivors (4096K)
 Metaspace       used 116963K, committed 118784K, reserved 557056K
  class space    used 16267K, committed 17088K, reserved 425984K
}
Event: 118.852 GC heap before
{Heap before GC invocations=85 (full 0):
 garbage-first heap   total 353280K, used 301118K [0x0000000080000000, 0x0000000100000000)
  region size 1024K, 48 young (49152K), 4 survivors (4096K)
 Metaspace       used 116972K, committed 118784K, reserved 557056K
  class space    used 16268K, committed 17088K, reserved 425984K
}
Event: 118.860 GC heap after
{Heap after GC invocations=86 (full 0):
 garbage-first heap   total 353280K, used 258101K [0x0000000080000000, 0x0000000100000000)
  region size 1024K, 4 young (4096K), 4 survivors (4096K)
 Metaspace       used 116972K, committed 118784K, reserved 557056K
  class space    used 16268K, committed 17088K, reserved 425984K
}
Event: 119.343 GC heap before
{Heap before GC invocations=86 (full 0):
 garbage-first heap   total 353280K, used 302133K [0x0000000080000000, 0x0000000100000000)
  region size 1024K, 48 young (49152K), 4 survivors (4096K)
 Metaspace       used 116974K, committed 118784K, reserved 557056K
  class space    used 16269K, committed 17088K, reserved 425984K
}
Event: 119.348 GC heap after
{Heap after GC invocations=87 (full 0):
 garbage-first heap   total 353280K, used 259184K [0x0000000080000000, 0x0000000100000000)
  region size 1024K, 4 young (4096K), 4 survivors (4096K)
 Metaspace       used 116974K, committed 118784K, reserved 557056K
  class space    used 16269K, committed 17088K, reserved 425984K
}
Event: 120.038 GC heap before
{Heap before GC invocations=87 (full 0):
 garbage-first heap   total 353280K, used 304240K [0x0000000080000000, 0x0000000100000000)
  region size 1024K, 48 young (49152K), 4 survivors (4096K)
 Metaspace       used 116977K, committed 118784K, reserved 557056K
  class space    used 16270K, committed 17088K, reserved 425984K
}
Event: 120.046 GC heap after
{Heap after GC invocations=88 (full 0):
 garbage-first heap   total 353280K, used 260229K [0x0000000080000000, 0x0000000100000000)
  region size 1024K, 4 young (4096K), 4 survivors (4096K)
 Metaspace       used 116977K, committed 118784K, reserved 557056K
  class space    used 16270K, committed 17088K, reserved 425984K
}
Event: 123.331 GC heap before
{Heap before GC invocations=88 (full 0):
 garbage-first heap   total 353280K, used 309381K [0x0000000080000000, 0x0000000100000000)
  region size 1024K, 48 young (49152K), 4 survivors (4096K)
 Metaspace       used 118353K, committed 120192K, reserved 557056K
  class space    used 16368K, committed 17216K, reserved 425984K
}
Event: 124.178 GC heap after
{Heap after GC invocations=89 (full 0):
 garbage-first heap   total 353280K, used 261904K [0x0000000080000000, 0x0000000100000000)
  region size 1024K, 5 young (5120K), 5 survivors (5120K)
 Metaspace       used 118353K, committed 120192K, reserved 557056K
  class space    used 16368K, committed 17216K, reserved 425984K
}

Dll operation events (15 events):
Event: 0.019 Loaded shared library C:\Program Files\Eclipse Adoptium\jdk-17.0.17.10-hotspot\bin\java.dll
Event: 0.040 Loaded shared library C:\Program Files\Eclipse Adoptium\jdk-17.0.17.10-hotspot\bin\jsvml.dll
Event: 0.116 Loaded shared library C:\Program Files\Eclipse Adoptium\jdk-17.0.17.10-hotspot\bin\zip.dll
Event: 0.121 Loaded shared library C:\Program Files\Eclipse Adoptium\jdk-17.0.17.10-hotspot\bin\instrument.dll
Event: 0.127 Loaded shared library C:\Program Files\Eclipse Adoptium\jdk-17.0.17.10-hotspot\bin\net.dll
Event: 0.130 Loaded shared library C:\Program Files\Eclipse Adoptium\jdk-17.0.17.10-hotspot\bin\nio.dll
Event: 0.134 Loaded shared library C:\Program Files\Eclipse Adoptium\jdk-17.0.17.10-hotspot\bin\zip.dll
Event: 0.548 Loaded shared library C:\Program Files\Eclipse Adoptium\jdk-17.0.17.10-hotspot\bin\jimage.dll
Event: 0.979 Loaded shared library C:\Program Files\Eclipse Adoptium\jdk-17.0.17.10-hotspot\bin\verify.dll
Event: 1.046 Loaded shared library C:\Users\asepr\.gradle\native\1def1411415f61bf3af743bc5b6707747c0891f09f0c88961ee8f79bc544acac\windows-amd64\native-platform.dll
Event: 1.088 Loaded shared library C:\Users\asepr\.gradle\native\0.2.8\x86_64-windows-gnu\gradle-fileevents.dll
Event: 4.706 Loaded shared library C:\Program Files\Eclipse Adoptium\jdk-17.0.17.10-hotspot\bin\management.dll
Event: 4.855 Loaded shared library C:\Program Files\Eclipse Adoptium\jdk-17.0.17.10-hotspot\bin\management_ext.dll
Event: 6.037 Loaded shared library C:\Program Files\Eclipse Adoptium\jdk-17.0.17.10-hotspot\bin\extnet.dll
Event: 6.911 Loaded shared library C:\Program Files\Eclipse Adoptium\jdk-17.0.17.10-hotspot\bin\sunmscapi.dll

Deoptimization events (20 events):
Event: 120.916 Thread 0x000002a4047933e0 DEOPT PACKING pc=0x000002a4508500a0 sp=0x000000f4aa2fb580
Event: 120.916 Thread 0x000002a4047933e0 DEOPT UNPACKING pc=0x000002a450097143 sp=0x000000f4aa2fa7c8 mode 0
Event: 120.916 Thread 0x000002a4047933e0 DEOPT PACKING pc=0x000002a4508500a0 sp=0x000000f4aa2fb6a0
Event: 120.916 Thread 0x000002a4047933e0 DEOPT UNPACKING pc=0x000002a450097143 sp=0x000000f4aa2fa8e8 mode 0
Event: 120.916 Thread 0x000002a4047933e0 DEOPT PACKING pc=0x000002a4508500a0 sp=0x000000f4aa2fb7c0
Event: 120.916 Thread 0x000002a4047933e0 DEOPT UNPACKING pc=0x000002a450097143 sp=0x000000f4aa2faa08 mode 0
Event: 120.916 Thread 0x000002a4047933e0 DEOPT PACKING pc=0x000002a45084fe4c sp=0x000000f4aa2fb8e0
Event: 120.916 Thread 0x000002a4047933e0 DEOPT UNPACKING pc=0x000002a450097143 sp=0x000000f4aa2fab28 mode 0
Event: 120.916 Thread 0x000002a4047933e0 DEOPT PACKING pc=0x000002a450d66364 sp=0x000000f4aa2fba10
Event: 120.916 Thread 0x000002a4047933e0 DEOPT UNPACKING pc=0x000002a450097143 sp=0x000000f4aa2fae98 mode 0
Event: 120.916 Thread 0x000002a4047933e0 DEOPT PACKING pc=0x000002a450b60500 sp=0x000000f4aa2fc740
Event: 120.916 Thread 0x000002a4047933e0 DEOPT UNPACKING pc=0x000002a450097143 sp=0x000000f4aa2fbab8 mode 0
Event: 120.948 Thread 0x000002a4047933e0 Uncommon trap: trap_request=0xffffff45 fr.pc=0x000002a450cd0228 relative=0x0000000000000088
Event: 120.948 Thread 0x000002a4047933e0 Uncommon trap: reason=unstable_if action=reinterpret pc=0x000002a450cd0228 method=org.gradle.internal.hash.HashCode$HashCode128.equals(Ljava/lang/Object;)Z @ 2 c2
Event: 120.948 Thread 0x000002a4047933e0 DEOPT PACKING pc=0x000002a450cd0228 sp=0x000000f4aa2fccc0
Event: 120.948 Thread 0x000002a4047933e0 DEOPT UNPACKING pc=0x000002a4500969a3 sp=0x000000f4aa2fcc60 mode 2
Event: 120.977 Thread 0x000002a4047933e0 Uncommon trap: trap_request=0xffffff45 fr.pc=0x000002a4511421c8 relative=0x00000000000008a8
Event: 120.977 Thread 0x000002a4047933e0 Uncommon trap: reason=unstable_if action=reinterpret pc=0x000002a4511421c8 method=java.util.concurrent.FutureTask.awaitDone(ZJ)I @ 23 c2
Event: 120.977 Thread 0x000002a4047933e0 DEOPT PACKING pc=0x000002a4511421c8 sp=0x000000f4aa2fd160
Event: 120.977 Thread 0x000002a4047933e0 DEOPT UNPACKING pc=0x000002a4500969a3 sp=0x000000f4aa2fce68 mode 2

Classes loaded (20 events):
Event: 105.056 Loading class com/sun/org/apache/xerces/internal/dom/CharacterDataImpl
Event: 105.057 Loading class com/sun/org/apache/xerces/internal/dom/CharacterDataImpl done
Event: 105.057 Loading class com/sun/org/apache/xerces/internal/dom/TextImpl done
Event: 105.057 Loading class com/sun/org/apache/xerces/internal/dom/DeferredTextImpl done
Event: 105.058 Loading class com/sun/org/apache/xerces/internal/dom/CharacterDataImpl$1
Event: 105.058 Loading class com/sun/org/apache/xerces/internal/dom/CharacterDataImpl$1 done
Event: 105.085 Loading class org/w3c/dom/Comment
Event: 105.086 Loading class org/w3c/dom/Comment done
Event: 115.220 Loading class java/util/concurrent/ConcurrentSkipListMap$KeySet
Event: 115.223 Loading class java/util/concurrent/ConcurrentSkipListMap$KeySet done
Event: 115.224 Loading class java/util/concurrent/ConcurrentSkipListMap$KeyIterator
Event: 115.225 Loading class java/util/concurrent/ConcurrentSkipListMap$KeyIterator done
Event: 117.368 Loading class java/util/concurrent/atomic/Striped64$Cell
Event: 117.383 Loading class java/util/concurrent/atomic/Striped64$Cell done
Event: 120.713 Loading class java/nio/file/Files$2
Event: 120.714 Loading class java/nio/file/Files$2 done
Event: 120.766 Loading class com/sun/org/apache/xerces/internal/dom/CommentImpl
Event: 120.769 Loading class com/sun/org/apache/xerces/internal/dom/CommentImpl done
Event: 120.846 Loading class java/time/Instant$1
Event: 120.847 Loading class java/time/Instant$1 done

Classes unloaded (0 events):
No events

Classes redefined (0 events):
No events

Internal exceptions (20 events):
Event: 109.042 Thread 0x000002a40042fac0 Implicit null exception at 0x000002a4510579fb to 0x000002a451057e04
Event: 109.596 Thread 0x000002a40042fac0 Exception <a 'sun/nio/fs/WindowsException'{0x0000000091a5ec08}> (0x0000000091a5ec08) 
thrown [s\src\hotspot\share\prims\jni.cpp, line 516]
Event: 109.597 Thread 0x000002a40042fac0 Exception <a 'sun/nio/fs/WindowsException'{0x0000000091a60248}> (0x0000000091a60248) 
thrown [s\src\hotspot\share\prims\jni.cpp, line 516]
Event: 109.597 Thread 0x000002a40042fac0 Exception <a 'sun/nio/fs/WindowsException'{0x0000000091a618d8}> (0x0000000091a618d8) 
thrown [s\src\hotspot\share\prims\jni.cpp, line 516]
Event: 109.598 Thread 0x000002a40042fac0 Exception <a 'sun/nio/fs/WindowsException'{0x0000000091a62f68}> (0x0000000091a62f68) 
thrown [s\src\hotspot\share\prims\jni.cpp, line 516]
Event: 115.233 Thread 0x000002a402f66ba0 Exception <a 'java/lang/NoSuchMethodError'{0x00000000915e44d0}: static Lcom/android/build/api/variant/BuildConfigField;.<clinit>()V> (0x00000000915e44d0) 
thrown [s\src\hotspot\share\prims\jni.cpp, line 1112]
Event: 120.458 Thread 0x000002a4047933e0 Exception <a 'java/lang/NoSuchMethodError'{0x0000000094cd9490}: static Lcom/android/build/api/variant/impl/ResValueKeyImpl;.<clinit>()V> (0x0000000094cd9490) 
thrown [s\src\hotspot\share\prims\jni.cpp, line 1112]
Event: 120.461 Thread 0x000002a4047933e0 Exception <a 'java/lang/NoSuchMethodError'{0x0000000094ce8890}: static Lcom/android/build/api/variant/ResValue;.<clinit>()V> (0x0000000094ce8890) 
thrown [s\src\hotspot\share\prims\jni.cpp, line 1112]
Event: 120.722 Thread 0x000002a4047933e0 Exception <a 'sun/nio/fs/WindowsException'{0x0000000094899250}> (0x0000000094899250) 
thrown [s\src\hotspot\share\prims\jni.cpp, line 516]
Event: 120.726 Thread 0x000002a4047933e0 Exception <a 'sun/nio/fs/WindowsException'{0x000000009489a290}> (0x000000009489a290) 
thrown [s\src\hotspot\share\prims\jni.cpp, line 516]
Event: 120.927 Thread 0x000002a4047933e0 Exception <a 'sun/nio/fs/WindowsException'{0x00000000945a66e8}> (0x00000000945a66e8) 
thrown [s\src\hotspot\share\prims\jni.cpp, line 516]
Event: 120.980 Thread 0x000002a4047933e0 Exception <a 'sun/nio/fs/WindowsException'{0x00000000944664d0}> (0x00000000944664d0) 
thrown [s\src\hotspot\share\prims\jni.cpp, line 516]
Event: 121.020 Thread 0x000002a4047933e0 Exception <a 'sun/nio/fs/WindowsException'{0x000000009432b250}> (0x000000009432b250) 
thrown [s\src\hotspot\share\prims\jni.cpp, line 516]
Event: 121.081 Thread 0x000002a402f67fe0 Exception <a 'sun/nio/fs/WindowsException'{0x000000009421b540}> (0x000000009421b540) 
thrown [s\src\hotspot\share\prims\jni.cpp, line 516]
Event: 121.122 Thread 0x000002a402f67fe0 Exception <a 'sun/nio/fs/WindowsException'{0x00000000941002a0}> (0x00000000941002a0) 
thrown [s\src\hotspot\share\prims\jni.cpp, line 516]
Event: 121.164 Thread 0x000002a402f67fe0 Exception <a 'sun/nio/fs/WindowsException'{0x00000000941cfa20}> (0x00000000941cfa20) 
thrown [s\src\hotspot\share\prims\jni.cpp, line 516]
Event: 121.202 Thread 0x000002a402f67fe0 Exception <a 'sun/nio/fs/WindowsException'{0x0000000094092f88}> (0x0000000094092f88) 
thrown [s\src\hotspot\share\prims\jni.cpp, line 516]
Event: 121.256 Thread 0x000002a402f67fe0 Exception <a 'sun/nio/fs/WindowsException'{0x0000000093fd83b0}> (0x0000000093fd83b0) 
thrown [s\src\hotspot\share\prims\jni.cpp, line 516]
Event: 121.316 Thread 0x000002a402f67fe0 Exception <a 'sun/nio/fs/WindowsException'{0x0000000093d17030}> (0x0000000093d17030) 
thrown [s\src\hotspot\share\prims\jni.cpp, line 516]
Event: 121.352 Thread 0x000002a402f67fe0 Exception <a 'sun/nio/fs/WindowsException'{0x0000000093dec908}> (0x0000000093dec908) 
thrown [s\src\hotspot\share\prims\jni.cpp, line 516]

VM Operations (20 events):
Event: 118.851 Executing VM operation: G1CollectForAllocation
Event: 118.860 Executing VM operation: G1CollectForAllocation done
Event: 118.908 Executing VM operation: HandshakeAllThreads
Event: 118.909 Executing VM operation: HandshakeAllThreads done
Event: 119.342 Executing VM operation: G1CollectForAllocation
Event: 119.348 Executing VM operation: G1CollectForAllocation done
Event: 120.038 Executing VM operation: G1CollectForAllocation
Event: 120.046 Executing VM operation: G1CollectForAllocation done
Event: 120.432 Executing VM operation: HandshakeAllThreads
Event: 120.432 Executing VM operation: HandshakeAllThreads done
Event: 120.859 Executing VM operation: HandshakeAllThreads
Event: 120.859 Executing VM operation: HandshakeAllThreads done
Event: 120.915 Executing VM operation: HandshakeAllThreads
Event: 120.915 Executing VM operation: HandshakeAllThreads done
Event: 121.924 Executing VM operation: Cleanup
Event: 122.174 Executing VM operation: Cleanup done
Event: 123.179 Executing VM operation: Cleanup
Event: 123.179 Executing VM operation: Cleanup done
Event: 123.331 Executing VM operation: G1CollectForAllocation
Event: 124.179 Executing VM operation: G1CollectForAllocation done

Memory protections (0 events):
No events

Nmethod flushes (20 events):
Event: 118.931 Thread 0x000002a45f8cc130 flushing  nmethod 0x000002a448ff0390
Event: 118.933 Thread 0x000002a45f8cc130 flushing  nmethod 0x000002a44911d410
Event: 118.934 Thread 0x000002a45f8cc130 flushing  nmethod 0x000002a4491d5810
Event: 118.939 Thread 0x000002a45f8cc130 flushing  nmethod 0x000002a4493ae910
Event: 118.943 Thread 0x000002a45f8cc130 flushing  nmethod 0x000002a449609310
Event: 118.944 Thread 0x000002a45f8cc130 flushing  nmethod 0x000002a449655710
Event: 118.946 Thread 0x000002a45f8cc130 flushing  nmethod 0x000002a449787190
Event: 118.946 Thread 0x000002a45f8cc130 flushing  nmethod 0x000002a44979ba90
Event: 118.946 Thread 0x000002a45f8cc130 flushing  nmethod 0x000002a44979c990
Event: 118.947 Thread 0x000002a45f8cc130 flushing  nmethod 0x000002a44980ff90
Event: 118.948 Thread 0x000002a45f8cc130 flushing  nmethod 0x000002a4498ee590
Event: 118.951 Thread 0x000002a45f8cc130 flushing  nmethod 0x000002a449a67590
Event: 118.957 Thread 0x000002a45f8cc130 flushing  nmethod 0x000002a449e0b190
Event: 118.966 Thread 0x000002a45f8cc130 flushing  nmethod 0x000002a44a2b8590
Event: 118.968 Thread 0x000002a45f8cc130 flushing  nmethod 0x000002a44a397010
Event: 118.971 Thread 0x000002a45f8cc130 flushing  nmethod 0x000002a44a5a8310
Event: 118.972 Thread 0x000002a45f8cc130 flushing  nmethod 0x000002a44a5ec690
Event: 118.974 Thread 0x000002a45f8cc130 flushing  nmethod 0x000002a44a728f10
Event: 118.974 Thread 0x000002a45f8cc130 flushing  nmethod 0x000002a44a729610
Event: 118.975 Thread 0x000002a45f8cc130 flushing  nmethod 0x000002a44a79d810

Events (20 events):
Event: 72.117 Thread 0x000002a40042fac0 Thread added: 0x000002a403ac89b0
Event: 73.977 Thread 0x000002a40042fac0 Thread added: 0x000002a403ac7570
Event: 74.078 Thread 0x000002a40042fac0 Thread added: 0x000002a403ac7f90
Event: 82.088 Thread 0x000002a45f8c4820 Thread added: 0x000002a401448b90
Event: 83.093 Thread 0x000002a401448b90 Thread exited: 0x000002a401448b90
Event: 83.455 Thread 0x000002a45f8c4820 Thread added: 0x000002a401449630
Event: 87.566 Thread 0x000002a401449630 Thread exited: 0x000002a401449630
Event: 90.595 Thread 0x000002a45f8c57f0 Thread added: 0x000002a404b97770
Event: 94.393 Thread 0x000002a404b97770 Thread exited: 0x000002a404b97770
Event: 94.868 Thread 0x000002a45f8c4820 Thread added: 0x000002a404b97770
Event: 95.056 Thread 0x000002a404b97770 Thread exited: 0x000002a404b97770
Event: 101.384 Thread 0x000002a402f66690 Thread exited: 0x000002a402f66690
Event: 101.385 Thread 0x000002a402f670b0 Thread exited: 0x000002a402f670b0
Event: 101.397 Thread 0x000002a402f67ad0 Thread exited: 0x000002a402f67ad0
Event: 109.531 Thread 0x000002a402f68a00 Thread exited: 0x000002a402f68a00
Event: 114.070 Thread 0x000002a40042fac0 Thread added: 0x000002a402f68a00
Event: 114.301 Thread 0x000002a4047929c0 Thread added: 0x000002a405a0e5b0
Event: 116.661 Thread 0x000002a45f8c4820 Thread added: 0x000002a401447650
Event: 119.126 Thread 0x000002a401447650 Thread exited: 0x000002a401447650
Event: 120.441 Thread 0x000002a45f8c57f0 Thread added: 0x000002a401448b90


Dynamic libraries:
0x00007ff7bf1f0000 - 0x00007ff7bf1fe000 	C:\Program Files\Eclipse Adoptium\jdk-17.0.17.10-hotspot\bin\java.exe
0x00007ffb16700000 - 0x00007ffb16967000 	C:\WINDOWS\SYSTEM32\ntdll.dll
0x00007ffb15830000 - 0x00007ffb158f9000 	C:\WINDOWS\System32\KERNEL32.DLL
0x00007ffb13dc0000 - 0x00007ffb141b4000 	C:\WINDOWS\System32\KERNELBASE.dll
0x00007ffb14340000 - 0x00007ffb1448b000 	C:\WINDOWS\System32\ucrtbase.dll
0x00007ffab1890000 - 0x00007ffab18a8000 	C:\Program Files\Eclipse Adoptium\jdk-17.0.17.10-hotspot\bin\jli.dll
0x00007ffab18b0000 - 0x00007ffab18ce000 	C:\Program Files\Eclipse Adoptium\jdk-17.0.17.10-hotspot\bin\VCRUNTIME140.dll
0x00007ffb15600000 - 0x00007ffb157c5000 	C:\WINDOWS\System32\USER32.dll
0x00007ffaf5960000 - 0x00007ffaf5bf3000 	C:\WINDOWS\WinSxS\amd64_microsoft.windows.common-controls_6595b64144ccf1df_6.0.26100.8115_none_3e075c82e3354f9c\COMCTL32.dll
0x00007ffb138f0000 - 0x00007ffb13917000 	C:\WINDOWS\System32\win32u.dll
0x00007ffb161a0000 - 0x00007ffb161cb000 	C:\WINDOWS\System32\GDI32.dll
0x00007ffb14810000 - 0x00007ffb148b9000 	C:\WINDOWS\System32\msvcrt.dll
0x00007ffb13b20000 - 0x00007ffb13c4a000 	C:\WINDOWS\System32\gdi32full.dll
0x00007ffb12fd0000 - 0x00007ffb13073000 	C:\WINDOWS\System32\msvcp_win.dll
0x00007ffb15c70000 - 0x00007ffb15ca2000 	C:\WINDOWS\System32\IMM32.DLL
0x00007ffad5790000 - 0x00007ffad579c000 	C:\Program Files\Eclipse Adoptium\jdk-17.0.17.10-hotspot\bin\vcruntime140_1.dll
0x00007ffab15b0000 - 0x00007ffab163d000 	C:\Program Files\Eclipse Adoptium\jdk-17.0.17.10-hotspot\bin\msvcp140.dll
0x00007ffab0480000 - 0x00007ffab10eb000 	C:\Program Files\Eclipse Adoptium\jdk-17.0.17.10-hotspot\bin\server\jvm.dll
0x00007ffb15e90000 - 0x00007ffb15f46000 	C:\WINDOWS\System32\ADVAPI32.dll
0x00007ffb15f50000 - 0x00007ffb15ff7000 	C:\WINDOWS\System32\sechost.dll
0x00007ffb14490000 - 0x00007ffb145a8000 	C:\WINDOWS\System32\RPCRT4.dll
0x00007ffb15bb0000 - 0x00007ffb15c30000 	C:\WINDOWS\System32\WS2_32.dll
0x00007ffb12e50000 - 0x00007ffb12eae000 	C:\WINDOWS\SYSTEM32\POWRPROF.dll
0x00007ffb011f0000 - 0x00007ffb01226000 	C:\WINDOWS\SYSTEM32\WINMM.dll
0x00007ffb0c6f0000 - 0x00007ffb0c6fb000 	C:\WINDOWS\SYSTEM32\VERSION.dll
0x00007ffb12e10000 - 0x00007ffb12e24000 	C:\WINDOWS\SYSTEM32\UMPDC.dll
0x00007ffb11d60000 - 0x00007ffb11d7b000 	C:\WINDOWS\SYSTEM32\kernel.appcore.dll
0x00007ffab1820000 - 0x00007ffab182a000 	C:\Program Files\Eclipse Adoptium\jdk-17.0.17.10-hotspot\bin\jimage.dll
0x00007ffb10fa0000 - 0x00007ffb111e2000 	C:\WINDOWS\SYSTEM32\DBGHELP.DLL
0x00007ffb15270000 - 0x00007ffb155f2000 	C:\WINDOWS\System32\combase.dll
0x00007ffb15a60000 - 0x00007ffb15b37000 	C:\WINDOWS\System32\OLEAUT32.dll
0x00007ffaf47d0000 - 0x00007ffaf480b000 	C:\WINDOWS\SYSTEM32\dbgcore.DLL
0x00007ffb13d10000 - 0x00007ffb13db5000 	C:\WINDOWS\System32\bcryptPrimitives.dll
0x00007ffaf4720000 - 0x00007ffaf472e000 	C:\Program Files\Eclipse Adoptium\jdk-17.0.17.10-hotspot\bin\instrument.dll
0x00007ffab1580000 - 0x00007ffab15a5000 	C:\Program Files\Eclipse Adoptium\jdk-17.0.17.10-hotspot\bin\java.dll
0x00007ffab1690000 - 0x00007ffab1767000 	C:\Program Files\Eclipse Adoptium\jdk-17.0.17.10-hotspot\bin\jsvml.dll
0x00007ffb149c0000 - 0x00007ffb15126000 	C:\WINDOWS\System32\SHELL32.dll
0x00007ffb13920000 - 0x00007ffb13a8a000 	C:\WINDOWS\System32\wintypes.dll
0x00007ffb13080000 - 0x00007ffb138e5000 	C:\WINDOWS\System32\windows.storage.dll
0x00007ffb148c0000 - 0x00007ffb149b7000 	C:\WINDOWS\System32\SHCORE.dll
0x00007ffb15b40000 - 0x00007ffb15ba6000 	C:\WINDOWS\System32\shlwapi.dll
0x00007ffb12ef0000 - 0x00007ffb12f19000 	C:\WINDOWS\SYSTEM32\profapi.dll
0x00007ffab1850000 - 0x00007ffab1868000 	C:\Program Files\Eclipse Adoptium\jdk-17.0.17.10-hotspot\bin\zip.dll
0x00007ffab1650000 - 0x00007ffab166a000 	C:\Program Files\Eclipse Adoptium\jdk-17.0.17.10-hotspot\bin\net.dll
0x00007ffb0c140000 - 0x00007ffb0c26d000 	C:\WINDOWS\SYSTEM32\WINHTTP.dll
0x00007ffb122d0000 - 0x00007ffb1233c000 	C:\WINDOWS\system32\mswsock.dll
0x00007ffab1870000 - 0x00007ffab1886000 	C:\Program Files\Eclipse Adoptium\jdk-17.0.17.10-hotspot\bin\nio.dll
0x00007ffb0abe0000 - 0x00007ffb0abf0000 	C:\Program Files\Eclipse Adoptium\jdk-17.0.17.10-hotspot\bin\verify.dll
0x00007ffadb3c0000 - 0x00007ffadb3e7000 	C:\Users\asepr\.gradle\native\1def1411415f61bf3af743bc5b6707747c0891f09f0c88961ee8f79bc544acac\windows-amd64\native-platform.dll
0x00007ffab2f00000 - 0x00007ffab2f77000 	C:\Users\asepr\.gradle\native\0.2.8\x86_64-windows-gnu\gradle-fileevents.dll
0x00007ffab1680000 - 0x00007ffab168a000 	C:\Program Files\Eclipse Adoptium\jdk-17.0.17.10-hotspot\bin\management.dll
0x00007ffab1670000 - 0x00007ffab167c000 	C:\Program Files\Eclipse Adoptium\jdk-17.0.17.10-hotspot\bin\management_ext.dll
0x00007ffb161d0000 - 0x00007ffb161d8000 	C:\WINDOWS\System32\PSAPI.DLL
0x00007ffb11640000 - 0x00007ffb11672000 	C:\WINDOWS\SYSTEM32\IPHLPAPI.DLL
0x00007ffb15260000 - 0x00007ffb1526a000 	C:\WINDOWS\System32\NSI.dll
0x00007ffb0ce80000 - 0x00007ffb0ce9d000 	C:\WINDOWS\SYSTEM32\dhcpcsvc6.DLL
0x00007ffb0c700000 - 0x00007ffb0c725000 	C:\WINDOWS\SYSTEM32\dhcpcsvc.DLL
0x00007ffb117b0000 - 0x00007ffb118e2000 	C:\WINDOWS\SYSTEM32\DNSAPI.dll
0x00007ffb0e140000 - 0x00007ffb0e149000 	C:\Program Files\Eclipse Adoptium\jdk-17.0.17.10-hotspot\bin\extnet.dll
0x00007ffb125b0000 - 0x00007ffb125cb000 	C:\WINDOWS\SYSTEM32\CRYPTSP.dll
0x00007ffb11cc0000 - 0x00007ffb11cf9000 	C:\WINDOWS\system32\rsaenh.dll
0x00007ffb12380000 - 0x00007ffb123b3000 	C:\WINDOWS\SYSTEM32\USERENV.dll
0x00007ffb12ec0000 - 0x00007ffb12eea000 	C:\WINDOWS\SYSTEM32\bcrypt.dll
0x00007ffb125d0000 - 0x00007ffb125dc000 	C:\WINDOWS\SYSTEM32\CRYPTBASE.dll
0x00007ffab1640000 - 0x00007ffab164e000 	C:\Program Files\Eclipse Adoptium\jdk-17.0.17.10-hotspot\bin\sunmscapi.dll
0x00007ffb141c0000 - 0x00007ffb14337000 	C:\WINDOWS\System32\CRYPT32.dll
0x00007ffb127d0000 - 0x00007ffb12800000 	C:\WINDOWS\SYSTEM32\ncrypt.dll
0x00007ffb12780000 - 0x00007ffb127bf000 	C:\WINDOWS\SYSTEM32\NTASN1.dll
0x00007ffb0b6c0000 - 0x00007ffb0b6c8000 	C:\WINDOWS\system32\wshunix.dll

dbghelp: loaded successfully - version: 4.0.5 - missing functions: none
symbol engine: initialized successfully - sym options: 0x614 - pdb path: .;C:\Program Files\Eclipse Adoptium\jdk-17.0.17.10-hotspot\bin;C:\WINDOWS\SYSTEM32;C:\WINDOWS\WinSxS\amd64_microsoft.windows.common-controls_6595b64144ccf1df_6.0.26100.8115_none_3e075c82e3354f9c;C:\Program Files\Eclipse Adoptium\jdk-17.0.17.10-hotspot\bin\server;C:\Users\asepr\.gradle\native\1def1411415f61bf3af743bc5b6707747c0891f09f0c88961ee8f79bc544acac\windows-amd64;C:\Users\asepr\.gradle\native\0.2.8\x86_64-windows-gnu

VM Arguments:
jvm_args: --add-opens=java.base/java.lang=ALL-UNNAMED --add-opens=java.base/java.lang.invoke=ALL-UNNAMED --add-opens=java.base/java.util=ALL-UNNAMED --add-opens=java.prefs/java.util.prefs=ALL-UNNAMED --add-exports=jdk.compiler/com.sun.tools.javac.api=ALL-UNNAMED --add-exports=jdk.compiler/com.sun.tools.javac.util=ALL-UNNAMED --add-opens=java.base/java.util=ALL-UNNAMED --add-opens=java.prefs/java.util.prefs=ALL-UNNAMED --add-opens=java.base/java.nio.charset=ALL-UNNAMED --add-opens=java.base/java.net=ALL-UNNAMED --add-opens=java.base/java.util.concurrent=ALL-UNNAMED --add-opens=java.base/java.util.concurrent.atomic=ALL-UNNAMED --add-opens=java.xml/javax.xml.namespace=ALL-UNNAMED -XX:MaxMetaspaceSize=512m -Xmx2048m -Dfile.encoding=windows-1252 -Duser.country=ID -Duser.language=en -Duser.variant -javaagent:C:\Users\asepr\.gradle\wrapper\dists\gradle-9.0.0-bin\d6wjpkvcgsg3oed0qlfss3wgl\gradle-9.0.0\lib\agents\gradle-instrumentation-agent-9.0.0.jar 
java_command: org.gradle.launcher.daemon.bootstrap.GradleDaemon 9.0.0
java_class_path (initial): C:\Users\asepr\.gradle\wrapper\dists\gradle-9.0.0-bin\d6wjpkvcgsg3oed0qlfss3wgl\gradle-9.0.0\lib\gradle-daemon-main-9.0.0.jar
Launcher Type: SUN_STANDARD

[Global flags]
     intx CICompilerCount                          = 4                                         {product} {ergonomic}
   size_t CompressedClassSpaceSize                 = 436207616                                 {product} {ergonomic}
     uint ConcGCThreads                            = 3                                         {product} {ergonomic}
     uint G1ConcRefinementThreads                  = 10                                        {product} {ergonomic}
   size_t G1HeapRegionSize                         = 1048576                                   {product} {ergonomic}
    uintx GCDrainStackTargetSize                   = 64                                        {product} {ergonomic}
   size_t InitialHeapSize                          = 98566144                                  {product} {ergonomic}
   size_t MarkStackSize                            = 4194304                                   {product} {ergonomic}
   size_t MaxHeapSize                              = 2147483648                                {product} {command line}
   size_t MaxMetaspaceSize                         = 536870912                                 {product} {command line}
   size_t MaxNewSize                               = 1287651328                                {product} {ergonomic}
   size_t MinHeapDeltaBytes                        = 1048576                                   {product} {ergonomic}
   size_t MinHeapSize                              = 8388608                                   {product} {ergonomic}
    uintx NonNMethodCodeHeapSize                   = 5839372                                {pd product} {ergonomic}
    uintx NonProfiledCodeHeapSize                  = 122909434                              {pd product} {ergonomic}
    uintx ProfiledCodeHeapSize                     = 122909434                              {pd product} {ergonomic}
    uintx ReservedCodeCacheSize                    = 251658240                              {pd product} {ergonomic}
     bool SegmentedCodeCache                       = true                                      {product} {ergonomic}
   size_t SoftMaxHeapSize                          = 2147483648                             {manageable} {ergonomic}
     bool UseCompressedClassPointers               = true                           {product lp64_product} {ergonomic}
     bool UseCompressedOops                        = true                           {product lp64_product} {ergonomic}
     bool UseG1GC                                  = true                                      {product} {ergonomic}
     bool UseLargePagesIndividualAllocation        = false                                  {pd product} {ergonomic}

Logging:
Log output configuration:
 #0: stdout all=warning uptime,level,tags
 #1: stderr all=off uptime,level,tags

Environment Variables:
JAVA_HOME=C:\Program Files\Eclipse Adoptium\jdk-17.0.17.10-hotspot
PATH=C:\Users\asepr\mobile-app\mobile\node_modules\.bin;C:\Users\asepr\mobile-app\mobile\node_modules\.bin;C:\Users\asepr\mobile-app\node_modules\.bin;C:\Users\asepr\node_modules\.bin;C:\Users\node_modules\.bin;C:\node_modules\.bin;C:\Users\asepr\AppData\Roaming\npm\node_modules\npm\node_modules\@npmcli\run-script\lib\node-gyp-bin;C:\Users\asepr\bin;C:\Program Files\Git\mingw64\bin;C:\Program Files\Git\usr\local\bin;C:\Program Files\Git\usr\bin;C:\Program Files\Git\usr\bin;C:\Program Files\Git\mingw64\bin;C:\Program Files\Git\usr\bin;C:\Users\asepr\bin;C:\Users\asepr\AppData\Roaming\Code\User\globalStorage\github.copilot-chat\debugCommand;C:\Users\asepr\AppData\Roaming\Code\User\globalStorage\github.copilot-chat\copilotCli;C:\Users\asepr\AppData\Local\Programs\Microsoft VS Code;C:\Program Files\Eclipse Adoptium\jdk-17.0.17.10-hotspot\bin;C:\WINDOWS\system32;C:\WINDOWS;C:\WINDOWS\System32\Wbem;C:\WINDOWS\System32\WindowsPowerShell\v1.0;C:\WINDOWS\System32\OpenSSH;C:\Program Files\Git\cmd;C:\Program Files\Redis;C:\xampp\php;C:\Program Files\apache-maven-3.8.3\bin;C:\instantclient_21_3;C:\curl-7.81.0-win64-mingw\bin;C:\Program Files\Go\bin;C:\ProgramData\ComposerSetup\bin;C:\Program Files\PuTTY;C:\Program Files\nodejs;%JAVA_HOME%\bin;C:\Android\platform-tools;C:\WINDOWS\system32;C:\WINDOWS;C:\WINDOWS\System32\Wbem;C:\WINDOWS\System32\WindowsPowerShell\v1.0;C:\WINDOWS\System32\OpenSSH;C:\Program Files\Git\cmd;C:\Program Files\Redis;C:\xampp\php;C:\Program Files\apache-maven-3.8.3\bin;C:\instantclient_21_3;C:\curl-7.81.0-win64-mingw\bin;C:\Program Files\Go\bin;C:\ProgramData\ComposerSetup\bin;C:\Program Files\PuTTY;C:\Program Files\Docker\Docker\resources\bin;C:\Program Files\nodejs;C:\Program Files\dotnet;C:\;C:\Users\asepr\AppData\Local\Programs\Microsoft VS Code\bin;C:\Users\asepr\AppData\Local\Microsoft\WindowsApps;C:\Users\asepr\.dotnet\tools;C:\Program Files\Git\usr\bin\vendor_perl;C:\Program Files\Git\usr\bin\core_perl
USERNAME=asepr
SHELL=C:\Program Files\Git\usr\bin\bash.exe
DISPLAY=needs-to-be-defined
LANG=en_US.UTF-8
TERM=xterm-256color
TMPDIR=C:\Users\asepr\AppData\Local\Temp
OS=Windows_NT
PROCESSOR_IDENTIFIER=AMD64 Family 23 Model 104 Stepping 1, AuthenticAMD
TMP=C:\Users\asepr\AppData\Local\Temp
TEMP=C:\Users\asepr\AppData\Local\Temp



Periodic native trim disabled


---------------  S Y S T E M  ---------------

OS:
 Windows 11 , 64 bit Build 26100 (10.0.26100.8115)
OS uptime: 0 days 4:02 hours
Hyper-V role detected

CPU: total 12 (initial active 12) (12 cores per cpu, 2 threads per core) family 23 model 104 stepping 1 microcode 0x8608103, cx8, cmov, fxsr, ht, mmx, 3dnowpref, sse, sse2, sse3, ssse3, sse4a, sse4.1, sse4.2, popcnt, lzcnt, tsc, tscinvbit, avx, avx2, aes, clmul, bmi1, bmi2, adx, sha, fma, vzeroupper, clflush, clflushopt, hv
Processor Information for all 12 processors :
  Max Mhz: 2100, Current Mhz: 1893, Mhz Limit: 2100

Memory: 4k page, system-wide physical 6005M (381M free)
TotalPageFile size 24437M (AvailPageFile size 14M)
current process WorkingSet (physical memory assigned to process): 351M, peak: 424M
current process commit charge ("private bytes"): 771M, peak: 780M

vm_info: OpenJDK 64-Bit Server VM (17.0.17+10) for windows-amd64 JRE (17.0.17+10), built on Oct 21 2025 23:25:32 by "admin" with unknown MS VC++:1942

END.
