#
# There is insufficient memory for the Java Runtime Environment to continue.
# Native memory allocation (malloc) failed to allocate 1210416 bytes. Error detail: Chunk::new
# Possible reasons:
#   The system is out of physical RAM or swap space
#   This process is running with CompressedOops enabled, and the Java Heap may be blocking the growth of the native heap
# Possible solutions:
#   Reduce memory load on the system
#   Increase physical memory or swap space
#   Check if swap backing store is full
#   Decrease Java heap size (-Xmx/-Xms)
#   Decrease number of Java threads
#   Decrease Java thread stack sizes (-Xss)
#   Set larger code cache with -XX:ReservedCodeCacheSize=
#   JVM is running with Unscaled Compressed Oops mode in which the Java heap is
#     placed in the first 4GB address space. The Java Heap base address is the
#     maximum limit for the native heap growth. Please use -XX:HeapBaseMinAddress
#     to set the Java Heap base and to place the Java Heap above 4GB virtual address.
# This output file may be truncated or incomplete.
#
#  Out of Memory Error (arena.cpp:191), pid=12940, tid=16608
#
# JRE version: OpenJDK Runtime Environment Temurin-17.0.17+10 (17.0.17+10) (build 17.0.17+10)
# Java VM: OpenJDK 64-Bit Server VM Temurin-17.0.17+10 (17.0.17+10, mixed mode, sharing, tiered, compressed oops, compressed class ptrs, g1 gc, windows-amd64)
# No core dump will be written. Minidumps are not enabled by default on client versions of Windows
#

---------------  S U M M A R Y ------------

Command Line: --add-opens=java.base/java.lang=ALL-UNNAMED --add-opens=java.base/java.lang.invoke=ALL-UNNAMED --add-opens=java.base/java.util=ALL-UNNAMED --add-opens=java.prefs/java.util.prefs=ALL-UNNAMED --add-exports=jdk.compiler/com.sun.tools.javac.api=ALL-UNNAMED --add-exports=jdk.compiler/com.sun.tools.javac.util=ALL-UNNAMED --add-opens=java.base/java.util=ALL-UNNAMED --add-opens=java.prefs/java.util.prefs=ALL-UNNAMED --add-opens=java.base/java.nio.charset=ALL-UNNAMED --add-opens=java.base/java.net=ALL-UNNAMED --add-opens=java.base/java.util.concurrent=ALL-UNNAMED --add-opens=java.base/java.util.concurrent.atomic=ALL-UNNAMED --add-opens=java.xml/javax.xml.namespace=ALL-UNNAMED -XX:MaxMetaspaceSize=512m -Xmx2048m -Dfile.encoding=windows-1252 -Duser.country=ID -Duser.language=en -Duser.variant -javaagent:C:\Users\asepr\.gradle\wrapper\dists\gradle-9.0.0-bin\d6wjpkvcgsg3oed0qlfss3wgl\gradle-9.0.0\lib\agents\gradle-instrumentation-agent-9.0.0.jar org.gradle.launcher.daemon.bootstrap.GradleDaemon 9.0.0

Host: AMD Ryzen 5 5500U with Radeon Graphics         , 12 cores, 5G,  Windows 11 , 64 bit Build 26100 (10.0.26100.8115)
Time: Sat Apr 11 11:28:26 2026 SE Asia Standard Time elapsed time: 408.302757 seconds (0d 0h 6m 48s)

---------------  T H R E A D  ---------------

Current thread (0x0000027cac50f000):  JavaThread "C2 CompilerThread0" daemon [_thread_in_native, id=16608, stack(0x000000f7c8c00000,0x000000f7c8d00000)]


Current CompileTask:
C2:408302 28988   !   4       org.gradle.internal.metaobject.BeanDynamicObject$MetaClassAdapter::getProperty (384 bytes)

Stack: [0x000000f7c8c00000,0x000000f7c8d00000]
Native frames: (J=compiled Java code, j=interpreted, Vv=VM code, C=native code)
V  [jvm.dll+0x683fb9]
V  [jvm.dll+0x83a1b5]
V  [jvm.dll+0x83bc2e]
V  [jvm.dll+0x83c2b3]
V  [jvm.dll+0x248eff]
V  [jvm.dll+0xad496]
V  [jvm.dll+0xadb3c]
V  [jvm.dll+0x3689ef]
V  [jvm.dll+0x332fa5]
V  [jvm.dll+0x33240a]
V  [jvm.dll+0x219db9]
V  [jvm.dll+0x219200]
V  [jvm.dll+0x1a4920]
V  [jvm.dll+0x22989a]
V  [jvm.dll+0x227a4b]
V  [jvm.dll+0x7effb8]
V  [jvm.dll+0x7ea44c]
V  [jvm.dll+0x682e87]
C  [ucrtbase.dll+0x37b0]
C  [KERNEL32.DLL+0x2e8d7]
C  [ntdll.dll+0x8c3fc]


---------------  P R O C E S S  ---------------

Threads class SMR info:
_java_thread_list=0x0000027cdbd785f0, length=181, elements={
0x0000027c8dd04a70, 0x0000027cac4edce0, 0x0000027cac4ef7c0, 0x0000027cac508970,
0x0000027cac50b250, 0x0000027cac50db30, 0x0000027cac50e400, 0x0000027cac50f000,
0x0000027cac5119d0, 0x0000027cac517730, 0x0000027cac72cac0, 0x0000027cac8072a0,
0x0000027ccdf3ef00, 0x0000027cce1a8e00, 0x0000027cce0334a0, 0x0000027ccdee16a0,
0x0000027ccdee1bb0, 0x0000027ccdee20c0, 0x0000027cd0421860, 0x0000027cd0420e40,
0x0000027cd04236c0, 0x0000027cd0422ca0, 0x0000027cd2a63fa0, 0x0000027ccd898660,
0x0000027ccd89be10, 0x0000027ccd89d760, 0x0000027ccd89dc70, 0x0000027ccd89e180,
0x0000027ccd89e690, 0x0000027ccd76f910, 0x0000027ccd771770, 0x0000027ccd773ae0,
0x0000027ccd773ff0, 0x0000027ccd775430, 0x0000027cd1fbe550, 0x0000027cd1fbea60,
0x0000027cd203af10, 0x0000027cd203aa00, 0x0000027cd0421350, 0x0000027cd0425520,
0x0000027cd199c2b0, 0x0000027cd199d6f0, 0x0000027cdbce2fd0, 0x0000027cdbce1b90,
0x0000027ccfd5f360, 0x0000027ccfd61be0, 0x0000027ccfd5f870, 0x0000027cd2324eb0,
0x0000027cd23249a0, 0x0000027cd2323560, 0x0000027cd2323a70, 0x0000027cd2323f80,
0x0000027cda5120c0, 0x0000027cda513a10, 0x0000027cda513500, 0x0000027cda510770,
0x0000027cda512ae0, 0x0000027cda511190, 0x0000027cda513f20, 0x0000027cda5125d0,
0x0000027cd373fd60, 0x0000027ccfb16cb0, 0x0000027ccfb14940, 0x0000027ccfb171c0,
0x0000027ccfb14e50, 0x0000027ccfb15870, 0x0000027ccfb15360, 0x0000027ccfb15d80,
0x0000027ccfb16290, 0x0000027ccfb167a0, 0x0000027ccfb13a10, 0x0000027ccfb13f20,
0x0000027ccfb14430, 0x0000027ccf55dfb0, 0x0000027ccf55eee0, 0x0000027ccf55b730,
0x0000027ccf55bc40, 0x0000027ccf55e4c0, 0x0000027ccf55daa0, 0x0000027ccf55c150,
0x0000027ccf55c660, 0x0000027ccf55d590, 0x0000027ccfd607a0, 0x0000027ccfd5ee50,
0x0000027cd935d070, 0x0000027cd935d580, 0x0000027cd935da90, 0x0000027cd935dfa0,
0x0000027ccec099e0, 0x0000027ccfd616d0, 0x0000027ccfd620f0, 0x0000027ccef667c0,
0x0000027ccef64e70, 0x0000027cd2a738d0, 0x0000027cd2a70b40, 0x0000027cccdda240,
0x0000027cccdd9d30, 0x0000027cdbae3460, 0x0000027cccee11b0, 0x0000027ccceddf10,
0x0000027cccedf860, 0x0000027cccede420, 0x0000027cccede930, 0x0000027cccedfd70,
0x0000027cccedee40, 0x0000027cccee0280, 0x0000027cccee0790, 0x0000027cccedf350,
0x0000027cccee0ca0, 0x0000027cccee16c0, 0x0000027cdb5893e0, 0x0000027cdb58bc60,
0x0000027cdb589e00, 0x0000027cdb588ed0, 0x0000027cdb58ad30, 0x0000027cdb58c170,
0x0000027ccef662b0, 0x0000027ccef65380, 0x0000027ccef63a30, 0x0000027ccef64450,
0x0000027ccef66cd0, 0x0000027ccef63f40, 0x0000027ccef671e0, 0x0000027ccef64960,
0x0000027ccef65890, 0x0000027ccef65da0, 0x0000027cd96fe0a0, 0x0000027cd96fe5b0,
0x0000027cd96fcc60, 0x0000027cd96fefd0, 0x0000027cd96ff4e0, 0x0000027cd96fd170,
0x0000027cd96ff9f0, 0x0000027cd96feac0, 0x0000027cd96fff00, 0x0000027cd96fd680,
0x0000027cd9700410, 0x0000027cd96fdb90, 0x0000027cd1c654e0, 0x0000027cda510c80,
0x0000027cda5116a0, 0x0000027cda512ff0, 0x0000027cda511bb0, 0x0000027cdbce20a0,
0x0000027cdbce0240, 0x0000027cd12cfcf0, 0x0000027cd12d0200, 0x0000027cd12d0710,
0x0000027cd12d0c20, 0x0000027cdb58a820, 0x0000027cdb58c680, 0x0000027cdb58a310,
0x0000027cdb5898f0, 0x0000027cdb58b240, 0x0000027cdc1e1f00, 0x0000027cdc1e2410,
0x0000027cdc1e56b0, 0x0000027cdc1e4c90, 0x0000027cdc1e4780, 0x0000027cdc1e3d60,
0x0000027cd12d1130, 0x0000027cd12cf7e0, 0x0000027cd2d34d00, 0x0000027cd2d37a90,
0x0000027cccb5bd20, 0x0000027cccb5e5a0, 0x0000027cccb5db80, 0x0000027cccb5d670,
0x0000027cd199e620, 0x0000027cdbce0c60, 0x0000027cdbce0750, 0x0000027cdbce1170,
0x0000027cccb5e090, 0x0000027cccb5efc0, 0x0000027cccb5fef0, 0x0000027cccb5c740,
0x0000027cccb5f4d0, 0x0000027cccb60400, 0x0000027cccb5cc50, 0x0000027cccb60910,
0x0000027ccec0c260
}

Java Threads: ( => current thread )
  0x0000027c8dd04a70 JavaThread "main" [_thread_blocked, id=20384, stack(0x000000f7c7f00000,0x000000f7c8000000)]
  0x0000027cac4edce0 JavaThread "Reference Handler" daemon [_thread_blocked, id=3376, stack(0x000000f7c8600000,0x000000f7c8700000)]
  0x0000027cac4ef7c0 JavaThread "Finalizer" daemon [_thread_blocked, id=11604, stack(0x000000f7c8700000,0x000000f7c8800000)]
  0x0000027cac508970 JavaThread "Signal Dispatcher" daemon [_thread_blocked, id=23416, stack(0x000000f7c8800000,0x000000f7c8900000)]
  0x0000027cac50b250 JavaThread "Attach Listener" daemon [_thread_blocked, id=20772, stack(0x000000f7c8900000,0x000000f7c8a00000)]
  0x0000027cac50db30 JavaThread "Service Thread" daemon [_thread_blocked, id=22640, stack(0x000000f7c8a00000,0x000000f7c8b00000)]
  0x0000027cac50e400 JavaThread "Monitor Deflation Thread" daemon [_thread_blocked, id=13264, stack(0x000000f7c8b00000,0x000000f7c8c00000)]
=>0x0000027cac50f000 JavaThread "C2 CompilerThread0" daemon [_thread_in_native, id=16608, stack(0x000000f7c8c00000,0x000000f7c8d00000)]
  0x0000027cac5119d0 JavaThread "C1 CompilerThread0" daemon [_thread_blocked, id=22736, stack(0x000000f7c8d00000,0x000000f7c8e00000)]
  0x0000027cac517730 JavaThread "Sweeper thread" daemon [_thread_blocked, id=19076, stack(0x000000f7c8e00000,0x000000f7c8f00000)]
  0x0000027cac72cac0 JavaThread "Common-Cleaner" daemon [_thread_blocked, id=13108, stack(0x000000f7c8f00000,0x000000f7c9000000)]
  0x0000027cac8072a0 JavaThread "Notification Thread" daemon [_thread_blocked, id=400, stack(0x000000f7c9000000,0x000000f7c9100000)]
  0x0000027ccdf3ef00 JavaThread "Daemon health stats" [_thread_blocked, id=17284, stack(0x000000f7c9700000,0x000000f7c9800000)]
  0x0000027cce1a8e00 JavaThread "Incoming local TCP Connector on port 60315" [_thread_in_native, id=23972, stack(0x000000f7c9200000,0x000000f7c9300000)]
  0x0000027cce0334a0 JavaThread "Daemon periodic checks" [_thread_blocked, id=7828, stack(0x000000f7c9800000,0x000000f7c9900000)]
  0x0000027ccdee16a0 JavaThread "Cache worker for journal cache (C:\Users\asepr\.gradle\caches\journal-1)" [_thread_blocked, id=22240, stack(0x000000f7ca500000,0x000000f7ca600000)]
  0x0000027ccdee1bb0 JavaThread "File lock request listener" [_thread_in_native, id=19504, stack(0x000000f7ca700000,0x000000f7ca800000)]
  0x0000027ccdee20c0 JavaThread "Cache worker for file hash cache (C:\Users\asepr\.gradle\caches\9.0.0\fileHashes)" [_thread_blocked, id=23712, stack(0x000000f7ca800000,0x000000f7ca900000)]
  0x0000027cd0421860 JavaThread "File watcher server" daemon [_thread_in_native, id=8132, stack(0x000000f7cad00000,0x000000f7cae00000)]
  0x0000027cd0420e40 JavaThread "File watcher consumer" daemon [_thread_blocked, id=20880, stack(0x000000f7cae00000,0x000000f7caf00000)]
  0x0000027cd04236c0 JavaThread "Cache worker for file content cache (C:\Users\asepr\.gradle\caches\9.0.0\fileContent)" [_thread_blocked, id=22564, stack(0x000000f7cb000000,0x000000f7cb100000)]
  0x0000027cd0422ca0 JavaThread "jar transforms" [_thread_blocked, id=2988, stack(0x000000f7cb400000,0x000000f7cb500000)]
  0x0000027cd2a63fa0 JavaThread "Memory manager" [_thread_blocked, id=20540, stack(0x000000f7cb500000,0x000000f7cb600000)]
  0x0000027ccd898660 JavaThread "ForkJoinPool.commonPool-worker-4" daemon [_thread_blocked, id=23180, stack(0x000000f7ce300000,0x000000f7ce400000)]
  0x0000027ccd89be10 JavaThread "ForkJoinPool.commonPool-worker-5" daemon [_thread_blocked, id=22924, stack(0x000000f7ce400000,0x000000f7ce500000)]
  0x0000027ccd89d760 JavaThread "ForkJoinPool.commonPool-worker-8" daemon [_thread_blocked, id=5876, stack(0x000000f7ce700000,0x000000f7ce800000)]
  0x0000027ccd89dc70 JavaThread "ForkJoinPool.commonPool-worker-9" daemon [_thread_blocked, id=6580, stack(0x000000f7ce800000,0x000000f7ce900000)]
  0x0000027ccd89e180 JavaThread "ForkJoinPool.commonPool-worker-10" daemon [_thread_blocked, id=22088, stack(0x000000f7ce900000,0x000000f7cea00000)]
  0x0000027ccd89e690 JavaThread "ForkJoinPool.commonPool-worker-11" daemon [_thread_blocked, id=24356, stack(0x000000f7cea00000,0x000000f7ceb00000)]
  0x0000027ccd76f910 JavaThread "jar transforms Thread 2" [_thread_blocked, id=21752, stack(0x000000f7d4400000,0x000000f7d4500000)]
  0x0000027ccd771770 JavaThread "jar transforms Thread 3" [_thread_blocked, id=12904, stack(0x000000f7d4500000,0x000000f7d4600000)]
  0x0000027ccd773ae0 JavaThread "jar transforms Thread 4" [_thread_blocked, id=17868, stack(0x000000f7d4f00000,0x000000f7d5000000)]
  0x0000027ccd773ff0 JavaThread "jar transforms Thread 5" [_thread_blocked, id=8116, stack(0x000000f7d5000000,0x000000f7d5100000)]
  0x0000027ccd775430 JavaThread "jar transforms Thread 6" [_thread_blocked, id=2096, stack(0x000000f7d5100000,0x000000f7d5200000)]
  0x0000027cd1fbe550 JavaThread "jar transforms Thread 7" [_thread_blocked, id=24448, stack(0x000000f7d5300000,0x000000f7d5400000)]
  0x0000027cd1fbea60 JavaThread "jar transforms Thread 8" [_thread_blocked, id=6772, stack(0x000000f7d5400000,0x000000f7d5500000)]
  0x0000027cd203af10 JavaThread "jar transforms Thread 9" [_thread_blocked, id=8044, stack(0x000000f7d5500000,0x000000f7d5600000)]
  0x0000027cd203aa00 JavaThread "jar transforms Thread 10" [_thread_blocked, id=23824, stack(0x000000f7d5600000,0x000000f7d5700000)]
  0x0000027cd0421350 JavaThread "jar transforms Thread 11" [_thread_blocked, id=3896, stack(0x000000f7d5700000,0x000000f7d5800000)]
  0x0000027cd0425520 JavaThread "jar transforms Thread 12" [_thread_blocked, id=19528, stack(0x000000f7d5800000,0x000000f7d5900000)]
  0x0000027cd199c2b0 JavaThread "ForkJoinPool.commonPool-worker-13" daemon [_thread_blocked, id=7592, stack(0x000000f7cd000000,0x000000f7cd100000)]
  0x0000027cd199d6f0 JavaThread "ForkJoinPool.commonPool-worker-12" daemon [_thread_blocked, id=5164, stack(0x000000f7cd100000,0x000000f7cd200000)]
  0x0000027cdbce2fd0 JavaThread "ForkJoinPool.commonPool-worker-14" daemon [_thread_blocked, id=20776, stack(0x000000f7d4900000,0x000000f7d4a00000)]
  0x0000027cdbce1b90 JavaThread "Daemon Thread 3" [_thread_blocked, id=21040, stack(0x000000f7c7c00000,0x000000f7c7d00000)]
  0x0000027ccfd5f360 JavaThread "Handler for socket connection from /127.0.0.1:60315 to /127.0.0.1:59231" [_thread_in_native, id=22656, stack(0x000000f7c7d00000,0x000000f7c7e00000)]
  0x0000027ccfd61be0 JavaThread "Cancel handler" [_thread_blocked, id=9816, stack(0x000000f7c7e00000,0x000000f7c7f00000)]
  0x0000027ccfd5f870 JavaThread "Daemon worker Thread 3" [_thread_in_Java, id=21460, stack(0x000000f7c9900000,0x000000f7c9a00000)]
  0x0000027cd2324eb0 JavaThread "Asynchronous log dispatcher for DefaultDaemonConnection: socket connection from /127.0.0.1:60315 to /127.0.0.1:59231" [_thread_blocked, id=23344, stack(0x000000f7c9a00000,0x000000f7c9b00000)]
  0x0000027cd23249a0 JavaThread "Stdin handler" [_thread_blocked, id=11696, stack(0x000000f7c9b00000,0x000000f7c9c00000)]
  0x0000027cd2323560 JavaThread "Daemon client event forwarder" [_thread_blocked, id=24480, stack(0x000000f7c9c00000,0x000000f7c9d00000)]
  0x0000027cd2323a70 JavaThread "Cache worker for file hash cache (C:\Users\asepr\mobile-app\mobile\android\.gradle\9.0.0\fileHashes)" [_thread_blocked, id=13676, stack(0x000000f7c9d00000,0x000000f7c9e00000)]
  0x0000027cd2323f80 JavaThread "Cache worker for Build Output Cleanup Cache (C:\Users\asepr\mobile-app\mobile\android\.gradle\buildOutputCleanup)" [_thread_blocked, id=4664, stack(0x000000f7c9e00000,0x000000f7c9f00000)]
  0x0000027cda5120c0 JavaThread "Cache worker for checksums cache (C:\Users\asepr\mobile-app\mobile\android\.gradle\9.0.0\checksums)" [_thread_blocked, id=21220, stack(0x000000f7c9f00000,0x000000f7ca000000)]
  0x0000027cda513a10 JavaThread "Cache worker for cache directory md-supplier (C:\Users\asepr\.gradle\caches\9.0.0\md-supplier)" [_thread_blocked, id=23608, stack(0x000000f7ca600000,0x000000f7ca700000)]
  0x0000027cda513500 JavaThread "Cache worker for cache directory md-rule (C:\Users\asepr\.gradle\caches\9.0.0\md-rule)" [_thread_blocked, id=17504, stack(0x000000f7cab00000,0x000000f7cac00000)]
  0x0000027cda510770 JavaThread "Cache worker for Build Output Cleanup Cache (C:\Users\asepr\mobile-app\mobile\node_modules\@react-native\gradle-plugin\.gradle\buildOutputCleanup)" [_thread_blocked, id=7804, stack(0x000000f7cac00000,0x000000f7cad00000)]
  0x0000027cda512ae0 JavaThread "Unconstrained build operations" [_thread_blocked, id=12624, stack(0x000000f7caf00000,0x000000f7cb000000)]
  0x0000027cda511190 JavaThread "Unconstrained build operations Thread 2" [_thread_blocked, id=8820, stack(0x000000f7cb100000,0x000000f7cb200000)]
  0x0000027cda513f20 JavaThread "Unconstrained build operations Thread 3" [_thread_blocked, id=5000, stack(0x000000f7cb600000,0x000000f7cb700000)]
  0x0000027cda5125d0 JavaThread "Unconstrained build operations Thread 4" [_thread_blocked, id=3456, stack(0x000000f7cb700000,0x000000f7cb800000)]
  0x0000027cd373fd60 JavaThread "Unconstrained build operations Thread 5" [_thread_blocked, id=7640, stack(0x000000f7cb800000,0x000000f7cb900000)]
  0x0000027ccfb16cb0 JavaThread "Unconstrained build operations Thread 6" [_thread_blocked, id=24336, stack(0x000000f7cb900000,0x000000f7cba00000)]
  0x0000027ccfb14940 JavaThread "Unconstrained build operations Thread 7" [_thread_blocked, id=6512, stack(0x000000f7cba00000,0x000000f7cbb00000)]
  0x0000027ccfb171c0 JavaThread "Unconstrained build operations Thread 8" [_thread_blocked, id=19408, stack(0x000000f7cbb00000,0x000000f7cbc00000)]
  0x0000027ccfb14e50 JavaThread "Unconstrained build operations Thread 9" [_thread_blocked, id=24380, stack(0x000000f7cbc00000,0x000000f7cbd00000)]
  0x0000027ccfb15870 JavaThread "Unconstrained build operations Thread 10" [_thread_blocked, id=1356, stack(0x000000f7cbd00000,0x000000f7cbe00000)]
  0x0000027ccfb15360 JavaThread "Unconstrained build operations Thread 11" [_thread_blocked, id=19416, stack(0x000000f7cbe00000,0x000000f7cbf00000)]
  0x0000027ccfb15d80 JavaThread "Unconstrained build operations Thread 12" [_thread_blocked, id=12592, stack(0x000000f7cbf00000,0x000000f7cc000000)]
  0x0000027ccfb16290 JavaThread "Unconstrained build operations Thread 13" [_thread_blocked, id=5156, stack(0x000000f7cc000000,0x000000f7cc100000)]
  0x0000027ccfb167a0 JavaThread "Unconstrained build operations Thread 14" [_thread_blocked, id=19036, stack(0x000000f7cc100000,0x000000f7cc200000)]
  0x0000027ccfb13a10 JavaThread "Unconstrained build operations Thread 15" [_thread_blocked, id=16908, stack(0x000000f7cc200000,0x000000f7cc300000)]
  0x0000027ccfb13f20 JavaThread "Unconstrained build operations Thread 16" [_thread_blocked, id=7800, stack(0x000000f7cc300000,0x000000f7cc400000)]
  0x0000027ccfb14430 JavaThread "Unconstrained build operations Thread 17" [_thread_blocked, id=10628, stack(0x000000f7cc400000,0x000000f7cc500000)]
  0x0000027ccf55dfb0 JavaThread "Unconstrained build operations Thread 18" [_thread_blocked, id=24548, stack(0x000000f7cc500000,0x000000f7cc600000)]
  0x0000027ccf55eee0 JavaThread "Unconstrained build operations Thread 19" [_thread_blocked, id=23152, stack(0x000000f7cc600000,0x000000f7cc700000)]
  0x0000027ccf55b730 JavaThread "Unconstrained build operations Thread 20" [_thread_blocked, id=3248, stack(0x000000f7cc700000,0x000000f7cc800000)]
  0x0000027ccf55bc40 JavaThread "Unconstrained build operations Thread 21" [_thread_blocked, id=2136, stack(0x000000f7cc800000,0x000000f7cc900000)]
  0x0000027ccf55e4c0 JavaThread "Unconstrained build operations Thread 22" [_thread_blocked, id=17940, stack(0x000000f7cc900000,0x000000f7cca00000)]
  0x0000027ccf55daa0 JavaThread "Unconstrained build operations Thread 23" [_thread_blocked, id=3864, stack(0x000000f7cca00000,0x000000f7ccb00000)]
  0x0000027ccf55c150 JavaThread "Unconstrained build operations Thread 24" [_thread_blocked, id=22156, stack(0x000000f7ccb00000,0x000000f7ccc00000)]
  0x0000027ccf55c660 JavaThread "Unconstrained build operations Thread 25" [_thread_blocked, id=23956, stack(0x000000f7ccc00000,0x000000f7ccd00000)]
  0x0000027ccf55d590 JavaThread "Unconstrained build operations Thread 26" [_thread_blocked, id=9376, stack(0x000000f7ccd00000,0x000000f7cce00000)]
  0x0000027ccfd607a0 JavaThread "build event listener" [_thread_blocked, id=19896, stack(0x000000f7cce00000,0x000000f7ccf00000)]
  0x0000027ccfd5ee50 JavaThread "included builds" [_thread_blocked, id=18168, stack(0x000000f7cd200000,0x000000f7cd300000)]
  0x0000027cd935d070 JavaThread "Execution worker" [_thread_blocked, id=17744, stack(0x000000f7cd300000,0x000000f7cd400000)]
  0x0000027cd935d580 JavaThread "Execution worker Thread 2" [_thread_blocked, id=22300, stack(0x000000f7cd400000,0x000000f7cd500000)]
  0x0000027cd935da90 JavaThread "Execution worker Thread 3" [_thread_blocked, id=11588, stack(0x000000f7cd500000,0x000000f7cd600000)]
  0x0000027cd935dfa0 JavaThread "Execution worker Thread 4" [_thread_blocked, id=20196, stack(0x000000f7cd600000,0x000000f7cd700000)]
  0x0000027ccec099e0 JavaThread "Execution worker Thread 5" [_thread_blocked, id=16764, stack(0x000000f7cd700000,0x000000f7cd800000)]
  0x0000027ccfd616d0 JavaThread "Execution worker Thread 6" [_thread_blocked, id=20168, stack(0x000000f7cd800000,0x000000f7cd900000)]
  0x0000027ccfd620f0 JavaThread "Execution worker Thread 7" [_thread_blocked, id=14328, stack(0x000000f7cd900000,0x000000f7cda00000)]
  0x0000027ccef667c0 JavaThread "Execution worker Thread 8" [_thread_blocked, id=20056, stack(0x000000f7cda00000,0x000000f7cdb00000)]
  0x0000027ccef64e70 JavaThread "Execution worker Thread 9" [_thread_blocked, id=21776, stack(0x000000f7cdb00000,0x000000f7cdc00000)]
  0x0000027cd2a738d0 JavaThread "Execution worker Thread 10" [_thread_blocked, id=1936, stack(0x000000f7cdc00000,0x000000f7cdd00000)]
  0x0000027cd2a70b40 JavaThread "Execution worker Thread 11" [_thread_blocked, id=7036, stack(0x000000f7cdd00000,0x000000f7cde00000)]
  0x0000027cccdda240 JavaThread "Cache worker for execution history cache (C:\Users\asepr\mobile-app\mobile\node_modules\@react-native\gradle-plugin\.gradle\9.0.0\executionHistory)" [_thread_blocked, id=16544, stack(0x000000f7cde00000,0x000000f7cdf00000)]
  0x0000027cccdd9d30 JavaThread "Unconstrained build operations Thread 27" [_thread_blocked, id=10020, stack(0x000000f7cdf00000,0x000000f7ce000000)]
  0x0000027cdbae3460 JavaThread "Unconstrained build operations Thread 28" [_thread_blocked, id=1772, stack(0x000000f7ce000000,0x000000f7ce100000)]
  0x0000027cccee11b0 JavaThread "Unconstrained build operations Thread 29" [_thread_blocked, id=18116, stack(0x000000f7ce100000,0x000000f7ce200000)]
  0x0000027ccceddf10 JavaThread "Unconstrained build operations Thread 30" [_thread_blocked, id=22368, stack(0x000000f7ce200000,0x000000f7ce300000)]
  0x0000027cccedf860 JavaThread "Unconstrained build operations Thread 31" [_thread_blocked, id=6776, stack(0x000000f7ce500000,0x000000f7ce600000)]
  0x0000027cccede420 JavaThread "Unconstrained build operations Thread 32" [_thread_blocked, id=21872, stack(0x000000f7ce600000,0x000000f7ce700000)]
  0x0000027cccede930 JavaThread "Unconstrained build operations Thread 33" [_thread_blocked, id=23140, stack(0x000000f7ceb00000,0x000000f7cec00000)]
  0x0000027cccedfd70 JavaThread "Unconstrained build operations Thread 34" [_thread_blocked, id=10860, stack(0x000000f7cec00000,0x000000f7ced00000)]
  0x0000027cccedee40 JavaThread "Unconstrained build operations Thread 35" [_thread_blocked, id=21544, stack(0x000000f7ced00000,0x000000f7cee00000)]
  0x0000027cccee0280 JavaThread "Unconstrained build operations Thread 36" [_thread_blocked, id=14196, stack(0x000000f7cee00000,0x000000f7cef00000)]
  0x0000027cccee0790 JavaThread "Unconstrained build operations Thread 37" [_thread_blocked, id=21440, stack(0x000000f7cef00000,0x000000f7cf000000)]
  0x0000027cccedf350 JavaThread "Unconstrained build operations Thread 38" [_thread_blocked, id=14836, stack(0x000000f7cf000000,0x000000f7cf100000)]
  0x0000027cccee0ca0 JavaThread "Unconstrained build operations Thread 39" [_thread_blocked, id=8052, stack(0x000000f7cf100000,0x000000f7cf200000)]
  0x0000027cccee16c0 JavaThread "Unconstrained build operations Thread 40" [_thread_blocked, id=13696, stack(0x000000f7cf200000,0x000000f7cf300000)]
  0x0000027cdb5893e0 JavaThread "Unconstrained build operations Thread 41" [_thread_blocked, id=18040, stack(0x000000f7cf300000,0x000000f7cf400000)]
  0x0000027cdb58bc60 JavaThread "Unconstrained build operations Thread 42" [_thread_blocked, id=20224, stack(0x000000f7cf400000,0x000000f7cf500000)]
  0x0000027cdb589e00 JavaThread "Unconstrained build operations Thread 43" [_thread_blocked, id=1412, stack(0x000000f7cf500000,0x000000f7cf600000)]
  0x0000027cdb588ed0 JavaThread "Unconstrained build operations Thread 44" [_thread_blocked, id=12508, stack(0x000000f7cf600000,0x000000f7cf700000)]
  0x0000027cdb58ad30 JavaThread "Unconstrained build operations Thread 45" [_thread_blocked, id=1712, stack(0x000000f7cf700000,0x000000f7cf800000)]
  0x0000027cdb58c170 JavaThread "Unconstrained build operations Thread 46" [_thread_blocked, id=6700, stack(0x000000f7cf800000,0x000000f7cf900000)]
  0x0000027ccef662b0 JavaThread "Unconstrained build operations Thread 47" [_thread_blocked, id=19800, stack(0x000000f7cf900000,0x000000f7cfa00000)]
  0x0000027ccef65380 JavaThread "Unconstrained build operations Thread 48" [_thread_blocked, id=392, stack(0x000000f7cfa00000,0x000000f7cfb00000)]
  0x0000027ccef63a30 JavaThread "Unconstrained build operations Thread 49" [_thread_blocked, id=14300, stack(0x000000f7cfb00000,0x000000f7cfc00000)]
  0x0000027ccef64450 JavaThread "Unconstrained build operations Thread 50" [_thread_blocked, id=9132, stack(0x000000f7cfc00000,0x000000f7cfd00000)]
  0x0000027ccef66cd0 JavaThread "Unconstrained build operations Thread 51" [_thread_blocked, id=19620, stack(0x000000f7cfd00000,0x000000f7cfe00000)]
  0x0000027ccef63f40 JavaThread "Unconstrained build operations Thread 52" [_thread_blocked, id=12080, stack(0x000000f7cfe00000,0x000000f7cff00000)]
  0x0000027ccef671e0 JavaThread "Unconstrained build operations Thread 53" [_thread_blocked, id=23304, stack(0x000000f7cff00000,0x000000f7d0000000)]
  0x0000027ccef64960 JavaThread "Unconstrained build operations Thread 54" [_thread_blocked, id=7524, stack(0x000000f7d0000000,0x000000f7d0100000)]
  0x0000027ccef65890 JavaThread "Unconstrained build operations Thread 55" [_thread_blocked, id=9152, stack(0x000000f7d0100000,0x000000f7d0200000)]
  0x0000027ccef65da0 JavaThread "Unconstrained build operations Thread 56" [_thread_blocked, id=17320, stack(0x000000f7d0200000,0x000000f7d0300000)]
  0x0000027cd96fe0a0 JavaThread "Unconstrained build operations Thread 57" [_thread_blocked, id=14844, stack(0x000000f7d0300000,0x000000f7d0400000)]
  0x0000027cd96fe5b0 JavaThread "Unconstrained build operations Thread 58" [_thread_blocked, id=4568, stack(0x000000f7d0400000,0x000000f7d0500000)]
  0x0000027cd96fcc60 JavaThread "Unconstrained build operations Thread 59" [_thread_blocked, id=19500, stack(0x000000f7d0500000,0x000000f7d0600000)]
  0x0000027cd96fefd0 JavaThread "Unconstrained build operations Thread 60" [_thread_blocked, id=17308, stack(0x000000f7d0600000,0x000000f7d0700000)]
  0x0000027cd96ff4e0 JavaThread "Unconstrained build operations Thread 61" [_thread_blocked, id=7464, stack(0x000000f7d0700000,0x000000f7d0800000)]
  0x0000027cd96fd170 JavaThread "Unconstrained build operations Thread 62" [_thread_blocked, id=19808, stack(0x000000f7d0800000,0x000000f7d0900000)]
  0x0000027cd96ff9f0 JavaThread "Unconstrained build operations Thread 63" [_thread_blocked, id=22668, stack(0x000000f7d0900000,0x000000f7d0a00000)]
  0x0000027cd96feac0 JavaThread "Unconstrained build operations Thread 64" [_thread_blocked, id=10804, stack(0x000000f7d0a00000,0x000000f7d0b00000)]
  0x0000027cd96fff00 JavaThread "Unconstrained build operations Thread 65" [_thread_blocked, id=24488, stack(0x000000f7d0b00000,0x000000f7d0c00000)]
  0x0000027cd96fd680 JavaThread "Unconstrained build operations Thread 66" [_thread_blocked, id=11324, stack(0x000000f7d0c00000,0x000000f7d0d00000)]
  0x0000027cd9700410 JavaThread "Unconstrained build operations Thread 67" [_thread_blocked, id=24144, stack(0x000000f7d0d00000,0x000000f7d0e00000)]
  0x0000027cd96fdb90 JavaThread "Unconstrained build operations Thread 68" [_thread_blocked, id=4988, stack(0x000000f7d0e00000,0x000000f7d0f00000)]
  0x0000027cd1c654e0 JavaThread "Problems report writer" [_thread_blocked, id=7052, stack(0x000000f7d0f00000,0x000000f7d1000000)]
  0x0000027cda510c80 JavaThread "Unconstrained build operations Thread 69" [_thread_blocked, id=20832, stack(0x000000f7d1100000,0x000000f7d1200000)]
  0x0000027cda5116a0 JavaThread "Unconstrained build operations Thread 70" [_thread_blocked, id=19568, stack(0x000000f7d1200000,0x000000f7d1300000)]
  0x0000027cda512ff0 JavaThread "Unconstrained build operations Thread 71" [_thread_blocked, id=21788, stack(0x000000f7d1300000,0x000000f7d1400000)]
  0x0000027cda511bb0 JavaThread "Unconstrained build operations Thread 72" [_thread_blocked, id=9684, stack(0x000000f7d1400000,0x000000f7d1500000)]
  0x0000027cdbce20a0 JavaThread "Unconstrained build operations Thread 73" [_thread_blocked, id=15504, stack(0x000000f7d1500000,0x000000f7d1600000)]
  0x0000027cdbce0240 JavaThread "Unconstrained build operations Thread 74" [_thread_blocked, id=21612, stack(0x000000f7d1600000,0x000000f7d1700000)]
  0x0000027cd12cfcf0 JavaThread "Unconstrained build operations Thread 75" [_thread_blocked, id=12076, stack(0x000000f7d1700000,0x000000f7d1800000)]
  0x0000027cd12d0200 JavaThread "Unconstrained build operations Thread 76" [_thread_blocked, id=20752, stack(0x000000f7d1800000,0x000000f7d1900000)]
  0x0000027cd12d0710 JavaThread "Unconstrained build operations Thread 77" [_thread_blocked, id=8384, stack(0x000000f7d1900000,0x000000f7d1a00000)]
  0x0000027cd12d0c20 JavaThread "Unconstrained build operations Thread 78" [_thread_blocked, id=9256, stack(0x000000f7d1a00000,0x000000f7d1b00000)]
  0x0000027cdb58a820 JavaThread "Unconstrained build operations Thread 79" [_thread_blocked, id=9836, stack(0x000000f7d1b00000,0x000000f7d1c00000)]
  0x0000027cdb58c680 JavaThread "Unconstrained build operations Thread 80" [_thread_blocked, id=20008, stack(0x000000f7d1c00000,0x000000f7d1d00000)]
  0x0000027cdb58a310 JavaThread "Unconstrained build operations Thread 81" [_thread_blocked, id=9264, stack(0x000000f7d1d00000,0x000000f7d1e00000)]
  0x0000027cdb5898f0 JavaThread "Unconstrained build operations Thread 82" [_thread_blocked, id=14948, stack(0x000000f7d1e00000,0x000000f7d1f00000)]
  0x0000027cdb58b240 JavaThread "Unconstrained build operations Thread 83" [_thread_blocked, id=20808, stack(0x000000f7d1f00000,0x000000f7d2000000)]
  0x0000027cdc1e1f00 JavaThread "Unconstrained build operations Thread 84" [_thread_blocked, id=24516, stack(0x000000f7d2000000,0x000000f7d2100000)]
  0x0000027cdc1e2410 JavaThread "Unconstrained build operations Thread 85" [_thread_blocked, id=21028, stack(0x000000f7d2100000,0x000000f7d2200000)]
  0x0000027cdc1e56b0 JavaThread "Unconstrained build operations Thread 86" [_thread_blocked, id=4732, stack(0x000000f7d2200000,0x000000f7d2300000)]
  0x0000027cdc1e4c90 JavaThread "Unconstrained build operations Thread 87" [_thread_blocked, id=24376, stack(0x000000f7d2300000,0x000000f7d2400000)]
  0x0000027cdc1e4780 JavaThread "Unconstrained build operations Thread 88" [_thread_blocked, id=24512, stack(0x000000f7d2400000,0x000000f7d2500000)]
  0x0000027cdc1e3d60 JavaThread "Unconstrained build operations Thread 89" [_thread_blocked, id=23700, stack(0x000000f7d2500000,0x000000f7d2600000)]
  0x0000027cd12d1130 JavaThread "Unconstrained build operations Thread 90" [_thread_blocked, id=22420, stack(0x000000f7d2600000,0x000000f7d2700000)]
  0x0000027cd12cf7e0 JavaThread "Unconstrained build operations Thread 91" [_thread_blocked, id=5268, stack(0x000000f7d2700000,0x000000f7d2800000)]
  0x0000027cd2d34d00 JavaThread "Unconstrained build operations Thread 92" [_thread_blocked, id=22336, stack(0x000000f7d2800000,0x000000f7d2900000)]
  0x0000027cd2d37a90 JavaThread "Unconstrained build operations Thread 93" [_thread_blocked, id=18664, stack(0x000000f7d2900000,0x000000f7d2a00000)]
  0x0000027cccb5bd20 JavaThread "Unconstrained build operations Thread 94" [_thread_blocked, id=20260, stack(0x000000f7d2a00000,0x000000f7d2b00000)]
  0x0000027cccb5e5a0 JavaThread "Unconstrained build operations Thread 95" [_thread_blocked, id=22596, stack(0x000000f7d2b00000,0x000000f7d2c00000)]
  0x0000027cccb5db80 JavaThread "Unconstrained build operations Thread 96" [_thread_blocked, id=20680, stack(0x000000f7d2c00000,0x000000f7d2d00000)]
  0x0000027cccb5d670 JavaThread "Unconstrained build operations Thread 97" [_thread_blocked, id=23668, stack(0x000000f7d2d00000,0x000000f7d2e00000)]
  0x0000027cd199e620 JavaThread "Unconstrained build operations Thread 98" [_thread_blocked, id=20744, stack(0x000000f7d2e00000,0x000000f7d2f00000)]
  0x0000027cdbce0c60 JavaThread "Unconstrained build operations Thread 99" [_thread_blocked, id=21448, stack(0x000000f7d2f00000,0x000000f7d3000000)]
  0x0000027cdbce0750 JavaThread "Unconstrained build operations Thread 100" [_thread_blocked, id=6676, stack(0x000000f7d3000000,0x000000f7d3100000)]
  0x0000027cdbce1170 JavaThread "build event listener" [_thread_blocked, id=24524, stack(0x000000f7ccf00000,0x000000f7cd000000)]
  0x0000027cccb5e090 JavaThread "Unconstrained build operations Thread 101" [_thread_blocked, id=2872, stack(0x000000f7d3100000,0x000000f7d3200000)]
  0x0000027cccb5efc0 JavaThread "Unconstrained build operations Thread 102" [_thread_blocked, id=21764, stack(0x000000f7d3200000,0x000000f7d3300000)]
  0x0000027cccb5fef0 JavaThread "Unconstrained build operations Thread 103" [_thread_blocked, id=22684, stack(0x000000f7d1000000,0x000000f7d1100000)]
  0x0000027cccb5c740 JavaThread "Unconstrained build operations Thread 104" [_thread_blocked, id=19648, stack(0x000000f7d3300000,0x000000f7d3400000)]
  0x0000027cccb5f4d0 JavaThread "Unconstrained build operations Thread 105" [_thread_blocked, id=22928, stack(0x000000f7d3400000,0x000000f7d3500000)]
  0x0000027cccb60400 JavaThread "Unconstrained build operations Thread 106" [_thread_blocked, id=248, stack(0x000000f7d3500000,0x000000f7d3600000)]
  0x0000027cccb5cc50 JavaThread "Unconstrained build operations Thread 107" [_thread_blocked, id=7512, stack(0x000000f7d3600000,0x000000f7d3700000)]
  0x0000027cccb60910 JavaThread "Unconstrained build operations Thread 108" [_thread_blocked, id=10016, stack(0x000000f7d3700000,0x000000f7d3800000)]
  0x0000027ccec0c260 JavaThread "Unconstrained build operations Thread 109" [_thread_blocked, id=23624, stack(0x000000f7d3800000,0x000000f7d3900000)]

Other Threads:
  0x0000027cac4e14e0 VMThread "VM Thread" [stack: 0x000000f7c8500000,0x000000f7c8600000] [id=7472]
  0x0000027c8dd05800 WatcherThread [stack: 0x000000f7c9100000,0x000000f7c9200000] [id=18104]
  0x0000027c8dd63aa0 GCTaskThread "GC Thread#0" [stack: 0x000000f7c8000000,0x000000f7c8100000] [id=16620]
  0x0000027caca3a8c0 GCTaskThread "GC Thread#1" [stack: 0x000000f7c9300000,0x000000f7c9400000] [id=3652]
  0x0000027ccc227410 GCTaskThread "GC Thread#2" [stack: 0x000000f7c9400000,0x000000f7c9500000] [id=20016]
  0x0000027cccabf420 GCTaskThread "GC Thread#3" [stack: 0x000000f7c9500000,0x000000f7c9600000] [id=12876]
  0x0000027cccabf6e0 GCTaskThread "GC Thread#4" [stack: 0x000000f7c9600000,0x000000f7c9700000] [id=23128]
  0x0000027cce1d38b0 GCTaskThread "GC Thread#5" [stack: 0x000000f7ca000000,0x000000f7ca100000] [id=12828]
  0x0000027cce160d60 GCTaskThread "GC Thread#6" [stack: 0x000000f7ca100000,0x000000f7ca200000] [id=22752]
  0x0000027ccdeedca0 GCTaskThread "GC Thread#7" [stack: 0x000000f7ca200000,0x000000f7ca300000] [id=21496]
  0x0000027ccd7dbd20 GCTaskThread "GC Thread#8" [stack: 0x000000f7ca300000,0x000000f7ca400000] [id=22108]
  0x0000027ccdef74f0 GCTaskThread "GC Thread#9" [stack: 0x000000f7ca400000,0x000000f7ca500000] [id=19308]
  0x0000027c8dd74900 ConcurrentGCThread "G1 Main Marker" [stack: 0x000000f7c8100000,0x000000f7c8200000] [id=1136]
  0x0000027c8dd75f00 ConcurrentGCThread "G1 Conc#0" [stack: 0x000000f7c8200000,0x000000f7c8300000] [id=22944]
  0x0000027cce525090 ConcurrentGCThread "G1 Conc#1" [stack: 0x000000f7ca900000,0x000000f7caa00000] [id=3704]
  0x0000027cce524590 ConcurrentGCThread "G1 Conc#2" [stack: 0x000000f7caa00000,0x000000f7cab00000] [id=16956]
  0x0000027c8ddaead0 ConcurrentGCThread "G1 Refine#0" [stack: 0x000000f7c8300000,0x000000f7c8400000] [id=6992]
  0x0000027cce0f8f80 ConcurrentGCThread "G1 Refine#1" [stack: 0x000000f7cb200000,0x000000f7cb300000] [id=10576]
  0x0000027ccfc3cc70 ConcurrentGCThread "G1 Refine#2" [stack: 0x000000f7cb300000,0x000000f7cb400000] [id=9472]
  0x0000027cd230ba70 ConcurrentGCThread "G1 Refine#3" [stack: 0x000000f7d5b00000,0x000000f7d5c00000] [id=23468]
  0x0000027cd2504640 ConcurrentGCThread "G1 Refine#4" [stack: 0x000000f7d5d00000,0x000000f7d5e00000] [id=3036]
  0x0000027cac39af00 ConcurrentGCThread "G1 Service" [stack: 0x000000f7c8400000,0x000000f7c8500000] [id=23420]

Threads with active compile tasks:
C2 CompilerThread0  410359 28988   !   4       org.gradle.internal.metaobject.BeanDynamicObject$MetaClassAdapter::getProperty (384 bytes)

VM state: not at safepoint (normal execution)

VM Mutex/Monitor currently owned by a thread: None

Heap address: 0x0000000080000000, size: 2048 MB, Compressed Oops mode: 32-bit

CDS archive(s) mapped at: [0x0000027cad000000-0x0000027cadbb0000-0x0000027cadbb0000), size 12255232, SharedBaseAddress: 0x0000027cad000000, ArchiveRelocationMode: 1.
Compressed class space mapped at: 0x0000027cae000000-0x0000027cc8000000, reserved size: 436207616
Narrow klass base: 0x0000027cad000000, Narrow klass shift: 0, Narrow klass range: 0x100000000

GC Precious Log:
 CPUs: 12 total, 12 available
 Memory: 6005M
 Large Page Support: Disabled
 NUMA Support: Disabled
 Compressed Oops: Enabled (32-bit)
 Heap Region Size: 1M
 Heap Min Capacity: 8M
 Heap Initial Capacity: 94M
 Heap Max Capacity: 2G
 Pre-touch: Disabled
 Parallel Workers: 10
 Concurrent Workers: 3
 Concurrent Refinement Workers: 10
 Periodic GC: Disabled

Heap:
 garbage-first heap   total 675840K, used 495970K [0x0000000080000000, 0x0000000100000000)
  region size 1024K, 148 young (151552K), 3 survivors (3072K)
 Metaspace       used 137206K, committed 139840K, reserved 557056K
  class space    used 18447K, committed 19648K, reserved 425984K

Heap Regions: E=young(eden), S=young(survivor), O=old, HS=humongous(starts), HC=humongous(continues), CS=collection set, F=free, OA=open archive, CA=closed archive, TAMS=top-at-mark-start (previous, next)
|   0|0x0000000080000000, 0x0000000080100000, 0x0000000080100000|100%|HS|  |TAMS 0x0000000080100000, 0x0000000080000000| Complete 
|   1|0x0000000080100000, 0x0000000080200000, 0x0000000080200000|100%|HC|  |TAMS 0x0000000080200000, 0x0000000080100000| Complete 
|   2|0x0000000080200000, 0x0000000080300000, 0x0000000080300000|100%|HC|  |TAMS 0x0000000080300000, 0x0000000080200000| Complete 
|   3|0x0000000080300000, 0x0000000080400000, 0x0000000080400000|100%| O|  |TAMS 0x0000000080400000, 0x0000000080300000| Untracked 
|   4|0x0000000080400000, 0x0000000080500000, 0x0000000080500000|100%| O|  |TAMS 0x0000000080500000, 0x0000000080400000| Untracked 
|   5|0x0000000080500000, 0x0000000080600000, 0x0000000080600000|100%| O|  |TAMS 0x0000000080600000, 0x0000000080500000| Untracked 
|   6|0x0000000080600000, 0x0000000080700000, 0x0000000080700000|100%|HS|  |TAMS 0x0000000080700000, 0x0000000080600000| Complete 
|   7|0x0000000080700000, 0x0000000080800000, 0x0000000080800000|100%| O|  |TAMS 0x0000000080800000, 0x0000000080700000| Untracked 
|   8|0x0000000080800000, 0x0000000080900000, 0x0000000080900000|100%| O|  |TAMS 0x0000000080900000, 0x0000000080800000| Untracked 
|   9|0x0000000080900000, 0x0000000080a00000, 0x0000000080a00000|100%| O|  |TAMS 0x0000000080a00000, 0x0000000080900000| Untracked 
|  10|0x0000000080a00000, 0x0000000080b00000, 0x0000000080b00000|100%| O|  |TAMS 0x0000000080b00000, 0x0000000080a00000| Untracked 
|  11|0x0000000080b00000, 0x0000000080c00000, 0x0000000080c00000|100%| O|  |TAMS 0x0000000080c00000, 0x0000000080b00000| Untracked 
|  12|0x0000000080c00000, 0x0000000080d00000, 0x0000000080d00000|100%| O|  |TAMS 0x0000000080d00000, 0x0000000080c00000| Untracked 
|  13|0x0000000080d00000, 0x0000000080e00000, 0x0000000080e00000|100%| O|  |TAMS 0x0000000080e00000, 0x0000000080d00000| Untracked 
|  14|0x0000000080e00000, 0x0000000080f00000, 0x0000000080f00000|100%| O|  |TAMS 0x0000000080f00000, 0x0000000080e00000| Untracked 
|  15|0x0000000080f00000, 0x0000000081000000, 0x0000000081000000|100%| O|  |TAMS 0x0000000081000000, 0x0000000080f00000| Untracked 
|  16|0x0000000081000000, 0x0000000081100000, 0x0000000081100000|100%| O|  |TAMS 0x0000000081100000, 0x0000000081000000| Untracked 
|  17|0x0000000081100000, 0x0000000081200000, 0x0000000081200000|100%| O|  |TAMS 0x0000000081200000, 0x0000000081100000| Untracked 
|  18|0x0000000081200000, 0x0000000081300000, 0x0000000081300000|100%| O|  |TAMS 0x0000000081300000, 0x0000000081200000| Untracked 
|  19|0x0000000081300000, 0x0000000081400000, 0x0000000081400000|100%| O|  |TAMS 0x0000000081400000, 0x0000000081300000| Untracked 
|  20|0x0000000081400000, 0x0000000081500000, 0x0000000081500000|100%| O|  |TAMS 0x0000000081500000, 0x0000000081400000| Untracked 
|  21|0x0000000081500000, 0x0000000081600000, 0x0000000081600000|100%| O|  |TAMS 0x0000000081600000, 0x0000000081500000| Untracked 
|  22|0x0000000081600000, 0x0000000081700000, 0x0000000081700000|100%| O|  |TAMS 0x0000000081700000, 0x0000000081600000| Untracked 
|  23|0x0000000081700000, 0x0000000081800000, 0x0000000081800000|100%| O|  |TAMS 0x0000000081800000, 0x0000000081700000| Untracked 
|  24|0x0000000081800000, 0x0000000081900000, 0x0000000081900000|100%| O|  |TAMS 0x0000000081900000, 0x0000000081800000| Untracked 
|  25|0x0000000081900000, 0x0000000081a00000, 0x0000000081a00000|100%| O|  |TAMS 0x0000000081a00000, 0x0000000081900000| Untracked 
|  26|0x0000000081a00000, 0x0000000081b00000, 0x0000000081b00000|100%| O|  |TAMS 0x0000000081b00000, 0x0000000081a00000| Untracked 
|  27|0x0000000081b00000, 0x0000000081c00000, 0x0000000081c00000|100%| O|  |TAMS 0x0000000081c00000, 0x0000000081b00000| Untracked 
|  28|0x0000000081c00000, 0x0000000081d00000, 0x0000000081d00000|100%| O|  |TAMS 0x0000000081d00000, 0x0000000081c00000| Untracked 
|  29|0x0000000081d00000, 0x0000000081e00000, 0x0000000081e00000|100%| O|  |TAMS 0x0000000081e00000, 0x0000000081d00000| Untracked 
|  30|0x0000000081e00000, 0x0000000081f00000, 0x0000000081f00000|100%| O|  |TAMS 0x0000000081f00000, 0x0000000081e00000| Untracked 
|  31|0x0000000081f00000, 0x0000000082000000, 0x0000000082000000|100%| O|  |TAMS 0x0000000082000000, 0x0000000081f00000| Untracked 
|  32|0x0000000082000000, 0x0000000082100000, 0x0000000082100000|100%| O|  |TAMS 0x0000000082100000, 0x0000000082000000| Untracked 
|  33|0x0000000082100000, 0x0000000082200000, 0x0000000082200000|100%| O|  |TAMS 0x0000000082200000, 0x0000000082100000| Untracked 
|  34|0x0000000082200000, 0x0000000082300000, 0x0000000082300000|100%| O|  |TAMS 0x0000000082300000, 0x0000000082200000| Untracked 
|  35|0x0000000082300000, 0x0000000082400000, 0x0000000082400000|100%| O|  |TAMS 0x0000000082400000, 0x0000000082300000| Untracked 
|  36|0x0000000082400000, 0x0000000082500000, 0x0000000082500000|100%|HS|  |TAMS 0x0000000082500000, 0x0000000082400000| Complete 
|  37|0x0000000082500000, 0x0000000082600000, 0x0000000082600000|100%|HC|  |TAMS 0x0000000082600000, 0x0000000082500000| Complete 
|  38|0x0000000082600000, 0x0000000082700000, 0x0000000082700000|100%|HC|  |TAMS 0x0000000082700000, 0x0000000082600000| Complete 
|  39|0x0000000082700000, 0x0000000082800000, 0x0000000082800000|100%|HS|  |TAMS 0x0000000082800000, 0x0000000082700000| Complete 
|  40|0x0000000082800000, 0x0000000082900000, 0x0000000082900000|100%|HC|  |TAMS 0x0000000082900000, 0x0000000082800000| Complete 
|  41|0x0000000082900000, 0x0000000082a00000, 0x0000000082a00000|100%|HC|  |TAMS 0x0000000082a00000, 0x0000000082900000| Complete 
|  42|0x0000000082a00000, 0x0000000082b00000, 0x0000000082b00000|100%| O|  |TAMS 0x0000000082b00000, 0x0000000082a00000| Untracked 
|  43|0x0000000082b00000, 0x0000000082c00000, 0x0000000082c00000|100%| O|  |TAMS 0x0000000082c00000, 0x0000000082b00000| Untracked 
|  44|0x0000000082c00000, 0x0000000082d00000, 0x0000000082d00000|100%| O|  |TAMS 0x0000000082d00000, 0x0000000082c00000| Untracked 
|  45|0x0000000082d00000, 0x0000000082e00000, 0x0000000082e00000|100%| O|  |TAMS 0x0000000082e00000, 0x0000000082d00000| Untracked 
|  46|0x0000000082e00000, 0x0000000082f00000, 0x0000000082f00000|100%| O|  |TAMS 0x0000000082f00000, 0x0000000082e00000| Untracked 
|  47|0x0000000082f00000, 0x0000000083000000, 0x0000000083000000|100%| O|  |TAMS 0x0000000083000000, 0x0000000082f00000| Untracked 
|  48|0x0000000083000000, 0x0000000083100000, 0x0000000083100000|100%| O|  |TAMS 0x0000000083100000, 0x0000000083000000| Untracked 
|  49|0x0000000083100000, 0x0000000083200000, 0x0000000083200000|100%| O|  |TAMS 0x0000000083200000, 0x0000000083100000| Untracked 
|  50|0x0000000083200000, 0x0000000083300000, 0x0000000083300000|100%| O|  |TAMS 0x0000000083300000, 0x0000000083200000| Untracked 
|  51|0x0000000083300000, 0x0000000083400000, 0x0000000083400000|100%| O|  |TAMS 0x0000000083400000, 0x0000000083300000| Untracked 
|  52|0x0000000083400000, 0x0000000083500000, 0x0000000083500000|100%| O|  |TAMS 0x0000000083500000, 0x0000000083400000| Untracked 
|  53|0x0000000083500000, 0x0000000083600000, 0x0000000083600000|100%| O|  |TAMS 0x0000000083600000, 0x0000000083500000| Untracked 
|  54|0x0000000083600000, 0x0000000083700000, 0x0000000083700000|100%| O|  |TAMS 0x0000000083700000, 0x0000000083600000| Untracked 
|  55|0x0000000083700000, 0x0000000083800000, 0x0000000083800000|100%| O|  |TAMS 0x0000000083800000, 0x0000000083700000| Untracked 
|  56|0x0000000083800000, 0x0000000083900000, 0x0000000083900000|100%| O|  |TAMS 0x0000000083900000, 0x0000000083800000| Untracked 
|  57|0x0000000083900000, 0x0000000083a00000, 0x0000000083a00000|100%| O|  |TAMS 0x0000000083a00000, 0x0000000083900000| Untracked 
|  58|0x0000000083a00000, 0x0000000083b00000, 0x0000000083b00000|100%| O|  |TAMS 0x0000000083b00000, 0x0000000083a00000| Untracked 
|  59|0x0000000083b00000, 0x0000000083c00000, 0x0000000083c00000|100%| O|  |TAMS 0x0000000083c00000, 0x0000000083b00000| Untracked 
|  60|0x0000000083c00000, 0x0000000083d00000, 0x0000000083d00000|100%| O|  |TAMS 0x0000000083d00000, 0x0000000083c00000| Untracked 
|  61|0x0000000083d00000, 0x0000000083e00000, 0x0000000083e00000|100%| O|  |TAMS 0x0000000083e00000, 0x0000000083d00000| Untracked 
|  62|0x0000000083e00000, 0x0000000083f00000, 0x0000000083f00000|100%| O|  |TAMS 0x0000000083f00000, 0x0000000083e00000| Untracked 
|  63|0x0000000083f00000, 0x0000000084000000, 0x0000000084000000|100%| O|  |TAMS 0x0000000084000000, 0x0000000083f00000| Untracked 
|  64|0x0000000084000000, 0x0000000084100000, 0x0000000084100000|100%| O|  |TAMS 0x0000000084100000, 0x0000000084000000| Untracked 
|  65|0x0000000084100000, 0x0000000084100000, 0x0000000084200000|  0%| F|  |TAMS 0x0000000084100000, 0x0000000084100000| Untracked 
|  66|0x0000000084200000, 0x0000000084300000, 0x0000000084300000|100%| O|  |TAMS 0x0000000084300000, 0x0000000084200000| Untracked 
|  67|0x0000000084300000, 0x0000000084400000, 0x0000000084400000|100%| O|  |TAMS 0x0000000084400000, 0x0000000084300000| Untracked 
|  68|0x0000000084400000, 0x0000000084500000, 0x0000000084500000|100%| O|  |TAMS 0x0000000084500000, 0x0000000084400000| Untracked 
|  69|0x0000000084500000, 0x0000000084600000, 0x0000000084600000|100%| O|  |TAMS 0x0000000084600000, 0x0000000084500000| Untracked 
|  70|0x0000000084600000, 0x0000000084600000, 0x0000000084700000|  0%| F|  |TAMS 0x0000000084600000, 0x0000000084600000| Untracked 
|  71|0x0000000084700000, 0x0000000084700000, 0x0000000084800000|  0%| F|  |TAMS 0x0000000084700000, 0x0000000084700000| Untracked 
|  72|0x0000000084800000, 0x0000000084900000, 0x0000000084900000|100%| O|  |TAMS 0x0000000084900000, 0x0000000084800000| Untracked 
|  73|0x0000000084900000, 0x0000000084a00000, 0x0000000084a00000|100%| O|  |TAMS 0x0000000084a00000, 0x0000000084900000| Untracked 
|  74|0x0000000084a00000, 0x0000000084b00000, 0x0000000084b00000|100%| O|  |TAMS 0x0000000084b00000, 0x0000000084a00000| Untracked 
|  75|0x0000000084b00000, 0x0000000084c00000, 0x0000000084c00000|100%| O|  |TAMS 0x0000000084c00000, 0x0000000084b00000| Untracked 
|  76|0x0000000084c00000, 0x0000000084d00000, 0x0000000084d00000|100%| O|  |TAMS 0x0000000084d00000, 0x0000000084c00000| Untracked 
|  77|0x0000000084d00000, 0x0000000084e00000, 0x0000000084e00000|100%| O|  |TAMS 0x0000000084e00000, 0x0000000084d00000| Untracked 
|  78|0x0000000084e00000, 0x0000000084f00000, 0x0000000084f00000|100%| O|  |TAMS 0x0000000084f00000, 0x0000000084e00000| Untracked 
|  79|0x0000000084f00000, 0x0000000085000000, 0x0000000085000000|100%| O|  |TAMS 0x0000000085000000, 0x0000000084f00000| Untracked 
|  80|0x0000000085000000, 0x0000000085100000, 0x0000000085100000|100%| O|  |TAMS 0x0000000085100000, 0x0000000085000000| Untracked 
|  81|0x0000000085100000, 0x0000000085200000, 0x0000000085200000|100%| O|  |TAMS 0x0000000085200000, 0x0000000085100000| Untracked 
|  82|0x0000000085200000, 0x0000000085300000, 0x0000000085300000|100%|HS|  |TAMS 0x0000000085300000, 0x0000000085200000| Complete 
|  83|0x0000000085300000, 0x0000000085400000, 0x0000000085400000|100%|HS|  |TAMS 0x0000000085400000, 0x0000000085300000| Complete 
|  84|0x0000000085400000, 0x0000000085500000, 0x0000000085500000|100%|HS|  |TAMS 0x0000000085500000, 0x0000000085400000| Complete 
|  85|0x0000000085500000, 0x0000000085600000, 0x0000000085600000|100%|HS|  |TAMS 0x0000000085600000, 0x0000000085500000| Complete 
|  86|0x0000000085600000, 0x0000000085700000, 0x0000000085700000|100%| O|  |TAMS 0x0000000085700000, 0x0000000085600000| Untracked 
|  87|0x0000000085700000, 0x0000000085800000, 0x0000000085800000|100%|HS|  |TAMS 0x0000000085800000, 0x0000000085700000| Complete 
|  88|0x0000000085800000, 0x0000000085900000, 0x0000000085900000|100%|HS|  |TAMS 0x0000000085900000, 0x0000000085800000| Complete 
|  89|0x0000000085900000, 0x0000000085a00000, 0x0000000085a00000|100%| O|  |TAMS 0x0000000085a00000, 0x0000000085900000| Untracked 
|  90|0x0000000085a00000, 0x0000000085b00000, 0x0000000085b00000|100%| O|  |TAMS 0x0000000085b00000, 0x0000000085a00000| Untracked 
|  91|0x0000000085b00000, 0x0000000085c00000, 0x0000000085c00000|100%| O|  |TAMS 0x0000000085c00000, 0x0000000085b00000| Untracked 
|  92|0x0000000085c00000, 0x0000000085d00000, 0x0000000085d00000|100%|HS|  |TAMS 0x0000000085d00000, 0x0000000085c00000| Complete 
|  93|0x0000000085d00000, 0x0000000085e00000, 0x0000000085e00000|100%|HS|  |TAMS 0x0000000085e00000, 0x0000000085d00000| Complete 
|  94|0x0000000085e00000, 0x0000000085f00000, 0x0000000085f00000|100%|HC|  |TAMS 0x0000000085f00000, 0x0000000085e00000| Complete 
|  95|0x0000000085f00000, 0x0000000086000000, 0x0000000086000000|100%|HC|  |TAMS 0x0000000086000000, 0x0000000085f00000| Complete 
|  96|0x0000000086000000, 0x0000000086100000, 0x0000000086100000|100%| O|  |TAMS 0x0000000086100000, 0x0000000086000000| Untracked 
|  97|0x0000000086100000, 0x0000000086200000, 0x0000000086200000|100%| O|  |TAMS 0x0000000086200000, 0x0000000086100000| Untracked 
|  98|0x0000000086200000, 0x0000000086300000, 0x0000000086300000|100%| O|  |TAMS 0x0000000086300000, 0x0000000086200000| Untracked 
|  99|0x0000000086300000, 0x0000000086400000, 0x0000000086400000|100%| O|  |TAMS 0x0000000086400000, 0x0000000086300000| Untracked 
| 100|0x0000000086400000, 0x0000000086500000, 0x0000000086500000|100%| O|  |TAMS 0x0000000086500000, 0x0000000086400000| Untracked 
| 101|0x0000000086500000, 0x0000000086600000, 0x0000000086600000|100%| O|  |TAMS 0x0000000086600000, 0x0000000086500000| Untracked 
| 102|0x0000000086600000, 0x0000000086700000, 0x0000000086700000|100%| O|  |TAMS 0x0000000086700000, 0x0000000086600000| Untracked 
| 103|0x0000000086700000, 0x0000000086800000, 0x0000000086800000|100%| O|  |TAMS 0x0000000086800000, 0x0000000086700000| Untracked 
| 104|0x0000000086800000, 0x0000000086900000, 0x0000000086900000|100%| O|  |TAMS 0x0000000086900000, 0x0000000086800000| Untracked 
| 105|0x0000000086900000, 0x0000000086a00000, 0x0000000086a00000|100%| O|  |TAMS 0x0000000086a00000, 0x0000000086900000| Untracked 
| 106|0x0000000086a00000, 0x0000000086b00000, 0x0000000086b00000|100%| O|  |TAMS 0x0000000086b00000, 0x0000000086a00000| Untracked 
| 107|0x0000000086b00000, 0x0000000086c00000, 0x0000000086c00000|100%| O|  |TAMS 0x0000000086c00000, 0x0000000086b00000| Untracked 
| 108|0x0000000086c00000, 0x0000000086d00000, 0x0000000086d00000|100%| O|  |TAMS 0x0000000086d00000, 0x0000000086c00000| Untracked 
| 109|0x0000000086d00000, 0x0000000086e00000, 0x0000000086e00000|100%| O|  |TAMS 0x0000000086e00000, 0x0000000086d00000| Untracked 
| 110|0x0000000086e00000, 0x0000000086f00000, 0x0000000086f00000|100%| O|  |TAMS 0x0000000086f00000, 0x0000000086e00000| Untracked 
| 111|0x0000000086f00000, 0x0000000087000000, 0x0000000087000000|100%| O|  |TAMS 0x0000000087000000, 0x0000000086f00000| Untracked 
| 112|0x0000000087000000, 0x0000000087100000, 0x0000000087100000|100%| O|  |TAMS 0x0000000087100000, 0x0000000087000000| Untracked 
| 113|0x0000000087100000, 0x0000000087200000, 0x0000000087200000|100%| O|  |TAMS 0x0000000087200000, 0x0000000087100000| Untracked 
| 114|0x0000000087200000, 0x0000000087300000, 0x0000000087300000|100%| O|  |TAMS 0x0000000087300000, 0x0000000087200000| Untracked 
| 115|0x0000000087300000, 0x0000000087400000, 0x0000000087400000|100%| O|  |TAMS 0x0000000087400000, 0x0000000087300000| Untracked 
| 116|0x0000000087400000, 0x0000000087500000, 0x0000000087500000|100%| O|  |TAMS 0x0000000087500000, 0x0000000087400000| Untracked 
| 117|0x0000000087500000, 0x0000000087600000, 0x0000000087600000|100%| O|  |TAMS 0x0000000087600000, 0x0000000087500000| Untracked 
| 118|0x0000000087600000, 0x0000000087700000, 0x0000000087700000|100%| O|  |TAMS 0x0000000087700000, 0x0000000087600000| Untracked 
| 119|0x0000000087700000, 0x0000000087800000, 0x0000000087800000|100%| O|  |TAMS 0x0000000087800000, 0x0000000087700000| Untracked 
| 120|0x0000000087800000, 0x0000000087900000, 0x0000000087900000|100%| O|  |TAMS 0x0000000087900000, 0x0000000087800000| Untracked 
| 121|0x0000000087900000, 0x0000000087a00000, 0x0000000087a00000|100%| O|  |TAMS 0x0000000087a00000, 0x0000000087900000| Untracked 
| 122|0x0000000087a00000, 0x0000000087b00000, 0x0000000087b00000|100%| O|  |TAMS 0x0000000087b00000, 0x0000000087a00000| Untracked 
| 123|0x0000000087b00000, 0x0000000087c00000, 0x0000000087c00000|100%| O|  |TAMS 0x0000000087c00000, 0x0000000087b00000| Untracked 
| 124|0x0000000087c00000, 0x0000000087d00000, 0x0000000087d00000|100%| O|  |TAMS 0x0000000087d00000, 0x0000000087c00000| Untracked 
| 125|0x0000000087d00000, 0x0000000087e00000, 0x0000000087e00000|100%| O|  |TAMS 0x0000000087e00000, 0x0000000087d00000| Untracked 
| 126|0x0000000087e00000, 0x0000000087f00000, 0x0000000087f00000|100%| O|  |TAMS 0x0000000087f00000, 0x0000000087e00000| Untracked 
| 127|0x0000000087f00000, 0x0000000088000000, 0x0000000088000000|100%| O|  |TAMS 0x0000000088000000, 0x0000000087f00000| Untracked 
| 128|0x0000000088000000, 0x0000000088100000, 0x0000000088100000|100%| O|  |TAMS 0x0000000088100000, 0x0000000088000000| Untracked 
| 129|0x0000000088100000, 0x0000000088200000, 0x0000000088200000|100%| O|  |TAMS 0x0000000088200000, 0x0000000088100000| Untracked 
| 130|0x0000000088200000, 0x0000000088300000, 0x0000000088300000|100%| O|  |TAMS 0x0000000088300000, 0x0000000088200000| Untracked 
| 131|0x0000000088300000, 0x0000000088400000, 0x0000000088400000|100%| O|  |TAMS 0x0000000088400000, 0x0000000088300000| Untracked 
| 132|0x0000000088400000, 0x0000000088500000, 0x0000000088500000|100%| O|  |TAMS 0x0000000088500000, 0x0000000088400000| Untracked 
| 133|0x0000000088500000, 0x0000000088600000, 0x0000000088600000|100%| O|  |TAMS 0x0000000088600000, 0x0000000088500000| Untracked 
| 134|0x0000000088600000, 0x0000000088700000, 0x0000000088700000|100%| O|  |TAMS 0x0000000088700000, 0x0000000088600000| Untracked 
| 135|0x0000000088700000, 0x0000000088800000, 0x0000000088800000|100%| O|  |TAMS 0x0000000088800000, 0x0000000088700000| Untracked 
| 136|0x0000000088800000, 0x0000000088900000, 0x0000000088900000|100%| O|  |TAMS 0x0000000088900000, 0x0000000088800000| Untracked 
| 137|0x0000000088900000, 0x0000000088a00000, 0x0000000088a00000|100%| O|  |TAMS 0x0000000088a00000, 0x0000000088900000| Untracked 
| 138|0x0000000088a00000, 0x0000000088b00000, 0x0000000088b00000|100%| O|  |TAMS 0x0000000088b00000, 0x0000000088a00000| Untracked 
| 139|0x0000000088b00000, 0x0000000088c00000, 0x0000000088c00000|100%| O|  |TAMS 0x0000000088c00000, 0x0000000088b00000| Untracked 
| 140|0x0000000088c00000, 0x0000000088d00000, 0x0000000088d00000|100%| O|  |TAMS 0x0000000088d00000, 0x0000000088c00000| Untracked 
| 141|0x0000000088d00000, 0x0000000088e00000, 0x0000000088e00000|100%| O|  |TAMS 0x0000000088e00000, 0x0000000088d00000| Untracked 
| 142|0x0000000088e00000, 0x0000000088f00000, 0x0000000088f00000|100%| O|  |TAMS 0x0000000088f00000, 0x0000000088e00000| Untracked 
| 143|0x0000000088f00000, 0x0000000089000000, 0x0000000089000000|100%| O|  |TAMS 0x0000000089000000, 0x0000000088f00000| Untracked 
| 144|0x0000000089000000, 0x0000000089100000, 0x0000000089100000|100%| O|  |TAMS 0x0000000089100000, 0x0000000089000000| Untracked 
| 145|0x0000000089100000, 0x0000000089200000, 0x0000000089200000|100%| O|  |TAMS 0x0000000089200000, 0x0000000089100000| Untracked 
| 146|0x0000000089200000, 0x0000000089300000, 0x0000000089300000|100%| O|  |TAMS 0x0000000089300000, 0x0000000089200000| Untracked 
| 147|0x0000000089300000, 0x0000000089400000, 0x0000000089400000|100%| O|  |TAMS 0x0000000089400000, 0x0000000089300000| Untracked 
| 148|0x0000000089400000, 0x0000000089500000, 0x0000000089500000|100%| O|  |TAMS 0x0000000089500000, 0x0000000089400000| Untracked 
| 149|0x0000000089500000, 0x0000000089600000, 0x0000000089600000|100%| O|  |TAMS 0x0000000089600000, 0x0000000089500000| Untracked 
| 150|0x0000000089600000, 0x0000000089700000, 0x0000000089700000|100%| O|  |TAMS 0x0000000089700000, 0x0000000089600000| Untracked 
| 151|0x0000000089700000, 0x0000000089800000, 0x0000000089800000|100%| O|  |TAMS 0x0000000089800000, 0x0000000089700000| Untracked 
| 152|0x0000000089800000, 0x0000000089900000, 0x0000000089900000|100%| O|  |TAMS 0x0000000089900000, 0x0000000089800000| Untracked 
| 153|0x0000000089900000, 0x0000000089a00000, 0x0000000089a00000|100%| O|  |TAMS 0x0000000089a00000, 0x0000000089900000| Untracked 
| 154|0x0000000089a00000, 0x0000000089b00000, 0x0000000089b00000|100%| O|  |TAMS 0x0000000089b00000, 0x0000000089a00000| Untracked 
| 155|0x0000000089b00000, 0x0000000089c00000, 0x0000000089c00000|100%|HS|  |TAMS 0x0000000089c00000, 0x0000000089b00000| Complete 
| 156|0x0000000089c00000, 0x0000000089d00000, 0x0000000089d00000|100%|HS|  |TAMS 0x0000000089d00000, 0x0000000089c00000| Complete 
| 157|0x0000000089d00000, 0x0000000089e00000, 0x0000000089e00000|100%| O|  |TAMS 0x0000000089e00000, 0x0000000089d00000| Untracked 
| 158|0x0000000089e00000, 0x0000000089f00000, 0x0000000089f00000|100%|HS|  |TAMS 0x0000000089f00000, 0x0000000089e00000| Complete 
| 159|0x0000000089f00000, 0x000000008a000000, 0x000000008a000000|100%|HC|  |TAMS 0x000000008a000000, 0x0000000089f00000| Complete 
| 160|0x000000008a000000, 0x000000008a100000, 0x000000008a100000|100%| O|  |TAMS 0x000000008a100000, 0x000000008a000000| Untracked 
| 161|0x000000008a100000, 0x000000008a200000, 0x000000008a200000|100%| O|  |TAMS 0x000000008a200000, 0x000000008a100000| Untracked 
| 162|0x000000008a200000, 0x000000008a300000, 0x000000008a300000|100%| O|  |TAMS 0x000000008a300000, 0x000000008a200000| Untracked 
| 163|0x000000008a300000, 0x000000008a400000, 0x000000008a400000|100%| O|  |TAMS 0x000000008a400000, 0x000000008a300000| Untracked 
| 164|0x000000008a400000, 0x000000008a500000, 0x000000008a500000|100%| O|  |TAMS 0x000000008a500000, 0x000000008a400000| Untracked 
| 165|0x000000008a500000, 0x000000008a600000, 0x000000008a600000|100%| O|  |TAMS 0x000000008a600000, 0x000000008a500000| Untracked 
| 166|0x000000008a600000, 0x000000008a700000, 0x000000008a700000|100%| O|  |TAMS 0x000000008a700000, 0x000000008a600000| Untracked 
| 167|0x000000008a700000, 0x000000008a800000, 0x000000008a800000|100%| O|  |TAMS 0x000000008a800000, 0x000000008a700000| Untracked 
| 168|0x000000008a800000, 0x000000008a900000, 0x000000008a900000|100%| O|  |TAMS 0x000000008a900000, 0x000000008a800000| Untracked 
| 169|0x000000008a900000, 0x000000008aa00000, 0x000000008aa00000|100%| O|  |TAMS 0x000000008aa00000, 0x000000008a900000| Untracked 
| 170|0x000000008aa00000, 0x000000008aa00000, 0x000000008ab00000|  0%| F|  |TAMS 0x000000008aa00000, 0x000000008aa00000| Untracked 
| 171|0x000000008ab00000, 0x000000008ac00000, 0x000000008ac00000|100%| O|  |TAMS 0x000000008ac00000, 0x000000008ab00000| Untracked 
| 172|0x000000008ac00000, 0x000000008ad00000, 0x000000008ad00000|100%| O|  |TAMS 0x000000008ad00000, 0x000000008ac00000| Untracked 
| 173|0x000000008ad00000, 0x000000008ae00000, 0x000000008ae00000|100%| O|  |TAMS 0x000000008ae00000, 0x000000008ad00000| Untracked 
| 174|0x000000008ae00000, 0x000000008af00000, 0x000000008af00000|100%| O|  |TAMS 0x000000008af00000, 0x000000008ae00000| Untracked 
| 175|0x000000008af00000, 0x000000008b000000, 0x000000008b000000|100%| O|  |TAMS 0x000000008b000000, 0x000000008af00000| Untracked 
| 176|0x000000008b000000, 0x000000008b100000, 0x000000008b100000|100%| O|  |TAMS 0x000000008b100000, 0x000000008b000000| Untracked 
| 177|0x000000008b100000, 0x000000008b200000, 0x000000008b200000|100%| O|  |TAMS 0x000000008b200000, 0x000000008b100000| Untracked 
| 178|0x000000008b200000, 0x000000008b300000, 0x000000008b300000|100%| O|  |TAMS 0x000000008b300000, 0x000000008b200000| Untracked 
| 179|0x000000008b300000, 0x000000008b400000, 0x000000008b400000|100%|HS|  |TAMS 0x000000008b400000, 0x000000008b300000| Complete 
| 180|0x000000008b400000, 0x000000008b500000, 0x000000008b500000|100%|HS|  |TAMS 0x000000008b500000, 0x000000008b400000| Complete 
| 181|0x000000008b500000, 0x000000008b600000, 0x000000008b600000|100%|HS|  |TAMS 0x000000008b600000, 0x000000008b500000| Complete 
| 182|0x000000008b600000, 0x000000008b700000, 0x000000008b700000|100%| O|  |TAMS 0x000000008b700000, 0x000000008b600000| Untracked 
| 183|0x000000008b700000, 0x000000008b800000, 0x000000008b800000|100%| O|  |TAMS 0x000000008b800000, 0x000000008b700000| Untracked 
| 184|0x000000008b800000, 0x000000008b900000, 0x000000008b900000|100%| O|  |TAMS 0x000000008b900000, 0x000000008b800000| Untracked 
| 185|0x000000008b900000, 0x000000008ba00000, 0x000000008ba00000|100%| O|  |TAMS 0x000000008ba00000, 0x000000008b900000| Untracked 
| 186|0x000000008ba00000, 0x000000008bb00000, 0x000000008bb00000|100%| O|  |TAMS 0x000000008bb00000, 0x000000008ba00000| Untracked 
| 187|0x000000008bb00000, 0x000000008bc00000, 0x000000008bc00000|100%| O|  |TAMS 0x000000008bb75c00, 0x000000008bb00000| Untracked 
| 188|0x000000008bc00000, 0x000000008bd00000, 0x000000008bd00000|100%| O|  |TAMS 0x000000008bd00000, 0x000000008bc00000| Untracked 
| 189|0x000000008bd00000, 0x000000008be00000, 0x000000008be00000|100%| O|  |TAMS 0x000000008be00000, 0x000000008bd00000| Untracked 
| 190|0x000000008be00000, 0x000000008bf00000, 0x000000008bf00000|100%| O|  |TAMS 0x000000008bf00000, 0x000000008be00000| Untracked 
| 191|0x000000008bf00000, 0x000000008c000000, 0x000000008c000000|100%| O|  |TAMS 0x000000008c000000, 0x000000008bf00000| Untracked 
| 192|0x000000008c000000, 0x000000008c100000, 0x000000008c100000|100%| O|  |TAMS 0x000000008c100000, 0x000000008c000000| Untracked 
| 193|0x000000008c100000, 0x000000008c200000, 0x000000008c200000|100%| O|  |TAMS 0x000000008c200000, 0x000000008c100000| Untracked 
| 194|0x000000008c200000, 0x000000008c300000, 0x000000008c300000|100%| O|  |TAMS 0x000000008c300000, 0x000000008c200000| Untracked 
| 195|0x000000008c300000, 0x000000008c400000, 0x000000008c400000|100%| O|  |TAMS 0x000000008c400000, 0x000000008c300000| Untracked 
| 196|0x000000008c400000, 0x000000008c500000, 0x000000008c500000|100%|HS|  |TAMS 0x000000008c500000, 0x000000008c400000| Complete 
| 197|0x000000008c500000, 0x000000008c600000, 0x000000008c600000|100%|HC|  |TAMS 0x000000008c600000, 0x000000008c500000| Complete 
| 198|0x000000008c600000, 0x000000008c700000, 0x000000008c700000|100%|HS|  |TAMS 0x000000008c700000, 0x000000008c600000| Complete 
| 199|0x000000008c700000, 0x000000008c800000, 0x000000008c800000|100%|HC|  |TAMS 0x000000008c800000, 0x000000008c700000| Complete 
| 200|0x000000008c800000, 0x000000008c900000, 0x000000008c900000|100%| O|  |TAMS 0x000000008c900000, 0x000000008c800000| Untracked 
| 201|0x000000008c900000, 0x000000008c900000, 0x000000008ca00000|  0%| F|  |TAMS 0x000000008c900000, 0x000000008c900000| Untracked 
| 202|0x000000008ca00000, 0x000000008cb00000, 0x000000008cb00000|100%| O|  |TAMS 0x000000008cb00000, 0x000000008ca00000| Untracked 
| 203|0x000000008cb00000, 0x000000008cc00000, 0x000000008cc00000|100%| O|  |TAMS 0x000000008cb00000, 0x000000008cb00000| Untracked 
| 204|0x000000008cc00000, 0x000000008cd00000, 0x000000008cd00000|100%| O|  |TAMS 0x000000008cd00000, 0x000000008cc00000| Untracked 
| 205|0x000000008cd00000, 0x000000008ce00000, 0x000000008ce00000|100%| O|  |TAMS 0x000000008ce00000, 0x000000008cd00000| Untracked 
| 206|0x000000008ce00000, 0x000000008cf00000, 0x000000008cf00000|100%| O|  |TAMS 0x000000008cf00000, 0x000000008ce00000| Untracked 
| 207|0x000000008cf00000, 0x000000008d000000, 0x000000008d000000|100%| O|  |TAMS 0x000000008d000000, 0x000000008cf00000| Untracked 
| 208|0x000000008d000000, 0x000000008d100000, 0x000000008d100000|100%| O|  |TAMS 0x000000008d100000, 0x000000008d000000| Untracked 
| 209|0x000000008d100000, 0x000000008d200000, 0x000000008d200000|100%| O|  |TAMS 0x000000008d200000, 0x000000008d100000| Untracked 
| 210|0x000000008d200000, 0x000000008d300000, 0x000000008d300000|100%| O|  |TAMS 0x000000008d300000, 0x000000008d200000| Untracked 
| 211|0x000000008d300000, 0x000000008d400000, 0x000000008d400000|100%|HS|  |TAMS 0x000000008d400000, 0x000000008d300000| Complete 
| 212|0x000000008d400000, 0x000000008d500000, 0x000000008d500000|100%|HS|  |TAMS 0x000000008d500000, 0x000000008d400000| Complete 
| 213|0x000000008d500000, 0x000000008d500000, 0x000000008d600000|  0%| F|  |TAMS 0x000000008d500000, 0x000000008d500000| Untracked 
| 214|0x000000008d600000, 0x000000008d600000, 0x000000008d700000|  0%| F|  |TAMS 0x000000008d600000, 0x000000008d600000| Untracked 
| 215|0x000000008d700000, 0x000000008d800000, 0x000000008d800000|100%| O|  |TAMS 0x000000008d800000, 0x000000008d700000| Untracked 
| 216|0x000000008d800000, 0x000000008d900000, 0x000000008d900000|100%| O|  |TAMS 0x000000008d900000, 0x000000008d800000| Untracked 
| 217|0x000000008d900000, 0x000000008da00000, 0x000000008da00000|100%| O|  |TAMS 0x000000008da00000, 0x000000008d900000| Untracked 
| 218|0x000000008da00000, 0x000000008db00000, 0x000000008db00000|100%| O|  |TAMS 0x000000008db00000, 0x000000008da00000| Untracked 
| 219|0x000000008db00000, 0x000000008dc00000, 0x000000008dc00000|100%| O|  |TAMS 0x000000008dc00000, 0x000000008db00000| Untracked 
| 220|0x000000008dc00000, 0x000000008dc00000, 0x000000008dd00000|  0%| F|  |TAMS 0x000000008dc00000, 0x000000008dc00000| Untracked 
| 221|0x000000008dd00000, 0x000000008de00000, 0x000000008de00000|100%| O|  |TAMS 0x000000008de00000, 0x000000008dd00000| Untracked 
| 222|0x000000008de00000, 0x000000008df00000, 0x000000008df00000|100%| O|  |TAMS 0x000000008df00000, 0x000000008de00000| Untracked 
| 223|0x000000008df00000, 0x000000008e000000, 0x000000008e000000|100%| O|  |TAMS 0x000000008e000000, 0x000000008df00000| Untracked 
| 224|0x000000008e000000, 0x000000008e100000, 0x000000008e100000|100%| O|  |TAMS 0x000000008e100000, 0x000000008e000000| Untracked 
| 225|0x000000008e100000, 0x000000008e200000, 0x000000008e200000|100%| O|  |TAMS 0x000000008e200000, 0x000000008e100000| Untracked 
| 226|0x000000008e200000, 0x000000008e300000, 0x000000008e300000|100%| O|  |TAMS 0x000000008e300000, 0x000000008e200000| Untracked 
| 227|0x000000008e300000, 0x000000008e400000, 0x000000008e400000|100%| O|  |TAMS 0x000000008e400000, 0x000000008e300000| Untracked 
| 228|0x000000008e400000, 0x000000008e500000, 0x000000008e500000|100%| O|  |TAMS 0x000000008e500000, 0x000000008e400000| Untracked 
| 229|0x000000008e500000, 0x000000008e600000, 0x000000008e600000|100%| O|  |TAMS 0x000000008e600000, 0x000000008e500000| Untracked 
| 230|0x000000008e600000, 0x000000008e700000, 0x000000008e700000|100%| O|  |TAMS 0x000000008e700000, 0x000000008e600000| Untracked 
| 231|0x000000008e700000, 0x000000008e800000, 0x000000008e800000|100%| O|  |TAMS 0x000000008e800000, 0x000000008e700000| Untracked 
| 232|0x000000008e800000, 0x000000008e900000, 0x000000008e900000|100%| O|  |TAMS 0x000000008e900000, 0x000000008e800000| Untracked 
| 233|0x000000008e900000, 0x000000008ea00000, 0x000000008ea00000|100%| O|  |TAMS 0x000000008ea00000, 0x000000008e900000| Untracked 
| 234|0x000000008ea00000, 0x000000008eb00000, 0x000000008eb00000|100%| O|  |TAMS 0x000000008eb00000, 0x000000008ea00000| Untracked 
| 235|0x000000008eb00000, 0x000000008ec00000, 0x000000008ec00000|100%| O|  |TAMS 0x000000008ec00000, 0x000000008eb00000| Untracked 
| 236|0x000000008ec00000, 0x000000008ed00000, 0x000000008ed00000|100%| O|  |TAMS 0x000000008ed00000, 0x000000008ec00000| Untracked 
| 237|0x000000008ed00000, 0x000000008ee00000, 0x000000008ee00000|100%| O|  |TAMS 0x000000008ee00000, 0x000000008ed00000| Untracked 
| 238|0x000000008ee00000, 0x000000008ef00000, 0x000000008ef00000|100%| O|  |TAMS 0x000000008ef00000, 0x000000008ee00000| Untracked 
| 239|0x000000008ef00000, 0x000000008f000000, 0x000000008f000000|100%| O|  |TAMS 0x000000008f000000, 0x000000008ef00000| Untracked 
| 240|0x000000008f000000, 0x000000008f100000, 0x000000008f100000|100%| O|  |TAMS 0x000000008f100000, 0x000000008f000000| Untracked 
| 241|0x000000008f100000, 0x000000008f200000, 0x000000008f200000|100%| O|  |TAMS 0x000000008f100000, 0x000000008f100000| Untracked 
| 242|0x000000008f200000, 0x000000008f300000, 0x000000008f300000|100%| O|  |TAMS 0x000000008f200000, 0x000000008f200000| Untracked 
| 243|0x000000008f300000, 0x000000008f400000, 0x000000008f400000|100%| O|  |TAMS 0x000000008f400000, 0x000000008f300000| Untracked 
| 244|0x000000008f400000, 0x000000008f500000, 0x000000008f500000|100%| O|  |TAMS 0x000000008f400000, 0x000000008f400000| Untracked 
| 245|0x000000008f500000, 0x000000008f600000, 0x000000008f600000|100%| O|  |TAMS 0x000000008f500000, 0x000000008f500000| Untracked 
| 246|0x000000008f600000, 0x000000008f700000, 0x000000008f700000|100%| O|  |TAMS 0x000000008f700000, 0x000000008f600000| Untracked 
| 247|0x000000008f700000, 0x000000008f800000, 0x000000008f800000|100%| O|  |TAMS 0x000000008f800000, 0x000000008f700000| Untracked 
| 248|0x000000008f800000, 0x000000008f900000, 0x000000008f900000|100%| O|  |TAMS 0x000000008f800000, 0x000000008f800000| Untracked 
| 249|0x000000008f900000, 0x000000008fa00000, 0x000000008fa00000|100%| O|  |TAMS 0x000000008f900000, 0x000000008f900000| Untracked 
| 250|0x000000008fa00000, 0x000000008fb00000, 0x000000008fb00000|100%| O|  |TAMS 0x000000008fa00000, 0x000000008fa00000| Untracked 
| 251|0x000000008fb00000, 0x000000008fc00000, 0x000000008fc00000|100%| O|  |TAMS 0x000000008fb00000, 0x000000008fb00000| Untracked 
| 252|0x000000008fc00000, 0x000000008fd00000, 0x000000008fd00000|100%| O|  |TAMS 0x000000008fc00000, 0x000000008fc00000| Untracked 
| 253|0x000000008fd00000, 0x000000008fe00000, 0x000000008fe00000|100%| O|  |TAMS 0x000000008fd00000, 0x000000008fd00000| Untracked 
| 254|0x000000008fe00000, 0x000000008ff00000, 0x000000008ff00000|100%| O|  |TAMS 0x000000008fe00000, 0x000000008fe00000| Untracked 
| 255|0x000000008ff00000, 0x0000000090000000, 0x0000000090000000|100%| O|  |TAMS 0x000000008ff00000, 0x000000008ff00000| Untracked 
| 256|0x0000000090000000, 0x0000000090100000, 0x0000000090100000|100%| O|  |TAMS 0x0000000090100000, 0x0000000090000000| Untracked 
| 257|0x0000000090100000, 0x0000000090200000, 0x0000000090200000|100%| O|  |TAMS 0x0000000090200000, 0x0000000090100000| Untracked 
| 258|0x0000000090200000, 0x0000000090300000, 0x0000000090300000|100%| O|  |TAMS 0x0000000090300000, 0x0000000090200000| Untracked 
| 259|0x0000000090300000, 0x0000000090400000, 0x0000000090400000|100%| O|  |TAMS 0x0000000090400000, 0x0000000090300000| Untracked 
| 260|0x0000000090400000, 0x0000000090400000, 0x0000000090500000|  0%| F|  |TAMS 0x0000000090400000, 0x0000000090400000| Untracked 
| 261|0x0000000090500000, 0x0000000090600000, 0x0000000090600000|100%| O|  |TAMS 0x0000000090500000, 0x0000000090500000| Untracked 
| 262|0x0000000090600000, 0x0000000090700000, 0x0000000090700000|100%| O|  |TAMS 0x0000000090600000, 0x0000000090600000| Untracked 
| 263|0x0000000090700000, 0x0000000090800000, 0x0000000090800000|100%| O|  |TAMS 0x0000000090700000, 0x0000000090700000| Untracked 
| 264|0x0000000090800000, 0x0000000090900000, 0x0000000090900000|100%| O|  |TAMS 0x0000000090800000, 0x0000000090800000| Untracked 
| 265|0x0000000090900000, 0x0000000090a00000, 0x0000000090a00000|100%| O|  |TAMS 0x0000000090a00000, 0x0000000090900000| Untracked 
| 266|0x0000000090a00000, 0x0000000090a00000, 0x0000000090b00000|  0%| F|  |TAMS 0x0000000090a00000, 0x0000000090a00000| Untracked 
| 267|0x0000000090b00000, 0x0000000090c00000, 0x0000000090c00000|100%| O|  |TAMS 0x0000000090b00000, 0x0000000090b00000| Untracked 
| 268|0x0000000090c00000, 0x0000000090d00000, 0x0000000090d00000|100%| O|  |TAMS 0x0000000090c00000, 0x0000000090c00000| Untracked 
| 269|0x0000000090d00000, 0x0000000090e00000, 0x0000000090e00000|100%| O|  |TAMS 0x0000000090d00000, 0x0000000090d00000| Untracked 
| 270|0x0000000090e00000, 0x0000000090f00000, 0x0000000090f00000|100%| O|  |TAMS 0x0000000090e00000, 0x0000000090e00000| Untracked 
| 271|0x0000000090f00000, 0x0000000091000000, 0x0000000091000000|100%| O|  |TAMS 0x0000000090f00000, 0x0000000090f00000| Untracked 
| 272|0x0000000091000000, 0x0000000091100000, 0x0000000091100000|100%| O|  |TAMS 0x0000000091000000, 0x0000000091000000| Untracked 
| 273|0x0000000091100000, 0x0000000091200000, 0x0000000091200000|100%| O|  |TAMS 0x0000000091100000, 0x0000000091100000| Untracked 
| 274|0x0000000091200000, 0x0000000091300000, 0x0000000091300000|100%| O|  |TAMS 0x0000000091200000, 0x0000000091200000| Untracked 
| 275|0x0000000091300000, 0x0000000091400000, 0x0000000091400000|100%| O|  |TAMS 0x0000000091300000, 0x0000000091300000| Untracked 
| 276|0x0000000091400000, 0x0000000091500000, 0x0000000091500000|100%| O|  |TAMS 0x0000000091400000, 0x0000000091400000| Untracked 
| 277|0x0000000091500000, 0x0000000091600000, 0x0000000091600000|100%| O|  |TAMS 0x0000000091500000, 0x0000000091500000| Untracked 
| 278|0x0000000091600000, 0x0000000091700000, 0x0000000091700000|100%| O|  |TAMS 0x0000000091600000, 0x0000000091600000| Untracked 
| 279|0x0000000091700000, 0x0000000091800000, 0x0000000091800000|100%| O|  |TAMS 0x0000000091700000, 0x0000000091700000| Untracked 
| 280|0x0000000091800000, 0x0000000091900000, 0x0000000091900000|100%| O|  |TAMS 0x0000000091800000, 0x0000000091800000| Untracked 
| 281|0x0000000091900000, 0x0000000091a00000, 0x0000000091a00000|100%| O|  |TAMS 0x0000000091900000, 0x0000000091900000| Untracked 
| 282|0x0000000091a00000, 0x0000000091b00000, 0x0000000091b00000|100%| O|  |TAMS 0x0000000091a00000, 0x0000000091a00000| Untracked 
| 283|0x0000000091b00000, 0x0000000091c00000, 0x0000000091c00000|100%| O|  |TAMS 0x0000000091b00000, 0x0000000091b00000| Untracked 
| 284|0x0000000091c00000, 0x0000000091d00000, 0x0000000091d00000|100%| O|  |TAMS 0x0000000091c00000, 0x0000000091c00000| Untracked 
| 285|0x0000000091d00000, 0x0000000091e00000, 0x0000000091e00000|100%| O|  |TAMS 0x0000000091d00000, 0x0000000091d00000| Untracked 
| 286|0x0000000091e00000, 0x0000000091f00000, 0x0000000091f00000|100%| O|  |TAMS 0x0000000091e00000, 0x0000000091e00000| Untracked 
| 287|0x0000000091f00000, 0x0000000092000000, 0x0000000092000000|100%| O|  |TAMS 0x0000000091f00000, 0x0000000091f00000| Untracked 
| 288|0x0000000092000000, 0x0000000092100000, 0x0000000092100000|100%| O|  |TAMS 0x0000000092000000, 0x0000000092000000| Untracked 
| 289|0x0000000092100000, 0x0000000092200000, 0x0000000092200000|100%| O|  |TAMS 0x0000000092100000, 0x0000000092100000| Untracked 
| 290|0x0000000092200000, 0x0000000092300000, 0x0000000092300000|100%| O|  |TAMS 0x0000000092200000, 0x0000000092200000| Untracked 
| 291|0x0000000092300000, 0x0000000092400000, 0x0000000092400000|100%| O|  |TAMS 0x0000000092300000, 0x0000000092300000| Untracked 
| 292|0x0000000092400000, 0x0000000092500000, 0x0000000092500000|100%| O|  |TAMS 0x0000000092400000, 0x0000000092400000| Untracked 
| 293|0x0000000092500000, 0x0000000092600000, 0x0000000092600000|100%| O|  |TAMS 0x0000000092500000, 0x0000000092500000| Untracked 
| 294|0x0000000092600000, 0x0000000092700000, 0x0000000092700000|100%| O|  |TAMS 0x0000000092600000, 0x0000000092600000| Untracked 
| 295|0x0000000092700000, 0x0000000092800000, 0x0000000092800000|100%| O|  |TAMS 0x0000000092700000, 0x0000000092700000| Untracked 
| 296|0x0000000092800000, 0x0000000092900000, 0x0000000092900000|100%| O|  |TAMS 0x0000000092800000, 0x0000000092800000| Untracked 
| 297|0x0000000092900000, 0x0000000092a00000, 0x0000000092a00000|100%| O|  |TAMS 0x0000000092900000, 0x0000000092900000| Untracked 
| 298|0x0000000092a00000, 0x0000000092b00000, 0x0000000092b00000|100%| O|  |TAMS 0x0000000092a00000, 0x0000000092a00000| Untracked 
| 299|0x0000000092b00000, 0x0000000092c00000, 0x0000000092c00000|100%| O|  |TAMS 0x0000000092b00000, 0x0000000092b00000| Untracked 
| 300|0x0000000092c00000, 0x0000000092d00000, 0x0000000092d00000|100%| O|  |TAMS 0x0000000092c00000, 0x0000000092c00000| Untracked 
| 301|0x0000000092d00000, 0x0000000092e00000, 0x0000000092e00000|100%| O|  |TAMS 0x0000000092d00000, 0x0000000092d00000| Untracked 
| 302|0x0000000092e00000, 0x0000000092e00000, 0x0000000092f00000|  0%| F|  |TAMS 0x0000000092e00000, 0x0000000092e00000| Untracked 
| 303|0x0000000092f00000, 0x0000000092f00000, 0x0000000093000000|  0%| F|  |TAMS 0x0000000092f00000, 0x0000000092f00000| Untracked 
| 304|0x0000000093000000, 0x0000000093100000, 0x0000000093100000|100%| O|  |TAMS 0x0000000093000000, 0x0000000093000000| Untracked 
| 305|0x0000000093100000, 0x0000000093200000, 0x0000000093200000|100%| O|  |TAMS 0x0000000093200000, 0x0000000093100000| Untracked 
| 306|0x0000000093200000, 0x0000000093300000, 0x0000000093300000|100%| O|  |TAMS 0x0000000093300000, 0x0000000093200000| Untracked 
| 307|0x0000000093300000, 0x0000000093400000, 0x0000000093400000|100%| O|  |TAMS 0x0000000093400000, 0x0000000093300000| Untracked 
| 308|0x0000000093400000, 0x0000000093500000, 0x0000000093500000|100%| O|  |TAMS 0x0000000093500000, 0x0000000093400000| Untracked 
| 309|0x0000000093500000, 0x0000000093600000, 0x0000000093600000|100%| O|  |TAMS 0x0000000093600000, 0x0000000093500000| Untracked 
| 310|0x0000000093600000, 0x0000000093700000, 0x0000000093700000|100%| O|  |TAMS 0x0000000093700000, 0x0000000093600000| Untracked 
| 311|0x0000000093700000, 0x0000000093800000, 0x0000000093800000|100%| O|  |TAMS 0x0000000093800000, 0x0000000093700000| Untracked 
| 312|0x0000000093800000, 0x0000000093900000, 0x0000000093900000|100%| O|  |TAMS 0x0000000093900000, 0x0000000093800000| Untracked 
| 313|0x0000000093900000, 0x0000000093a00000, 0x0000000093a00000|100%| O|  |TAMS 0x0000000093a00000, 0x0000000093900000| Untracked 
| 314|0x0000000093a00000, 0x0000000093b00000, 0x0000000093b00000|100%| O|  |TAMS 0x0000000093b00000, 0x0000000093a00000| Untracked 
| 315|0x0000000093b00000, 0x0000000093c00000, 0x0000000093c00000|100%| O|  |TAMS 0x0000000093c00000, 0x0000000093b00000| Untracked 
| 316|0x0000000093c00000, 0x0000000093d00000, 0x0000000093d00000|100%| O|  |TAMS 0x0000000093d00000, 0x0000000093c00000| Untracked 
| 317|0x0000000093d00000, 0x0000000093e00000, 0x0000000093e00000|100%| O|  |TAMS 0x0000000093d00000, 0x0000000093d00000| Untracked 
| 318|0x0000000093e00000, 0x0000000093f00000, 0x0000000093f00000|100%| O|  |TAMS 0x0000000093e00000, 0x0000000093e00000| Untracked 
| 319|0x0000000093f00000, 0x0000000094000000, 0x0000000094000000|100%| O|  |TAMS 0x0000000093f00000, 0x0000000093f00000| Untracked 
| 320|0x0000000094000000, 0x0000000094100000, 0x0000000094100000|100%| O|  |TAMS 0x0000000094000000, 0x0000000094000000| Untracked 
| 321|0x0000000094100000, 0x0000000094200000, 0x0000000094200000|100%| O|  |TAMS 0x0000000094100000, 0x0000000094100000| Untracked 
| 322|0x0000000094200000, 0x0000000094300000, 0x0000000094300000|100%| O|  |TAMS 0x0000000094200000, 0x0000000094200000| Untracked 
| 323|0x0000000094300000, 0x0000000094400000, 0x0000000094400000|100%| O|  |TAMS 0x0000000094300000, 0x0000000094300000| Untracked 
| 324|0x0000000094400000, 0x0000000094500000, 0x0000000094500000|100%| O|  |TAMS 0x0000000094500000, 0x0000000094400000| Untracked 
| 325|0x0000000094500000, 0x0000000094600000, 0x0000000094600000|100%| O|  |TAMS 0x0000000094600000, 0x0000000094500000| Untracked 
| 326|0x0000000094600000, 0x0000000094700000, 0x0000000094700000|100%| O|  |TAMS 0x0000000094700000, 0x0000000094600000| Untracked 
| 327|0x0000000094700000, 0x0000000094800000, 0x0000000094800000|100%| O|  |TAMS 0x0000000094800000, 0x0000000094700000| Untracked 
| 328|0x0000000094800000, 0x0000000094900000, 0x0000000094900000|100%| O|  |TAMS 0x0000000094900000, 0x0000000094800000| Untracked 
| 329|0x0000000094900000, 0x0000000094a00000, 0x0000000094a00000|100%| O|  |TAMS 0x0000000094a00000, 0x0000000094900000| Untracked 
| 330|0x0000000094a00000, 0x0000000094b00000, 0x0000000094b00000|100%| O|  |TAMS 0x0000000094b00000, 0x0000000094a00000| Untracked 
| 331|0x0000000094b00000, 0x0000000094c00000, 0x0000000094c00000|100%| O|  |TAMS 0x0000000094c00000, 0x0000000094b00000| Untracked 
| 332|0x0000000094c00000, 0x0000000094d00000, 0x0000000094d00000|100%| O|  |TAMS 0x0000000094d00000, 0x0000000094c00000| Untracked 
| 333|0x0000000094d00000, 0x0000000094d00000, 0x0000000094e00000|  0%| F|  |TAMS 0x0000000094d00000, 0x0000000094d00000| Untracked 
| 334|0x0000000094e00000, 0x0000000094e00000, 0x0000000094f00000|  0%| F|  |TAMS 0x0000000094e00000, 0x0000000094e00000| Untracked 
| 335|0x0000000094f00000, 0x0000000095000000, 0x0000000095000000|100%| O|  |TAMS 0x0000000094f00000, 0x0000000094f00000| Untracked 
| 336|0x0000000095000000, 0x0000000095100000, 0x0000000095100000|100%| O|  |TAMS 0x0000000095000000, 0x0000000095000000| Untracked 
| 337|0x0000000095100000, 0x0000000095200000, 0x0000000095200000|100%| O|  |TAMS 0x0000000095100000, 0x0000000095100000| Untracked 
| 338|0x0000000095200000, 0x0000000095300000, 0x0000000095300000|100%| O|  |TAMS 0x0000000095200000, 0x0000000095200000| Untracked 
| 339|0x0000000095300000, 0x0000000095400000, 0x0000000095400000|100%| O|  |TAMS 0x0000000095300000, 0x0000000095300000| Untracked 
| 340|0x0000000095400000, 0x0000000095500000, 0x0000000095500000|100%| O|  |TAMS 0x0000000095400000, 0x0000000095400000| Untracked 
| 341|0x0000000095500000, 0x0000000095600000, 0x0000000095600000|100%| O|  |TAMS 0x0000000095500000, 0x0000000095500000| Untracked 
| 342|0x0000000095600000, 0x0000000095700000, 0x0000000095700000|100%| O|  |TAMS 0x0000000095600000, 0x0000000095600000| Untracked 
| 343|0x0000000095700000, 0x0000000095800000, 0x0000000095800000|100%| O|  |TAMS 0x0000000095700000, 0x0000000095700000| Untracked 
| 344|0x0000000095800000, 0x0000000095900000, 0x0000000095900000|100%| O|  |TAMS 0x0000000095800000, 0x0000000095800000| Untracked 
| 345|0x0000000095900000, 0x00000000959d3e00, 0x0000000095a00000| 82%| O|  |TAMS 0x0000000095900000, 0x0000000095900000| Untracked 
| 346|0x0000000095a00000, 0x0000000095a00000, 0x0000000095b00000|  0%| F|  |TAMS 0x0000000095a00000, 0x0000000095a00000| Untracked 
| 347|0x0000000095b00000, 0x0000000095b00000, 0x0000000095c00000|  0%| F|  |TAMS 0x0000000095b00000, 0x0000000095b00000| Untracked 
| 348|0x0000000095c00000, 0x0000000095c00000, 0x0000000095d00000|  0%| F|  |TAMS 0x0000000095c00000, 0x0000000095c00000| Untracked 
| 349|0x0000000095d00000, 0x0000000095d00000, 0x0000000095e00000|  0%| F|  |TAMS 0x0000000095d00000, 0x0000000095d00000| Untracked 
| 350|0x0000000095e00000, 0x0000000095e00000, 0x0000000095f00000|  0%| F|  |TAMS 0x0000000095e00000, 0x0000000095e00000| Untracked 
| 351|0x0000000095f00000, 0x0000000095f00000, 0x0000000096000000|  0%| F|  |TAMS 0x0000000095f00000, 0x0000000095f00000| Untracked 
| 352|0x0000000096000000, 0x0000000096000000, 0x0000000096100000|  0%| F|  |TAMS 0x0000000096000000, 0x0000000096000000| Untracked 
| 353|0x0000000096100000, 0x0000000096100000, 0x0000000096200000|  0%| F|  |TAMS 0x0000000096100000, 0x0000000096100000| Untracked 
| 354|0x0000000096200000, 0x0000000096200000, 0x0000000096300000|  0%| F|  |TAMS 0x0000000096200000, 0x0000000096200000| Untracked 
| 355|0x0000000096300000, 0x0000000096300000, 0x0000000096400000|  0%| F|  |TAMS 0x0000000096300000, 0x0000000096300000| Untracked 
| 356|0x0000000096400000, 0x0000000096400000, 0x0000000096500000|  0%| F|  |TAMS 0x0000000096400000, 0x0000000096400000| Untracked 
| 357|0x0000000096500000, 0x0000000096500000, 0x0000000096600000|  0%| F|  |TAMS 0x0000000096500000, 0x0000000096500000| Untracked 
| 358|0x0000000096600000, 0x0000000096600000, 0x0000000096700000|  0%| F|  |TAMS 0x0000000096600000, 0x0000000096600000| Untracked 
| 359|0x0000000096700000, 0x0000000096700000, 0x0000000096800000|  0%| F|  |TAMS 0x0000000096700000, 0x0000000096700000| Untracked 
| 360|0x0000000096800000, 0x0000000096800000, 0x0000000096900000|  0%| F|  |TAMS 0x0000000096800000, 0x0000000096800000| Untracked 
| 361|0x0000000096900000, 0x0000000096900000, 0x0000000096a00000|  0%| F|  |TAMS 0x0000000096900000, 0x0000000096900000| Untracked 
| 362|0x0000000096a00000, 0x0000000096a00000, 0x0000000096b00000|  0%| F|  |TAMS 0x0000000096a00000, 0x0000000096a00000| Untracked 
| 363|0x0000000096b00000, 0x0000000096c00000, 0x0000000096c00000|100%| O|  |TAMS 0x0000000096c00000, 0x0000000096b00000| Untracked 
| 364|0x0000000096c00000, 0x0000000096d00000, 0x0000000096d00000|100%| O|  |TAMS 0x0000000096d00000, 0x0000000096c00000| Untracked 
| 365|0x0000000096d00000, 0x0000000096d00000, 0x0000000096e00000|  0%| F|  |TAMS 0x0000000096d00000, 0x0000000096d00000| Untracked 
| 366|0x0000000096e00000, 0x0000000096e00000, 0x0000000096f00000|  0%| F|  |TAMS 0x0000000096e00000, 0x0000000096e00000| Untracked 
| 367|0x0000000096f00000, 0x0000000096f00000, 0x0000000097000000|  0%| F|  |TAMS 0x0000000096f00000, 0x0000000096f00000| Untracked 
| 368|0x0000000097000000, 0x0000000097000000, 0x0000000097100000|  0%| F|  |TAMS 0x0000000097000000, 0x0000000097000000| Untracked 
| 369|0x0000000097100000, 0x0000000097100000, 0x0000000097200000|  0%| F|  |TAMS 0x0000000097100000, 0x0000000097100000| Untracked 
| 370|0x0000000097200000, 0x0000000097200000, 0x0000000097300000|  0%| F|  |TAMS 0x0000000097200000, 0x0000000097200000| Untracked 
| 371|0x0000000097300000, 0x0000000097300000, 0x0000000097400000|  0%| F|  |TAMS 0x0000000097300000, 0x0000000097300000| Untracked 
| 372|0x0000000097400000, 0x0000000097400000, 0x0000000097500000|  0%| F|  |TAMS 0x0000000097400000, 0x0000000097400000| Untracked 
| 373|0x0000000097500000, 0x0000000097500000, 0x0000000097600000|  0%| F|  |TAMS 0x0000000097500000, 0x0000000097500000| Untracked 
| 374|0x0000000097600000, 0x0000000097600000, 0x0000000097700000|  0%| F|  |TAMS 0x0000000097600000, 0x0000000097600000| Untracked 
| 375|0x0000000097700000, 0x0000000097700000, 0x0000000097800000|  0%| F|  |TAMS 0x0000000097700000, 0x0000000097700000| Untracked 
| 376|0x0000000097800000, 0x0000000097800000, 0x0000000097900000|  0%| F|  |TAMS 0x0000000097800000, 0x0000000097800000| Untracked 
| 377|0x0000000097900000, 0x0000000097900000, 0x0000000097a00000|  0%| F|  |TAMS 0x0000000097900000, 0x0000000097900000| Untracked 
| 378|0x0000000097a00000, 0x0000000097a00000, 0x0000000097b00000|  0%| F|  |TAMS 0x0000000097a00000, 0x0000000097a00000| Untracked 
| 379|0x0000000097b00000, 0x0000000097b00000, 0x0000000097c00000|  0%| F|  |TAMS 0x0000000097b00000, 0x0000000097b00000| Untracked 
| 380|0x0000000097c00000, 0x0000000097c00000, 0x0000000097d00000|  0%| F|  |TAMS 0x0000000097c00000, 0x0000000097c00000| Untracked 
| 381|0x0000000097d00000, 0x0000000097d00000, 0x0000000097e00000|  0%| F|  |TAMS 0x0000000097d00000, 0x0000000097d00000| Untracked 
| 382|0x0000000097e00000, 0x0000000097e00000, 0x0000000097f00000|  0%| F|  |TAMS 0x0000000097e00000, 0x0000000097e00000| Untracked 
| 383|0x0000000097f00000, 0x0000000097f00000, 0x0000000098000000|  0%| F|  |TAMS 0x0000000097f00000, 0x0000000097f00000| Untracked 
| 384|0x0000000098000000, 0x0000000098000000, 0x0000000098100000|  0%| F|  |TAMS 0x0000000098000000, 0x0000000098000000| Untracked 
| 385|0x0000000098100000, 0x0000000098100000, 0x0000000098200000|  0%| F|  |TAMS 0x0000000098100000, 0x0000000098100000| Untracked 
| 386|0x0000000098200000, 0x0000000098200000, 0x0000000098300000|  0%| F|  |TAMS 0x0000000098200000, 0x0000000098200000| Untracked 
| 387|0x0000000098300000, 0x0000000098300000, 0x0000000098400000|  0%| F|  |TAMS 0x0000000098300000, 0x0000000098300000| Untracked 
| 388|0x0000000098400000, 0x0000000098400000, 0x0000000098500000|  0%| F|  |TAMS 0x0000000098400000, 0x0000000098400000| Untracked 
| 389|0x0000000098500000, 0x0000000098500000, 0x0000000098600000|  0%| F|  |TAMS 0x0000000098500000, 0x0000000098500000| Untracked 
| 390|0x0000000098600000, 0x0000000098600000, 0x0000000098700000|  0%| F|  |TAMS 0x0000000098600000, 0x0000000098600000| Untracked 
| 391|0x0000000098700000, 0x0000000098700000, 0x0000000098800000|  0%| F|  |TAMS 0x0000000098700000, 0x0000000098700000| Untracked 
| 392|0x0000000098800000, 0x0000000098800000, 0x0000000098900000|  0%| F|  |TAMS 0x0000000098800000, 0x0000000098800000| Untracked 
| 393|0x0000000098900000, 0x0000000098900000, 0x0000000098a00000|  0%| F|  |TAMS 0x0000000098900000, 0x0000000098900000| Untracked 
| 394|0x0000000098a00000, 0x0000000098a00000, 0x0000000098b00000|  0%| F|  |TAMS 0x0000000098a00000, 0x0000000098a00000| Untracked 
| 395|0x0000000098b00000, 0x0000000098b00000, 0x0000000098c00000|  0%| F|  |TAMS 0x0000000098b00000, 0x0000000098b00000| Untracked 
| 396|0x0000000098c00000, 0x0000000098c00000, 0x0000000098d00000|  0%| F|  |TAMS 0x0000000098c00000, 0x0000000098c00000| Untracked 
| 397|0x0000000098d00000, 0x0000000098d00000, 0x0000000098e00000|  0%| F|  |TAMS 0x0000000098d00000, 0x0000000098d00000| Untracked 
| 398|0x0000000098e00000, 0x0000000098e00000, 0x0000000098f00000|  0%| F|  |TAMS 0x0000000098e00000, 0x0000000098e00000| Untracked 
| 399|0x0000000098f00000, 0x0000000098f00000, 0x0000000099000000|  0%| F|  |TAMS 0x0000000098f00000, 0x0000000098f00000| Untracked 
| 400|0x0000000099000000, 0x0000000099000000, 0x0000000099100000|  0%| F|  |TAMS 0x0000000099000000, 0x0000000099000000| Untracked 
| 401|0x0000000099100000, 0x0000000099100000, 0x0000000099200000|  0%| F|  |TAMS 0x0000000099100000, 0x0000000099100000| Untracked 
| 402|0x0000000099200000, 0x0000000099200000, 0x0000000099300000|  0%| F|  |TAMS 0x0000000099200000, 0x0000000099200000| Untracked 
| 403|0x0000000099300000, 0x0000000099300000, 0x0000000099400000|  0%| F|  |TAMS 0x0000000099300000, 0x0000000099300000| Untracked 
| 404|0x0000000099400000, 0x0000000099400000, 0x0000000099500000|  0%| F|  |TAMS 0x0000000099400000, 0x0000000099400000| Untracked 
| 405|0x0000000099500000, 0x0000000099500000, 0x0000000099600000|  0%| F|  |TAMS 0x0000000099500000, 0x0000000099500000| Untracked 
| 406|0x0000000099600000, 0x0000000099600000, 0x0000000099700000|  0%| F|  |TAMS 0x0000000099600000, 0x0000000099600000| Untracked 
| 407|0x0000000099700000, 0x0000000099700000, 0x0000000099800000|  0%| F|  |TAMS 0x0000000099700000, 0x0000000099700000| Untracked 
| 408|0x0000000099800000, 0x0000000099800000, 0x0000000099900000|  0%| F|  |TAMS 0x0000000099800000, 0x0000000099800000| Untracked 
| 409|0x0000000099900000, 0x0000000099900000, 0x0000000099a00000|  0%| F|  |TAMS 0x0000000099900000, 0x0000000099900000| Untracked 
| 410|0x0000000099a00000, 0x0000000099a00000, 0x0000000099b00000|  0%| F|  |TAMS 0x0000000099a00000, 0x0000000099a00000| Untracked 
| 411|0x0000000099b00000, 0x0000000099b00000, 0x0000000099c00000|  0%| F|  |TAMS 0x0000000099b00000, 0x0000000099b00000| Untracked 
| 412|0x0000000099c00000, 0x0000000099c00000, 0x0000000099d00000|  0%| F|  |TAMS 0x0000000099c00000, 0x0000000099c00000| Untracked 
| 413|0x0000000099d00000, 0x0000000099d00000, 0x0000000099e00000|  0%| F|  |TAMS 0x0000000099d00000, 0x0000000099d00000| Untracked 
| 414|0x0000000099e00000, 0x0000000099e00000, 0x0000000099f00000|  0%| F|  |TAMS 0x0000000099e00000, 0x0000000099e00000| Untracked 
| 415|0x0000000099f00000, 0x0000000099f00000, 0x000000009a000000|  0%| F|  |TAMS 0x0000000099f00000, 0x0000000099f00000| Untracked 
| 416|0x000000009a000000, 0x000000009a000000, 0x000000009a100000|  0%| F|  |TAMS 0x000000009a000000, 0x000000009a000000| Untracked 
| 417|0x000000009a100000, 0x000000009a100000, 0x000000009a200000|  0%| F|  |TAMS 0x000000009a100000, 0x000000009a100000| Untracked 
| 418|0x000000009a200000, 0x000000009a200000, 0x000000009a300000|  0%| F|  |TAMS 0x000000009a200000, 0x000000009a200000| Untracked 
| 419|0x000000009a300000, 0x000000009a300000, 0x000000009a400000|  0%| F|  |TAMS 0x000000009a300000, 0x000000009a300000| Untracked 
| 420|0x000000009a400000, 0x000000009a400000, 0x000000009a500000|  0%| F|  |TAMS 0x000000009a400000, 0x000000009a400000| Untracked 
| 421|0x000000009a500000, 0x000000009a500000, 0x000000009a600000|  0%| F|  |TAMS 0x000000009a500000, 0x000000009a500000| Untracked 
| 422|0x000000009a600000, 0x000000009a600000, 0x000000009a700000|  0%| F|  |TAMS 0x000000009a600000, 0x000000009a600000| Untracked 
| 423|0x000000009a700000, 0x000000009a700000, 0x000000009a800000|  0%| F|  |TAMS 0x000000009a700000, 0x000000009a700000| Untracked 
| 424|0x000000009a800000, 0x000000009a800000, 0x000000009a900000|  0%| F|  |TAMS 0x000000009a800000, 0x000000009a800000| Untracked 
| 425|0x000000009a900000, 0x000000009a900000, 0x000000009aa00000|  0%| F|  |TAMS 0x000000009a900000, 0x000000009a900000| Untracked 
| 426|0x000000009aa00000, 0x000000009aa00000, 0x000000009ab00000|  0%| F|  |TAMS 0x000000009aa00000, 0x000000009aa00000| Untracked 
| 427|0x000000009ab00000, 0x000000009ab00000, 0x000000009ac00000|  0%| F|  |TAMS 0x000000009ab00000, 0x000000009ab00000| Untracked 
| 428|0x000000009ac00000, 0x000000009ac00000, 0x000000009ad00000|  0%| F|  |TAMS 0x000000009ac00000, 0x000000009ac00000| Untracked 
| 429|0x000000009ad00000, 0x000000009ad00000, 0x000000009ae00000|  0%| F|  |TAMS 0x000000009ad00000, 0x000000009ad00000| Untracked 
| 430|0x000000009ae00000, 0x000000009ae00000, 0x000000009af00000|  0%| F|  |TAMS 0x000000009ae00000, 0x000000009ae00000| Untracked 
| 431|0x000000009af00000, 0x000000009af00000, 0x000000009b000000|  0%| F|  |TAMS 0x000000009af00000, 0x000000009af00000| Untracked 
| 432|0x000000009b000000, 0x000000009b000000, 0x000000009b100000|  0%| F|  |TAMS 0x000000009b000000, 0x000000009b000000| Untracked 
| 433|0x000000009b100000, 0x000000009b100000, 0x000000009b200000|  0%| F|  |TAMS 0x000000009b100000, 0x000000009b100000| Untracked 
| 434|0x000000009b200000, 0x000000009b200000, 0x000000009b300000|  0%| F|  |TAMS 0x000000009b200000, 0x000000009b200000| Untracked 
| 435|0x000000009b300000, 0x000000009b300000, 0x000000009b400000|  0%| F|  |TAMS 0x000000009b300000, 0x000000009b300000| Untracked 
| 436|0x000000009b400000, 0x000000009b400000, 0x000000009b500000|  0%| F|  |TAMS 0x000000009b400000, 0x000000009b400000| Untracked 
| 437|0x000000009b500000, 0x000000009b500000, 0x000000009b600000|  0%| F|  |TAMS 0x000000009b500000, 0x000000009b500000| Untracked 
| 438|0x000000009b600000, 0x000000009b600000, 0x000000009b700000|  0%| F|  |TAMS 0x000000009b600000, 0x000000009b600000| Untracked 
| 439|0x000000009b700000, 0x000000009b700000, 0x000000009b800000|  0%| F|  |TAMS 0x000000009b700000, 0x000000009b700000| Untracked 
| 440|0x000000009b800000, 0x000000009b800000, 0x000000009b900000|  0%| F|  |TAMS 0x000000009b800000, 0x000000009b800000| Untracked 
| 441|0x000000009b900000, 0x000000009b900000, 0x000000009ba00000|  0%| F|  |TAMS 0x000000009b900000, 0x000000009b900000| Untracked 
| 442|0x000000009ba00000, 0x000000009ba00000, 0x000000009bb00000|  0%| F|  |TAMS 0x000000009ba00000, 0x000000009ba00000| Untracked 
| 443|0x000000009bb00000, 0x000000009bb00000, 0x000000009bc00000|  0%| F|  |TAMS 0x000000009bb00000, 0x000000009bb00000| Untracked 
| 444|0x000000009bc00000, 0x000000009bc00000, 0x000000009bd00000|  0%| F|  |TAMS 0x000000009bc00000, 0x000000009bc00000| Untracked 
| 445|0x000000009bd00000, 0x000000009bd00000, 0x000000009be00000|  0%| F|  |TAMS 0x000000009bd00000, 0x000000009bd00000| Untracked 
| 446|0x000000009be00000, 0x000000009be00000, 0x000000009bf00000|  0%| F|  |TAMS 0x000000009be00000, 0x000000009be00000| Untracked 
| 447|0x000000009bf00000, 0x000000009bf00000, 0x000000009c000000|  0%| F|  |TAMS 0x000000009bf00000, 0x000000009bf00000| Untracked 
| 448|0x000000009c000000, 0x000000009c000000, 0x000000009c100000|  0%| F|  |TAMS 0x000000009c000000, 0x000000009c000000| Untracked 
| 449|0x000000009c100000, 0x000000009c100000, 0x000000009c200000|  0%| F|  |TAMS 0x000000009c100000, 0x000000009c100000| Untracked 
| 450|0x000000009c200000, 0x000000009c200000, 0x000000009c300000|  0%| F|  |TAMS 0x000000009c200000, 0x000000009c200000| Untracked 
| 451|0x000000009c300000, 0x000000009c400000, 0x000000009c400000|100%| O|  |TAMS 0x000000009c400000, 0x000000009c300000| Untracked 
| 452|0x000000009c400000, 0x000000009c500000, 0x000000009c500000|100%| O|  |TAMS 0x000000009c500000, 0x000000009c400000| Untracked 
| 453|0x000000009c500000, 0x000000009c600000, 0x000000009c600000|100%| O|  |TAMS 0x000000009c600000, 0x000000009c500000| Untracked 
| 454|0x000000009c600000, 0x000000009c700000, 0x000000009c700000|100%| O|  |TAMS 0x000000009c700000, 0x000000009c600000| Untracked 
| 455|0x000000009c700000, 0x000000009c700000, 0x000000009c800000|  0%| F|  |TAMS 0x000000009c700000, 0x000000009c700000| Untracked 
| 456|0x000000009c800000, 0x000000009c800000, 0x000000009c900000|  0%| F|  |TAMS 0x000000009c800000, 0x000000009c800000| Untracked 
| 457|0x000000009c900000, 0x000000009c900000, 0x000000009ca00000|  0%| F|  |TAMS 0x000000009c900000, 0x000000009c900000| Untracked 
| 458|0x000000009ca00000, 0x000000009ca00000, 0x000000009cb00000|  0%| F|  |TAMS 0x000000009ca00000, 0x000000009ca00000| Untracked 
| 459|0x000000009cb00000, 0x000000009cb00000, 0x000000009cc00000|  0%| F|  |TAMS 0x000000009cb00000, 0x000000009cb00000| Untracked 
| 460|0x000000009cc00000, 0x000000009cc00000, 0x000000009cd00000|  0%| F|  |TAMS 0x000000009cc00000, 0x000000009cc00000| Untracked 
| 461|0x000000009cd00000, 0x000000009cd00000, 0x000000009ce00000|  0%| F|  |TAMS 0x000000009cd00000, 0x000000009cd00000| Untracked 
| 462|0x000000009ce00000, 0x000000009ce00000, 0x000000009cf00000|  0%| F|  |TAMS 0x000000009ce00000, 0x000000009ce00000| Untracked 
| 463|0x000000009cf00000, 0x000000009cf00000, 0x000000009d000000|  0%| F|  |TAMS 0x000000009cf00000, 0x000000009cf00000| Untracked 
| 464|0x000000009d000000, 0x000000009d000000, 0x000000009d100000|  0%| F|  |TAMS 0x000000009d000000, 0x000000009d000000| Untracked 
| 465|0x000000009d100000, 0x000000009d100000, 0x000000009d200000|  0%| F|  |TAMS 0x000000009d100000, 0x000000009d100000| Untracked 
| 466|0x000000009d200000, 0x000000009d200000, 0x000000009d300000|  0%| F|  |TAMS 0x000000009d200000, 0x000000009d200000| Untracked 
| 467|0x000000009d300000, 0x000000009d300000, 0x000000009d400000|  0%| F|  |TAMS 0x000000009d300000, 0x000000009d300000| Untracked 
| 468|0x000000009d400000, 0x000000009d400000, 0x000000009d500000|  0%| F|  |TAMS 0x000000009d400000, 0x000000009d400000| Untracked 
| 469|0x000000009d500000, 0x000000009d500000, 0x000000009d600000|  0%| F|  |TAMS 0x000000009d500000, 0x000000009d500000| Untracked 
| 470|0x000000009d600000, 0x000000009d600000, 0x000000009d700000|  0%| F|  |TAMS 0x000000009d600000, 0x000000009d600000| Untracked 
| 471|0x000000009d700000, 0x000000009d700000, 0x000000009d800000|  0%| F|  |TAMS 0x000000009d700000, 0x000000009d700000| Untracked 
| 472|0x000000009d800000, 0x000000009d800000, 0x000000009d900000|  0%| F|  |TAMS 0x000000009d800000, 0x000000009d800000| Untracked 
| 473|0x000000009d900000, 0x000000009d900000, 0x000000009da00000|  0%| F|  |TAMS 0x000000009d900000, 0x000000009d900000| Untracked 
| 474|0x000000009da00000, 0x000000009da00000, 0x000000009db00000|  0%| F|  |TAMS 0x000000009da00000, 0x000000009da00000| Untracked 
| 475|0x000000009db00000, 0x000000009db00000, 0x000000009dc00000|  0%| F|  |TAMS 0x000000009db00000, 0x000000009db00000| Untracked 
| 476|0x000000009dc00000, 0x000000009dc00000, 0x000000009dd00000|  0%| F|  |TAMS 0x000000009dc00000, 0x000000009dc00000| Untracked 
| 477|0x000000009dd00000, 0x000000009dd00000, 0x000000009de00000|  0%| F|  |TAMS 0x000000009dd00000, 0x000000009dd00000| Untracked 
| 478|0x000000009de00000, 0x000000009de00000, 0x000000009df00000|  0%| F|  |TAMS 0x000000009de00000, 0x000000009de00000| Untracked 
| 479|0x000000009df00000, 0x000000009df00000, 0x000000009e000000|  0%| F|  |TAMS 0x000000009df00000, 0x000000009df00000| Untracked 
| 480|0x000000009e000000, 0x000000009e000000, 0x000000009e100000|  0%| F|  |TAMS 0x000000009e000000, 0x000000009e000000| Untracked 
| 481|0x000000009e100000, 0x000000009e100000, 0x000000009e200000|  0%| F|  |TAMS 0x000000009e100000, 0x000000009e100000| Untracked 
| 482|0x000000009e200000, 0x000000009e200000, 0x000000009e300000|  0%| F|  |TAMS 0x000000009e200000, 0x000000009e200000| Untracked 
| 483|0x000000009e300000, 0x000000009e300000, 0x000000009e400000|  0%| F|  |TAMS 0x000000009e300000, 0x000000009e300000| Untracked 
| 484|0x000000009e400000, 0x000000009e400000, 0x000000009e500000|  0%| F|  |TAMS 0x000000009e400000, 0x000000009e400000| Untracked 
| 485|0x000000009e500000, 0x000000009e500000, 0x000000009e600000|  0%| F|  |TAMS 0x000000009e500000, 0x000000009e500000| Untracked 
| 486|0x000000009e600000, 0x000000009e600000, 0x000000009e700000|  0%| F|  |TAMS 0x000000009e600000, 0x000000009e600000| Untracked 
| 487|0x000000009e700000, 0x000000009e700000, 0x000000009e800000|  0%| F|  |TAMS 0x000000009e700000, 0x000000009e700000| Untracked 
| 488|0x000000009e800000, 0x000000009e800000, 0x000000009e900000|  0%| F|  |TAMS 0x000000009e800000, 0x000000009e800000| Untracked 
| 489|0x000000009e900000, 0x000000009e900000, 0x000000009ea00000|  0%| F|  |TAMS 0x000000009e900000, 0x000000009e900000| Untracked 
| 490|0x000000009ea00000, 0x000000009ea00000, 0x000000009eb00000|  0%| F|  |TAMS 0x000000009ea00000, 0x000000009ea00000| Untracked 
| 491|0x000000009eb00000, 0x000000009eb00000, 0x000000009ec00000|  0%| F|  |TAMS 0x000000009eb00000, 0x000000009eb00000| Untracked 
| 492|0x000000009ec00000, 0x000000009ec00000, 0x000000009ed00000|  0%| F|  |TAMS 0x000000009ec00000, 0x000000009ec00000| Untracked 
| 493|0x000000009ed00000, 0x000000009ed00000, 0x000000009ee00000|  0%| F|  |TAMS 0x000000009ed00000, 0x000000009ed00000| Untracked 
| 494|0x000000009ee00000, 0x000000009ee00000, 0x000000009ef00000|  0%| F|  |TAMS 0x000000009ee00000, 0x000000009ee00000| Untracked 
| 495|0x000000009ef00000, 0x000000009ef00000, 0x000000009f000000|  0%| F|  |TAMS 0x000000009ef00000, 0x000000009ef00000| Untracked 
| 496|0x000000009f000000, 0x000000009f000000, 0x000000009f100000|  0%| F|  |TAMS 0x000000009f000000, 0x000000009f000000| Untracked 
| 497|0x000000009f100000, 0x000000009f100000, 0x000000009f200000|  0%| F|  |TAMS 0x000000009f100000, 0x000000009f100000| Untracked 
| 498|0x000000009f200000, 0x000000009f200000, 0x000000009f300000|  0%| F|  |TAMS 0x000000009f200000, 0x000000009f200000| Untracked 
| 499|0x000000009f300000, 0x000000009f300000, 0x000000009f400000|  0%| F|  |TAMS 0x000000009f300000, 0x000000009f300000| Untracked 
| 500|0x000000009f400000, 0x000000009f400000, 0x000000009f500000|  0%| F|  |TAMS 0x000000009f400000, 0x000000009f400000| Untracked 
| 501|0x000000009f500000, 0x000000009f500000, 0x000000009f600000|  0%| F|  |TAMS 0x000000009f500000, 0x000000009f500000| Untracked 
| 502|0x000000009f600000, 0x000000009f600000, 0x000000009f700000|  0%| F|  |TAMS 0x000000009f600000, 0x000000009f600000| Untracked 
| 503|0x000000009f700000, 0x000000009f700000, 0x000000009f800000|  0%| F|  |TAMS 0x000000009f700000, 0x000000009f700000| Untracked 
| 504|0x000000009f800000, 0x000000009f800000, 0x000000009f900000|  0%| F|  |TAMS 0x000000009f800000, 0x000000009f800000| Untracked 
| 505|0x000000009f900000, 0x000000009f900000, 0x000000009fa00000|  0%| F|  |TAMS 0x000000009f900000, 0x000000009f900000| Untracked 
| 506|0x000000009fa00000, 0x000000009fa00000, 0x000000009fb00000|  0%| F|  |TAMS 0x000000009fa00000, 0x000000009fa00000| Untracked 
| 507|0x000000009fb00000, 0x000000009fb00000, 0x000000009fc00000|  0%| F|  |TAMS 0x000000009fb00000, 0x000000009fb00000| Untracked 
| 508|0x000000009fc00000, 0x000000009fc00000, 0x000000009fd00000|  0%| F|  |TAMS 0x000000009fc00000, 0x000000009fc00000| Untracked 
| 509|0x000000009fd00000, 0x000000009fd00000, 0x000000009fe00000|  0%| F|  |TAMS 0x000000009fd00000, 0x000000009fd00000| Untracked 
| 510|0x000000009fe00000, 0x000000009fe46378, 0x000000009ff00000| 27%| E|  |TAMS 0x000000009fe00000, 0x000000009fe00000| Complete 
| 511|0x000000009ff00000, 0x00000000a0000000, 0x00000000a0000000|100%| E|CS|TAMS 0x000000009ff00000, 0x000000009ff00000| Complete 
| 512|0x00000000a0000000, 0x00000000a0100000, 0x00000000a0100000|100%| E|CS|TAMS 0x00000000a0000000, 0x00000000a0000000| Complete 
| 513|0x00000000a0100000, 0x00000000a0200000, 0x00000000a0200000|100%| E|CS|TAMS 0x00000000a0100000, 0x00000000a0100000| Complete 
| 514|0x00000000a0200000, 0x00000000a0300000, 0x00000000a0300000|100%| E|CS|TAMS 0x00000000a0200000, 0x00000000a0200000| Complete 
| 515|0x00000000a0300000, 0x00000000a0400000, 0x00000000a0400000|100%| E|CS|TAMS 0x00000000a0300000, 0x00000000a0300000| Complete 
| 516|0x00000000a0400000, 0x00000000a0500000, 0x00000000a0500000|100%| E|CS|TAMS 0x00000000a0400000, 0x00000000a0400000| Complete 
| 517|0x00000000a0500000, 0x00000000a0600000, 0x00000000a0600000|100%| E|CS|TAMS 0x00000000a0500000, 0x00000000a0500000| Complete 
| 518|0x00000000a0600000, 0x00000000a0700000, 0x00000000a0700000|100%| E|CS|TAMS 0x00000000a0600000, 0x00000000a0600000| Complete 
| 519|0x00000000a0700000, 0x00000000a0800000, 0x00000000a0800000|100%| E|CS|TAMS 0x00000000a0700000, 0x00000000a0700000| Complete 
| 520|0x00000000a0800000, 0x00000000a0900000, 0x00000000a0900000|100%| E|CS|TAMS 0x00000000a0800000, 0x00000000a0800000| Complete 
| 521|0x00000000a0900000, 0x00000000a0a00000, 0x00000000a0a00000|100%| E|CS|TAMS 0x00000000a0900000, 0x00000000a0900000| Complete 
| 522|0x00000000a0a00000, 0x00000000a0b00000, 0x00000000a0b00000|100%| E|CS|TAMS 0x00000000a0a00000, 0x00000000a0a00000| Complete 
| 523|0x00000000a0b00000, 0x00000000a0c00000, 0x00000000a0c00000|100%| E|CS|TAMS 0x00000000a0b00000, 0x00000000a0b00000| Complete 
| 524|0x00000000a0c00000, 0x00000000a0d00000, 0x00000000a0d00000|100%| E|CS|TAMS 0x00000000a0c00000, 0x00000000a0c00000| Complete 
| 525|0x00000000a0d00000, 0x00000000a0e00000, 0x00000000a0e00000|100%| E|CS|TAMS 0x00000000a0d00000, 0x00000000a0d00000| Complete 
| 526|0x00000000a0e00000, 0x00000000a0f00000, 0x00000000a0f00000|100%| E|CS|TAMS 0x00000000a0e00000, 0x00000000a0e00000| Complete 
| 527|0x00000000a0f00000, 0x00000000a1000000, 0x00000000a1000000|100%| E|CS|TAMS 0x00000000a0f00000, 0x00000000a0f00000| Complete 
| 528|0x00000000a1000000, 0x00000000a1100000, 0x00000000a1100000|100%| E|CS|TAMS 0x00000000a1000000, 0x00000000a1000000| Complete 
| 529|0x00000000a1100000, 0x00000000a1200000, 0x00000000a1200000|100%| E|CS|TAMS 0x00000000a1100000, 0x00000000a1100000| Complete 
| 530|0x00000000a1200000, 0x00000000a1300000, 0x00000000a1300000|100%| E|CS|TAMS 0x00000000a1200000, 0x00000000a1200000| Complete 
| 531|0x00000000a1300000, 0x00000000a1400000, 0x00000000a1400000|100%| E|CS|TAMS 0x00000000a1300000, 0x00000000a1300000| Complete 
| 532|0x00000000a1400000, 0x00000000a1500000, 0x00000000a1500000|100%| E|CS|TAMS 0x00000000a1400000, 0x00000000a1400000| Complete 
| 533|0x00000000a1500000, 0x00000000a1600000, 0x00000000a1600000|100%| E|CS|TAMS 0x00000000a1500000, 0x00000000a1500000| Complete 
| 534|0x00000000a1600000, 0x00000000a1700000, 0x00000000a1700000|100%| E|CS|TAMS 0x00000000a1600000, 0x00000000a1600000| Complete 
| 535|0x00000000a1700000, 0x00000000a1800000, 0x00000000a1800000|100%| E|CS|TAMS 0x00000000a1700000, 0x00000000a1700000| Complete 
| 536|0x00000000a1800000, 0x00000000a1900000, 0x00000000a1900000|100%| E|CS|TAMS 0x00000000a1800000, 0x00000000a1800000| Complete 
| 537|0x00000000a1900000, 0x00000000a1a00000, 0x00000000a1a00000|100%| E|CS|TAMS 0x00000000a1900000, 0x00000000a1900000| Complete 
| 538|0x00000000a1a00000, 0x00000000a1b00000, 0x00000000a1b00000|100%| E|CS|TAMS 0x00000000a1a00000, 0x00000000a1a00000| Complete 
| 539|0x00000000a1b00000, 0x00000000a1c00000, 0x00000000a1c00000|100%| E|CS|TAMS 0x00000000a1b00000, 0x00000000a1b00000| Complete 
| 540|0x00000000a1c00000, 0x00000000a1d00000, 0x00000000a1d00000|100%| E|CS|TAMS 0x00000000a1c00000, 0x00000000a1c00000| Complete 
| 541|0x00000000a1d00000, 0x00000000a1e00000, 0x00000000a1e00000|100%| E|CS|TAMS 0x00000000a1d00000, 0x00000000a1d00000| Complete 
| 542|0x00000000a1e00000, 0x00000000a1f00000, 0x00000000a1f00000|100%| E|CS|TAMS 0x00000000a1e00000, 0x00000000a1e00000| Complete 
| 543|0x00000000a1f00000, 0x00000000a2000000, 0x00000000a2000000|100%| E|CS|TAMS 0x00000000a1f00000, 0x00000000a1f00000| Complete 
| 544|0x00000000a2000000, 0x00000000a2100000, 0x00000000a2100000|100%| E|CS|TAMS 0x00000000a2000000, 0x00000000a2000000| Complete 
| 545|0x00000000a2100000, 0x00000000a2200000, 0x00000000a2200000|100%| E|  |TAMS 0x00000000a2100000, 0x00000000a2100000| Complete 
| 546|0x00000000a2200000, 0x00000000a2300000, 0x00000000a2300000|100%| E|CS|TAMS 0x00000000a2200000, 0x00000000a2200000| Complete 
| 547|0x00000000a2300000, 0x00000000a2400000, 0x00000000a2400000|100%| E|CS|TAMS 0x00000000a2300000, 0x00000000a2300000| Complete 
| 548|0x00000000a2400000, 0x00000000a2500000, 0x00000000a2500000|100%| E|CS|TAMS 0x00000000a2400000, 0x00000000a2400000| Complete 
| 549|0x00000000a2500000, 0x00000000a2600000, 0x00000000a2600000|100%| E|CS|TAMS 0x00000000a2500000, 0x00000000a2500000| Complete 
| 550|0x00000000a2600000, 0x00000000a2700000, 0x00000000a2700000|100%| E|CS|TAMS 0x00000000a2600000, 0x00000000a2600000| Complete 
| 551|0x00000000a2700000, 0x00000000a2800000, 0x00000000a2800000|100%| E|CS|TAMS 0x00000000a2700000, 0x00000000a2700000| Complete 
| 552|0x00000000a2800000, 0x00000000a2900000, 0x00000000a2900000|100%| E|CS|TAMS 0x00000000a2800000, 0x00000000a2800000| Complete 
| 553|0x00000000a2900000, 0x00000000a2a00000, 0x00000000a2a00000|100%| E|CS|TAMS 0x00000000a2900000, 0x00000000a2900000| Complete 
| 554|0x00000000a2a00000, 0x00000000a2b00000, 0x00000000a2b00000|100%| E|CS|TAMS 0x00000000a2a00000, 0x00000000a2a00000| Complete 
| 555|0x00000000a2b00000, 0x00000000a2c00000, 0x00000000a2c00000|100%| E|CS|TAMS 0x00000000a2b00000, 0x00000000a2b00000| Complete 
| 556|0x00000000a2c00000, 0x00000000a2d00000, 0x00000000a2d00000|100%| E|CS|TAMS 0x00000000a2c00000, 0x00000000a2c00000| Complete 
| 557|0x00000000a2d00000, 0x00000000a2e00000, 0x00000000a2e00000|100%| E|CS|TAMS 0x00000000a2d00000, 0x00000000a2d00000| Complete 
| 558|0x00000000a2e00000, 0x00000000a2f00000, 0x00000000a2f00000|100%| E|CS|TAMS 0x00000000a2e00000, 0x00000000a2e00000| Complete 
| 559|0x00000000a2f00000, 0x00000000a3000000, 0x00000000a3000000|100%| E|CS|TAMS 0x00000000a2f00000, 0x00000000a2f00000| Complete 
| 560|0x00000000a3000000, 0x00000000a3100000, 0x00000000a3100000|100%| E|CS|TAMS 0x00000000a3000000, 0x00000000a3000000| Complete 
| 561|0x00000000a3100000, 0x00000000a3200000, 0x00000000a3200000|100%| E|CS|TAMS 0x00000000a3100000, 0x00000000a3100000| Complete 
| 562|0x00000000a3200000, 0x00000000a3300000, 0x00000000a3300000|100%| E|CS|TAMS 0x00000000a3200000, 0x00000000a3200000| Complete 
| 563|0x00000000a3300000, 0x00000000a3400000, 0x00000000a3400000|100%| E|CS|TAMS 0x00000000a3300000, 0x00000000a3300000| Complete 
| 564|0x00000000a3400000, 0x00000000a3500000, 0x00000000a3500000|100%| E|CS|TAMS 0x00000000a3400000, 0x00000000a3400000| Complete 
| 565|0x00000000a3500000, 0x00000000a3600000, 0x00000000a3600000|100%| E|CS|TAMS 0x00000000a3500000, 0x00000000a3500000| Complete 
| 566|0x00000000a3600000, 0x00000000a3700000, 0x00000000a3700000|100%| E|CS|TAMS 0x00000000a3600000, 0x00000000a3600000| Complete 
| 567|0x00000000a3700000, 0x00000000a3800000, 0x00000000a3800000|100%| E|CS|TAMS 0x00000000a3700000, 0x00000000a3700000| Complete 
| 568|0x00000000a3800000, 0x00000000a3900000, 0x00000000a3900000|100%| E|CS|TAMS 0x00000000a3800000, 0x00000000a3800000| Complete 
| 569|0x00000000a3900000, 0x00000000a3a00000, 0x00000000a3a00000|100%| E|CS|TAMS 0x00000000a3900000, 0x00000000a3900000| Complete 
| 570|0x00000000a3a00000, 0x00000000a3b00000, 0x00000000a3b00000|100%| E|CS|TAMS 0x00000000a3a00000, 0x00000000a3a00000| Complete 
| 571|0x00000000a3b00000, 0x00000000a3c00000, 0x00000000a3c00000|100%| E|CS|TAMS 0x00000000a3b00000, 0x00000000a3b00000| Complete 
| 572|0x00000000a3c00000, 0x00000000a3d00000, 0x00000000a3d00000|100%| E|CS|TAMS 0x00000000a3c00000, 0x00000000a3c00000| Complete 
| 573|0x00000000a3d00000, 0x00000000a3e00000, 0x00000000a3e00000|100%| E|CS|TAMS 0x00000000a3d00000, 0x00000000a3d00000| Complete 
| 574|0x00000000a3e00000, 0x00000000a3f00000, 0x00000000a3f00000|100%| E|CS|TAMS 0x00000000a3e00000, 0x00000000a3e00000| Complete 
| 575|0x00000000a3f00000, 0x00000000a4000000, 0x00000000a4000000|100%| E|CS|TAMS 0x00000000a3f00000, 0x00000000a3f00000| Complete 
| 576|0x00000000a4000000, 0x00000000a4100000, 0x00000000a4100000|100%| E|CS|TAMS 0x00000000a4000000, 0x00000000a4000000| Complete 
| 577|0x00000000a4100000, 0x00000000a4200000, 0x00000000a4200000|100%| E|CS|TAMS 0x00000000a4100000, 0x00000000a4100000| Complete 
| 578|0x00000000a4200000, 0x00000000a4300000, 0x00000000a4300000|100%| E|CS|TAMS 0x00000000a4200000, 0x00000000a4200000| Complete 
| 579|0x00000000a4300000, 0x00000000a4400000, 0x00000000a4400000|100%| E|CS|TAMS 0x00000000a4300000, 0x00000000a4300000| Complete 
| 580|0x00000000a4400000, 0x00000000a4500000, 0x00000000a4500000|100%| E|CS|TAMS 0x00000000a4400000, 0x00000000a4400000| Complete 
| 581|0x00000000a4500000, 0x00000000a4600000, 0x00000000a4600000|100%| E|CS|TAMS 0x00000000a4500000, 0x00000000a4500000| Complete 
| 582|0x00000000a4600000, 0x00000000a4700000, 0x00000000a4700000|100%| E|CS|TAMS 0x00000000a4600000, 0x00000000a4600000| Complete 
| 583|0x00000000a4700000, 0x00000000a4800000, 0x00000000a4800000|100%| E|CS|TAMS 0x00000000a4700000, 0x00000000a4700000| Complete 
| 584|0x00000000a4800000, 0x00000000a4900000, 0x00000000a4900000|100%| E|CS|TAMS 0x00000000a4800000, 0x00000000a4800000| Complete 
| 585|0x00000000a4900000, 0x00000000a4a00000, 0x00000000a4a00000|100%| E|CS|TAMS 0x00000000a4900000, 0x00000000a4900000| Complete 
| 586|0x00000000a4a00000, 0x00000000a4b00000, 0x00000000a4b00000|100%| E|CS|TAMS 0x00000000a4a00000, 0x00000000a4a00000| Complete 
| 587|0x00000000a4b00000, 0x00000000a4c00000, 0x00000000a4c00000|100%| E|CS|TAMS 0x00000000a4b00000, 0x00000000a4b00000| Complete 
| 588|0x00000000a4c00000, 0x00000000a4d00000, 0x00000000a4d00000|100%| E|CS|TAMS 0x00000000a4c00000, 0x00000000a4c00000| Complete 
| 589|0x00000000a4d00000, 0x00000000a4e00000, 0x00000000a4e00000|100%| E|CS|TAMS 0x00000000a4d00000, 0x00000000a4d00000| Complete 
| 590|0x00000000a4e00000, 0x00000000a4f00000, 0x00000000a4f00000|100%| E|CS|TAMS 0x00000000a4e00000, 0x00000000a4e00000| Complete 
| 591|0x00000000a4f00000, 0x00000000a5000000, 0x00000000a5000000|100%| E|CS|TAMS 0x00000000a4f00000, 0x00000000a4f00000| Complete 
| 592|0x00000000a5000000, 0x00000000a5100000, 0x00000000a5100000|100%| E|CS|TAMS 0x00000000a5000000, 0x00000000a5000000| Complete 
| 593|0x00000000a5100000, 0x00000000a5200000, 0x00000000a5200000|100%| E|CS|TAMS 0x00000000a5100000, 0x00000000a5100000| Complete 
| 594|0x00000000a5200000, 0x00000000a5300000, 0x00000000a5300000|100%| E|CS|TAMS 0x00000000a5200000, 0x00000000a5200000| Complete 
| 595|0x00000000a5300000, 0x00000000a5400000, 0x00000000a5400000|100%| E|CS|TAMS 0x00000000a5300000, 0x00000000a5300000| Complete 
| 596|0x00000000a5400000, 0x00000000a5500000, 0x00000000a5500000|100%| E|CS|TAMS 0x00000000a5400000, 0x00000000a5400000| Complete 
| 597|0x00000000a5500000, 0x00000000a5600000, 0x00000000a5600000|100%| E|CS|TAMS 0x00000000a5500000, 0x00000000a5500000| Complete 
| 598|0x00000000a5600000, 0x00000000a5700000, 0x00000000a5700000|100%| E|CS|TAMS 0x00000000a5600000, 0x00000000a5600000| Complete 
| 599|0x00000000a5700000, 0x00000000a5800000, 0x00000000a5800000|100%| E|CS|TAMS 0x00000000a5700000, 0x00000000a5700000| Complete 
| 600|0x00000000a5800000, 0x00000000a5900000, 0x00000000a5900000|100%| E|CS|TAMS 0x00000000a5800000, 0x00000000a5800000| Complete 
| 601|0x00000000a5900000, 0x00000000a5a00000, 0x00000000a5a00000|100%| E|CS|TAMS 0x00000000a5900000, 0x00000000a5900000| Complete 
| 602|0x00000000a5a00000, 0x00000000a5b00000, 0x00000000a5b00000|100%| E|CS|TAMS 0x00000000a5a00000, 0x00000000a5a00000| Complete 
| 603|0x00000000a5b00000, 0x00000000a5c00000, 0x00000000a5c00000|100%| E|CS|TAMS 0x00000000a5b00000, 0x00000000a5b00000| Complete 
| 604|0x00000000a5c00000, 0x00000000a5d00000, 0x00000000a5d00000|100%| E|CS|TAMS 0x00000000a5c00000, 0x00000000a5c00000| Complete 
| 605|0x00000000a5d00000, 0x00000000a5e00000, 0x00000000a5e00000|100%| E|CS|TAMS 0x00000000a5d00000, 0x00000000a5d00000| Complete 
| 606|0x00000000a5e00000, 0x00000000a5f00000, 0x00000000a5f00000|100%| E|CS|TAMS 0x00000000a5e00000, 0x00000000a5e00000| Complete 
| 607|0x00000000a5f00000, 0x00000000a6000000, 0x00000000a6000000|100%| E|CS|TAMS 0x00000000a5f00000, 0x00000000a5f00000| Complete 
| 608|0x00000000a6000000, 0x00000000a6100000, 0x00000000a6100000|100%| E|CS|TAMS 0x00000000a6000000, 0x00000000a6000000| Complete 
| 609|0x00000000a6100000, 0x00000000a6200000, 0x00000000a6200000|100%| E|CS|TAMS 0x00000000a6100000, 0x00000000a6100000| Complete 
| 610|0x00000000a6200000, 0x00000000a6300000, 0x00000000a6300000|100%| E|CS|TAMS 0x00000000a6200000, 0x00000000a6200000| Complete 
| 611|0x00000000a6300000, 0x00000000a6400000, 0x00000000a6400000|100%| E|CS|TAMS 0x00000000a6300000, 0x00000000a6300000| Complete 
| 612|0x00000000a6400000, 0x00000000a6500000, 0x00000000a6500000|100%| E|CS|TAMS 0x00000000a6400000, 0x00000000a6400000| Complete 
| 613|0x00000000a6500000, 0x00000000a6600000, 0x00000000a6600000|100%| E|CS|TAMS 0x00000000a6500000, 0x00000000a6500000| Complete 
| 614|0x00000000a6600000, 0x00000000a6700000, 0x00000000a6700000|100%| E|CS|TAMS 0x00000000a6600000, 0x00000000a6600000| Complete 
| 615|0x00000000a6700000, 0x00000000a6800000, 0x00000000a6800000|100%| E|CS|TAMS 0x00000000a6700000, 0x00000000a6700000| Complete 
| 616|0x00000000a6800000, 0x00000000a6900000, 0x00000000a6900000|100%| E|CS|TAMS 0x00000000a6800000, 0x00000000a6800000| Complete 
| 617|0x00000000a6900000, 0x00000000a6a00000, 0x00000000a6a00000|100%| E|CS|TAMS 0x00000000a6900000, 0x00000000a6900000| Complete 
| 618|0x00000000a6a00000, 0x00000000a6b00000, 0x00000000a6b00000|100%| E|CS|TAMS 0x00000000a6a00000, 0x00000000a6a00000| Complete 
| 619|0x00000000a6b00000, 0x00000000a6c00000, 0x00000000a6c00000|100%| E|CS|TAMS 0x00000000a6b00000, 0x00000000a6b00000| Complete 
| 620|0x00000000a6c00000, 0x00000000a6d00000, 0x00000000a6d00000|100%| E|CS|TAMS 0x00000000a6c00000, 0x00000000a6c00000| Complete 
| 621|0x00000000a6d00000, 0x00000000a6e00000, 0x00000000a6e00000|100%| E|CS|TAMS 0x00000000a6d00000, 0x00000000a6d00000| Complete 
| 622|0x00000000a6e00000, 0x00000000a6f00000, 0x00000000a6f00000|100%| E|CS|TAMS 0x00000000a6e00000, 0x00000000a6e00000| Complete 
| 623|0x00000000a6f00000, 0x00000000a7000000, 0x00000000a7000000|100%| E|CS|TAMS 0x00000000a6f00000, 0x00000000a6f00000| Complete 
| 624|0x00000000a7000000, 0x00000000a7100000, 0x00000000a7100000|100%| E|CS|TAMS 0x00000000a7000000, 0x00000000a7000000| Complete 
| 625|0x00000000a7100000, 0x00000000a7200000, 0x00000000a7200000|100%| E|CS|TAMS 0x00000000a7100000, 0x00000000a7100000| Complete 
| 626|0x00000000a7200000, 0x00000000a7300000, 0x00000000a7300000|100%| E|CS|TAMS 0x00000000a7200000, 0x00000000a7200000| Complete 
| 627|0x00000000a7300000, 0x00000000a7400000, 0x00000000a7400000|100%| E|CS|TAMS 0x00000000a7300000, 0x00000000a7300000| Complete 
| 628|0x00000000a7400000, 0x00000000a7500000, 0x00000000a7500000|100%| E|CS|TAMS 0x00000000a7400000, 0x00000000a7400000| Complete 
| 629|0x00000000a7500000, 0x00000000a7600000, 0x00000000a7600000|100%| E|CS|TAMS 0x00000000a7500000, 0x00000000a7500000| Complete 
| 630|0x00000000a7600000, 0x00000000a7700000, 0x00000000a7700000|100%| E|CS|TAMS 0x00000000a7600000, 0x00000000a7600000| Complete 
| 631|0x00000000a7700000, 0x00000000a7800000, 0x00000000a7800000|100%| E|CS|TAMS 0x00000000a7700000, 0x00000000a7700000| Complete 
| 632|0x00000000a7800000, 0x00000000a7900000, 0x00000000a7900000|100%| E|CS|TAMS 0x00000000a7800000, 0x00000000a7800000| Complete 
| 633|0x00000000a7900000, 0x00000000a7a00000, 0x00000000a7a00000|100%| E|CS|TAMS 0x00000000a7900000, 0x00000000a7900000| Complete 
| 634|0x00000000a7a00000, 0x00000000a7b00000, 0x00000000a7b00000|100%| E|CS|TAMS 0x00000000a7a00000, 0x00000000a7a00000| Complete 
| 635|0x00000000a7b00000, 0x00000000a7b84af0, 0x00000000a7c00000| 51%| S|CS|TAMS 0x00000000a7b00000, 0x00000000a7b00000| Complete 
| 636|0x00000000a7c00000, 0x00000000a7d00000, 0x00000000a7d00000|100%| S|CS|TAMS 0x00000000a7c00000, 0x00000000a7c00000| Complete 
| 637|0x00000000a7d00000, 0x00000000a7e00000, 0x00000000a7e00000|100%| S|CS|TAMS 0x00000000a7d00000, 0x00000000a7d00000| Complete 
| 638|0x00000000a7e00000, 0x00000000a7f00000, 0x00000000a7f00000|100%| E|CS|TAMS 0x00000000a7e00000, 0x00000000a7e00000| Complete 
| 639|0x00000000a7f00000, 0x00000000a8000000, 0x00000000a8000000|100%| E|CS|TAMS 0x00000000a7f00000, 0x00000000a7f00000| Complete 
| 640|0x00000000a8000000, 0x00000000a8100000, 0x00000000a8100000|100%| E|CS|TAMS 0x00000000a8000000, 0x00000000a8000000| Complete 
| 641|0x00000000a8100000, 0x00000000a8200000, 0x00000000a8200000|100%| E|CS|TAMS 0x00000000a8100000, 0x00000000a8100000| Complete 
| 642|0x00000000a8200000, 0x00000000a8300000, 0x00000000a8300000|100%| E|CS|TAMS 0x00000000a8200000, 0x00000000a8200000| Complete 
| 643|0x00000000a8300000, 0x00000000a8400000, 0x00000000a8400000|100%| E|CS|TAMS 0x00000000a8300000, 0x00000000a8300000| Complete 
| 644|0x00000000a8400000, 0x00000000a8500000, 0x00000000a8500000|100%| E|CS|TAMS 0x00000000a8400000, 0x00000000a8400000| Complete 
| 645|0x00000000a8500000, 0x00000000a8600000, 0x00000000a8600000|100%| E|CS|TAMS 0x00000000a8500000, 0x00000000a8500000| Complete 
| 646|0x00000000a8600000, 0x00000000a8700000, 0x00000000a8700000|100%| E|CS|TAMS 0x00000000a8600000, 0x00000000a8600000| Complete 
| 647|0x00000000a8700000, 0x00000000a8800000, 0x00000000a8800000|100%| E|CS|TAMS 0x00000000a8700000, 0x00000000a8700000| Complete 
| 648|0x00000000a8800000, 0x00000000a8900000, 0x00000000a8900000|100%| E|CS|TAMS 0x00000000a8800000, 0x00000000a8800000| Complete 
| 649|0x00000000a8900000, 0x00000000a8a00000, 0x00000000a8a00000|100%| E|CS|TAMS 0x00000000a8900000, 0x00000000a8900000| Complete 
| 650|0x00000000a8a00000, 0x00000000a8b00000, 0x00000000a8b00000|100%| E|CS|TAMS 0x00000000a8a00000, 0x00000000a8a00000| Complete 
| 651|0x00000000a8b00000, 0x00000000a8c00000, 0x00000000a8c00000|100%| E|CS|TAMS 0x00000000a8b00000, 0x00000000a8b00000| Complete 
| 652|0x00000000a8c00000, 0x00000000a8d00000, 0x00000000a8d00000|100%| E|CS|TAMS 0x00000000a8c00000, 0x00000000a8c00000| Complete 
| 653|0x00000000a8d00000, 0x00000000a8e00000, 0x00000000a8e00000|100%| E|CS|TAMS 0x00000000a8d00000, 0x00000000a8d00000| Complete 
| 654|0x00000000a8e00000, 0x00000000a8f00000, 0x00000000a8f00000|100%| E|CS|TAMS 0x00000000a8e00000, 0x00000000a8e00000| Complete 
| 655|0x00000000a8f00000, 0x00000000a9000000, 0x00000000a9000000|100%| E|CS|TAMS 0x00000000a8f00000, 0x00000000a8f00000| Complete 
| 656|0x00000000a9000000, 0x00000000a9100000, 0x00000000a9100000|100%| E|CS|TAMS 0x00000000a9000000, 0x00000000a9000000| Complete 
| 657|0x00000000a9100000, 0x00000000a9200000, 0x00000000a9200000|100%| E|CS|TAMS 0x00000000a9100000, 0x00000000a9100000| Complete 
| 658|0x00000000a9200000, 0x00000000a9300000, 0x00000000a9300000|100%| E|CS|TAMS 0x00000000a9200000, 0x00000000a9200000| Complete 
|2047|0x00000000fff00000, 0x0000000100000000, 0x0000000100000000|100%| O|  |TAMS 0x0000000100000000, 0x00000000fff00000| Untracked 

Card table byte_map: [0x0000027ca50b0000,0x0000027ca54b0000] _byte_map_base: 0x0000027ca4cb0000

Marking Bits (Prev, Next): (CMBitMap*) 0x0000027c8dd63fd0, (CMBitMap*) 0x0000027c8dd64010
 Prev Bits: [0x0000027ca58b0000, 0x0000027ca78b0000)
 Next Bits: [0x0000027ca78b0000, 0x0000027ca98b0000)

Polling page: 0x0000027c8bba0000

Metaspace:

Usage:
  Non-class:    115.98 MB used.
      Class:     18.02 MB used.
       Both:    133.99 MB used.

Virtual space:
  Non-class space:      128.00 MB reserved,     117.38 MB ( 92%) committed,  2 nodes.
      Class space:      416.00 MB reserved,      19.19 MB (  5%) committed,  1 nodes.
             Both:      544.00 MB reserved,     136.56 MB ( 25%) committed. 

Chunk freelists:
   Non-Class:  10.25 MB
       Class:  12.82 MB
        Both:  23.07 MB

MaxMetaspaceSize: 512.00 MB
CompressedClassSpaceSize: 416.00 MB
Initial GC threshold: 21.00 MB
Current GC threshold: 225.88 MB
CDS: on
MetaspaceReclaimPolicy: balanced
 - commit_granule_bytes: 65536.
 - commit_granule_words: 8192.
 - virtual_space_node_default_size: 8388608.
 - enlarge_chunks_in_place: 1.
 - new_chunks_are_fully_committed: 0.
 - uncommit_free_chunks: 1.
 - use_allocation_guard: 0.
 - handle_deallocations: 1.


Internal statistics:

num_allocs_failed_limit: 9.
num_arena_births: 4166.
num_arena_deaths: 0.
num_vsnodes_births: 3.
num_vsnodes_deaths: 0.
num_space_committed: 2183.
num_space_uncommitted: 0.
num_chunks_returned_to_freelist: 9.
num_chunks_taken_from_freelist: 11189.
num_chunk_merges: 9.
num_chunk_splits: 6702.
num_chunks_enlarged: 3516.
num_inconsistent_stats: 0.

CodeHeap 'non-profiled nmethods': size=120000Kb used=20663Kb max_used=20663Kb free=99337Kb
 bounds [0x0000027c9d340000, 0x0000027c9e770000, 0x0000027ca4870000]
CodeHeap 'profiled nmethods': size=120000Kb used=46294Kb max_used=46294Kb free=73705Kb
 bounds [0x0000027c95870000, 0x0000027c985b0000, 0x0000027c9cda0000]
CodeHeap 'non-nmethods': size=5760Kb used=2536Kb max_used=2616Kb free=3223Kb
 bounds [0x0000027c9cda0000, 0x0000027c9d040000, 0x0000027c9d340000]
 total_blobs=24752 nmethods=23659 adapters=1003
 compilation: enabled
              stopped_count=0, restarted_count=0
 full_count=0

Compilation events (20 events):
Event: 406.130 Thread 0x0000027cac50f000 nmethod 28957% 0x0000027c9e76aa10 code [0x0000027c9e76abe0, 0x0000027c9e76b608]
Event: 406.131 Thread 0x0000027cac50f000 28970       4       java.util.IdentityHashMap::put (137 bytes)
Event: 406.143 Thread 0x0000027cac5119d0 28980       3       com.android.build.gradle.internal.dsl.decorator.LockableMap::size (5 bytes)
Event: 406.143 Thread 0x0000027cac50f000 nmethod 28970 0x0000027c9e76ba90 code [0x0000027c9e76bc60, 0x0000027c9e76c2e8]
Event: 406.143 Thread 0x0000027cac5119d0 nmethod 28980 0x0000027c985a0d90 code [0x0000027c985a0f60, 0x0000027c985a1278]
Event: 406.143 Thread 0x0000027cac5119d0 28981       3       com.android.build.gradle.internal.dsl.decorator.LockableMap::getSize (5 bytes)
Event: 406.143 Thread 0x0000027cac5119d0 nmethod 28981 0x0000027c985a1410 code [0x0000027c985a15e0, 0x0000027c985a1898]
Event: 406.143 Thread 0x0000027cac5119d0 28982       3       java.util.AbstractMap::size (10 bytes)
Event: 406.143 Thread 0x0000027cac5119d0 nmethod 28982 0x0000027c985a1a10 code [0x0000027c985a1bc0, 0x0000027c985a1e58]
Event: 406.144 Thread 0x0000027cac50f000 28983       4       org.gradle.api.internal.artifacts.configurations.DefaultConfigurationContainer_Decorated::getEventRegister (39 bytes)
Event: 406.145 Thread 0x0000027cac50f000 nmethod 28983 0x0000027c9e76c690 code [0x0000027c9e76c820, 0x0000027c9e76c8b8]
Event: 406.324 Thread 0x0000027cac5119d0 28984       3       kotlin.collections.ArraysKt___ArraysKt::joinToString (65 bytes)
Event: 406.339 Thread 0x0000027cac5119d0 nmethod 28984 0x0000027c985a1f10 code [0x0000027c985a2380, 0x0000027c985a4018]
Event: 406.637 Thread 0x0000027cac50f000 28985       4       org.apache.commons.lang3.stream.LangCollectors$SimpleCollector::<init> (12 bytes)
Event: 406.645 Thread 0x0000027cac50f000 nmethod 28985 0x0000027c9e76c990 code [0x0000027c9e76cb00, 0x0000027c9e76cfd8]
Event: 406.645 Thread 0x0000027cac50f000 28986       4       com.google.common.base.Joiner::appendTo (73 bytes)
Event: 406.661 Thread 0x0000027cac50f000 nmethod 28986 0x0000027c9e76d090 code [0x0000027c9e76d260, 0x0000027c9e76d508]
Event: 407.071 Thread 0x0000027cac5119d0 28987       1       com.android.build.gradle.internal.services.ProjectServices::getConfigurationContainer (5 bytes)
Event: 407.072 Thread 0x0000027cac5119d0 nmethod 28987 0x0000027c9e76d910 code [0x0000027c9e76daa0, 0x0000027c9e76db78]
Event: 407.197 Thread 0x0000027cac50f000 28988   !   4       org.gradle.internal.metaobject.BeanDynamicObject$MetaClassAdapter::getProperty (384 bytes)

GC Heap History (20 events):
Event: 66.277 GC heap before
{Heap before GC invocations=97 (full 0):
 garbage-first heap   total 467968K, used 424186K [0x0000000080000000, 0x0000000100000000)
  region size 1024K, 54 young (55296K), 6 survivors (6144K)
 Metaspace       used 132474K, committed 134592K, reserved 557056K
  class space    used 17892K, committed 18880K, reserved 425984K
}
Event: 66.284 GC heap after
{Heap after GC invocations=98 (full 0):
 garbage-first heap   total 467968K, used 378936K [0x0000000080000000, 0x0000000100000000)
  region size 1024K, 6 young (6144K), 6 survivors (6144K)
 Metaspace       used 132474K, committed 134592K, reserved 557056K
  class space    used 17892K, committed 18880K, reserved 425984K
}
Event: 66.341 GC heap before
{Heap before GC invocations=98 (full 0):
 garbage-first heap   total 467968K, used 460856K [0x0000000080000000, 0x0000000100000000)
  region size 1024K, 7 young (7168K), 6 survivors (6144K)
 Metaspace       used 132474K, committed 134592K, reserved 557056K
  class space    used 17892K, committed 18880K, reserved 425984K
}
Event: 66.346 GC heap after
{Heap after GC invocations=99 (full 0):
 garbage-first heap   total 468992K, used 393786K [0x0000000080000000, 0x0000000100000000)
  region size 1024K, 1 young (1024K), 1 survivors (1024K)
 Metaspace       used 132474K, committed 134592K, reserved 557056K
  class space    used 17892K, committed 18880K, reserved 425984K
}
Event: 66.395 GC heap before
{Heap before GC invocations=99 (full 0):
 garbage-first heap   total 468992K, used 465466K [0x0000000080000000, 0x0000000100000000)
  region size 1024K, 2 young (2048K), 1 survivors (1024K)
 Metaspace       used 132475K, committed 134592K, reserved 557056K
  class space    used 17892K, committed 18880K, reserved 425984K
}
Event: 66.396 GC heap after
{Heap after GC invocations=100 (full 0):
 garbage-first heap   total 468992K, used 391056K [0x0000000080000000, 0x0000000100000000)
  region size 1024K, 1 young (1024K), 1 survivors (1024K)
 Metaspace       used 132475K, committed 134592K, reserved 557056K
  class space    used 17892K, committed 18880K, reserved 425984K
}
Event: 66.443 GC heap before
{Heap before GC invocations=100 (full 0):
 garbage-first heap   total 468992K, used 464784K [0x0000000080000000, 0x0000000100000000)
  region size 1024K, 2 young (2048K), 1 survivors (1024K)
 Metaspace       used 132476K, committed 134592K, reserved 557056K
  class space    used 17892K, committed 18880K, reserved 425984K
}
Event: 66.444 GC heap after
{Heap after GC invocations=101 (full 0):
 garbage-first heap   total 468992K, used 384715K [0x0000000080000000, 0x0000000100000000)
  region size 1024K, 1 young (1024K), 1 survivors (1024K)
 Metaspace       used 132476K, committed 134592K, reserved 557056K
  class space    used 17892K, committed 18880K, reserved 425984K
}
Event: 81.993 GC heap before
{Heap before GC invocations=102 (full 0):
 garbage-first heap   total 675840K, used 429771K [0x0000000080000000, 0x0000000100000000)
  region size 1024K, 33 young (33792K), 1 survivors (1024K)
 Metaspace       used 134147K, committed 136320K, reserved 557056K
  class space    used 18142K, committed 19136K, reserved 425984K
}
Event: 81.997 GC heap after
{Heap after GC invocations=103 (full 0):
 garbage-first heap   total 675840K, used 324756K [0x0000000080000000, 0x0000000100000000)
  region size 1024K, 1 young (1024K), 1 survivors (1024K)
 Metaspace       used 134147K, committed 136320K, reserved 557056K
  class space    used 18142K, committed 19136K, reserved 425984K
}
Event: 245.099 GC heap before
{Heap before GC invocations=103 (full 0):
 garbage-first heap   total 675840K, used 357524K [0x0000000080000000, 0x0000000100000000)
  region size 1024K, 33 young (33792K), 1 survivors (1024K)
 Metaspace       used 134497K, committed 136640K, reserved 557056K
  class space    used 18186K, committed 19200K, reserved 425984K
}
Event: 245.355 GC heap after
{Heap after GC invocations=104 (full 0):
 garbage-first heap   total 675840K, used 286372K [0x0000000080000000, 0x0000000100000000)
  region size 1024K, 2 young (2048K), 2 survivors (2048K)
 Metaspace       used 134497K, committed 136640K, reserved 557056K
  class space    used 18186K, committed 19200K, reserved 425984K
}
Event: 262.091 GC heap before
{Heap before GC invocations=104 (full 0):
 garbage-first heap   total 675840K, used 560804K [0x0000000080000000, 0x0000000100000000)
  region size 1024K, 271 young (277504K), 2 survivors (2048K)
 Metaspace       used 135829K, committed 138176K, reserved 557056K
  class space    used 18307K, committed 19392K, reserved 425984K
}
Event: 262.345 GC heap after
{Heap after GC invocations=105 (full 0):
 garbage-first heap   total 675840K, used 323031K [0x0000000080000000, 0x0000000100000000)
  region size 1024K, 34 young (34816K), 34 survivors (34816K)
 Metaspace       used 135829K, committed 138176K, reserved 557056K
  class space    used 18307K, committed 19392K, reserved 425984K
}
Event: 267.068 GC heap before
{Heap before GC invocations=105 (full 0):
 garbage-first heap   total 675840K, used 446935K [0x0000000080000000, 0x0000000100000000)
  region size 1024K, 156 young (159744K), 34 survivors (34816K)
 Metaspace       used 136142K, committed 138560K, reserved 557056K
  class space    used 18333K, committed 19456K, reserved 425984K
}
Event: 267.157 GC heap after
{Heap after GC invocations=106 (full 0):
 garbage-first heap   total 675840K, used 343958K [0x0000000080000000, 0x0000000100000000)
  region size 1024K, 20 young (20480K), 20 survivors (20480K)
 Metaspace       used 136142K, committed 138560K, reserved 557056K
  class space    used 18333K, committed 19456K, reserved 425984K
}
Event: 291.990 GC heap before
{Heap before GC invocations=107 (full 0):
 garbage-first heap   total 675840K, used 527254K [0x0000000080000000, 0x0000000100000000)
  region size 1024K, 200 young (204800K), 20 survivors (20480K)
 Metaspace       used 136845K, committed 139392K, reserved 557056K
  class space    used 18422K, committed 19648K, reserved 425984K
}
Event: 292.124 GC heap after
{Heap after GC invocations=108 (full 0):
 garbage-first heap   total 675840K, used 357888K [0x0000000080000000, 0x0000000100000000)
  region size 1024K, 12 young (12288K), 12 survivors (12288K)
 Metaspace       used 136845K, committed 139392K, reserved 557056K
  class space    used 18422K, committed 19648K, reserved 425984K
}
Event: 343.194 GC heap before
{Heap before GC invocations=108 (full 0):
 garbage-first heap   total 675840K, used 379392K [0x0000000080000000, 0x0000000100000000)
  region size 1024K, 33 young (33792K), 12 survivors (12288K)
 Metaspace       used 136866K, committed 139392K, reserved 557056K
  class space    used 18424K, committed 19648K, reserved 425984K
}
Event: 343.436 GC heap after
{Heap after GC invocations=109 (full 0):
 garbage-first heap   total 675840K, used 349538K [0x0000000080000000, 0x0000000100000000)
  region size 1024K, 3 young (3072K), 3 survivors (3072K)
 Metaspace       used 136866K, committed 139392K, reserved 557056K
  class space    used 18424K, committed 19648K, reserved 425984K
}

Dll operation events (15 events):
Event: 0.014 Loaded shared library C:\Program Files\Eclipse Adoptium\jdk-17.0.17.10-hotspot\bin\java.dll
Event: 0.031 Loaded shared library C:\Program Files\Eclipse Adoptium\jdk-17.0.17.10-hotspot\bin\jsvml.dll
Event: 0.077 Loaded shared library C:\Program Files\Eclipse Adoptium\jdk-17.0.17.10-hotspot\bin\zip.dll
Event: 0.080 Loaded shared library C:\Program Files\Eclipse Adoptium\jdk-17.0.17.10-hotspot\bin\instrument.dll
Event: 0.085 Loaded shared library C:\Program Files\Eclipse Adoptium\jdk-17.0.17.10-hotspot\bin\net.dll
Event: 0.087 Loaded shared library C:\Program Files\Eclipse Adoptium\jdk-17.0.17.10-hotspot\bin\nio.dll
Event: 0.089 Loaded shared library C:\Program Files\Eclipse Adoptium\jdk-17.0.17.10-hotspot\bin\zip.dll
Event: 0.368 Loaded shared library C:\Program Files\Eclipse Adoptium\jdk-17.0.17.10-hotspot\bin\jimage.dll
Event: 0.631 Loaded shared library C:\Program Files\Eclipse Adoptium\jdk-17.0.17.10-hotspot\bin\verify.dll
Event: 0.665 Loaded shared library C:\Users\asepr\.gradle\native\1def1411415f61bf3af743bc5b6707747c0891f09f0c88961ee8f79bc544acac\windows-amd64\native-platform.dll
Event: 0.689 Loaded shared library C:\Users\asepr\.gradle\native\0.2.8\x86_64-windows-gnu\gradle-fileevents.dll
Event: 2.431 Loaded shared library C:\Program Files\Eclipse Adoptium\jdk-17.0.17.10-hotspot\bin\management.dll
Event: 2.435 Loaded shared library C:\Program Files\Eclipse Adoptium\jdk-17.0.17.10-hotspot\bin\management_ext.dll
Event: 2.846 Loaded shared library C:\Program Files\Eclipse Adoptium\jdk-17.0.17.10-hotspot\bin\extnet.dll
Event: 3.206 Loaded shared library C:\Program Files\Eclipse Adoptium\jdk-17.0.17.10-hotspot\bin\sunmscapi.dll

Deoptimization events (20 events):
Event: 398.846 Thread 0x0000027ccfd5f870 DEOPT PACKING pc=0x0000027c9e543c28 sp=0x000000f7c99f8a90
Event: 398.846 Thread 0x0000027ccfd5f870 DEOPT UNPACKING pc=0x0000027c9cdf69a3 sp=0x000000f7c99f89d8 mode 2
Event: 398.906 Thread 0x0000027ccfd5f870 DEOPT PACKING pc=0x0000027c97411967 sp=0x000000f7c99f8640
Event: 398.906 Thread 0x0000027ccfd5f870 DEOPT UNPACKING pc=0x0000027c9cdf7143 sp=0x000000f7c99f79d8 mode 0
Event: 405.652 Thread 0x0000027ccfd5f870 Uncommon trap: trap_request=0xffffffbe fr.pc=0x0000027c9e75084c relative=0x0000000000003f2c
Event: 405.652 Thread 0x0000027ccfd5f870 Uncommon trap: reason=profile_predicate action=maybe_recompile pc=0x0000027c9e75084c method=org.apache.commons.lang3.StringUtils.capitalize(Ljava/lang/String;)Ljava/lang/String; @ 55 c2
Event: 405.652 Thread 0x0000027ccfd5f870 DEOPT PACKING pc=0x0000027c9e75084c sp=0x000000f7c99f9940
Event: 405.667 Thread 0x0000027ccfd5f870 DEOPT UNPACKING pc=0x0000027c9cdf69a3 sp=0x000000f7c99f9890 mode 2
Event: 405.950 Thread 0x0000027ccfd5f870 Uncommon trap: trap_request=0xffffffbe fr.pc=0x0000027c9e75084c relative=0x0000000000003f2c
Event: 405.950 Thread 0x0000027ccfd5f870 Uncommon trap: reason=profile_predicate action=maybe_recompile pc=0x0000027c9e75084c method=org.apache.commons.lang3.StringUtils.capitalize(Ljava/lang/String;)Ljava/lang/String; @ 55 c2
Event: 405.950 Thread 0x0000027ccfd5f870 DEOPT PACKING pc=0x0000027c9e75084c sp=0x000000f7c99f90b0
Event: 405.950 Thread 0x0000027ccfd5f870 DEOPT UNPACKING pc=0x0000027c9cdf69a3 sp=0x000000f7c99f9000 mode 2
Event: 405.951 Thread 0x0000027ccfd5f870 Uncommon trap: trap_request=0xffffffbe fr.pc=0x0000027c9e75084c relative=0x0000000000003f2c
Event: 405.951 Thread 0x0000027ccfd5f870 Uncommon trap: reason=profile_predicate action=maybe_recompile pc=0x0000027c9e75084c method=org.apache.commons.lang3.StringUtils.capitalize(Ljava/lang/String;)Ljava/lang/String; @ 55 c2
Event: 405.951 Thread 0x0000027ccfd5f870 DEOPT PACKING pc=0x0000027c9e75084c sp=0x000000f7c99f90b0
Event: 405.951 Thread 0x0000027ccfd5f870 DEOPT UNPACKING pc=0x0000027c9cdf69a3 sp=0x000000f7c99f9000 mode 2
Event: 405.951 Thread 0x0000027ccfd5f870 Uncommon trap: trap_request=0xffffffbe fr.pc=0x0000027c9e75084c relative=0x0000000000003f2c
Event: 405.951 Thread 0x0000027ccfd5f870 Uncommon trap: reason=profile_predicate action=maybe_recompile pc=0x0000027c9e75084c method=org.apache.commons.lang3.StringUtils.capitalize(Ljava/lang/String;)Ljava/lang/String; @ 55 c2
Event: 405.951 Thread 0x0000027ccfd5f870 DEOPT PACKING pc=0x0000027c9e75084c sp=0x000000f7c99f90b0
Event: 405.951 Thread 0x0000027ccfd5f870 DEOPT UNPACKING pc=0x0000027c9cdf69a3 sp=0x000000f7c99f9000 mode 2

Classes loaded (20 events):
Event: 67.123 Loading class java/nio/channels/AsynchronousCloseException
Event: 67.123 Loading class java/nio/channels/AsynchronousCloseException done
Event: 67.131 Loading class sun/nio/ch/SocketChannelImpl$DefaultOptionsHolder
Event: 67.131 Loading class sun/nio/ch/SocketChannelImpl$DefaultOptionsHolder done
Event: 68.141 Loading class sun/net/ConnectionResetException
Event: 68.141 Loading class sun/net/ConnectionResetException done
Event: 81.014 Loading class java/util/regex/Pattern$1
Event: 81.014 Loading class java/util/regex/Pattern$1 done
Event: 82.164 Loading class java/util/Locale$1
Event: 82.165 Loading class java/util/Locale$1 done
Event: 82.179 Loading class java/util/concurrent/CompletableFuture$AsyncRun
Event: 82.180 Loading class java/util/concurrent/CompletableFuture$AsyncRun done
Event: 243.850 Loading class jdk/internal/math/FormattedFloatingDecimal$Form
Event: 243.902 Loading class jdk/internal/math/FormattedFloatingDecimal$Form done
Event: 243.914 Loading class jdk/internal/math/FormattedFloatingDecimal
Event: 244.008 Loading class jdk/internal/math/FormattedFloatingDecimal done
Event: 244.010 Loading class jdk/internal/math/FormattedFloatingDecimal$1
Event: 244.021 Loading class jdk/internal/math/FormattedFloatingDecimal$1 done
Event: 244.103 Loading class jdk/internal/math/FormattedFloatingDecimal$2
Event: 244.106 Loading class jdk/internal/math/FormattedFloatingDecimal$2 done

Classes unloaded (0 events):
No events

Classes redefined (0 events):
No events

Internal exceptions (20 events):
Event: 391.927 Thread 0x0000027ccfd5f870 Exception <a 'sun/nio/fs/WindowsException'{0x00000000a8988028}> (0x00000000a8988028) 
thrown [s\src\hotspot\share\prims\jni.cpp, line 516]
Event: 391.928 Thread 0x0000027ccfd5f870 Exception <a 'sun/nio/fs/WindowsException'{0x00000000a8989bc0}> (0x00000000a8989bc0) 
thrown [s\src\hotspot\share\prims\jni.cpp, line 516]
Event: 391.929 Thread 0x0000027ccfd5f870 Exception <a 'sun/nio/fs/WindowsException'{0x00000000a898b4e0}> (0x00000000a898b4e0) 
thrown [s\src\hotspot\share\prims\jni.cpp, line 516]
Event: 391.930 Thread 0x0000027ccfd5f870 Exception <a 'sun/nio/fs/WindowsException'{0x00000000a898cab8}> (0x00000000a898cab8) 
thrown [s\src\hotspot\share\prims\jni.cpp, line 516]
Event: 393.178 Thread 0x0000027ccfd5f870 Exception <a 'sun/nio/fs/WindowsException'{0x00000000a6b00258}> (0x00000000a6b00258) 
thrown [s\src\hotspot\share\prims\jni.cpp, line 516]
Event: 393.179 Thread 0x0000027ccfd5f870 Exception <a 'sun/nio/fs/WindowsException'{0x00000000a6b01d18}> (0x00000000a6b01d18) 
thrown [s\src\hotspot\share\prims\jni.cpp, line 516]
Event: 393.180 Thread 0x0000027ccfd5f870 Exception <a 'sun/nio/fs/WindowsException'{0x00000000a6b04378}> (0x00000000a6b04378) 
thrown [s\src\hotspot\share\prims\jni.cpp, line 516]
Event: 398.004 Thread 0x0000027cd935d580 Exception <a 'sun/nio/fs/WindowsException'{0x00000000a4b2b920}> (0x00000000a4b2b920) 
thrown [s\src\hotspot\share\prims\jni.cpp, line 516]
Event: 398.004 Thread 0x0000027cd935d580 Exception <a 'sun/nio/fs/WindowsException'{0x00000000a4b2dc10}> (0x00000000a4b2dc10) 
thrown [s\src\hotspot\share\prims\jni.cpp, line 516]
Event: 398.005 Thread 0x0000027cd935d580 Exception <a 'sun/nio/fs/WindowsException'{0x00000000a4b2fe50}> (0x00000000a4b2fe50) 
thrown [s\src\hotspot\share\prims\jni.cpp, line 516]
Event: 398.005 Thread 0x0000027cd935d580 Exception <a 'sun/nio/fs/WindowsException'{0x00000000a4b31d28}> (0x00000000a4b31d28) 
thrown [s\src\hotspot\share\prims\jni.cpp, line 516]
Event: 398.010 Thread 0x0000027cd935d580 Exception <a 'sun/nio/fs/WindowsException'{0x00000000a4b3d858}> (0x00000000a4b3d858) 
thrown [s\src\hotspot\share\prims\jni.cpp, line 516]
Event: 398.233 Thread 0x0000027cd935d580 Exception <a 'sun/nio/fs/WindowsException'{0x00000000a49cbd18}> (0x00000000a49cbd18) 
thrown [s\src\hotspot\share\prims\jni.cpp, line 516]
Event: 398.233 Thread 0x0000027cd935d580 Exception <a 'sun/nio/fs/WindowsException'{0x00000000a49ce0b0}> (0x00000000a49ce0b0) 
thrown [s\src\hotspot\share\prims\jni.cpp, line 516]
Event: 398.234 Thread 0x0000027cd935d580 Exception <a 'sun/nio/fs/WindowsException'{0x00000000a49d03c8}> (0x00000000a49d03c8) 
thrown [s\src\hotspot\share\prims\jni.cpp, line 516]
Event: 398.234 Thread 0x0000027cd935d580 Exception <a 'sun/nio/fs/WindowsException'{0x00000000a49d2328}> (0x00000000a49d2328) 
thrown [s\src\hotspot\share\prims\jni.cpp, line 516]
Event: 399.712 Thread 0x0000027ccfd5ee50 Exception <a 'sun/nio/fs/WindowsException'{0x00000000a34c9f10}> (0x00000000a34c9f10) 
thrown [s\src\hotspot\share\prims\jni.cpp, line 516]
Event: 399.712 Thread 0x0000027ccfd5ee50 Exception <a 'sun/nio/fs/WindowsException'{0x00000000a34cc640}> (0x00000000a34cc640) 
thrown [s\src\hotspot\share\prims\jni.cpp, line 516]
Event: 399.713 Thread 0x0000027ccfd5ee50 Exception <a 'sun/nio/fs/WindowsException'{0x00000000a34cecc0}> (0x00000000a34cecc0) 
thrown [s\src\hotspot\share\prims\jni.cpp, line 516]
Event: 399.714 Thread 0x0000027ccfd5ee50 Exception <a 'sun/nio/fs/WindowsException'{0x00000000a34d0f68}> (0x00000000a34d0f68) 
thrown [s\src\hotspot\share\prims\jni.cpp, line 516]

VM Operations (20 events):
Event: 396.937 Executing VM operation: Cleanup
Event: 396.937 Executing VM operation: Cleanup done
Event: 397.942 Executing VM operation: Cleanup
Event: 397.943 Executing VM operation: Cleanup done
Event: 398.950 Executing VM operation: Cleanup
Event: 398.950 Executing VM operation: Cleanup done
Event: 399.961 Executing VM operation: Cleanup
Event: 399.962 Executing VM operation: Cleanup done
Event: 400.973 Executing VM operation: Cleanup
Event: 400.988 Executing VM operation: Cleanup done
Event: 403.004 Executing VM operation: Cleanup
Event: 403.064 Executing VM operation: Cleanup done
Event: 404.071 Executing VM operation: Cleanup
Event: 404.071 Executing VM operation: Cleanup done
Event: 405.086 Executing VM operation: Cleanup
Event: 405.087 Executing VM operation: Cleanup done
Event: 406.101 Executing VM operation: Cleanup
Event: 406.117 Executing VM operation: Cleanup done
Event: 407.128 Executing VM operation: Cleanup
Event: 407.161 Executing VM operation: Cleanup done

Memory protections (0 events):
No events

Nmethod flushes (20 events):
Event: 269.972 Thread 0x0000027cac517730 flushing  nmethod 0x0000027c9deeaf90
Event: 269.987 Thread 0x0000027cac517730 flushing  nmethod 0x0000027c95e50b10
Event: 269.996 Thread 0x0000027cac517730 flushing  nmethod 0x0000027c9645a510
Event: 269.999 Thread 0x0000027cac517730 flushing  nmethod 0x0000027c96602d90
Event: 270.000 Thread 0x0000027cac517730 flushing  nmethod 0x0000027c96623210
Event: 270.001 Thread 0x0000027cac517730 flushing  nmethod 0x0000027c96664690
Event: 270.001 Thread 0x0000027cac517730 flushing  nmethod 0x0000027c96690c90
Event: 270.003 Thread 0x0000027cac517730 flushing  nmethod 0x0000027c967aaf90
Event: 270.007 Thread 0x0000027cac517730 flushing  nmethod 0x0000027c96a15190
Event: 270.012 Thread 0x0000027cac517730 flushing  nmethod 0x0000027c96d36690
Event: 270.013 Thread 0x0000027cac517730 flushing  nmethod 0x0000027c96d65590
Event: 270.015 Thread 0x0000027cac517730 flushing  nmethod 0x0000027c96dfd390
Event: 270.015 Thread 0x0000027cac517730 flushing  nmethod 0x0000027c96e11890
Event: 270.015 Thread 0x0000027cac517730 flushing  nmethod 0x0000027c96e1a110
Event: 270.016 Thread 0x0000027cac517730 flushing  nmethod 0x0000027c96e62910
Event: 270.016 Thread 0x0000027cac517730 flushing  nmethod 0x0000027c96e6cb10
Event: 270.025 Thread 0x0000027cac517730 flushing  nmethod 0x0000027c973c4090
Event: 270.042 Thread 0x0000027cac517730 flushing  nmethod 0x0000027c97fc5d90
Event: 270.043 Thread 0x0000027cac517730 flushing  nmethod 0x0000027c97fe7390
Event: 270.043 Thread 0x0000027cac517730 flushing  nmethod 0x0000027c9807b010

Events (20 events):
Event: 399.745 Thread 0x0000027ccfd5f870 Thread added: 0x0000027cdc1e4c90
Event: 399.745 Thread 0x0000027ccfd5f870 Thread added: 0x0000027cdc1e4780
Event: 399.746 Thread 0x0000027ccfd5f870 Thread added: 0x0000027cdc1e3d60
Event: 399.910 Thread 0x0000027ccfd5f870 Thread added: 0x0000027cd12d1130
Event: 399.911 Thread 0x0000027ccfd5f870 Thread added: 0x0000027cd12cf7e0
Event: 399.912 Thread 0x0000027ccfd5f870 Thread added: 0x0000027cd2d34d00
Event: 399.912 Thread 0x0000027ccfd5f870 Thread added: 0x0000027cd2d37a90
Event: 399.914 Thread 0x0000027ccfd5f870 Thread added: 0x0000027cccb5bd20
Event: 399.915 Thread 0x0000027ccfd5f870 Thread added: 0x0000027cccb5e5a0
Event: 399.916 Thread 0x0000027ccfd5f870 Thread added: 0x0000027cccb5db80
Event: 399.917 Thread 0x0000027ccfd5f870 Thread added: 0x0000027cccb5d670
Event: 399.919 Thread 0x0000027ccfd5f870 Thread added: 0x0000027cd199e620
Event: 399.920 Thread 0x0000027ccfd5f870 Thread added: 0x0000027cdbce0c60
Event: 399.921 Thread 0x0000027ccfd5f870 Thread added: 0x0000027cdbce0750
Event: 400.098 Thread 0x0000027ccf1f11f0 Thread exited: 0x0000027ccf1f11f0
Event: 402.142 Thread 0x0000027ccfd5f870 Thread added: 0x0000027cdbce1170
Event: 404.000 Thread 0x0000027cac5119d0 Thread added: 0x0000027ccf1ee770
Event: 404.916 Thread 0x0000027ccfd5f870 Thread added: 0x0000027cccb5e090
Event: 404.923 Thread 0x0000027ccfd5f870 Thread added: 0x0000027cccb5efc0
Event: 405.802 Thread 0x0000027ccf1ee770 Thread exited: 0x0000027ccf1ee770


Dynamic libraries:
0x00007ff768cb0000 - 0x00007ff768cbe000 	C:\Program Files\Eclipse Adoptium\jdk-17.0.17.10-hotspot\bin\java.exe
0x00007ffb80480000 - 0x00007ffb806e7000 	C:\WINDOWS\SYSTEM32\ntdll.dll
0x00007ffb7f430000 - 0x00007ffb7f4f9000 	C:\WINDOWS\System32\KERNEL32.DLL
0x00007ffb7cee0000 - 0x00007ffb7d2d4000 	C:\WINDOWS\System32\KERNELBASE.dll
0x00007ffb7e0c0000 - 0x00007ffb7e20b000 	C:\WINDOWS\System32\ucrtbase.dll
0x00007ffb45ce0000 - 0x00007ffb45cf8000 	C:\Program Files\Eclipse Adoptium\jdk-17.0.17.10-hotspot\bin\jli.dll
0x00007ffb45c60000 - 0x00007ffb45c7e000 	C:\Program Files\Eclipse Adoptium\jdk-17.0.17.10-hotspot\bin\VCRUNTIME140.dll
0x00007ffb7fec0000 - 0x00007ffb80085000 	C:\WINDOWS\System32\USER32.dll
0x00007ffb69f00000 - 0x00007ffb6a193000 	C:\WINDOWS\WinSxS\amd64_microsoft.windows.common-controls_6595b64144ccf1df_6.0.26100.8115_none_3e075c82e3354f9c\COMCTL32.dll
0x00007ffb7cd50000 - 0x00007ffb7cd77000 	C:\WINDOWS\System32\win32u.dll
0x00007ffb80090000 - 0x00007ffb80139000 	C:\WINDOWS\System32\msvcrt.dll
0x00007ffb803d0000 - 0x00007ffb803fb000 	C:\WINDOWS\System32\GDI32.dll
0x00007ffb7dd60000 - 0x00007ffb7de8a000 	C:\WINDOWS\System32\gdi32full.dll
0x00007ffb7ce30000 - 0x00007ffb7ced3000 	C:\WINDOWS\System32\msvcp_win.dll
0x00007ffb80400000 - 0x00007ffb80432000 	C:\WINDOWS\System32\IMM32.DLL
0x00007ffb4b0f0000 - 0x00007ffb4b0fc000 	C:\Program Files\Eclipse Adoptium\jdk-17.0.17.10-hotspot\bin\vcruntime140_1.dll
0x00007ffb000e0000 - 0x00007ffb0016d000 	C:\Program Files\Eclipse Adoptium\jdk-17.0.17.10-hotspot\bin\msvcp140.dll
0x00007ffaf8620000 - 0x00007ffaf928b000 	C:\Program Files\Eclipse Adoptium\jdk-17.0.17.10-hotspot\bin\server\jvm.dll
0x00007ffb801f0000 - 0x00007ffb802a6000 	C:\WINDOWS\System32\ADVAPI32.dll
0x00007ffb80140000 - 0x00007ffb801e7000 	C:\WINDOWS\System32\sechost.dll
0x00007ffb802b0000 - 0x00007ffb803c8000 	C:\WINDOWS\System32\RPCRT4.dll
0x00007ffb7e910000 - 0x00007ffb7e990000 	C:\WINDOWS\System32\WS2_32.dll
0x00007ffb7cbb0000 - 0x00007ffb7cc0e000 	C:\WINDOWS\SYSTEM32\POWRPROF.dll
0x00007ffb75930000 - 0x00007ffb7593b000 	C:\WINDOWS\SYSTEM32\VERSION.dll
0x00007ffb75190000 - 0x00007ffb751c6000 	C:\WINDOWS\SYSTEM32\WINMM.dll
0x00007ffb7cb90000 - 0x00007ffb7cba4000 	C:\WINDOWS\SYSTEM32\UMPDC.dll
0x00007ffb7bae0000 - 0x00007ffb7bafb000 	C:\WINDOWS\SYSTEM32\kernel.appcore.dll
0x00007ffb4b090000 - 0x00007ffb4b09a000 	C:\Program Files\Eclipse Adoptium\jdk-17.0.17.10-hotspot\bin\jimage.dll
0x00007ffb7ad60000 - 0x00007ffb7afa2000 	C:\WINDOWS\SYSTEM32\DBGHELP.DLL
0x00007ffb7e420000 - 0x00007ffb7e7a2000 	C:\WINDOWS\System32\combase.dll
0x00007ffb7ea20000 - 0x00007ffb7eaf7000 	C:\WINDOWS\System32\OLEAUT32.dll
0x00007ffb69030000 - 0x00007ffb6906b000 	C:\WINDOWS\SYSTEM32\dbgcore.DLL
0x00007ffb7cd80000 - 0x00007ffb7ce25000 	C:\WINDOWS\System32\bcryptPrimitives.dll
0x00007ffb6ccf0000 - 0x00007ffb6ccfe000 	C:\Program Files\Eclipse Adoptium\jdk-17.0.17.10-hotspot\bin\instrument.dll
0x00007ffb000b0000 - 0x00007ffb000d5000 	C:\Program Files\Eclipse Adoptium\jdk-17.0.17.10-hotspot\bin\java.dll
0x00007ffafffd0000 - 0x00007ffb000a7000 	C:\Program Files\Eclipse Adoptium\jdk-17.0.17.10-hotspot\bin\jsvml.dll
0x00007ffb7eb30000 - 0x00007ffb7f296000 	C:\WINDOWS\System32\SHELL32.dll
0x00007ffb7df50000 - 0x00007ffb7e0ba000 	C:\WINDOWS\System32\wintypes.dll
0x00007ffb7d4f0000 - 0x00007ffb7dd55000 	C:\WINDOWS\System32\windows.storage.dll
0x00007ffb7f330000 - 0x00007ffb7f427000 	C:\WINDOWS\System32\SHCORE.dll
0x00007ffb7e270000 - 0x00007ffb7e2d6000 	C:\WINDOWS\System32\shlwapi.dll
0x00007ffb7cc70000 - 0x00007ffb7cc99000 	C:\WINDOWS\SYSTEM32\profapi.dll
0x00007ffafff90000 - 0x00007ffafffa8000 	C:\Program Files\Eclipse Adoptium\jdk-17.0.17.10-hotspot\bin\zip.dll
0x00007ffb03020000 - 0x00007ffb0303a000 	C:\Program Files\Eclipse Adoptium\jdk-17.0.17.10-hotspot\bin\net.dll
0x00007ffb75ed0000 - 0x00007ffb75ffd000 	C:\WINDOWS\SYSTEM32\WINHTTP.dll
0x00007ffb7c050000 - 0x00007ffb7c0bc000 	C:\WINDOWS\system32\mswsock.dll
0x00007ffafffb0000 - 0x00007ffafffc6000 	C:\Program Files\Eclipse Adoptium\jdk-17.0.17.10-hotspot\bin\nio.dll
0x00007ffb6cd20000 - 0x00007ffb6cd30000 	C:\Program Files\Eclipse Adoptium\jdk-17.0.17.10-hotspot\bin\verify.dll
0x00007ffb5f040000 - 0x00007ffb5f067000 	C:\Users\asepr\.gradle\native\1def1411415f61bf3af743bc5b6707747c0891f09f0c88961ee8f79bc544acac\windows-amd64\native-platform.dll
0x00007ffb57a60000 - 0x00007ffb57ad7000 	C:\Users\asepr\.gradle\native\0.2.8\x86_64-windows-gnu\gradle-fileevents.dll
0x00007ffb45cd0000 - 0x00007ffb45cda000 	C:\Program Files\Eclipse Adoptium\jdk-17.0.17.10-hotspot\bin\management.dll
0x00007ffb45c50000 - 0x00007ffb45c5c000 	C:\Program Files\Eclipse Adoptium\jdk-17.0.17.10-hotspot\bin\management_ext.dll
0x00007ffb7f510000 - 0x00007ffb7f518000 	C:\WINDOWS\System32\PSAPI.DLL
0x00007ffb7b3c0000 - 0x00007ffb7b3f2000 	C:\WINDOWS\SYSTEM32\IPHLPAPI.DLL
0x00007ffb7e210000 - 0x00007ffb7e21a000 	C:\WINDOWS\System32\NSI.dll
0x00007ffb765c0000 - 0x00007ffb765dd000 	C:\WINDOWS\SYSTEM32\dhcpcsvc6.DLL
0x00007ffb76590000 - 0x00007ffb765b5000 	C:\WINDOWS\SYSTEM32\dhcpcsvc.DLL
0x00007ffb7b530000 - 0x00007ffb7b662000 	C:\WINDOWS\SYSTEM32\DNSAPI.dll
0x00007ffafff20000 - 0x00007ffafff29000 	C:\Program Files\Eclipse Adoptium\jdk-17.0.17.10-hotspot\bin\extnet.dll
0x00007ffb7c330000 - 0x00007ffb7c34b000 	C:\WINDOWS\SYSTEM32\CRYPTSP.dll
0x00007ffb7ba40000 - 0x00007ffb7ba79000 	C:\WINDOWS\system32\rsaenh.dll
0x00007ffb7c100000 - 0x00007ffb7c133000 	C:\WINDOWS\SYSTEM32\USERENV.dll
0x00007ffb7cc40000 - 0x00007ffb7cc6a000 	C:\WINDOWS\SYSTEM32\bcrypt.dll
0x00007ffb7c350000 - 0x00007ffb7c35c000 	C:\WINDOWS\SYSTEM32\CRYPTBASE.dll
0x00007ffb00400000 - 0x00007ffb0040e000 	C:\Program Files\Eclipse Adoptium\jdk-17.0.17.10-hotspot\bin\sunmscapi.dll
0x00007ffb7d370000 - 0x00007ffb7d4e7000 	C:\WINDOWS\System32\CRYPT32.dll
0x00007ffb7c550000 - 0x00007ffb7c580000 	C:\WINDOWS\SYSTEM32\ncrypt.dll
0x00007ffb7c500000 - 0x00007ffb7c53f000 	C:\WINDOWS\SYSTEM32\NTASN1.dll
0x00007ffb58b40000 - 0x00007ffb58b48000 	C:\WINDOWS\system32\wshunix.dll
0x00007ffb7bc00000 - 0x00007ffb7bc36000 	C:\WINDOWS\SYSTEM32\ntmarta.dll

dbghelp: loaded successfully - version: 4.0.5 - missing functions: none
symbol engine: initialized successfully - sym options: 0x614 - pdb path: .;C:\Program Files\Eclipse Adoptium\jdk-17.0.17.10-hotspot\bin;C:\WINDOWS\SYSTEM32;C:\WINDOWS\WinSxS\amd64_microsoft.windows.common-controls_6595b64144ccf1df_6.0.26100.8115_none_3e075c82e3354f9c;C:\Program Files\Eclipse Adoptium\jdk-17.0.17.10-hotspot\bin\server;C:\Users\asepr\.gradle\native\1def1411415f61bf3af743bc5b6707747c0891f09f0c88961ee8f79bc544acac\windows-amd64;C:\Users\asepr\.gradle\native\0.2.8\x86_64-windows-gnu

VM Arguments:
jvm_args: --add-opens=java.base/java.lang=ALL-UNNAMED --add-opens=java.base/java.lang.invoke=ALL-UNNAMED --add-opens=java.base/java.util=ALL-UNNAMED --add-opens=java.prefs/java.util.prefs=ALL-UNNAMED --add-exports=jdk.compiler/com.sun.tools.javac.api=ALL-UNNAMED --add-exports=jdk.compiler/com.sun.tools.javac.util=ALL-UNNAMED --add-opens=java.base/java.util=ALL-UNNAMED --add-opens=java.prefs/java.util.prefs=ALL-UNNAMED --add-opens=java.base/java.nio.charset=ALL-UNNAMED --add-opens=java.base/java.net=ALL-UNNAMED --add-opens=java.base/java.util.concurrent=ALL-UNNAMED --add-opens=java.base/java.util.concurrent.atomic=ALL-UNNAMED --add-opens=java.xml/javax.xml.namespace=ALL-UNNAMED -XX:MaxMetaspaceSize=512m -Xmx2048m -Dfile.encoding=windows-1252 -Duser.country=ID -Duser.language=en -Duser.variant -javaagent:C:\Users\asepr\.gradle\wrapper\dists\gradle-9.0.0-bin\d6wjpkvcgsg3oed0qlfss3wgl\gradle-9.0.0\lib\agents\gradle-instrumentation-agent-9.0.0.jar 
java_command: org.gradle.launcher.daemon.bootstrap.GradleDaemon 9.0.0
java_class_path (initial): C:\Users\asepr\.gradle\wrapper\dists\gradle-9.0.0-bin\d6wjpkvcgsg3oed0qlfss3wgl\gradle-9.0.0\lib\gradle-daemon-main-9.0.0.jar
Launcher Type: SUN_STANDARD

[Global flags]
     intx CICompilerCount                          = 4                                         {product} {ergonomic}
   size_t CompressedClassSpaceSize                 = 436207616                                 {product} {ergonomic}
     uint ConcGCThreads                            = 3                                         {product} {ergonomic}
     uint G1ConcRefinementThreads                  = 10                                        {product} {ergonomic}
   size_t G1HeapRegionSize                         = 1048576                                   {product} {ergonomic}
    uintx GCDrainStackTargetSize                   = 64                                        {product} {ergonomic}
   size_t InitialHeapSize                          = 98566144                                  {product} {ergonomic}
   size_t MarkStackSize                            = 4194304                                   {product} {ergonomic}
   size_t MaxHeapSize                              = 2147483648                                {product} {command line}
   size_t MaxMetaspaceSize                         = 536870912                                 {product} {command line}
   size_t MaxNewSize                               = 1287651328                                {product} {ergonomic}
   size_t MinHeapDeltaBytes                        = 1048576                                   {product} {ergonomic}
   size_t MinHeapSize                              = 8388608                                   {product} {ergonomic}
    uintx NonNMethodCodeHeapSize                   = 5839372                                {pd product} {ergonomic}
    uintx NonProfiledCodeHeapSize                  = 122909434                              {pd product} {ergonomic}
    uintx ProfiledCodeHeapSize                     = 122909434                              {pd product} {ergonomic}
    uintx ReservedCodeCacheSize                    = 251658240                              {pd product} {ergonomic}
     bool SegmentedCodeCache                       = true                                      {product} {ergonomic}
   size_t SoftMaxHeapSize                          = 2147483648                             {manageable} {ergonomic}
     bool UseCompressedClassPointers               = true                           {product lp64_product} {ergonomic}
     bool UseCompressedOops                        = true                           {product lp64_product} {ergonomic}
     bool UseG1GC                                  = true                                      {product} {ergonomic}
     bool UseLargePagesIndividualAllocation        = false                                  {pd product} {ergonomic}

Logging:
Log output configuration:
 #0: stdout all=warning uptime,level,tags
 #1: stderr all=off uptime,level,tags

Environment Variables:
JAVA_HOME=C:\Program Files\Eclipse Adoptium\jdk-17.0.17.10-hotspot
PATH=C:\Users\asepr\mobile-app\mobile\node_modules\.bin;C:\Users\asepr\mobile-app\mobile\node_modules\.bin;C:\Users\asepr\mobile-app\node_modules\.bin;C:\Users\asepr\node_modules\.bin;C:\Users\node_modules\.bin;C:\node_modules\.bin;C:\Users\asepr\AppData\Roaming\npm\node_modules\npm\node_modules\@npmcli\run-script\lib\node-gyp-bin;C:\Users\asepr\bin;C:\Program Files\Git\mingw64\bin;C:\Program Files\Git\usr\local\bin;C:\Program Files\Git\usr\bin;C:\Program Files\Git\usr\bin;C:\Program Files\Git\mingw64\bin;C:\Program Files\Git\usr\bin;C:\Users\asepr\bin;C:\Users\asepr\AppData\Roaming\Code\User\globalStorage\github.copilot-chat\debugCommand;C:\Users\asepr\AppData\Roaming\Code\User\globalStorage\github.copilot-chat\copilotCli;C:\Users\asepr\AppData\Local\Programs\Microsoft VS Code;C:\Program Files\Eclipse Adoptium\jdk-17.0.17.10-hotspot\bin;C:\WINDOWS\system32;C:\WINDOWS;C:\WINDOWS\System32\Wbem;C:\WINDOWS\System32\WindowsPowerShell\v1.0;C:\WINDOWS\System32\OpenSSH;C:\Program Files\Git\cmd;C:\Program Files\Redis;C:\xampp\php;C:\Program Files\apache-maven-3.8.3\bin;C:\instantclient_21_3;C:\curl-7.81.0-win64-mingw\bin;C:\Program Files\Go\bin;C:\ProgramData\ComposerSetup\bin;C:\Program Files\PuTTY;C:\Program Files\nodejs;%JAVA_HOME%\bin;C:\Android\platform-tools;C:\WINDOWS\system32;C:\WINDOWS;C:\WINDOWS\System32\Wbem;C:\WINDOWS\System32\WindowsPowerShell\v1.0;C:\WINDOWS\System32\OpenSSH;C:\Program Files\Git\cmd;C:\Program Files\Redis;C:\xampp\php;C:\Program Files\apache-maven-3.8.3\bin;C:\instantclient_21_3;C:\curl-7.81.0-win64-mingw\bin;C:\Program Files\Go\bin;C:\ProgramData\ComposerSetup\bin;C:\Program Files\PuTTY;C:\Program Files\Docker\Docker\resources\bin;C:\Program Files\nodejs;C:\Program Files\dotnet;C:\;C:\Users\asepr\AppData\Local\Programs\Microsoft VS Code\bin;C:\Users\asepr\AppData\Local\Microsoft\WindowsApps;C:\Users\asepr\.dotnet\tools;C:\Program Files\Git\usr\bin\vendor_perl;C:\Program Files\Git\usr\bin\core_perl
USERNAME=asepr
SHELL=C:\Program Files\Git\usr\bin\bash.exe
DISPLAY=needs-to-be-defined
LANG=en_US.UTF-8
TERM=xterm-256color
TMPDIR=C:\Users\asepr\AppData\Local\Temp
OS=Windows_NT
PROCESSOR_IDENTIFIER=AMD64 Family 23 Model 104 Stepping 1, AuthenticAMD
TMP=C:\Users\asepr\AppData\Local\Temp
TEMP=C:\Users\asepr\AppData\Local\Temp



Periodic native trim disabled


---------------  S Y S T E M  ---------------

OS:
 Windows 11 , 64 bit Build 26100 (10.0.26100.8115)
OS uptime: 0 days 2:58 hours
Hyper-V role detected

CPU: total 12 (initial active 12) (12 cores per cpu, 2 threads per core) family 23 model 104 stepping 1 microcode 0x8608103, cx8, cmov, fxsr, ht, mmx, 3dnowpref, sse, sse2, sse3, ssse3, sse4a, sse4.1, sse4.2, popcnt, lzcnt, tsc, tscinvbit, avx, avx2, aes, clmul, bmi1, bmi2, adx, sha, fma, vzeroupper, clflush, clflushopt, hv
Processor Information for all 12 processors :
  Max Mhz: 2100, Current Mhz: 1893, Mhz Limit: 2100

Memory: 4k page, system-wide physical 6005M (918M free)
TotalPageFile size 24437M (AvailPageFile size 6M)
current process WorkingSet (physical memory assigned to process): 415M, peak: 671M
current process commit charge ("private bytes"): 1148M, peak: 1156M

vm_info: OpenJDK 64-Bit Server VM (17.0.17+10) for windows-amd64 JRE (17.0.17+10), built on Oct 21 2025 23:25:32 by "admin" with unknown MS VC++:1942

END.
