#
# There is insufficient memory for the Java Runtime Environment to continue.
# Native memory allocation (malloc) failed to allocate 1069296 bytes. Error detail: Chunk::new
# Possible reasons:
#   The system is out of physical RAM or swap space
#   This process is running with CompressedOops enabled, and the Java Heap may be blocking the growth of the native heap
# Possible solutions:
#   Reduce memory load on the system
#   Increase physical memory or swap space
#   Check if swap backing store is full
#   Decrease Java heap size (-Xmx/-Xms)
#   Decrease number of Java threads
#   Decrease Java thread stack sizes (-Xss)
#   Set larger code cache with -XX:ReservedCodeCacheSize=
#   JVM is running with Unscaled Compressed Oops mode in which the Java heap is
#     placed in the first 4GB address space. The Java Heap base address is the
#     maximum limit for the native heap growth. Please use -XX:HeapBaseMinAddress
#     to set the Java Heap base and to place the Java Heap above 4GB virtual address.
# This output file may be truncated or incomplete.
#
#  Out of Memory Error (arena.cpp:191), pid=24136, tid=11240
#
# JRE version: OpenJDK Runtime Environment Temurin-17.0.17+10 (17.0.17+10) (build 17.0.17+10)
# Java VM: OpenJDK 64-Bit Server VM Temurin-17.0.17+10 (17.0.17+10, mixed mode, sharing, tiered, compressed oops, compressed class ptrs, g1 gc, windows-amd64)
# No core dump will be written. Minidumps are not enabled by default on client versions of Windows
#

---------------  S U M M A R Y ------------

Command Line: --add-opens=java.base/java.lang=ALL-UNNAMED --add-opens=java.base/java.lang.invoke=ALL-UNNAMED --add-opens=java.base/java.util=ALL-UNNAMED --add-opens=java.prefs/java.util.prefs=ALL-UNNAMED --add-exports=jdk.compiler/com.sun.tools.javac.api=ALL-UNNAMED --add-exports=jdk.compiler/com.sun.tools.javac.util=ALL-UNNAMED --add-opens=java.base/java.util=ALL-UNNAMED --add-opens=java.prefs/java.util.prefs=ALL-UNNAMED --add-opens=java.base/java.nio.charset=ALL-UNNAMED --add-opens=java.base/java.net=ALL-UNNAMED --add-opens=java.base/java.util.concurrent=ALL-UNNAMED --add-opens=java.base/java.util.concurrent.atomic=ALL-UNNAMED --add-opens=java.xml/javax.xml.namespace=ALL-UNNAMED -XX:MaxMetaspaceSize=512m -Xmx2048m -Dfile.encoding=windows-1252 -Duser.country=ID -Duser.language=en -Duser.variant -javaagent:C:\Users\asepr\.gradle\wrapper\dists\gradle-9.0.0-bin\d6wjpkvcgsg3oed0qlfss3wgl\gradle-9.0.0\lib\agents\gradle-instrumentation-agent-9.0.0.jar org.gradle.launcher.daemon.bootstrap.GradleDaemon 9.0.0

Host: AMD Ryzen 5 5500U with Radeon Graphics         , 12 cores, 5G,  Windows 11 , 64 bit Build 26100 (10.0.26100.8115)
Time: Wed Apr 15 10:53:34 2026 SE Asia Standard Time elapsed time: 141.847690 seconds (0d 0h 2m 21s)

---------------  T H R E A D  ---------------

Current thread (0x0000029000a8aec0):  JavaThread "C2 CompilerThread0" daemon [_thread_in_native, id=11240, stack(0x000000f721400000,0x000000f721500000)]


Current CompileTask:
C2:141847 33192       4       java.net.URI$Parser::parse (243 bytes)

Stack: [0x000000f721400000,0x000000f721500000]
Native frames: (J=compiled Java code, j=interpreted, Vv=VM code, C=native code)
V  [jvm.dll+0x683fb9]
V  [jvm.dll+0x83a1b5]
V  [jvm.dll+0x83bc2e]
V  [jvm.dll+0x83c2b3]
V  [jvm.dll+0x248eff]
V  [jvm.dll+0xad496]
V  [jvm.dll+0xadb3c]
V  [jvm.dll+0x3689ef]
V  [jvm.dll+0x332fa5]
V  [jvm.dll+0x33240a]
V  [jvm.dll+0x219db9]
V  [jvm.dll+0x219200]
V  [jvm.dll+0x1a4920]
V  [jvm.dll+0x22989a]
V  [jvm.dll+0x227a4b]
V  [jvm.dll+0x7effb8]
V  [jvm.dll+0x7ea44c]
V  [jvm.dll+0x682e87]
C  [ucrtbase.dll+0x37b0]
C  [KERNEL32.DLL+0x2e8d7]
C  [ntdll.dll+0x8c3fc]


---------------  P R O C E S S  ---------------

Threads class SMR info:
_java_thread_list=0x000002902cb7edd0, length=232, elements={
0x00000290620f3970, 0x0000029000a6aa40, 0x0000029000a6b510, 0x0000029000a88850,
0x0000029000a89120, 0x0000029000a899f0, 0x0000029000a8a2c0, 0x0000029000a8aec0,
0x0000029000a8b7d0, 0x0000029000bc46d0, 0x0000029000ccf050, 0x0000029000cd09a0,
0x0000029000cce120, 0x0000029000ccf560, 0x0000029000ccfa70, 0x0000029000ccd1f0,
0x0000029000cce630, 0x0000029021e34000, 0x0000029021e326b0, 0x0000029021e34a20,
0x0000029021e34510, 0x0000029021e38bf0, 0x0000029021e35950, 0x0000029021e386e0,
0x00000290215193f0, 0x000002902151ad40, 0x000002902151a320, 0x000002902151a830,
0x000002902151cba0, 0x0000029025df3da0, 0x0000029025df51e0, 0x0000029025df47c0,
0x0000029025df6b30, 0x0000029025df7040, 0x0000029025df4cd0, 0x0000029025df7550,
0x0000029021176320, 0x00000290245a61b0, 0x00000290245a9450, 0x00000290245a5ca0,
0x00000290245aa890, 0x0000029026c97a40, 0x0000029026c98e80, 0x0000029026d84620,
0x00000290245ac1e0, 0x0000029000ccd700, 0x0000029000cd0490, 0x0000029026828580,
0x0000029020ddb1a0, 0x000002902c807c20, 0x000002902c808640, 0x000002902c807710,
0x000002902098c060, 0x000002902098cf90, 0x000002902098d4a0, 0x000002902c3790e0,
0x000002902c3786c0, 0x000002902c3795f0, 0x000002902c52ab60, 0x000002902c52b070,
0x000002902c52c9c0, 0x000002902c52c4b0, 0x0000029026c98970, 0x0000029026c97f50,
0x0000029026fbfd70, 0x0000029026fbdf10, 0x0000029026fc0ca0, 0x0000029026fbd4f0,
0x0000029026fbf350, 0x0000029026fbe420, 0x0000029026fbda00, 0x000002902e4f7fd0,
0x000002902e4f75b0, 0x000002902e4f7ac0, 0x00000290267ca860, 0x00000290267ca350,
0x00000290267cb280, 0x00000290267cb790, 0x0000029026eacb20, 0x0000029026eada50,
0x0000029026ead030, 0x0000029026eac100, 0x0000029026eaee90, 0x0000029026eae470,
0x000002902c52bfa0, 0x0000029025e4da90, 0x000002902c377ca0, 0x000002902c377280,
0x000002902c379b00, 0x000002902c3781b0, 0x000002902c378bd0, 0x000002902c37a010,
0x000002902c37a520, 0x000002902c376d70, 0x000002902c377790, 0x00000290255b37c0,
0x000002902c52a650, 0x000002902cb8b000, 0x000002902cb8a5e0, 0x000002902cb8aaf0,
0x000002902cb896b0, 0x000002902cb89bc0, 0x000002902cb8a0d0, 0x000002902ebb1ad0,
0x000002902ebb1fe0, 0x000002902ebb2f10, 0x000002902ebb24f0, 0x000002902e4f70a0,
0x000002902e4f84e0, 0x000002902e4f89f0, 0x000002902dabc830, 0x000002902dab9080,
0x000002902dabb3f0, 0x000002902daba4c0, 0x000002902daba9d0, 0x000002902dab9590,
0x000002902dabc320, 0x000002902dabaee0, 0x000002902c52ced0, 0x000002902c52d3e0,
0x000002902c529c30, 0x000002902c52a140, 0x0000029025e4dfa0, 0x000002902ecaead0,
0x000002902ecad690, 0x000002902ecaefe0, 0x000002902ecafa00, 0x000002902ecad180,
0x000002902ecaf4f0, 0x000002902ecacc70, 0x000002902ecaff10, 0x000002902ecb0420,
0x000002902ecadba0, 0x000002902ecae0b0, 0x000002902ecae5c0, 0x000002902c67fe30,
0x000002902c67e4e0, 0x000002902c680340, 0x000002902c680850, 0x000002902c67f410,
0x000002902c67e9f0, 0x000002902ebb2a00, 0x000002902ebb5280, 0x000002902ebb4860,
0x000002902ebb4d70, 0x000002902ebb3420, 0x000002902ebb3930, 0x000002902ebb3e40,
0x000002902ebb4350, 0x000002902d5f0280, 0x000002902c67ef00, 0x000002902dabb900,
0x000002902dab9fb0, 0x000002902da3a570, 0x000002902da3aa80, 0x000002902da3b4a0,
0x000002902da3af90, 0x000002902da3b9b0, 0x000002902da24110, 0x000002902da236f0,
0x000002902da22cd0, 0x000002902da23c00, 0x00000290255b3cd0, 0x00000290255b0f40,
0x00000290255b1450, 0x00000290255b41e0, 0x00000290255b1e70, 0x00000290255b32b0,
0x00000290255b46f0, 0x00000290255b1960, 0x00000290255b2380, 0x00000290255b2890,
0x00000290255b2da0, 0x000002902f943ec0, 0x000002902f942570, 0x000002902f940c20,
0x000002902f942f90, 0x0000029026fc0280, 0x0000029026fbe930, 0x0000029026fc0790,
0x0000029026fbee40, 0x0000029026fbf860, 0x000002902e51c0e0, 0x000002902e51bbd0,
0x000002902e519350, 0x000002902e519860, 0x000002902e51c5f0, 0x000002902e51cb00,
0x000002902e51b1b0, 0x000002902e519d70, 0x000002902e51a280, 0x000002902e51a790,
0x000002902e51aca0, 0x000002902e51b6c0, 0x000002902c67dac0, 0x000002902ea611e0,
0x0000029023f324a0, 0x0000029023f34300, 0x000002902dab9aa0, 0x0000029023f32ec0,
0x000002902dabbe10, 0x000002902c52b580, 0x000002902da24b30, 0x000002902ea602b0,
0x000002902da21380, 0x000002902ea5e960, 0x0000029026889a00, 0x000002902e2e4160,
0x000002902f9443d0, 0x000002902f941b50, 0x000002902c680d60, 0x000002902c67dfd0,
0x000002902c681270, 0x0000029025e4d580, 0x000002902fb29000, 0x000002902fb280d0,
0x000002902fb29510, 0x000002902fb29f30, 0x000002902fb285e0, 0x000002902fb2a440,
0x000002902fb28af0, 0x000002902ea616f0, 0x000002902e2e55a0, 0x000002902e2e4b80,
0x000002902e2e5090, 0x000002902e2e2810, 0x000002902e2e2300, 0x000002902e180850,
0x000002902d5ef350, 0x000002902d5ecfe0, 0x00000290211f9740, 0x000002902f942060
}

Java Threads: ( => current thread )
  0x00000290620f3970 JavaThread "main" [_thread_blocked, id=10152, stack(0x000000f720700000,0x000000f720800000)]
  0x0000029000a6aa40 JavaThread "Reference Handler" daemon [_thread_blocked, id=16404, stack(0x000000f720e00000,0x000000f720f00000)]
  0x0000029000a6b510 JavaThread "Finalizer" daemon [_thread_blocked, id=20792, stack(0x000000f720f00000,0x000000f721000000)]
  0x0000029000a88850 JavaThread "Signal Dispatcher" daemon [_thread_blocked, id=14616, stack(0x000000f721000000,0x000000f721100000)]
  0x0000029000a89120 JavaThread "Attach Listener" daemon [_thread_blocked, id=11924, stack(0x000000f721100000,0x000000f721200000)]
  0x0000029000a899f0 JavaThread "Service Thread" daemon [_thread_blocked, id=23500, stack(0x000000f721200000,0x000000f721300000)]
  0x0000029000a8a2c0 JavaThread "Monitor Deflation Thread" daemon [_thread_blocked, id=4036, stack(0x000000f721300000,0x000000f721400000)]
=>0x0000029000a8aec0 JavaThread "C2 CompilerThread0" daemon [_thread_in_native, id=11240, stack(0x000000f721400000,0x000000f721500000)]
  0x0000029000a8b7d0 JavaThread "C1 CompilerThread0" daemon [_thread_blocked, id=23560, stack(0x000000f721500000,0x000000f721600000)]
  0x0000029000bc46d0 JavaThread "Sweeper thread" daemon [_thread_blocked, id=13512, stack(0x000000f721600000,0x000000f721700000)]
  0x0000029000ccf050 JavaThread "Common-Cleaner" daemon [_thread_blocked, id=9144, stack(0x000000f721700000,0x000000f721800000)]
  0x0000029000cd09a0 JavaThread "Notification Thread" daemon [_thread_blocked, id=22576, stack(0x000000f721800000,0x000000f721900000)]
  0x0000029000cce120 JavaThread "Daemon health stats" [_thread_blocked, id=22360, stack(0x000000f721f00000,0x000000f722000000)]
  0x0000029000ccf560 JavaThread "Incoming local TCP Connector on port 52911" [_thread_in_native, id=7644, stack(0x000000f722000000,0x000000f722100000)]
  0x0000029000ccfa70 JavaThread "Daemon periodic checks" [_thread_blocked, id=24196, stack(0x000000f722100000,0x000000f722200000)]
  0x0000029000ccd1f0 JavaThread "Daemon" [_thread_blocked, id=12672, stack(0x000000f722200000,0x000000f722300000)]
  0x0000029000cce630 JavaThread "Daemon worker" [_thread_blocked, id=22184, stack(0x000000f722500000,0x000000f722600000)]
  0x0000029021e34000 JavaThread "Cache worker for journal cache (C:\Users\asepr\.gradle\caches\journal-1)" [_thread_blocked, id=12248, stack(0x000000f722d00000,0x000000f722e00000)]
  0x0000029021e326b0 JavaThread "File lock request listener" [_thread_in_native, id=17496, stack(0x000000f722e00000,0x000000f722f00000)]
  0x0000029021e34a20 JavaThread "Cache worker for file hash cache (C:\Users\asepr\.gradle\caches\9.0.0\fileHashes)" [_thread_blocked, id=18448, stack(0x000000f722f00000,0x000000f723000000)]
  0x0000029021e34510 JavaThread "File watcher server" daemon [_thread_in_native, id=21668, stack(0x000000f723500000,0x000000f723600000)]
  0x0000029021e38bf0 JavaThread "File watcher consumer" daemon [_thread_blocked, id=19496, stack(0x000000f723600000,0x000000f723700000)]
  0x0000029021e35950 JavaThread "Cache worker for file content cache (C:\Users\asepr\.gradle\caches\9.0.0\fileContent)" [_thread_blocked, id=18236, stack(0x000000f723800000,0x000000f723900000)]
  0x0000029021e386e0 JavaThread "jar transforms" [_thread_blocked, id=5944, stack(0x000000f723b00000,0x000000f723c00000)]
  0x00000290215193f0 JavaThread "Memory manager" [_thread_blocked, id=16252, stack(0x000000f726500000,0x000000f726600000)]
  0x000002902151ad40 JavaThread "ForkJoinPool.commonPool-worker-1" daemon [_thread_blocked, id=8740, stack(0x000000f726800000,0x000000f726900000)]
  0x000002902151a320 JavaThread "ForkJoinPool.commonPool-worker-2" daemon [_thread_blocked, id=9920, stack(0x000000f726900000,0x000000f726a00000)]
  0x000002902151a830 JavaThread "ForkJoinPool.commonPool-worker-3" daemon [_thread_blocked, id=4284, stack(0x000000f726a00000,0x000000f726b00000)]
  0x000002902151cba0 JavaThread "ForkJoinPool.commonPool-worker-4" daemon [_thread_blocked, id=14608, stack(0x000000f726b00000,0x000000f726c00000)]
  0x0000029025df3da0 JavaThread "ForkJoinPool.commonPool-worker-5" daemon [_thread_blocked, id=22996, stack(0x000000f726c00000,0x000000f726d00000)]
  0x0000029025df51e0 JavaThread "ForkJoinPool.commonPool-worker-6" daemon [_thread_blocked, id=7024, stack(0x000000f726d00000,0x000000f726e00000)]
  0x0000029025df47c0 JavaThread "ForkJoinPool.commonPool-worker-7" daemon [_thread_blocked, id=15392, stack(0x000000f726e00000,0x000000f726f00000)]
  0x0000029025df6b30 JavaThread "ForkJoinPool.commonPool-worker-8" daemon [_thread_blocked, id=20124, stack(0x000000f726f00000,0x000000f727000000)]
  0x0000029025df7040 JavaThread "ForkJoinPool.commonPool-worker-9" daemon [_thread_blocked, id=9620, stack(0x000000f727000000,0x000000f727100000)]
  0x0000029025df4cd0 JavaThread "ForkJoinPool.commonPool-worker-10" daemon [_thread_blocked, id=17896, stack(0x000000f727100000,0x000000f727200000)]
  0x0000029025df7550 JavaThread "ForkJoinPool.commonPool-worker-11" daemon [_thread_blocked, id=14028, stack(0x000000f727200000,0x000000f727300000)]
  0x0000029021176320 JavaThread "jar transforms Thread 2" [_thread_blocked, id=2688, stack(0x000000f72cc00000,0x000000f72cd00000)]
  0x00000290245a61b0 JavaThread "jar transforms Thread 3" [_thread_blocked, id=22452, stack(0x000000f72cd00000,0x000000f72ce00000)]
  0x00000290245a9450 JavaThread "jar transforms Thread 4" [_thread_blocked, id=22620, stack(0x000000f72d600000,0x000000f72d700000)]
  0x00000290245a5ca0 JavaThread "jar transforms Thread 5" [_thread_blocked, id=16016, stack(0x000000f72d700000,0x000000f72d800000)]
  0x00000290245aa890 JavaThread "jar transforms Thread 6" [_thread_blocked, id=18444, stack(0x000000f726600000,0x000000f726700000)]
  0x0000029026c97a40 JavaThread "jar transforms Thread 7" [_thread_blocked, id=2256, stack(0x000000f72d900000,0x000000f72da00000)]
  0x0000029026c98e80 JavaThread "jar transforms Thread 8" [_thread_blocked, id=17196, stack(0x000000f72db00000,0x000000f72dc00000)]
  0x0000029026d84620 JavaThread "jar transforms Thread 9" [_thread_blocked, id=2264, stack(0x000000f72dd00000,0x000000f72de00000)]
  0x00000290245ac1e0 JavaThread "jar transforms Thread 10" [_thread_blocked, id=5840, stack(0x000000f72de00000,0x000000f72df00000)]
  0x0000029000ccd700 JavaThread "jar transforms Thread 11" [_thread_blocked, id=6432, stack(0x000000f72e000000,0x000000f72e100000)]
  0x0000029000cd0490 JavaThread "jar transforms Thread 12" [_thread_blocked, id=3296, stack(0x000000f72e100000,0x000000f72e200000)]
  0x0000029026828580 JavaThread "Handler for socket connection from /127.0.0.1:52911 to /127.0.0.1:57929" [_thread_in_native, id=22508, stack(0x000000f720400000,0x000000f720500000)]
  0x0000029020ddb1a0 JavaThread "Cancel handler" [_thread_blocked, id=16076, stack(0x000000f720500000,0x000000f720600000)]
  0x000002902c807c20 JavaThread "Asynchronous log dispatcher for DefaultDaemonConnection: socket connection from /127.0.0.1:52911 to /127.0.0.1:57929" [_thread_blocked, id=23840, stack(0x000000f722300000,0x000000f722400000)]
  0x000002902c808640 JavaThread "Stdin handler" [_thread_blocked, id=4896, stack(0x000000f722400000,0x000000f722500000)]
  0x000002902c807710 JavaThread "Daemon client event forwarder" [_thread_blocked, id=12700, stack(0x000000f722600000,0x000000f722700000)]
  0x000002902098c060 JavaThread "Cache worker for file hash cache (C:\Users\asepr\mobile-app\mobile\android\.gradle\9.0.0\fileHashes)" [_thread_blocked, id=8096, stack(0x000000f722700000,0x000000f722800000)]
  0x000002902098cf90 JavaThread "Cache worker for Build Output Cleanup Cache (C:\Users\asepr\mobile-app\mobile\android\.gradle\buildOutputCleanup)" [_thread_blocked, id=22204, stack(0x000000f722800000,0x000000f722900000)]
  0x000002902098d4a0 JavaThread "Cache worker for checksums cache (C:\Users\asepr\mobile-app\mobile\android\.gradle\9.0.0\checksums)" [_thread_blocked, id=7060, stack(0x000000f723000000,0x000000f723100000)]
  0x000002902c3790e0 JavaThread "Cache worker for cache directory md-supplier (C:\Users\asepr\.gradle\caches\9.0.0\md-supplier)" [_thread_blocked, id=13228, stack(0x000000f723300000,0x000000f723400000)]
  0x000002902c3786c0 JavaThread "Cache worker for cache directory md-rule (C:\Users\asepr\.gradle\caches\9.0.0\md-rule)" [_thread_blocked, id=8364, stack(0x000000f723400000,0x000000f723500000)]
  0x000002902c3795f0 JavaThread "Cache worker for Build Output Cleanup Cache (C:\Users\asepr\mobile-app\mobile\node_modules\@react-native\gradle-plugin\.gradle\buildOutputCleanup)" [_thread_blocked, id=5280, stack(0x000000f723700000,0x000000f723800000)]
  0x000002902c52ab60 JavaThread "Unconstrained build operations" [_thread_blocked, id=13720, stack(0x000000f723900000,0x000000f723a00000)]
  0x000002902c52b070 JavaThread "Unconstrained build operations Thread 2" [_thread_blocked, id=10548, stack(0x000000f723a00000,0x000000f723b00000)]
  0x000002902c52c9c0 JavaThread "Unconstrained build operations Thread 3" [_thread_blocked, id=5600, stack(0x000000f723c00000,0x000000f723d00000)]
  0x000002902c52c4b0 JavaThread "Unconstrained build operations Thread 4" [_thread_blocked, id=4056, stack(0x000000f723d00000,0x000000f723e00000)]
  0x0000029026c98970 JavaThread "Unconstrained build operations Thread 5" [_thread_blocked, id=12680, stack(0x000000f723e00000,0x000000f723f00000)]
  0x0000029026c97f50 JavaThread "Unconstrained build operations Thread 6" [_thread_blocked, id=9480, stack(0x000000f723f00000,0x000000f724000000)]
  0x0000029026fbfd70 JavaThread "Unconstrained build operations Thread 7" [_thread_blocked, id=5844, stack(0x000000f724000000,0x000000f724100000)]
  0x0000029026fbdf10 JavaThread "Unconstrained build operations Thread 8" [_thread_blocked, id=6324, stack(0x000000f724100000,0x000000f724200000)]
  0x0000029026fc0ca0 JavaThread "Unconstrained build operations Thread 9" [_thread_blocked, id=9872, stack(0x000000f724200000,0x000000f724300000)]
  0x0000029026fbd4f0 JavaThread "Unconstrained build operations Thread 10" [_thread_blocked, id=7412, stack(0x000000f724400000,0x000000f724500000)]
  0x0000029026fbf350 JavaThread "Unconstrained build operations Thread 11" [_thread_blocked, id=17820, stack(0x000000f724500000,0x000000f724600000)]
  0x0000029026fbe420 JavaThread "Unconstrained build operations Thread 12" [_thread_blocked, id=3288, stack(0x000000f724600000,0x000000f724700000)]
  0x0000029026fbda00 JavaThread "Unconstrained build operations Thread 13" [_thread_blocked, id=18328, stack(0x000000f724700000,0x000000f724800000)]
  0x000002902e4f7fd0 JavaThread "Unconstrained build operations Thread 14" [_thread_blocked, id=19020, stack(0x000000f724800000,0x000000f724900000)]
  0x000002902e4f75b0 JavaThread "Unconstrained build operations Thread 15" [_thread_blocked, id=24432, stack(0x000000f724900000,0x000000f724a00000)]
  0x000002902e4f7ac0 JavaThread "Unconstrained build operations Thread 16" [_thread_blocked, id=1512, stack(0x000000f724a00000,0x000000f724b00000)]
  0x00000290267ca860 JavaThread "Unconstrained build operations Thread 17" [_thread_blocked, id=20332, stack(0x000000f724b00000,0x000000f724c00000)]
  0x00000290267ca350 JavaThread "Unconstrained build operations Thread 18" [_thread_blocked, id=13796, stack(0x000000f724c00000,0x000000f724d00000)]
  0x00000290267cb280 JavaThread "Unconstrained build operations Thread 19" [_thread_blocked, id=21360, stack(0x000000f724d00000,0x000000f724e00000)]
  0x00000290267cb790 JavaThread "Unconstrained build operations Thread 20" [_thread_blocked, id=13628, stack(0x000000f724e00000,0x000000f724f00000)]
  0x0000029026eacb20 JavaThread "Unconstrained build operations Thread 21" [_thread_blocked, id=10336, stack(0x000000f724f00000,0x000000f725000000)]
  0x0000029026eada50 JavaThread "Unconstrained build operations Thread 22" [_thread_blocked, id=22244, stack(0x000000f725000000,0x000000f725100000)]
  0x0000029026ead030 JavaThread "Unconstrained build operations Thread 23" [_thread_blocked, id=2192, stack(0x000000f725100000,0x000000f725200000)]
  0x0000029026eac100 JavaThread "Unconstrained build operations Thread 24" [_thread_blocked, id=24064, stack(0x000000f725200000,0x000000f725300000)]
  0x0000029026eaee90 JavaThread "Unconstrained build operations Thread 25" [_thread_blocked, id=24544, stack(0x000000f725300000,0x000000f725400000)]
  0x0000029026eae470 JavaThread "Unconstrained build operations Thread 26" [_thread_blocked, id=11344, stack(0x000000f725400000,0x000000f725500000)]
  0x000002902c52bfa0 JavaThread "build event listener" [_thread_blocked, id=24076, stack(0x000000f725500000,0x000000f725600000)]
  0x0000029025e4da90 JavaThread "included builds" [_thread_blocked, id=18324, stack(0x000000f725600000,0x000000f725700000)]
  0x000002902c377ca0 JavaThread "Execution worker" [_thread_blocked, id=21176, stack(0x000000f725700000,0x000000f725800000)]
  0x000002902c377280 JavaThread "Execution worker Thread 2" [_thread_blocked, id=11568, stack(0x000000f725800000,0x000000f725900000)]
  0x000002902c379b00 JavaThread "Execution worker Thread 3" [_thread_blocked, id=23392, stack(0x000000f725900000,0x000000f725a00000)]
  0x000002902c3781b0 JavaThread "Execution worker Thread 4" [_thread_blocked, id=18640, stack(0x000000f725a00000,0x000000f725b00000)]
  0x000002902c378bd0 JavaThread "Execution worker Thread 5" [_thread_blocked, id=11928, stack(0x000000f725b00000,0x000000f725c00000)]
  0x000002902c37a010 JavaThread "Execution worker Thread 6" [_thread_blocked, id=11436, stack(0x000000f725c00000,0x000000f725d00000)]
  0x000002902c37a520 JavaThread "Execution worker Thread 7" [_thread_in_native, id=16956, stack(0x000000f725d00000,0x000000f725e00000)]
  0x000002902c376d70 JavaThread "Execution worker Thread 8" [_thread_blocked, id=17540, stack(0x000000f725e00000,0x000000f725f00000)]
  0x000002902c377790 JavaThread "Execution worker Thread 9" [_thread_blocked, id=23432, stack(0x000000f725f00000,0x000000f726000000)]
  0x00000290255b37c0 JavaThread "Execution worker Thread 10" [_thread_blocked, id=832, stack(0x000000f726000000,0x000000f726100000)]
  0x000002902c52a650 JavaThread "Execution worker Thread 11" [_thread_blocked, id=21416, stack(0x000000f726100000,0x000000f726200000)]
  0x000002902cb8b000 JavaThread "Cache worker for execution history cache (C:\Users\asepr\mobile-app\mobile\node_modules\@react-native\gradle-plugin\.gradle\9.0.0\executionHistory)" [_thread_blocked, id=24228, stack(0x000000f726200000,0x000000f726300000)]
  0x000002902cb8a5e0 JavaThread "Unconstrained build operations Thread 27" [_thread_blocked, id=14192, stack(0x000000f726300000,0x000000f726400000)]
  0x000002902cb8aaf0 JavaThread "Unconstrained build operations Thread 28" [_thread_blocked, id=10396, stack(0x000000f726400000,0x000000f726500000)]
  0x000002902cb896b0 JavaThread "Unconstrained build operations Thread 29" [_thread_blocked, id=9464, stack(0x000000f726700000,0x000000f726800000)]
  0x000002902cb89bc0 JavaThread "Unconstrained build operations Thread 30" [_thread_blocked, id=22856, stack(0x000000f727300000,0x000000f727400000)]
  0x000002902cb8a0d0 JavaThread "Unconstrained build operations Thread 31" [_thread_blocked, id=14260, stack(0x000000f727400000,0x000000f727500000)]
  0x000002902ebb1ad0 JavaThread "Unconstrained build operations Thread 32" [_thread_blocked, id=20932, stack(0x000000f727500000,0x000000f727600000)]
  0x000002902ebb1fe0 JavaThread "Unconstrained build operations Thread 33" [_thread_blocked, id=21952, stack(0x000000f727700000,0x000000f727800000)]
  0x000002902ebb2f10 JavaThread "Unconstrained build operations Thread 34" [_thread_blocked, id=14400, stack(0x000000f727800000,0x000000f727900000)]
  0x000002902ebb24f0 JavaThread "Unconstrained build operations Thread 35" [_thread_blocked, id=21460, stack(0x000000f727900000,0x000000f727a00000)]
  0x000002902e4f70a0 JavaThread "Unconstrained build operations Thread 36" [_thread_blocked, id=21996, stack(0x000000f727a00000,0x000000f727b00000)]
  0x000002902e4f84e0 JavaThread "Unconstrained build operations Thread 37" [_thread_blocked, id=18168, stack(0x000000f727b00000,0x000000f727c00000)]
  0x000002902e4f89f0 JavaThread "Unconstrained build operations Thread 38" [_thread_blocked, id=13544, stack(0x000000f727c00000,0x000000f727d00000)]
  0x000002902dabc830 JavaThread "Unconstrained build operations Thread 39" [_thread_blocked, id=21696, stack(0x000000f727d00000,0x000000f727e00000)]
  0x000002902dab9080 JavaThread "Unconstrained build operations Thread 40" [_thread_blocked, id=23744, stack(0x000000f727e00000,0x000000f727f00000)]
  0x000002902dabb3f0 JavaThread "Unconstrained build operations Thread 41" [_thread_blocked, id=21512, stack(0x000000f727f00000,0x000000f728000000)]
  0x000002902daba4c0 JavaThread "Unconstrained build operations Thread 42" [_thread_blocked, id=10588, stack(0x000000f728000000,0x000000f728100000)]
  0x000002902daba9d0 JavaThread "Unconstrained build operations Thread 43" [_thread_blocked, id=3636, stack(0x000000f728100000,0x000000f728200000)]
  0x000002902dab9590 JavaThread "Unconstrained build operations Thread 44" [_thread_blocked, id=12188, stack(0x000000f728200000,0x000000f728300000)]
  0x000002902dabc320 JavaThread "Unconstrained build operations Thread 45" [_thread_blocked, id=23736, stack(0x000000f728300000,0x000000f728400000)]
  0x000002902dabaee0 JavaThread "Unconstrained build operations Thread 46" [_thread_blocked, id=5440, stack(0x000000f728400000,0x000000f728500000)]
  0x000002902c52ced0 JavaThread "Unconstrained build operations Thread 47" [_thread_blocked, id=8312, stack(0x000000f728500000,0x000000f728600000)]
  0x000002902c52d3e0 JavaThread "Unconstrained build operations Thread 48" [_thread_blocked, id=6804, stack(0x000000f728600000,0x000000f728700000)]
  0x000002902c529c30 JavaThread "Unconstrained build operations Thread 49" [_thread_blocked, id=15456, stack(0x000000f728700000,0x000000f728800000)]
  0x000002902c52a140 JavaThread "Unconstrained build operations Thread 50" [_thread_blocked, id=4140, stack(0x000000f728800000,0x000000f728900000)]
  0x0000029025e4dfa0 JavaThread "Unconstrained build operations Thread 51" [_thread_blocked, id=5752, stack(0x000000f728900000,0x000000f728a00000)]
  0x000002902ecaead0 JavaThread "Unconstrained build operations Thread 52" [_thread_blocked, id=5572, stack(0x000000f728a00000,0x000000f728b00000)]
  0x000002902ecad690 JavaThread "Unconstrained build operations Thread 53" [_thread_blocked, id=17852, stack(0x000000f728b00000,0x000000f728c00000)]
  0x000002902ecaefe0 JavaThread "Unconstrained build operations Thread 54" [_thread_blocked, id=20344, stack(0x000000f728c00000,0x000000f728d00000)]
  0x000002902ecafa00 JavaThread "Unconstrained build operations Thread 55" [_thread_blocked, id=23596, stack(0x000000f728d00000,0x000000f728e00000)]
  0x000002902ecad180 JavaThread "Unconstrained build operations Thread 56" [_thread_blocked, id=9828, stack(0x000000f728e00000,0x000000f728f00000)]
  0x000002902ecaf4f0 JavaThread "Unconstrained build operations Thread 57" [_thread_blocked, id=20688, stack(0x000000f728f00000,0x000000f729000000)]
  0x000002902ecacc70 JavaThread "Unconstrained build operations Thread 58" [_thread_blocked, id=13160, stack(0x000000f729000000,0x000000f729100000)]
  0x000002902ecaff10 JavaThread "Unconstrained build operations Thread 59" [_thread_blocked, id=23924, stack(0x000000f729100000,0x000000f729200000)]
  0x000002902ecb0420 JavaThread "Unconstrained build operations Thread 60" [_thread_blocked, id=3884, stack(0x000000f729200000,0x000000f729300000)]
  0x000002902ecadba0 JavaThread "Unconstrained build operations Thread 61" [_thread_blocked, id=21492, stack(0x000000f729300000,0x000000f729400000)]
  0x000002902ecae0b0 JavaThread "Unconstrained build operations Thread 62" [_thread_blocked, id=23856, stack(0x000000f729400000,0x000000f729500000)]
  0x000002902ecae5c0 JavaThread "Unconstrained build operations Thread 63" [_thread_blocked, id=11984, stack(0x000000f729500000,0x000000f729600000)]
  0x000002902c67fe30 JavaThread "Unconstrained build operations Thread 64" [_thread_blocked, id=15900, stack(0x000000f729600000,0x000000f729700000)]
  0x000002902c67e4e0 JavaThread "Unconstrained build operations Thread 65" [_thread_blocked, id=6356, stack(0x000000f729700000,0x000000f729800000)]
  0x000002902c680340 JavaThread "Unconstrained build operations Thread 66" [_thread_blocked, id=18100, stack(0x000000f729800000,0x000000f729900000)]
  0x000002902c680850 JavaThread "Unconstrained build operations Thread 67" [_thread_blocked, id=13224, stack(0x000000f729900000,0x000000f729a00000)]
  0x000002902c67f410 JavaThread "Unconstrained build operations Thread 68" [_thread_blocked, id=9608, stack(0x000000f729a00000,0x000000f729b00000)]
  0x000002902c67e9f0 JavaThread "Problems report writer" [_thread_blocked, id=16504, stack(0x000000f729b00000,0x000000f729c00000)]
  0x000002902ebb2a00 JavaThread "Unconstrained build operations Thread 69" [_thread_blocked, id=11600, stack(0x000000f729c00000,0x000000f729d00000)]
  0x000002902ebb5280 JavaThread "Unconstrained build operations Thread 70" [_thread_blocked, id=5408, stack(0x000000f729d00000,0x000000f729e00000)]
  0x000002902ebb4860 JavaThread "Unconstrained build operations Thread 71" [_thread_blocked, id=17600, stack(0x000000f729e00000,0x000000f729f00000)]
  0x000002902ebb4d70 JavaThread "Unconstrained build operations Thread 72" [_thread_blocked, id=20748, stack(0x000000f729f00000,0x000000f72a000000)]
  0x000002902ebb3420 JavaThread "Unconstrained build operations Thread 73" [_thread_blocked, id=22080, stack(0x000000f72a000000,0x000000f72a100000)]
  0x000002902ebb3930 JavaThread "Unconstrained build operations Thread 74" [_thread_blocked, id=9484, stack(0x000000f72a100000,0x000000f72a200000)]
  0x000002902ebb3e40 JavaThread "Unconstrained build operations Thread 75" [_thread_blocked, id=10288, stack(0x000000f72a200000,0x000000f72a300000)]
  0x000002902ebb4350 JavaThread "Unconstrained build operations Thread 76" [_thread_blocked, id=21516, stack(0x000000f72a300000,0x000000f72a400000)]
  0x000002902d5f0280 JavaThread "Unconstrained build operations Thread 77" [_thread_blocked, id=6256, stack(0x000000f72a400000,0x000000f72a500000)]
  0x000002902c67ef00 JavaThread "Unconstrained build operations Thread 78" [_thread_blocked, id=9964, stack(0x000000f72a500000,0x000000f72a600000)]
  0x000002902dabb900 JavaThread "Unconstrained build operations Thread 79" [_thread_blocked, id=14960, stack(0x000000f72a600000,0x000000f72a700000)]
  0x000002902dab9fb0 JavaThread "Unconstrained build operations Thread 80" [_thread_blocked, id=17692, stack(0x000000f72a700000,0x000000f72a800000)]
  0x000002902da3a570 JavaThread "Unconstrained build operations Thread 81" [_thread_blocked, id=17464, stack(0x000000f72a800000,0x000000f72a900000)]
  0x000002902da3aa80 JavaThread "Unconstrained build operations Thread 82" [_thread_blocked, id=23812, stack(0x000000f72a900000,0x000000f72aa00000)]
  0x000002902da3b4a0 JavaThread "Unconstrained build operations Thread 83" [_thread_blocked, id=21980, stack(0x000000f72aa00000,0x000000f72ab00000)]
  0x000002902da3af90 JavaThread "Unconstrained build operations Thread 84" [_thread_blocked, id=6528, stack(0x000000f72ab00000,0x000000f72ac00000)]
  0x000002902da3b9b0 JavaThread "Unconstrained build operations Thread 85" [_thread_blocked, id=19188, stack(0x000000f72ac00000,0x000000f72ad00000)]
  0x000002902da24110 JavaThread "Unconstrained build operations Thread 86" [_thread_blocked, id=2248, stack(0x000000f72ad00000,0x000000f72ae00000)]
  0x000002902da236f0 JavaThread "Unconstrained build operations Thread 87" [_thread_blocked, id=9736, stack(0x000000f72ae00000,0x000000f72af00000)]
  0x000002902da22cd0 JavaThread "Unconstrained build operations Thread 88" [_thread_blocked, id=24536, stack(0x000000f72af00000,0x000000f72b000000)]
  0x000002902da23c00 JavaThread "Unconstrained build operations Thread 89" [_thread_blocked, id=19252, stack(0x000000f72b000000,0x000000f72b100000)]
  0x00000290255b3cd0 JavaThread "Unconstrained build operations Thread 90" [_thread_blocked, id=15104, stack(0x000000f72b100000,0x000000f72b200000)]
  0x00000290255b0f40 JavaThread "Unconstrained build operations Thread 91" [_thread_blocked, id=23668, stack(0x000000f72b200000,0x000000f72b300000)]
  0x00000290255b1450 JavaThread "Unconstrained build operations Thread 92" [_thread_blocked, id=23896, stack(0x000000f72b300000,0x000000f72b400000)]
  0x00000290255b41e0 JavaThread "Unconstrained build operations Thread 93" [_thread_blocked, id=2388, stack(0x000000f72b400000,0x000000f72b500000)]
  0x00000290255b1e70 JavaThread "Unconstrained build operations Thread 94" [_thread_blocked, id=9536, stack(0x000000f72b500000,0x000000f72b600000)]
  0x00000290255b32b0 JavaThread "Unconstrained build operations Thread 95" [_thread_blocked, id=20540, stack(0x000000f72b600000,0x000000f72b700000)]
  0x00000290255b46f0 JavaThread "Unconstrained build operations Thread 96" [_thread_blocked, id=6704, stack(0x000000f72b700000,0x000000f72b800000)]
  0x00000290255b1960 JavaThread "Unconstrained build operations Thread 97" [_thread_blocked, id=4972, stack(0x000000f72b800000,0x000000f72b900000)]
  0x00000290255b2380 JavaThread "Unconstrained build operations Thread 98" [_thread_blocked, id=7556, stack(0x000000f72b900000,0x000000f72ba00000)]
  0x00000290255b2890 JavaThread "Unconstrained build operations Thread 99" [_thread_blocked, id=16944, stack(0x000000f72ba00000,0x000000f72bb00000)]
  0x00000290255b2da0 JavaThread "Unconstrained build operations Thread 100" [_thread_blocked, id=7404, stack(0x000000f72bb00000,0x000000f72bc00000)]
  0x000002902f943ec0 JavaThread "build event listener" [_thread_blocked, id=7180, stack(0x000000f72bc00000,0x000000f72bd00000)]
  0x000002902f942570 JavaThread "Unconstrained build operations Thread 101" [_thread_blocked, id=17956, stack(0x000000f72bd00000,0x000000f72be00000)]
  0x000002902f940c20 JavaThread "Unconstrained build operations Thread 102" [_thread_blocked, id=7688, stack(0x000000f72be00000,0x000000f72bf00000)]
  0x000002902f942f90 JavaThread "Unconstrained build operations Thread 103" [_thread_blocked, id=12328, stack(0x000000f72bf00000,0x000000f72c000000)]
  0x0000029026fc0280 JavaThread "Unconstrained build operations Thread 104" [_thread_blocked, id=5312, stack(0x000000f72c000000,0x000000f72c100000)]
  0x0000029026fbe930 JavaThread "Unconstrained build operations Thread 105" [_thread_blocked, id=23956, stack(0x000000f72c100000,0x000000f72c200000)]
  0x0000029026fc0790 JavaThread "Unconstrained build operations Thread 106" [_thread_blocked, id=21520, stack(0x000000f72c200000,0x000000f72c300000)]
  0x0000029026fbee40 JavaThread "Unconstrained build operations Thread 107" [_thread_blocked, id=11032, stack(0x000000f72c300000,0x000000f72c400000)]
  0x0000029026fbf860 JavaThread "Unconstrained build operations Thread 108" [_thread_blocked, id=23932, stack(0x000000f72c400000,0x000000f72c500000)]
  0x000002902e51c0e0 JavaThread "Unconstrained build operations Thread 109" [_thread_blocked, id=6340, stack(0x000000f72c500000,0x000000f72c600000)]
  0x000002902e51bbd0 JavaThread "Unconstrained build operations Thread 110" [_thread_blocked, id=7836, stack(0x000000f72c600000,0x000000f72c700000)]
  0x000002902e519350 JavaThread "Unconstrained build operations Thread 111" [_thread_blocked, id=16144, stack(0x000000f72c700000,0x000000f72c800000)]
  0x000002902e519860 JavaThread "Unconstrained build operations Thread 112" [_thread_blocked, id=9096, stack(0x000000f72c800000,0x000000f72c900000)]
  0x000002902e51c5f0 JavaThread "Unconstrained build operations Thread 113" [_thread_blocked, id=20064, stack(0x000000f72c900000,0x000000f72ca00000)]
  0x000002902e51cb00 JavaThread "Unconstrained build operations Thread 114" [_thread_blocked, id=12176, stack(0x000000f72ca00000,0x000000f72cb00000)]
  0x000002902e51b1b0 JavaThread "Unconstrained build operations Thread 115" [_thread_blocked, id=3264, stack(0x000000f72cb00000,0x000000f72cc00000)]
  0x000002902e519d70 JavaThread "Unconstrained build operations Thread 116" [_thread_blocked, id=12280, stack(0x000000f72ce00000,0x000000f72cf00000)]
  0x000002902e51a280 JavaThread "Unconstrained build operations Thread 117" [_thread_blocked, id=18692, stack(0x000000f72cf00000,0x000000f72d000000)]
  0x000002902e51a790 JavaThread "Unconstrained build operations Thread 118" [_thread_blocked, id=24224, stack(0x000000f72d000000,0x000000f72d100000)]
  0x000002902e51aca0 JavaThread "Unconstrained build operations Thread 119" [_thread_blocked, id=9868, stack(0x000000f72d100000,0x000000f72d200000)]
  0x000002902e51b6c0 JavaThread "Unconstrained build operations Thread 120" [_thread_blocked, id=5784, stack(0x000000f72d200000,0x000000f72d300000)]
  0x000002902c67dac0 JavaThread "Cache worker for execution history cache (C:\Users\asepr\mobile-app\mobile\android\.gradle\9.0.0\executionHistory)" [_thread_blocked, id=23548, stack(0x000000f72d500000,0x000000f72d600000)]
  0x000002902ea611e0 JavaThread "WorkerExecutor Queue" [_thread_blocked, id=13284, stack(0x000000f72da00000,0x000000f72db00000)]
  0x0000029023f324a0 JavaThread "WorkerExecutor Queue Thread 3" [_thread_blocked, id=23684, stack(0x000000f72d400000,0x000000f72d500000)]
  0x0000029023f34300 JavaThread "WorkerExecutor Queue Thread 4" [_thread_in_native, id=16320, stack(0x000000f72e500000,0x000000f72e600000)]
  0x000002902dab9aa0 JavaThread "WorkerExecutor Queue Thread 5" [_thread_blocked, id=14120, stack(0x000000f72e600000,0x000000f72e700000)]
  0x0000029023f32ec0 JavaThread "WorkerExecutor Queue Thread 6" [_thread_in_native, id=11512, stack(0x000000f72e700000,0x000000f72e800000)]
  0x000002902dabbe10 JavaThread "WorkerExecutor Queue Thread 7" [_thread_in_native, id=9624, stack(0x000000f72d300000,0x000000f72d400000)]
  0x000002902c52b580 JavaThread "WorkerExecutor Queue Thread 8" [_thread_blocked, id=24332, stack(0x000000f72e800000,0x000000f72e900000)]
  0x000002902da24b30 JavaThread "WorkerExecutor Queue Thread 9" [_thread_blocked, id=19876, stack(0x000000f72e900000,0x000000f72ea00000)]
  0x000002902ea602b0 JavaThread "WorkerExecutor Queue Thread 10" [_thread_blocked, id=22044, stack(0x000000f72eb00000,0x000000f72ec00000)]
  0x000002902da21380 JavaThread "WorkerExecutor Queue Thread 11" [_thread_blocked, id=19236, stack(0x000000f72ec00000,0x000000f72ed00000)]
  0x000002902ea5e960 JavaThread "WorkerExecutor Queue Thread 12" [_thread_blocked, id=9520, stack(0x000000f72ed00000,0x000000f72ee00000)]
  0x0000029026889a00 JavaThread "pool-5-thread-1" [_thread_blocked, id=12840, stack(0x000000f72ea00000,0x000000f72eb00000)]
  0x000002902e2e4160 JavaThread "Cache worker for Java compile cache (C:\Users\asepr\.gradle\caches\9.0.0\javaCompile)" [_thread_blocked, id=22176, stack(0x000000f72ee00000,0x000000f72ef00000)]
  0x000002902f9443d0 JavaThread "stderr" [_thread_in_native, id=13400, stack(0x000000f72df00000,0x000000f72e000000)]
  0x000002902f941b50 JavaThread "stdout" [_thread_in_native, id=8556, stack(0x000000f72ef00000,0x000000f72f000000)]
  0x000002902c680d60 JavaThread "Build operations" [_thread_blocked, id=12524, stack(0x000000f72f000000,0x000000f72f100000)]
  0x000002902c67dfd0 JavaThread "Build operations Thread 2" [_thread_blocked, id=11724, stack(0x000000f72f100000,0x000000f72f200000)]
  0x000002902c681270 JavaThread "Build operations Thread 3" [_thread_blocked, id=9316, stack(0x000000f72f200000,0x000000f72f300000)]
  0x0000029025e4d580 JavaThread "Build operations Thread 4" [_thread_blocked, id=23404, stack(0x000000f72f500000,0x000000f72f600000)]
  0x000002902fb29000 JavaThread "Build operations Thread 5" [_thread_blocked, id=2776, stack(0x000000f72f600000,0x000000f72f700000)]
  0x000002902fb280d0 JavaThread "Build operations Thread 6" [_thread_blocked, id=5976, stack(0x000000f72f700000,0x000000f72f800000)]
  0x000002902fb29510 JavaThread "Build operations Thread 7" [_thread_blocked, id=15668, stack(0x000000f72f800000,0x000000f72f900000)]
  0x000002902fb29f30 JavaThread "Build operations Thread 8" [_thread_blocked, id=11580, stack(0x000000f72f900000,0x000000f72fa00000)]
  0x000002902fb285e0 JavaThread "Build operations Thread 9" [_thread_blocked, id=11416, stack(0x000000f72fa00000,0x000000f72fb00000)]
  0x000002902fb2a440 JavaThread "Build operations Thread 10" [_thread_blocked, id=23512, stack(0x000000f72fb00000,0x000000f72fc00000)]
  0x000002902fb28af0 JavaThread "Build operations Thread 11" [_thread_blocked, id=24416, stack(0x000000f72fc00000,0x000000f72fd00000)]
  0x000002902ea616f0 JavaThread "Build operations Thread 12" [_thread_blocked, id=17644, stack(0x000000f72fd00000,0x000000f72fe00000)]
  0x000002902e2e55a0 JavaThread "RMI Scheduler(0)" daemon [_thread_blocked, id=7336, stack(0x000000f727600000,0x000000f727700000)]
  0x000002902e2e4b80 JavaThread "RMI RenewClean-[127.0.0.1:17039,org.jetbrains.kotlin.daemon.common.LoopbackNetworkInterface$ClientLoopbackSocketFactory@5867f5c9]" daemon [_thread_blocked, id=8328, stack(0x000000f72fe00000,0x000000f72ff00000)]
  0x000002902e2e5090 JavaThread "RMI GC Daemon" daemon [_thread_blocked, id=24232, stack(0x000000f72ff00000,0x000000f730000000)]
  0x000002902e2e2810 JavaThread "RMI TCP Accept-0" daemon [_thread_in_native, id=22692, stack(0x000000f730000000,0x000000f730100000)]
  0x000002902e2e2300 JavaThread "RMI Reaper" [_thread_blocked, id=17892, stack(0x000000f730100000,0x000000f730200000)]
  0x000002902e180850 JavaThread "RMI TCP Connection(1)-127.0.0.1" daemon [_thread_in_native, id=13236, stack(0x000000f730200000,0x000000f730300000)]
  0x000002902d5ef350 JavaThread "RMI RenewClean-[127.0.0.1:17039,org.jetbrains.kotlin.daemon.common.LoopbackNetworkInterface$ClientLoopbackSocketFactory@671ef8de]" daemon [_thread_blocked, id=14488, stack(0x000000f730300000,0x000000f730400000)]
  0x000002902d5ecfe0 JavaThread "RMI TCP Connection(2)-127.0.0.1" daemon [_thread_in_native, id=19232, stack(0x000000f730600000,0x000000f730700000)]
  0x00000290211f9740 JavaThread "RMI RenewClean-[127.0.0.1:17039,org.jetbrains.kotlin.daemon.common.LoopbackNetworkInterface$ClientLoopbackSocketFactory@74c32385]" daemon [_thread_blocked, id=2684, stack(0x000000f730700000,0x000000f730800000)]
  0x000002902f942060 JavaThread "RMI TCP Connection(3)-127.0.0.1" daemon [_thread_in_native, id=5736, stack(0x000000f730800000,0x000000f730900000)]

Other Threads:
  0x0000029000a66660 VMThread "VM Thread" [stack: 0x000000f720d00000,0x000000f720e00000] [id=8912]
  0x0000029000d66200 WatcherThread [stack: 0x000000f721900000,0x000000f721a00000] [id=24500]
  0x00000290621539b0 GCTaskThread "GC Thread#0" [stack: 0x000000f720800000,0x000000f720900000] [id=15972]
  0x0000029020038520 GCTaskThread "GC Thread#1" [stack: 0x000000f721a00000,0x000000f721b00000] [id=9904]
  0x00000290200f9870 GCTaskThread "GC Thread#2" [stack: 0x000000f721b00000,0x000000f721c00000] [id=18816]
  0x0000029020c4a0f0 GCTaskThread "GC Thread#3" [stack: 0x000000f721d00000,0x000000f721e00000] [id=12144]
  0x0000029021714c60 GCTaskThread "GC Thread#4" [stack: 0x000000f721e00000,0x000000f721f00000] [id=16408]
  0x00000290219c4010 GCTaskThread "GC Thread#5" [stack: 0x000000f721c00000,0x000000f721d00000] [id=23824]
  0x0000029021e297f0 GCTaskThread "GC Thread#6" [stack: 0x000000f722900000,0x000000f722a00000] [id=23028]
  0x0000029021fa33d0 GCTaskThread "GC Thread#7" [stack: 0x000000f722a00000,0x000000f722b00000] [id=3968]
  0x0000029021dd7110 GCTaskThread "GC Thread#8" [stack: 0x000000f722b00000,0x000000f722c00000] [id=14956]
  0x0000029021e2f560 GCTaskThread "GC Thread#9" [stack: 0x000000f722c00000,0x000000f722d00000] [id=8500]
  0x0000029062164810 ConcurrentGCThread "G1 Main Marker" [stack: 0x000000f720900000,0x000000f720a00000] [id=2696]
  0x0000029062165e10 ConcurrentGCThread "G1 Conc#0" [stack: 0x000000f720a00000,0x000000f720b00000] [id=23628]
  0x00000290224e3860 ConcurrentGCThread "G1 Conc#1" [stack: 0x000000f723100000,0x000000f723200000] [id=18532]
  0x00000290224e4620 ConcurrentGCThread "G1 Conc#2" [stack: 0x000000f723200000,0x000000f723300000] [id=19792]
  0x000002906219e620 ConcurrentGCThread "G1 Refine#0" [stack: 0x000000f720b00000,0x000000f720c00000] [id=17168]
  0x00000290249d5d90 ConcurrentGCThread "G1 Refine#1" [stack: 0x000000f724300000,0x000000f724400000] [id=22640]
  0x0000029025d4d010 ConcurrentGCThread "G1 Refine#2" [stack: 0x000000f72e200000,0x000000f72e300000] [id=18092]
  0x00000290263c3530 ConcurrentGCThread "G1 Refine#3" [stack: 0x000000f72e300000,0x000000f72e400000] [id=14816]
  0x000002902607c800 ConcurrentGCThread "G1 Refine#4" [stack: 0x000000f72e400000,0x000000f72e500000] [id=24212]
  0x00000290243d4670 ConcurrentGCThread "G1 Refine#5" [stack: 0x000000f72f300000,0x000000f72f400000] [id=22408]
  0x00000290263c2f50 ConcurrentGCThread "G1 Refine#6" [stack: 0x000000f72f400000,0x000000f72f500000] [id=23448]
  0x0000029000918f90 ConcurrentGCThread "G1 Service" [stack: 0x000000f720c00000,0x000000f720d00000] [id=23696]

Threads with active compile tasks:
C2 CompilerThread0  141940 33192       4       java.net.URI$Parser::parse (243 bytes)

VM state: not at safepoint (normal execution)

VM Mutex/Monitor currently owned by a thread: None

Heap address: 0x0000000080000000, size: 2048 MB, Compressed Oops mode: 32-bit

CDS archive(s) mapped at: [0x0000029001000000-0x0000029001bb0000-0x0000029001bb0000), size 12255232, SharedBaseAddress: 0x0000029001000000, ArchiveRelocationMode: 1.
Compressed class space mapped at: 0x0000029002000000-0x000002901c000000, reserved size: 436207616
Narrow klass base: 0x0000029001000000, Narrow klass shift: 0, Narrow klass range: 0x100000000

GC Precious Log:
 CPUs: 12 total, 12 available
 Memory: 6005M
 Large Page Support: Disabled
 NUMA Support: Disabled
 Compressed Oops: Enabled (32-bit)
 Heap Region Size: 1M
 Heap Min Capacity: 8M
 Heap Initial Capacity: 94M
 Heap Max Capacity: 2G
 Pre-touch: Disabled
 Parallel Workers: 10
 Concurrent Workers: 3
 Concurrent Refinement Workers: 10
 Periodic GC: Disabled

Heap:
 garbage-first heap   total 867328K, used 609317K [0x0000000080000000, 0x0000000100000000)
  region size 1024K, 108 young (110592K), 4 survivors (4096K)
 Metaspace       used 149830K, committed 152384K, reserved 622592K
  class space    used 19773K, committed 20992K, reserved 425984K

Heap Regions: E=young(eden), S=young(survivor), O=old, HS=humongous(starts), HC=humongous(continues), CS=collection set, F=free, OA=open archive, CA=closed archive, TAMS=top-at-mark-start (previous, next)
|   0|0x0000000080000000, 0x0000000080100000, 0x0000000080100000|100%|HS|  |TAMS 0x0000000080100000, 0x0000000080000000| Complete 
|   1|0x0000000080100000, 0x0000000080200000, 0x0000000080200000|100%|HC|  |TAMS 0x0000000080200000, 0x0000000080100000| Complete 
|   2|0x0000000080200000, 0x0000000080300000, 0x0000000080300000|100%|HC|  |TAMS 0x0000000080300000, 0x0000000080200000| Complete 
|   3|0x0000000080300000, 0x0000000080400000, 0x0000000080400000|100%| O|  |TAMS 0x0000000080400000, 0x0000000080300000| Untracked 
|   4|0x0000000080400000, 0x0000000080500000, 0x0000000080500000|100%| O|  |TAMS 0x0000000080500000, 0x0000000080400000| Untracked 
|   5|0x0000000080500000, 0x0000000080600000, 0x0000000080600000|100%| O|  |TAMS 0x0000000080600000, 0x0000000080500000| Untracked 
|   6|0x0000000080600000, 0x0000000080700000, 0x0000000080700000|100%|HS|  |TAMS 0x0000000080700000, 0x0000000080600000| Complete 
|   7|0x0000000080700000, 0x0000000080800000, 0x0000000080800000|100%| O|  |TAMS 0x0000000080800000, 0x0000000080700000| Untracked 
|   8|0x0000000080800000, 0x0000000080900000, 0x0000000080900000|100%| O|  |TAMS 0x0000000080900000, 0x0000000080800000| Untracked 
|   9|0x0000000080900000, 0x0000000080a00000, 0x0000000080a00000|100%| O|  |TAMS 0x0000000080a00000, 0x0000000080900000| Untracked 
|  10|0x0000000080a00000, 0x0000000080b00000, 0x0000000080b00000|100%| O|  |TAMS 0x0000000080b00000, 0x0000000080a00000| Untracked 
|  11|0x0000000080b00000, 0x0000000080c00000, 0x0000000080c00000|100%| O|  |TAMS 0x0000000080c00000, 0x0000000080b00000| Untracked 
|  12|0x0000000080c00000, 0x0000000080d00000, 0x0000000080d00000|100%| O|  |TAMS 0x0000000080d00000, 0x0000000080c00000| Untracked 
|  13|0x0000000080d00000, 0x0000000080e00000, 0x0000000080e00000|100%| O|  |TAMS 0x0000000080e00000, 0x0000000080d00000| Untracked 
|  14|0x0000000080e00000, 0x0000000080f00000, 0x0000000080f00000|100%| O|  |TAMS 0x0000000080f00000, 0x0000000080e00000| Untracked 
|  15|0x0000000080f00000, 0x0000000081000000, 0x0000000081000000|100%| O|  |TAMS 0x0000000081000000, 0x0000000080f00000| Untracked 
|  16|0x0000000081000000, 0x0000000081100000, 0x0000000081100000|100%| O|  |TAMS 0x0000000081100000, 0x0000000081000000| Untracked 
|  17|0x0000000081100000, 0x0000000081200000, 0x0000000081200000|100%| O|  |TAMS 0x0000000081200000, 0x0000000081100000| Untracked 
|  18|0x0000000081200000, 0x0000000081300000, 0x0000000081300000|100%| O|  |TAMS 0x0000000081300000, 0x0000000081200000| Untracked 
|  19|0x0000000081300000, 0x0000000081400000, 0x0000000081400000|100%| O|  |TAMS 0x0000000081400000, 0x0000000081300000| Untracked 
|  20|0x0000000081400000, 0x0000000081500000, 0x0000000081500000|100%| O|  |TAMS 0x0000000081500000, 0x0000000081400000| Untracked 
|  21|0x0000000081500000, 0x0000000081600000, 0x0000000081600000|100%| O|  |TAMS 0x0000000081600000, 0x0000000081500000| Untracked 
|  22|0x0000000081600000, 0x0000000081700000, 0x0000000081700000|100%| O|  |TAMS 0x0000000081700000, 0x0000000081600000| Untracked 
|  23|0x0000000081700000, 0x0000000081800000, 0x0000000081800000|100%| O|  |TAMS 0x0000000081800000, 0x0000000081700000| Untracked 
|  24|0x0000000081800000, 0x0000000081900000, 0x0000000081900000|100%| O|  |TAMS 0x0000000081900000, 0x0000000081800000| Untracked 
|  25|0x0000000081900000, 0x0000000081a00000, 0x0000000081a00000|100%| O|  |TAMS 0x0000000081a00000, 0x0000000081900000| Untracked 
|  26|0x0000000081a00000, 0x0000000081b00000, 0x0000000081b00000|100%| O|  |TAMS 0x0000000081b00000, 0x0000000081a00000| Untracked 
|  27|0x0000000081b00000, 0x0000000081c00000, 0x0000000081c00000|100%| O|  |TAMS 0x0000000081c00000, 0x0000000081b00000| Untracked 
|  28|0x0000000081c00000, 0x0000000081d00000, 0x0000000081d00000|100%| O|  |TAMS 0x0000000081d00000, 0x0000000081c00000| Untracked 
|  29|0x0000000081d00000, 0x0000000081e00000, 0x0000000081e00000|100%| O|  |TAMS 0x0000000081e00000, 0x0000000081d00000| Untracked 
|  30|0x0000000081e00000, 0x0000000081f00000, 0x0000000081f00000|100%|HS|  |TAMS 0x0000000081f00000, 0x0000000081e00000| Complete 
|  31|0x0000000081f00000, 0x0000000082000000, 0x0000000082000000|100%|HC|  |TAMS 0x0000000082000000, 0x0000000081f00000| Complete 
|  32|0x0000000082000000, 0x0000000082100000, 0x0000000082100000|100%|HC|  |TAMS 0x0000000082100000, 0x0000000082000000| Complete 
|  33|0x0000000082100000, 0x0000000082200000, 0x0000000082200000|100%|HS|  |TAMS 0x0000000082200000, 0x0000000082100000| Complete 
|  34|0x0000000082200000, 0x0000000082300000, 0x0000000082300000|100%|HC|  |TAMS 0x0000000082300000, 0x0000000082200000| Complete 
|  35|0x0000000082300000, 0x0000000082400000, 0x0000000082400000|100%|HC|  |TAMS 0x0000000082400000, 0x0000000082300000| Complete 
|  36|0x0000000082400000, 0x0000000082500000, 0x0000000082500000|100%| O|  |TAMS 0x0000000082500000, 0x0000000082400000| Untracked 
|  37|0x0000000082500000, 0x0000000082600000, 0x0000000082600000|100%| O|  |TAMS 0x0000000082600000, 0x0000000082500000| Untracked 
|  38|0x0000000082600000, 0x0000000082700000, 0x0000000082700000|100%| O|  |TAMS 0x0000000082700000, 0x0000000082600000| Untracked 
|  39|0x0000000082700000, 0x0000000082800000, 0x0000000082800000|100%| O|  |TAMS 0x0000000082800000, 0x0000000082700000| Untracked 
|  40|0x0000000082800000, 0x0000000082900000, 0x0000000082900000|100%| O|  |TAMS 0x0000000082900000, 0x0000000082800000| Untracked 
|  41|0x0000000082900000, 0x0000000082a00000, 0x0000000082a00000|100%| O|  |TAMS 0x0000000082a00000, 0x0000000082900000| Untracked 
|  42|0x0000000082a00000, 0x0000000082b00000, 0x0000000082b00000|100%| O|  |TAMS 0x0000000082b00000, 0x0000000082a00000| Untracked 
|  43|0x0000000082b00000, 0x0000000082c00000, 0x0000000082c00000|100%| O|  |TAMS 0x0000000082c00000, 0x0000000082b00000| Complete 
|  44|0x0000000082c00000, 0x0000000082d00000, 0x0000000082d00000|100%| O|  |TAMS 0x0000000082d00000, 0x0000000082c00000| Complete 
|  45|0x0000000082d00000, 0x0000000082e00000, 0x0000000082e00000|100%| O|  |TAMS 0x0000000082e00000, 0x0000000082d00000| Untracked 
|  46|0x0000000082e00000, 0x0000000082f00000, 0x0000000082f00000|100%| O|  |TAMS 0x0000000082f00000, 0x0000000082e00000| Untracked 
|  47|0x0000000082f00000, 0x0000000083000000, 0x0000000083000000|100%| O|  |TAMS 0x0000000083000000, 0x0000000082f00000| Untracked 
|  48|0x0000000083000000, 0x0000000083100000, 0x0000000083100000|100%| O|  |TAMS 0x0000000083100000, 0x0000000083000000| Untracked 
|  49|0x0000000083100000, 0x0000000083200000, 0x0000000083200000|100%| O|  |TAMS 0x0000000083200000, 0x0000000083100000| Untracked 
|  50|0x0000000083200000, 0x0000000083300000, 0x0000000083300000|100%| O|  |TAMS 0x0000000083300000, 0x0000000083200000| Untracked 
|  51|0x0000000083300000, 0x0000000083400000, 0x0000000083400000|100%| O|  |TAMS 0x0000000083400000, 0x0000000083300000| Untracked 
|  52|0x0000000083400000, 0x0000000083500000, 0x0000000083500000|100%| O|  |TAMS 0x0000000083500000, 0x0000000083400000| Untracked 
|  53|0x0000000083500000, 0x0000000083600000, 0x0000000083600000|100%| O|  |TAMS 0x0000000083600000, 0x0000000083500000| Untracked 
|  54|0x0000000083600000, 0x0000000083700000, 0x0000000083700000|100%| O|  |TAMS 0x0000000083700000, 0x0000000083600000| Untracked 
|  55|0x0000000083700000, 0x0000000083800000, 0x0000000083800000|100%| O|  |TAMS 0x0000000083800000, 0x0000000083700000| Untracked 
|  56|0x0000000083800000, 0x0000000083900000, 0x0000000083900000|100%| O|  |TAMS 0x0000000083900000, 0x0000000083800000| Untracked 
|  57|0x0000000083900000, 0x0000000083a00000, 0x0000000083a00000|100%| O|  |TAMS 0x0000000083a00000, 0x0000000083900000| Untracked 
|  58|0x0000000083a00000, 0x0000000083b00000, 0x0000000083b00000|100%| O|  |TAMS 0x0000000083b00000, 0x0000000083a00000| Untracked 
|  59|0x0000000083b00000, 0x0000000083c00000, 0x0000000083c00000|100%| O|  |TAMS 0x0000000083c00000, 0x0000000083b00000| Complete 
|  60|0x0000000083c00000, 0x0000000083d00000, 0x0000000083d00000|100%| O|  |TAMS 0x0000000083d00000, 0x0000000083c00000| Complete 
|  61|0x0000000083d00000, 0x0000000083e00000, 0x0000000083e00000|100%| O|  |TAMS 0x0000000083e00000, 0x0000000083d00000| Complete 
|  62|0x0000000083e00000, 0x0000000083f00000, 0x0000000083f00000|100%| O|  |TAMS 0x0000000083f00000, 0x0000000083e00000| Complete 
|  63|0x0000000083f00000, 0x0000000084000000, 0x0000000084000000|100%| O|  |TAMS 0x0000000084000000, 0x0000000083f00000| Complete 
|  64|0x0000000084000000, 0x0000000084100000, 0x0000000084100000|100%| O|  |TAMS 0x0000000084100000, 0x0000000084000000| Complete 
|  65|0x0000000084100000, 0x0000000084200000, 0x0000000084200000|100%|HS|  |TAMS 0x0000000084200000, 0x0000000084100000| Complete 
|  66|0x0000000084200000, 0x0000000084300000, 0x0000000084300000|100%| O|  |TAMS 0x0000000084300000, 0x0000000084200000| Untracked 
|  67|0x0000000084300000, 0x0000000084400000, 0x0000000084400000|100%| O|  |TAMS 0x0000000084400000, 0x0000000084300000| Untracked 
|  68|0x0000000084400000, 0x0000000084500000, 0x0000000084500000|100%| O|  |TAMS 0x0000000084500000, 0x0000000084400000| Complete 
|  69|0x0000000084500000, 0x0000000084600000, 0x0000000084600000|100%| O|  |TAMS 0x0000000084600000, 0x0000000084500000| Untracked 
|  70|0x0000000084600000, 0x0000000084700000, 0x0000000084700000|100%| O|  |TAMS 0x0000000084700000, 0x0000000084600000| Complete 
|  71|0x0000000084700000, 0x0000000084800000, 0x0000000084800000|100%| O|  |TAMS 0x0000000084800000, 0x0000000084700000| Complete 
|  72|0x0000000084800000, 0x0000000084900000, 0x0000000084900000|100%| O|  |TAMS 0x0000000084900000, 0x0000000084800000| Untracked 
|  73|0x0000000084900000, 0x0000000084a00000, 0x0000000084a00000|100%| O|  |TAMS 0x0000000084a00000, 0x0000000084900000| Complete 
|  74|0x0000000084a00000, 0x0000000084b00000, 0x0000000084b00000|100%| O|  |TAMS 0x0000000084b00000, 0x0000000084a00000| Complete 
|  75|0x0000000084b00000, 0x0000000084c00000, 0x0000000084c00000|100%|HS|  |TAMS 0x0000000084c00000, 0x0000000084b00000| Complete 
|  76|0x0000000084c00000, 0x0000000084d00000, 0x0000000084d00000|100%| O|  |TAMS 0x0000000084d00000, 0x0000000084c00000| Untracked 
|  77|0x0000000084d00000, 0x0000000084e00000, 0x0000000084e00000|100%| O|  |TAMS 0x0000000084e00000, 0x0000000084d00000| Complete 
|  78|0x0000000084e00000, 0x0000000084f00000, 0x0000000084f00000|100%| O|  |TAMS 0x0000000084f00000, 0x0000000084e00000| Untracked 
|  79|0x0000000084f00000, 0x0000000085000000, 0x0000000085000000|100%| O|  |TAMS 0x0000000085000000, 0x0000000084f00000| Untracked 
|  80|0x0000000085000000, 0x0000000085100000, 0x0000000085100000|100%|HS|  |TAMS 0x0000000085100000, 0x0000000085000000| Complete 
|  81|0x0000000085100000, 0x0000000085200000, 0x0000000085200000|100%|HS|  |TAMS 0x0000000085200000, 0x0000000085100000| Complete 
|  82|0x0000000085200000, 0x0000000085300000, 0x0000000085300000|100%| O|  |TAMS 0x0000000085300000, 0x0000000085200000| Untracked 
|  83|0x0000000085300000, 0x0000000085400000, 0x0000000085400000|100%|HS|  |TAMS 0x0000000085400000, 0x0000000085300000| Complete 
|  84|0x0000000085400000, 0x0000000085500000, 0x0000000085500000|100%|HS|  |TAMS 0x0000000085500000, 0x0000000085400000| Complete 
|  85|0x0000000085500000, 0x0000000085600000, 0x0000000085600000|100%| O|  |TAMS 0x0000000085600000, 0x0000000085500000| Untracked 
|  86|0x0000000085600000, 0x0000000085700000, 0x0000000085700000|100%| O|  |TAMS 0x0000000085700000, 0x0000000085600000| Untracked 
|  87|0x0000000085700000, 0x0000000085800000, 0x0000000085800000|100%| O|  |TAMS 0x0000000085800000, 0x0000000085700000| Untracked 
|  88|0x0000000085800000, 0x0000000085900000, 0x0000000085900000|100%| O|  |TAMS 0x0000000085900000, 0x0000000085800000| Untracked 
|  89|0x0000000085900000, 0x0000000085a00000, 0x0000000085a00000|100%|HS|  |TAMS 0x0000000085a00000, 0x0000000085900000| Complete 
|  90|0x0000000085a00000, 0x0000000085b00000, 0x0000000085b00000|100%| O|  |TAMS 0x0000000085b00000, 0x0000000085a00000| Untracked 
|  91|0x0000000085b00000, 0x0000000085c00000, 0x0000000085c00000|100%| O|  |TAMS 0x0000000085c00000, 0x0000000085b00000| Untracked 
|  92|0x0000000085c00000, 0x0000000085d00000, 0x0000000085d00000|100%| O|  |TAMS 0x0000000085d00000, 0x0000000085c00000| Untracked 
|  93|0x0000000085d00000, 0x0000000085e00000, 0x0000000085e00000|100%| O|  |TAMS 0x0000000085e00000, 0x0000000085d00000| Untracked 
|  94|0x0000000085e00000, 0x0000000085f00000, 0x0000000085f00000|100%| O|  |TAMS 0x0000000085f00000, 0x0000000085e00000| Untracked 
|  95|0x0000000085f00000, 0x0000000086000000, 0x0000000086000000|100%| O|  |TAMS 0x0000000086000000, 0x0000000085f00000| Untracked 
|  96|0x0000000086000000, 0x0000000086100000, 0x0000000086100000|100%| O|  |TAMS 0x0000000086100000, 0x0000000086000000| Untracked 
|  97|0x0000000086100000, 0x0000000086200000, 0x0000000086200000|100%| O|  |TAMS 0x0000000086200000, 0x0000000086100000| Untracked 
|  98|0x0000000086200000, 0x0000000086300000, 0x0000000086300000|100%| O|  |TAMS 0x0000000086300000, 0x0000000086200000| Untracked 
|  99|0x0000000086300000, 0x0000000086400000, 0x0000000086400000|100%| O|  |TAMS 0x0000000086400000, 0x0000000086300000| Untracked 
| 100|0x0000000086400000, 0x0000000086500000, 0x0000000086500000|100%| O|  |TAMS 0x0000000086500000, 0x0000000086400000| Untracked 
| 101|0x0000000086500000, 0x0000000086600000, 0x0000000086600000|100%| O|  |TAMS 0x0000000086600000, 0x0000000086500000| Untracked 
| 102|0x0000000086600000, 0x0000000086700000, 0x0000000086700000|100%|HS|  |TAMS 0x0000000086700000, 0x0000000086600000| Complete 
| 103|0x0000000086700000, 0x0000000086800000, 0x0000000086800000|100%|HC|  |TAMS 0x0000000086800000, 0x0000000086700000| Complete 
| 104|0x0000000086800000, 0x0000000086900000, 0x0000000086900000|100%|HC|  |TAMS 0x0000000086900000, 0x0000000086800000| Complete 
| 105|0x0000000086900000, 0x0000000086a00000, 0x0000000086a00000|100%| O|  |TAMS 0x0000000086a00000, 0x0000000086900000| Untracked 
| 106|0x0000000086a00000, 0x0000000086b00000, 0x0000000086b00000|100%| O|  |TAMS 0x0000000086b00000, 0x0000000086a00000| Untracked 
| 107|0x0000000086b00000, 0x0000000086c00000, 0x0000000086c00000|100%| O|  |TAMS 0x0000000086c00000, 0x0000000086b00000| Untracked 
| 108|0x0000000086c00000, 0x0000000086d00000, 0x0000000086d00000|100%| O|  |TAMS 0x0000000086d00000, 0x0000000086c00000| Untracked 
| 109|0x0000000086d00000, 0x0000000086e00000, 0x0000000086e00000|100%| O|  |TAMS 0x0000000086e00000, 0x0000000086d00000| Untracked 
| 110|0x0000000086e00000, 0x0000000086f00000, 0x0000000086f00000|100%| O|  |TAMS 0x0000000086f00000, 0x0000000086e00000| Untracked 
| 111|0x0000000086f00000, 0x0000000087000000, 0x0000000087000000|100%| O|  |TAMS 0x0000000087000000, 0x0000000086f00000| Untracked 
| 112|0x0000000087000000, 0x0000000087100000, 0x0000000087100000|100%| O|  |TAMS 0x0000000087100000, 0x0000000087000000| Untracked 
| 113|0x0000000087100000, 0x0000000087200000, 0x0000000087200000|100%| O|  |TAMS 0x0000000087200000, 0x0000000087100000| Untracked 
| 114|0x0000000087200000, 0x0000000087300000, 0x0000000087300000|100%| O|  |TAMS 0x0000000087300000, 0x0000000087200000| Untracked 
| 115|0x0000000087300000, 0x0000000087400000, 0x0000000087400000|100%| O|  |TAMS 0x0000000087400000, 0x0000000087300000| Untracked 
| 116|0x0000000087400000, 0x0000000087500000, 0x0000000087500000|100%| O|  |TAMS 0x0000000087500000, 0x0000000087400000| Untracked 
| 117|0x0000000087500000, 0x0000000087600000, 0x0000000087600000|100%| O|  |TAMS 0x0000000087600000, 0x0000000087500000| Untracked 
| 118|0x0000000087600000, 0x0000000087700000, 0x0000000087700000|100%| O|  |TAMS 0x0000000087700000, 0x0000000087600000| Untracked 
| 119|0x0000000087700000, 0x0000000087800000, 0x0000000087800000|100%| O|  |TAMS 0x0000000087800000, 0x0000000087700000| Complete 
| 120|0x0000000087800000, 0x0000000087900000, 0x0000000087900000|100%| O|  |TAMS 0x0000000087900000, 0x0000000087800000| Untracked 
| 121|0x0000000087900000, 0x0000000087a00000, 0x0000000087a00000|100%| O|  |TAMS 0x0000000087a00000, 0x0000000087900000| Untracked 
| 122|0x0000000087a00000, 0x0000000087b00000, 0x0000000087b00000|100%| O|  |TAMS 0x0000000087b00000, 0x0000000087a00000| Untracked 
| 123|0x0000000087b00000, 0x0000000087c00000, 0x0000000087c00000|100%| O|  |TAMS 0x0000000087c00000, 0x0000000087b00000| Untracked 
| 124|0x0000000087c00000, 0x0000000087d00000, 0x0000000087d00000|100%| O|  |TAMS 0x0000000087d00000, 0x0000000087c00000| Untracked 
| 125|0x0000000087d00000, 0x0000000087e00000, 0x0000000087e00000|100%| O|  |TAMS 0x0000000087e00000, 0x0000000087d00000| Untracked 
| 126|0x0000000087e00000, 0x0000000087f00000, 0x0000000087f00000|100%| O|  |TAMS 0x0000000087f00000, 0x0000000087e00000| Untracked 
| 127|0x0000000087f00000, 0x0000000088000000, 0x0000000088000000|100%| O|  |TAMS 0x0000000088000000, 0x0000000087f00000| Untracked 
| 128|0x0000000088000000, 0x0000000088100000, 0x0000000088100000|100%| O|  |TAMS 0x0000000088100000, 0x0000000088000000| Untracked 
| 129|0x0000000088100000, 0x0000000088200000, 0x0000000088200000|100%| O|  |TAMS 0x0000000088200000, 0x0000000088100000| Untracked 
| 130|0x0000000088200000, 0x0000000088300000, 0x0000000088300000|100%| O|  |TAMS 0x0000000088300000, 0x0000000088200000| Complete 
| 131|0x0000000088300000, 0x0000000088400000, 0x0000000088400000|100%| O|  |TAMS 0x0000000088400000, 0x0000000088300000| Complete 
| 132|0x0000000088400000, 0x0000000088500000, 0x0000000088500000|100%| O|  |TAMS 0x0000000088500000, 0x0000000088400000| Complete 
| 133|0x0000000088500000, 0x0000000088600000, 0x0000000088600000|100%| O|  |TAMS 0x0000000088600000, 0x0000000088500000| Complete 
| 134|0x0000000088600000, 0x0000000088700000, 0x0000000088700000|100%| O|  |TAMS 0x0000000088700000, 0x0000000088600000| Complete 
| 135|0x0000000088700000, 0x0000000088800000, 0x0000000088800000|100%| O|  |TAMS 0x0000000088800000, 0x0000000088700000| Untracked 
| 136|0x0000000088800000, 0x0000000088900000, 0x0000000088900000|100%| O|  |TAMS 0x0000000088900000, 0x0000000088800000| Untracked 
| 137|0x0000000088900000, 0x0000000088a00000, 0x0000000088a00000|100%| O|  |TAMS 0x0000000088a00000, 0x0000000088900000| Complete 
| 138|0x0000000088a00000, 0x0000000088b00000, 0x0000000088b00000|100%| O|  |TAMS 0x0000000088b00000, 0x0000000088a00000| Complete 
| 139|0x0000000088b00000, 0x0000000088c00000, 0x0000000088c00000|100%| O|  |TAMS 0x0000000088c00000, 0x0000000088b00000| Complete 
| 140|0x0000000088c00000, 0x0000000088d00000, 0x0000000088d00000|100%| O|  |TAMS 0x0000000088d00000, 0x0000000088c00000| Complete 
| 141|0x0000000088d00000, 0x0000000088e00000, 0x0000000088e00000|100%| O|  |TAMS 0x0000000088e00000, 0x0000000088d00000| Complete 
| 142|0x0000000088e00000, 0x0000000088f00000, 0x0000000088f00000|100%| O|  |TAMS 0x0000000088f00000, 0x0000000088e00000| Complete 
| 143|0x0000000088f00000, 0x0000000089000000, 0x0000000089000000|100%| O|  |TAMS 0x0000000089000000, 0x0000000088f00000| Complete 
| 144|0x0000000089000000, 0x0000000089100000, 0x0000000089100000|100%| O|  |TAMS 0x0000000089100000, 0x0000000089000000| Untracked 
| 145|0x0000000089100000, 0x0000000089200000, 0x0000000089200000|100%| O|  |TAMS 0x0000000089200000, 0x0000000089100000| Untracked 
| 146|0x0000000089200000, 0x0000000089300000, 0x0000000089300000|100%| O|  |TAMS 0x0000000089300000, 0x0000000089200000| Untracked 
| 147|0x0000000089300000, 0x0000000089400000, 0x0000000089400000|100%| O|  |TAMS 0x0000000089400000, 0x0000000089300000| Complete 
| 148|0x0000000089400000, 0x0000000089500000, 0x0000000089500000|100%| O|  |TAMS 0x0000000089500000, 0x0000000089400000| Complete 
| 149|0x0000000089500000, 0x0000000089600000, 0x0000000089600000|100%| O|  |TAMS 0x0000000089600000, 0x0000000089500000| Complete 
| 150|0x0000000089600000, 0x0000000089700000, 0x0000000089700000|100%| O|  |TAMS 0x0000000089700000, 0x0000000089600000| Complete 
| 151|0x0000000089700000, 0x0000000089800000, 0x0000000089800000|100%| O|  |TAMS 0x0000000089800000, 0x0000000089700000| Complete 
| 152|0x0000000089800000, 0x0000000089900000, 0x0000000089900000|100%| O|  |TAMS 0x0000000089900000, 0x0000000089800000| Complete 
| 153|0x0000000089900000, 0x0000000089a00000, 0x0000000089a00000|100%| O|  |TAMS 0x0000000089a00000, 0x0000000089900000| Complete 
| 154|0x0000000089a00000, 0x0000000089b00000, 0x0000000089b00000|100%| O|  |TAMS 0x0000000089b00000, 0x0000000089a00000| Complete 
| 155|0x0000000089b00000, 0x0000000089c00000, 0x0000000089c00000|100%| O|  |TAMS 0x0000000089c00000, 0x0000000089b00000| Complete 
| 156|0x0000000089c00000, 0x0000000089d00000, 0x0000000089d00000|100%| O|  |TAMS 0x0000000089d00000, 0x0000000089c00000| Complete 
| 157|0x0000000089d00000, 0x0000000089e00000, 0x0000000089e00000|100%|HS|  |TAMS 0x0000000089e00000, 0x0000000089d00000| Complete 
| 158|0x0000000089e00000, 0x0000000089f00000, 0x0000000089f00000|100%|HS|  |TAMS 0x0000000089f00000, 0x0000000089e00000| Complete 
| 159|0x0000000089f00000, 0x000000008a000000, 0x000000008a000000|100%| O|  |TAMS 0x000000008a000000, 0x0000000089f00000| Untracked 
| 160|0x000000008a000000, 0x000000008a100000, 0x000000008a100000|100%|HS|  |TAMS 0x000000008a100000, 0x000000008a000000| Complete 
| 161|0x000000008a100000, 0x000000008a200000, 0x000000008a200000|100%|HC|  |TAMS 0x000000008a200000, 0x000000008a100000| Complete 
| 162|0x000000008a200000, 0x000000008a300000, 0x000000008a300000|100%| O|  |TAMS 0x000000008a300000, 0x000000008a200000| Complete 
| 163|0x000000008a300000, 0x000000008a400000, 0x000000008a400000|100%| O|  |TAMS 0x000000008a400000, 0x000000008a300000| Complete 
| 164|0x000000008a400000, 0x000000008a500000, 0x000000008a500000|100%| O|  |TAMS 0x000000008a500000, 0x000000008a400000| Complete 
| 165|0x000000008a500000, 0x000000008a600000, 0x000000008a600000|100%| O|  |TAMS 0x000000008a600000, 0x000000008a500000| Complete 
| 166|0x000000008a600000, 0x000000008a700000, 0x000000008a700000|100%| O|  |TAMS 0x000000008a700000, 0x000000008a600000| Untracked 
| 167|0x000000008a700000, 0x000000008a800000, 0x000000008a800000|100%| O|  |TAMS 0x000000008a800000, 0x000000008a700000| Untracked 
| 168|0x000000008a800000, 0x000000008a900000, 0x000000008a900000|100%| O|  |TAMS 0x000000008a900000, 0x000000008a800000| Complete 
| 169|0x000000008a900000, 0x000000008aa00000, 0x000000008aa00000|100%| O|  |TAMS 0x000000008aa00000, 0x000000008a900000| Complete 
| 170|0x000000008aa00000, 0x000000008ab00000, 0x000000008ab00000|100%| O|  |TAMS 0x000000008ab00000, 0x000000008aa00000| Complete 
| 171|0x000000008ab00000, 0x000000008ac00000, 0x000000008ac00000|100%| O|  |TAMS 0x000000008ac00000, 0x000000008ab00000| Untracked 
| 172|0x000000008ac00000, 0x000000008ad00000, 0x000000008ad00000|100%| O|  |TAMS 0x000000008ad00000, 0x000000008ac00000| Untracked 
| 173|0x000000008ad00000, 0x000000008ae00000, 0x000000008ae00000|100%| O|  |TAMS 0x000000008ae00000, 0x000000008ad00000| Untracked 
| 174|0x000000008ae00000, 0x000000008af00000, 0x000000008af00000|100%| O|  |TAMS 0x000000008af00000, 0x000000008ae00000| Untracked 
| 175|0x000000008af00000, 0x000000008b000000, 0x000000008b000000|100%| O|  |TAMS 0x000000008b000000, 0x000000008af00000| Untracked 
| 176|0x000000008b000000, 0x000000008b100000, 0x000000008b100000|100%| O|  |TAMS 0x000000008b100000, 0x000000008b000000| Untracked 
| 177|0x000000008b100000, 0x000000008b200000, 0x000000008b200000|100%|HS|  |TAMS 0x000000008b200000, 0x000000008b100000| Complete 
| 178|0x000000008b200000, 0x000000008b300000, 0x000000008b300000|100%|HS|  |TAMS 0x000000008b300000, 0x000000008b200000| Complete 
| 179|0x000000008b300000, 0x000000008b400000, 0x000000008b400000|100%|HS|  |TAMS 0x000000008b400000, 0x000000008b300000| Complete 
| 180|0x000000008b400000, 0x000000008b500000, 0x000000008b500000|100%| O|  |TAMS 0x000000008b500000, 0x000000008b400000| Untracked 
| 181|0x000000008b500000, 0x000000008b600000, 0x000000008b600000|100%| O|  |TAMS 0x000000008b600000, 0x000000008b500000| Complete 
| 182|0x000000008b600000, 0x000000008b700000, 0x000000008b700000|100%| O|  |TAMS 0x000000008b700000, 0x000000008b600000| Complete 
| 183|0x000000008b700000, 0x000000008b800000, 0x000000008b800000|100%| O|  |TAMS 0x000000008b800000, 0x000000008b700000| Complete 
| 184|0x000000008b800000, 0x000000008b900000, 0x000000008b900000|100%| O|  |TAMS 0x000000008b900000, 0x000000008b800000| Complete 
| 185|0x000000008b900000, 0x000000008ba00000, 0x000000008ba00000|100%| O|  |TAMS 0x000000008ba00000, 0x000000008b900000| Untracked 
| 186|0x000000008ba00000, 0x000000008bb00000, 0x000000008bb00000|100%| O|  |TAMS 0x000000008bb00000, 0x000000008ba00000| Untracked 
| 187|0x000000008bb00000, 0x000000008bc00000, 0x000000008bc00000|100%| O|  |TAMS 0x000000008bc00000, 0x000000008bb00000| Untracked 
| 188|0x000000008bc00000, 0x000000008bd00000, 0x000000008bd00000|100%| O|  |TAMS 0x000000008bd00000, 0x000000008bc00000| Complete 
| 189|0x000000008bd00000, 0x000000008be00000, 0x000000008be00000|100%| O|  |TAMS 0x000000008be00000, 0x000000008bd00000| Untracked 
| 190|0x000000008be00000, 0x000000008bf00000, 0x000000008bf00000|100%| O|  |TAMS 0x000000008bf00000, 0x000000008be00000| Complete 
| 191|0x000000008bf00000, 0x000000008c000000, 0x000000008c000000|100%| O|  |TAMS 0x000000008c000000, 0x000000008bf00000| Untracked 
| 192|0x000000008c000000, 0x000000008c100000, 0x000000008c100000|100%| O|  |TAMS 0x000000008c100000, 0x000000008c000000| Untracked 
| 193|0x000000008c100000, 0x000000008c200000, 0x000000008c200000|100%| O|  |TAMS 0x000000008c200000, 0x000000008c100000| Complete 
| 194|0x000000008c200000, 0x000000008c300000, 0x000000008c300000|100%|HS|  |TAMS 0x000000008c300000, 0x000000008c200000| Complete 
| 195|0x000000008c300000, 0x000000008c400000, 0x000000008c400000|100%|HC|  |TAMS 0x000000008c400000, 0x000000008c300000| Complete 
| 196|0x000000008c400000, 0x000000008c500000, 0x000000008c500000|100%|HS|  |TAMS 0x000000008c500000, 0x000000008c400000| Complete 
| 197|0x000000008c500000, 0x000000008c600000, 0x000000008c600000|100%|HC|  |TAMS 0x000000008c600000, 0x000000008c500000| Complete 
| 198|0x000000008c600000, 0x000000008c700000, 0x000000008c700000|100%| O|  |TAMS 0x000000008c700000, 0x000000008c600000| Complete 
| 199|0x000000008c700000, 0x000000008c800000, 0x000000008c800000|100%| O|  |TAMS 0x000000008c700000, 0x000000008c700000| Untracked 
| 200|0x000000008c800000, 0x000000008c900000, 0x000000008c900000|100%| O|  |TAMS 0x000000008c900000, 0x000000008c800000| Complete 
| 201|0x000000008c900000, 0x000000008ca00000, 0x000000008ca00000|100%| O|  |TAMS 0x000000008ca00000, 0x000000008c900000| Untracked 
| 202|0x000000008ca00000, 0x000000008cb00000, 0x000000008cb00000|100%| O|  |TAMS 0x000000008cb00000, 0x000000008ca00000| Untracked 
| 203|0x000000008cb00000, 0x000000008cc00000, 0x000000008cc00000|100%| O|  |TAMS 0x000000008cc00000, 0x000000008cb00000| Untracked 
| 204|0x000000008cc00000, 0x000000008cd00000, 0x000000008cd00000|100%| O|  |TAMS 0x000000008cd00000, 0x000000008cc00000| Untracked 
| 205|0x000000008cd00000, 0x000000008ce00000, 0x000000008ce00000|100%| O|  |TAMS 0x000000008ce00000, 0x000000008cd00000| Untracked 
| 206|0x000000008ce00000, 0x000000008cf00000, 0x000000008cf00000|100%| O|  |TAMS 0x000000008cf00000, 0x000000008ce00000| Complete 
| 207|0x000000008cf00000, 0x000000008d000000, 0x000000008d000000|100%| O|  |TAMS 0x000000008d000000, 0x000000008cf00000| Complete 
| 208|0x000000008d000000, 0x000000008d100000, 0x000000008d100000|100%|HS|  |TAMS 0x000000008d100000, 0x000000008d000000| Complete 
| 209|0x000000008d100000, 0x000000008d200000, 0x000000008d200000|100%|HS|  |TAMS 0x000000008d200000, 0x000000008d100000| Complete 
| 210|0x000000008d200000, 0x000000008d300000, 0x000000008d300000|100%| O|  |TAMS 0x000000008d300000, 0x000000008d200000| Complete 
| 211|0x000000008d300000, 0x000000008d400000, 0x000000008d400000|100%| O|  |TAMS 0x000000008d400000, 0x000000008d300000| Complete 
| 212|0x000000008d400000, 0x000000008d500000, 0x000000008d500000|100%| O|  |TAMS 0x000000008d400000, 0x000000008d400000| Untracked 
| 213|0x000000008d500000, 0x000000008d600000, 0x000000008d600000|100%| O|  |TAMS 0x000000008d600000, 0x000000008d500000| Untracked 
| 214|0x000000008d600000, 0x000000008d700000, 0x000000008d700000|100%| O|  |TAMS 0x000000008d700000, 0x000000008d600000| Untracked 
| 215|0x000000008d700000, 0x000000008d800000, 0x000000008d800000|100%| O|  |TAMS 0x000000008d800000, 0x000000008d700000| Untracked 
| 216|0x000000008d800000, 0x000000008d900000, 0x000000008d900000|100%| O|  |TAMS 0x000000008d900000, 0x000000008d800000| Untracked 
| 217|0x000000008d900000, 0x000000008da00000, 0x000000008da00000|100%| O|  |TAMS 0x000000008da00000, 0x000000008d900000| Untracked 
| 218|0x000000008da00000, 0x000000008db00000, 0x000000008db00000|100%| O|  |TAMS 0x000000008db00000, 0x000000008da00000| Untracked 
| 219|0x000000008db00000, 0x000000008dc00000, 0x000000008dc00000|100%| O|  |TAMS 0x000000008dc00000, 0x000000008db00000| Complete 
| 220|0x000000008dc00000, 0x000000008dd00000, 0x000000008dd00000|100%| O|  |TAMS 0x000000008dd00000, 0x000000008dc00000| Complete 
| 221|0x000000008dd00000, 0x000000008de00000, 0x000000008de00000|100%| O|  |TAMS 0x000000008de00000, 0x000000008dd00000| Complete 
| 222|0x000000008de00000, 0x000000008df00000, 0x000000008df00000|100%| O|  |TAMS 0x000000008df00000, 0x000000008de00000| Untracked 
| 223|0x000000008df00000, 0x000000008e000000, 0x000000008e000000|100%| O|  |TAMS 0x000000008e000000, 0x000000008df00000| Untracked 
| 224|0x000000008e000000, 0x000000008e100000, 0x000000008e100000|100%| O|  |TAMS 0x000000008e100000, 0x000000008e000000| Complete 
| 225|0x000000008e100000, 0x000000008e200000, 0x000000008e200000|100%| O|  |TAMS 0x000000008e200000, 0x000000008e100000| Complete 
| 226|0x000000008e200000, 0x000000008e300000, 0x000000008e300000|100%| O|  |TAMS 0x000000008e300000, 0x000000008e200000| Complete 
| 227|0x000000008e300000, 0x000000008e400000, 0x000000008e400000|100%| O|  |TAMS 0x000000008e400000, 0x000000008e300000| Complete 
| 228|0x000000008e400000, 0x000000008e500000, 0x000000008e500000|100%| O|  |TAMS 0x000000008e500000, 0x000000008e400000| Complete 
| 229|0x000000008e500000, 0x000000008e600000, 0x000000008e600000|100%| O|  |TAMS 0x000000008e600000, 0x000000008e500000| Complete 
| 230|0x000000008e600000, 0x000000008e700000, 0x000000008e700000|100%| O|  |TAMS 0x000000008e700000, 0x000000008e600000| Complete 
| 231|0x000000008e700000, 0x000000008e800000, 0x000000008e800000|100%| O|  |TAMS 0x000000008e800000, 0x000000008e700000| Complete 
| 232|0x000000008e800000, 0x000000008e900000, 0x000000008e900000|100%| O|  |TAMS 0x000000008e900000, 0x000000008e800000| Complete 
| 233|0x000000008e900000, 0x000000008ea00000, 0x000000008ea00000|100%| O|  |TAMS 0x000000008ea00000, 0x000000008e900000| Complete 
| 234|0x000000008ea00000, 0x000000008eb00000, 0x000000008eb00000|100%| O|  |TAMS 0x000000008eb00000, 0x000000008ea00000| Complete 
| 235|0x000000008eb00000, 0x000000008ec00000, 0x000000008ec00000|100%| O|  |TAMS 0x000000008ec00000, 0x000000008eb00000| Complete 
| 236|0x000000008ec00000, 0x000000008ed00000, 0x000000008ed00000|100%| O|  |TAMS 0x000000008ed00000, 0x000000008ec00000| Complete 
| 237|0x000000008ed00000, 0x000000008ee00000, 0x000000008ee00000|100%| O|  |TAMS 0x000000008ee00000, 0x000000008ed00000| Complete 
| 238|0x000000008ee00000, 0x000000008ef00000, 0x000000008ef00000|100%| O|  |TAMS 0x000000008ef00000, 0x000000008ee00000| Complete 
| 239|0x000000008ef00000, 0x000000008f000000, 0x000000008f000000|100%| O|  |TAMS 0x000000008f000000, 0x000000008ef00000| Complete 
| 240|0x000000008f000000, 0x000000008f100000, 0x000000008f100000|100%| O|  |TAMS 0x000000008f100000, 0x000000008f000000| Complete 
| 241|0x000000008f100000, 0x000000008f200000, 0x000000008f200000|100%| O|  |TAMS 0x000000008f200000, 0x000000008f100000| Complete 
| 242|0x000000008f200000, 0x000000008f300000, 0x000000008f300000|100%| O|  |TAMS 0x000000008f300000, 0x000000008f200000| Complete 
| 243|0x000000008f300000, 0x000000008f400000, 0x000000008f400000|100%| O|  |TAMS 0x000000008f400000, 0x000000008f300000| Complete 
| 244|0x000000008f400000, 0x000000008f500000, 0x000000008f500000|100%| O|  |TAMS 0x000000008f500000, 0x000000008f400000| Complete 
| 245|0x000000008f500000, 0x000000008f600000, 0x000000008f600000|100%| O|  |TAMS 0x000000008f600000, 0x000000008f500000| Complete 
| 246|0x000000008f600000, 0x000000008f700000, 0x000000008f700000|100%| O|  |TAMS 0x000000008f700000, 0x000000008f600000| Complete 
| 247|0x000000008f700000, 0x000000008f800000, 0x000000008f800000|100%| O|  |TAMS 0x000000008f800000, 0x000000008f700000| Complete 
| 248|0x000000008f800000, 0x000000008f900000, 0x000000008f900000|100%| O|  |TAMS 0x000000008f900000, 0x000000008f800000| Complete 
| 249|0x000000008f900000, 0x000000008fa00000, 0x000000008fa00000|100%| O|  |TAMS 0x000000008fa00000, 0x000000008f900000| Untracked 
| 250|0x000000008fa00000, 0x000000008fb00000, 0x000000008fb00000|100%| O|  |TAMS 0x000000008fa00000, 0x000000008fa00000| Untracked 
| 251|0x000000008fb00000, 0x000000008fc00000, 0x000000008fc00000|100%| O|  |TAMS 0x000000008fb00000, 0x000000008fb00000| Untracked 
| 252|0x000000008fc00000, 0x000000008fd00000, 0x000000008fd00000|100%| O|  |TAMS 0x000000008fd00000, 0x000000008fc00000| Complete 
| 253|0x000000008fd00000, 0x000000008fe00000, 0x000000008fe00000|100%| O|  |TAMS 0x000000008fe00000, 0x000000008fd00000| Untracked 
| 254|0x000000008fe00000, 0x000000008ff00000, 0x000000008ff00000|100%| O|  |TAMS 0x000000008ff00000, 0x000000008fe00000| Complete 
| 255|0x000000008ff00000, 0x000000008ff14600, 0x0000000090000000|  7%| O|  |TAMS 0x000000008ff00000, 0x000000008ff00000| Untracked 
| 256|0x0000000090000000, 0x0000000090100000, 0x0000000090100000|100%| O|  |TAMS 0x0000000090100000, 0x0000000090000000| Untracked 
| 257|0x0000000090100000, 0x0000000090200000, 0x0000000090200000|100%| O|  |TAMS 0x0000000090200000, 0x0000000090100000| Untracked 
| 258|0x0000000090200000, 0x0000000090300000, 0x0000000090300000|100%| O|  |TAMS 0x0000000090300000, 0x0000000090200000| Untracked 
| 259|0x0000000090300000, 0x0000000090400000, 0x0000000090400000|100%| O|  |TAMS 0x0000000090400000, 0x0000000090300000| Complete 
| 260|0x0000000090400000, 0x0000000090500000, 0x0000000090500000|100%| O|  |TAMS 0x0000000090500000, 0x0000000090400000| Untracked 
| 261|0x0000000090500000, 0x0000000090600000, 0x0000000090600000|100%| O|  |TAMS 0x0000000090600000, 0x0000000090500000| Untracked 
| 262|0x0000000090600000, 0x0000000090700000, 0x0000000090700000|100%|HS|  |TAMS 0x0000000090600000, 0x0000000090600000| Complete 
| 263|0x0000000090700000, 0x0000000090800000, 0x0000000090800000|100%|HC|  |TAMS 0x0000000090700000, 0x0000000090700000| Complete 
| 264|0x0000000090800000, 0x0000000090900000, 0x0000000090900000|100%|HS|  |TAMS 0x0000000090800000, 0x0000000090800000| Complete 
| 265|0x0000000090900000, 0x0000000090a00000, 0x0000000090a00000|100%|HC|  |TAMS 0x0000000090900000, 0x0000000090900000| Complete 
| 266|0x0000000090a00000, 0x0000000090b00000, 0x0000000090b00000|100%| O|  |TAMS 0x0000000090b00000, 0x0000000090a00000| Complete 
| 267|0x0000000090b00000, 0x0000000090c00000, 0x0000000090c00000|100%| O|  |TAMS 0x0000000090c00000, 0x0000000090b00000| Complete 
| 268|0x0000000090c00000, 0x0000000090d00000, 0x0000000090d00000|100%| O|  |TAMS 0x0000000090d00000, 0x0000000090c00000| Complete 
| 269|0x0000000090d00000, 0x0000000090e00000, 0x0000000090e00000|100%| O|  |TAMS 0x0000000090e00000, 0x0000000090d00000| Complete 
| 270|0x0000000090e00000, 0x0000000090f00000, 0x0000000090f00000|100%| O|  |TAMS 0x0000000090f00000, 0x0000000090e00000| Complete 
| 271|0x0000000090f00000, 0x0000000091000000, 0x0000000091000000|100%| O|  |TAMS 0x0000000091000000, 0x0000000090f00000| Complete 
| 272|0x0000000091000000, 0x0000000091100000, 0x0000000091100000|100%| O|  |TAMS 0x0000000091100000, 0x0000000091000000| Complete 
| 273|0x0000000091100000, 0x0000000091200000, 0x0000000091200000|100%|HS|  |TAMS 0x0000000091100000, 0x0000000091100000| Complete 
| 274|0x0000000091200000, 0x0000000091300000, 0x0000000091300000|100%|HC|  |TAMS 0x0000000091200000, 0x0000000091200000| Complete 
| 275|0x0000000091300000, 0x0000000091400000, 0x0000000091400000|100%| O|  |TAMS 0x0000000091400000, 0x0000000091300000| Complete 
| 276|0x0000000091400000, 0x0000000091500000, 0x0000000091500000|100%| O|  |TAMS 0x0000000091500000, 0x0000000091400000| Complete 
| 277|0x0000000091500000, 0x0000000091600000, 0x0000000091600000|100%| O|  |TAMS 0x0000000091600000, 0x0000000091500000| Complete 
| 278|0x0000000091600000, 0x0000000091700000, 0x0000000091700000|100%| O|  |TAMS 0x0000000091700000, 0x0000000091600000| Complete 
| 279|0x0000000091700000, 0x0000000091800000, 0x0000000091800000|100%| O|  |TAMS 0x0000000091800000, 0x0000000091700000| Complete 
| 280|0x0000000091800000, 0x0000000091900000, 0x0000000091900000|100%| O|  |TAMS 0x0000000091900000, 0x0000000091800000| Complete 
| 281|0x0000000091900000, 0x0000000091a00000, 0x0000000091a00000|100%| O|  |TAMS 0x0000000091a00000, 0x0000000091900000| Complete 
| 282|0x0000000091a00000, 0x0000000091b00000, 0x0000000091b00000|100%| O|  |TAMS 0x0000000091b00000, 0x0000000091a00000| Complete 
| 283|0x0000000091b00000, 0x0000000091c00000, 0x0000000091c00000|100%| O|  |TAMS 0x0000000091c00000, 0x0000000091b00000| Complete 
| 284|0x0000000091c00000, 0x0000000091d00000, 0x0000000091d00000|100%| O|  |TAMS 0x0000000091d00000, 0x0000000091c00000| Complete 
| 285|0x0000000091d00000, 0x0000000091e00000, 0x0000000091e00000|100%| O|  |TAMS 0x0000000091e00000, 0x0000000091d00000| Complete 
| 286|0x0000000091e00000, 0x0000000091f00000, 0x0000000091f00000|100%| O|  |TAMS 0x0000000091f00000, 0x0000000091e00000| Untracked 
| 287|0x0000000091f00000, 0x0000000092000000, 0x0000000092000000|100%| O|  |TAMS 0x0000000092000000, 0x0000000091f00000| Untracked 
| 288|0x0000000092000000, 0x0000000092100000, 0x0000000092100000|100%| O|  |TAMS 0x0000000092100000, 0x0000000092000000| Untracked 
| 289|0x0000000092100000, 0x0000000092200000, 0x0000000092200000|100%| O|  |TAMS 0x0000000092200000, 0x0000000092100000| Untracked 
| 290|0x0000000092200000, 0x0000000092300000, 0x0000000092300000|100%| O|  |TAMS 0x0000000092300000, 0x0000000092200000| Untracked 
| 291|0x0000000092300000, 0x0000000092400000, 0x0000000092400000|100%| O|  |TAMS 0x0000000092400000, 0x0000000092300000| Untracked 
| 292|0x0000000092400000, 0x0000000092500000, 0x0000000092500000|100%| O|  |TAMS 0x0000000092500000, 0x0000000092400000| Untracked 
| 293|0x0000000092500000, 0x0000000092600000, 0x0000000092600000|100%| O|  |TAMS 0x0000000092600000, 0x0000000092500000| Untracked 
| 294|0x0000000092600000, 0x0000000092700000, 0x0000000092700000|100%| O|  |TAMS 0x0000000092700000, 0x0000000092600000| Untracked 
| 295|0x0000000092700000, 0x0000000092800000, 0x0000000092800000|100%| O|  |TAMS 0x0000000092800000, 0x0000000092700000| Untracked 
| 296|0x0000000092800000, 0x0000000092900000, 0x0000000092900000|100%| O|  |TAMS 0x0000000092900000, 0x0000000092800000| Untracked 
| 297|0x0000000092900000, 0x0000000092a00000, 0x0000000092a00000|100%|HS|  |TAMS 0x0000000092900000, 0x0000000092900000| Complete 
| 298|0x0000000092a00000, 0x0000000092b00000, 0x0000000092b00000|100%|HC|  |TAMS 0x0000000092a00000, 0x0000000092a00000| Complete 
| 299|0x0000000092b00000, 0x0000000092b00000, 0x0000000092c00000|  0%| F|  |TAMS 0x0000000092b00000, 0x0000000092b00000| Untracked 
| 300|0x0000000092c00000, 0x0000000092c00000, 0x0000000092d00000|  0%| F|  |TAMS 0x0000000092c00000, 0x0000000092c00000| Untracked 
| 301|0x0000000092d00000, 0x0000000092d00000, 0x0000000092e00000|  0%| F|  |TAMS 0x0000000092d00000, 0x0000000092d00000| Untracked 
| 302|0x0000000092e00000, 0x0000000092e00000, 0x0000000092f00000|  0%| F|  |TAMS 0x0000000092e00000, 0x0000000092e00000| Untracked 
| 303|0x0000000092f00000, 0x0000000092f00000, 0x0000000093000000|  0%| F|  |TAMS 0x0000000092f00000, 0x0000000092f00000| Untracked 
| 304|0x0000000093000000, 0x0000000093000000, 0x0000000093100000|  0%| F|  |TAMS 0x0000000093000000, 0x0000000093000000| Untracked 
| 305|0x0000000093100000, 0x0000000093100000, 0x0000000093200000|  0%| F|  |TAMS 0x0000000093100000, 0x0000000093100000| Untracked 
| 306|0x0000000093200000, 0x0000000093200000, 0x0000000093300000|  0%| F|  |TAMS 0x0000000093200000, 0x0000000093200000| Untracked 
| 307|0x0000000093300000, 0x0000000093300000, 0x0000000093400000|  0%| F|  |TAMS 0x0000000093300000, 0x0000000093300000| Untracked 
| 308|0x0000000093400000, 0x0000000093500000, 0x0000000093500000|100%| O|  |TAMS 0x0000000093500000, 0x0000000093400000| Complete 
| 309|0x0000000093500000, 0x0000000093600000, 0x0000000093600000|100%| O|  |TAMS 0x0000000093600000, 0x0000000093500000| Complete 
| 310|0x0000000093600000, 0x0000000093600000, 0x0000000093700000|  0%| F|  |TAMS 0x0000000093600000, 0x0000000093600000| Untracked 
| 311|0x0000000093700000, 0x0000000093800000, 0x0000000093800000|100%| O|  |TAMS 0x0000000093800000, 0x0000000093700000| Complete 
| 312|0x0000000093800000, 0x0000000093900000, 0x0000000093900000|100%| O|  |TAMS 0x0000000093900000, 0x0000000093800000| Untracked 
| 313|0x0000000093900000, 0x0000000093a00000, 0x0000000093a00000|100%| O|  |TAMS 0x0000000093a00000, 0x0000000093900000| Untracked 
| 314|0x0000000093a00000, 0x0000000093b00000, 0x0000000093b00000|100%| O|  |TAMS 0x0000000093b00000, 0x0000000093a00000| Untracked 
| 315|0x0000000093b00000, 0x0000000093c00000, 0x0000000093c00000|100%| O|  |TAMS 0x0000000093c00000, 0x0000000093b00000| Untracked 
| 316|0x0000000093c00000, 0x0000000093d00000, 0x0000000093d00000|100%| O|  |TAMS 0x0000000093d00000, 0x0000000093c00000| Untracked 
| 317|0x0000000093d00000, 0x0000000093e00000, 0x0000000093e00000|100%| O|  |TAMS 0x0000000093e00000, 0x0000000093d00000| Untracked 
| 318|0x0000000093e00000, 0x0000000093f00000, 0x0000000093f00000|100%| O|  |TAMS 0x0000000093f00000, 0x0000000093e00000| Untracked 
| 319|0x0000000093f00000, 0x0000000094000000, 0x0000000094000000|100%| O|  |TAMS 0x0000000094000000, 0x0000000093f00000| Untracked 
| 320|0x0000000094000000, 0x0000000094100000, 0x0000000094100000|100%| O|  |TAMS 0x0000000094100000, 0x0000000094000000| Untracked 
| 321|0x0000000094100000, 0x0000000094200000, 0x0000000094200000|100%| O|  |TAMS 0x0000000094200000, 0x0000000094100000| Untracked 
| 322|0x0000000094200000, 0x0000000094300000, 0x0000000094300000|100%| O|  |TAMS 0x0000000094300000, 0x0000000094200000| Untracked 
| 323|0x0000000094300000, 0x0000000094400000, 0x0000000094400000|100%| O|  |TAMS 0x0000000094400000, 0x0000000094300000| Untracked 
| 324|0x0000000094400000, 0x0000000094500000, 0x0000000094500000|100%| O|  |TAMS 0x0000000094500000, 0x0000000094400000| Untracked 
| 325|0x0000000094500000, 0x0000000094600000, 0x0000000094600000|100%| O|  |TAMS 0x0000000094600000, 0x0000000094500000| Untracked 
| 326|0x0000000094600000, 0x0000000094700000, 0x0000000094700000|100%| O|  |TAMS 0x0000000094700000, 0x0000000094600000| Untracked 
| 327|0x0000000094700000, 0x0000000094800000, 0x0000000094800000|100%| O|  |TAMS 0x0000000094800000, 0x0000000094700000| Untracked 
| 328|0x0000000094800000, 0x0000000094900000, 0x0000000094900000|100%| O|  |TAMS 0x0000000094900000, 0x0000000094800000| Untracked 
| 329|0x0000000094900000, 0x0000000094a00000, 0x0000000094a00000|100%| O|  |TAMS 0x0000000094a00000, 0x0000000094900000| Untracked 
| 330|0x0000000094a00000, 0x0000000094b00000, 0x0000000094b00000|100%| O|  |TAMS 0x0000000094b00000, 0x0000000094a00000| Untracked 
| 331|0x0000000094b00000, 0x0000000094c00000, 0x0000000094c00000|100%| O|  |TAMS 0x0000000094c00000, 0x0000000094b00000| Untracked 
| 332|0x0000000094c00000, 0x0000000094d00000, 0x0000000094d00000|100%| O|  |TAMS 0x0000000094d00000, 0x0000000094c00000| Untracked 
| 333|0x0000000094d00000, 0x0000000094e00000, 0x0000000094e00000|100%| O|  |TAMS 0x0000000094e00000, 0x0000000094d00000| Untracked 
| 334|0x0000000094e00000, 0x0000000094f00000, 0x0000000094f00000|100%| O|  |TAMS 0x0000000094f00000, 0x0000000094e00000| Untracked 
| 335|0x0000000094f00000, 0x0000000095000000, 0x0000000095000000|100%| O|  |TAMS 0x0000000095000000, 0x0000000094f00000| Untracked 
| 336|0x0000000095000000, 0x0000000095100000, 0x0000000095100000|100%| O|  |TAMS 0x0000000095100000, 0x0000000095000000| Untracked 
| 337|0x0000000095100000, 0x0000000095200000, 0x0000000095200000|100%| O|  |TAMS 0x0000000095200000, 0x0000000095100000| Untracked 
| 338|0x0000000095200000, 0x0000000095300000, 0x0000000095300000|100%| O|  |TAMS 0x0000000095300000, 0x0000000095200000| Untracked 
| 339|0x0000000095300000, 0x0000000095400000, 0x0000000095400000|100%| O|  |TAMS 0x0000000095400000, 0x0000000095300000| Untracked 
| 340|0x0000000095400000, 0x0000000095500000, 0x0000000095500000|100%| O|  |TAMS 0x0000000095500000, 0x0000000095400000| Untracked 
| 341|0x0000000095500000, 0x0000000095600000, 0x0000000095600000|100%| O|  |TAMS 0x0000000095600000, 0x0000000095500000| Untracked 
| 342|0x0000000095600000, 0x0000000095700000, 0x0000000095700000|100%| O|  |TAMS 0x0000000095700000, 0x0000000095600000| Untracked 
| 343|0x0000000095700000, 0x0000000095800000, 0x0000000095800000|100%| O|  |TAMS 0x0000000095800000, 0x0000000095700000| Untracked 
| 344|0x0000000095800000, 0x0000000095900000, 0x0000000095900000|100%| O|  |TAMS 0x0000000095900000, 0x0000000095800000| Untracked 
| 345|0x0000000095900000, 0x0000000095a00000, 0x0000000095a00000|100%| O|  |TAMS 0x0000000095a00000, 0x0000000095900000| Untracked 
| 346|0x0000000095a00000, 0x0000000095b00000, 0x0000000095b00000|100%| O|  |TAMS 0x0000000095b00000, 0x0000000095a00000| Untracked 
| 347|0x0000000095b00000, 0x0000000095c00000, 0x0000000095c00000|100%| O|  |TAMS 0x0000000095c00000, 0x0000000095b00000| Untracked 
| 348|0x0000000095c00000, 0x0000000095d00000, 0x0000000095d00000|100%| O|  |TAMS 0x0000000095d00000, 0x0000000095c00000| Untracked 
| 349|0x0000000095d00000, 0x0000000095e00000, 0x0000000095e00000|100%| O|  |TAMS 0x0000000095e00000, 0x0000000095d00000| Complete 
| 350|0x0000000095e00000, 0x0000000095f00000, 0x0000000095f00000|100%| O|  |TAMS 0x0000000095f00000, 0x0000000095e00000| Untracked 
| 351|0x0000000095f00000, 0x0000000096000000, 0x0000000096000000|100%| O|  |TAMS 0x0000000096000000, 0x0000000095f00000| Untracked 
| 352|0x0000000096000000, 0x0000000096100000, 0x0000000096100000|100%| O|  |TAMS 0x0000000096100000, 0x0000000096000000| Untracked 
| 353|0x0000000096100000, 0x0000000096200000, 0x0000000096200000|100%| O|  |TAMS 0x0000000096200000, 0x0000000096100000| Untracked 
| 354|0x0000000096200000, 0x0000000096300000, 0x0000000096300000|100%| O|  |TAMS 0x0000000096300000, 0x0000000096200000| Untracked 
| 355|0x0000000096300000, 0x0000000096400000, 0x0000000096400000|100%| O|  |TAMS 0x0000000096400000, 0x0000000096300000| Untracked 
| 356|0x0000000096400000, 0x0000000096500000, 0x0000000096500000|100%| O|  |TAMS 0x0000000096500000, 0x0000000096400000| Untracked 
| 357|0x0000000096500000, 0x0000000096600000, 0x0000000096600000|100%| O|  |TAMS 0x0000000096600000, 0x0000000096500000| Untracked 
| 358|0x0000000096600000, 0x0000000096700000, 0x0000000096700000|100%| O|  |TAMS 0x0000000096700000, 0x0000000096600000| Untracked 
| 359|0x0000000096700000, 0x0000000096800000, 0x0000000096800000|100%| O|  |TAMS 0x0000000096800000, 0x0000000096700000| Untracked 
| 360|0x0000000096800000, 0x0000000096900000, 0x0000000096900000|100%| O|  |TAMS 0x0000000096900000, 0x0000000096800000| Untracked 
| 361|0x0000000096900000, 0x0000000096a00000, 0x0000000096a00000|100%| O|  |TAMS 0x0000000096a00000, 0x0000000096900000| Untracked 
| 362|0x0000000096a00000, 0x0000000096b00000, 0x0000000096b00000|100%| O|  |TAMS 0x0000000096b00000, 0x0000000096a00000| Untracked 
| 363|0x0000000096b00000, 0x0000000096c00000, 0x0000000096c00000|100%| O|  |TAMS 0x0000000096c00000, 0x0000000096b00000| Untracked 
| 364|0x0000000096c00000, 0x0000000096d00000, 0x0000000096d00000|100%| O|  |TAMS 0x0000000096d00000, 0x0000000096c00000| Untracked 
| 365|0x0000000096d00000, 0x0000000096e00000, 0x0000000096e00000|100%| O|  |TAMS 0x0000000096e00000, 0x0000000096d00000| Untracked 
| 366|0x0000000096e00000, 0x0000000096f00000, 0x0000000096f00000|100%| O|  |TAMS 0x0000000096f00000, 0x0000000096e00000| Untracked 
| 367|0x0000000096f00000, 0x0000000097000000, 0x0000000097000000|100%| O|  |TAMS 0x0000000097000000, 0x0000000096f00000| Untracked 
| 368|0x0000000097000000, 0x0000000097100000, 0x0000000097100000|100%| O|  |TAMS 0x0000000097100000, 0x0000000097000000| Complete 
| 369|0x0000000097100000, 0x0000000097200000, 0x0000000097200000|100%| O|  |TAMS 0x0000000097200000, 0x0000000097100000| Untracked 
| 370|0x0000000097200000, 0x0000000097300000, 0x0000000097300000|100%| O|  |TAMS 0x0000000097300000, 0x0000000097200000| Untracked 
| 371|0x0000000097300000, 0x0000000097400000, 0x0000000097400000|100%| O|  |TAMS 0x0000000097400000, 0x0000000097300000| Untracked 
| 372|0x0000000097400000, 0x0000000097500000, 0x0000000097500000|100%| O|  |TAMS 0x0000000097500000, 0x0000000097400000| Untracked 
| 373|0x0000000097500000, 0x0000000097600000, 0x0000000097600000|100%| O|  |TAMS 0x0000000097600000, 0x0000000097500000| Untracked 
| 374|0x0000000097600000, 0x0000000097700000, 0x0000000097700000|100%| O|  |TAMS 0x0000000097700000, 0x0000000097600000| Complete 
| 375|0x0000000097700000, 0x0000000097800000, 0x0000000097800000|100%| O|  |TAMS 0x0000000097800000, 0x0000000097700000| Untracked 
| 376|0x0000000097800000, 0x0000000097900000, 0x0000000097900000|100%| O|  |TAMS 0x0000000097900000, 0x0000000097800000| Untracked 
| 377|0x0000000097900000, 0x0000000097a00000, 0x0000000097a00000|100%| O|  |TAMS 0x0000000097a00000, 0x0000000097900000| Untracked 
| 378|0x0000000097a00000, 0x0000000097b00000, 0x0000000097b00000|100%| O|  |TAMS 0x0000000097b00000, 0x0000000097a00000| Complete 
| 379|0x0000000097b00000, 0x0000000097c00000, 0x0000000097c00000|100%| O|  |TAMS 0x0000000097c00000, 0x0000000097b00000| Untracked 
| 380|0x0000000097c00000, 0x0000000097d00000, 0x0000000097d00000|100%| O|  |TAMS 0x0000000097d00000, 0x0000000097c00000| Untracked 
| 381|0x0000000097d00000, 0x0000000097e00000, 0x0000000097e00000|100%| O|  |TAMS 0x0000000097e00000, 0x0000000097d00000| Untracked 
| 382|0x0000000097e00000, 0x0000000097f00000, 0x0000000097f00000|100%| O|  |TAMS 0x0000000097f00000, 0x0000000097e00000| Untracked 
| 383|0x0000000097f00000, 0x0000000098000000, 0x0000000098000000|100%| O|  |TAMS 0x0000000098000000, 0x0000000097f00000| Untracked 
| 384|0x0000000098000000, 0x0000000098100000, 0x0000000098100000|100%| O|  |TAMS 0x0000000098100000, 0x0000000098000000| Untracked 
| 385|0x0000000098100000, 0x0000000098200000, 0x0000000098200000|100%| O|  |TAMS 0x0000000098200000, 0x0000000098100000| Complete 
| 386|0x0000000098200000, 0x0000000098300000, 0x0000000098300000|100%| O|  |TAMS 0x0000000098300000, 0x0000000098200000| Complete 
| 387|0x0000000098300000, 0x0000000098400000, 0x0000000098400000|100%| O|  |TAMS 0x0000000098400000, 0x0000000098300000| Complete 
| 388|0x0000000098400000, 0x0000000098500000, 0x0000000098500000|100%| O|  |TAMS 0x0000000098500000, 0x0000000098400000| Complete 
| 389|0x0000000098500000, 0x0000000098600000, 0x0000000098600000|100%| O|  |TAMS 0x0000000098600000, 0x0000000098500000| Complete 
| 390|0x0000000098600000, 0x0000000098700000, 0x0000000098700000|100%|HS|  |TAMS 0x0000000098700000, 0x0000000098600000| Complete 
| 391|0x0000000098700000, 0x0000000098800000, 0x0000000098800000|100%|HC|  |TAMS 0x0000000098800000, 0x0000000098700000| Complete 
| 392|0x0000000098800000, 0x0000000098900000, 0x0000000098900000|100%| O|  |TAMS 0x0000000098900000, 0x0000000098800000| Complete 
| 393|0x0000000098900000, 0x0000000098a00000, 0x0000000098a00000|100%| O|  |TAMS 0x0000000098a00000, 0x0000000098900000| Complete 
| 394|0x0000000098a00000, 0x0000000098b00000, 0x0000000098b00000|100%| O|  |TAMS 0x0000000098b00000, 0x0000000098a00000| Complete 
| 395|0x0000000098b00000, 0x0000000098c00000, 0x0000000098c00000|100%| O|  |TAMS 0x0000000098c00000, 0x0000000098b00000| Complete 
| 396|0x0000000098c00000, 0x0000000098d00000, 0x0000000098d00000|100%| O|  |TAMS 0x0000000098d00000, 0x0000000098c00000| Complete 
| 397|0x0000000098d00000, 0x0000000098e00000, 0x0000000098e00000|100%| O|  |TAMS 0x0000000098e00000, 0x0000000098d00000| Complete 
| 398|0x0000000098e00000, 0x0000000098f00000, 0x0000000098f00000|100%| O|  |TAMS 0x0000000098f00000, 0x0000000098e00000| Untracked 
| 399|0x0000000098f00000, 0x0000000099000000, 0x0000000099000000|100%| O|  |TAMS 0x0000000099000000, 0x0000000098f00000| Complete 
| 400|0x0000000099000000, 0x0000000099100000, 0x0000000099100000|100%| O|  |TAMS 0x0000000099100000, 0x0000000099000000| Complete 
| 401|0x0000000099100000, 0x0000000099200000, 0x0000000099200000|100%|HS|  |TAMS 0x0000000099200000, 0x0000000099100000| Complete 
| 402|0x0000000099200000, 0x0000000099300000, 0x0000000099300000|100%|HC|  |TAMS 0x0000000099300000, 0x0000000099200000| Complete 
| 403|0x0000000099300000, 0x0000000099400000, 0x0000000099400000|100%| O|  |TAMS 0x0000000099400000, 0x0000000099300000| Untracked 
| 404|0x0000000099400000, 0x0000000099500000, 0x0000000099500000|100%| O|  |TAMS 0x0000000099500000, 0x0000000099400000| Untracked 
| 405|0x0000000099500000, 0x0000000099600000, 0x0000000099600000|100%| O|  |TAMS 0x0000000099600000, 0x0000000099500000| Untracked 
| 406|0x0000000099600000, 0x0000000099700000, 0x0000000099700000|100%| O|  |TAMS 0x0000000099700000, 0x0000000099600000| Untracked 
| 407|0x0000000099700000, 0x0000000099800000, 0x0000000099800000|100%| O|  |TAMS 0x0000000099800000, 0x0000000099700000| Untracked 
| 408|0x0000000099800000, 0x0000000099900000, 0x0000000099900000|100%| O|  |TAMS 0x0000000099900000, 0x0000000099800000| Complete 
| 409|0x0000000099900000, 0x0000000099a00000, 0x0000000099a00000|100%| O|  |TAMS 0x0000000099a00000, 0x0000000099900000| Complete 
| 410|0x0000000099a00000, 0x0000000099b00000, 0x0000000099b00000|100%| O|  |TAMS 0x0000000099b00000, 0x0000000099a00000| Complete 
| 411|0x0000000099b00000, 0x0000000099b00000, 0x0000000099c00000|  0%| F|  |TAMS 0x0000000099b00000, 0x0000000099b00000| Untracked 
| 412|0x0000000099c00000, 0x0000000099d00000, 0x0000000099d00000|100%| O|  |TAMS 0x0000000099d00000, 0x0000000099c00000| Complete 
| 413|0x0000000099d00000, 0x0000000099e00000, 0x0000000099e00000|100%| O|  |TAMS 0x0000000099e00000, 0x0000000099d00000| Complete 
| 414|0x0000000099e00000, 0x0000000099f00000, 0x0000000099f00000|100%| O|  |TAMS 0x0000000099f00000, 0x0000000099e00000| Complete 
| 415|0x0000000099f00000, 0x000000009a000000, 0x000000009a000000|100%| O|  |TAMS 0x000000009a000000, 0x0000000099f00000| Complete 
| 416|0x000000009a000000, 0x000000009a100000, 0x000000009a100000|100%|HS|  |TAMS 0x000000009a100000, 0x000000009a000000| Complete 
| 417|0x000000009a100000, 0x000000009a200000, 0x000000009a200000|100%|HC|  |TAMS 0x000000009a200000, 0x000000009a100000| Complete 
| 418|0x000000009a200000, 0x000000009a300000, 0x000000009a300000|100%| O|  |TAMS 0x000000009a300000, 0x000000009a200000| Untracked 
| 419|0x000000009a300000, 0x000000009a400000, 0x000000009a400000|100%| O|  |TAMS 0x000000009a400000, 0x000000009a300000| Untracked 
| 420|0x000000009a400000, 0x000000009a500000, 0x000000009a500000|100%| O|  |TAMS 0x000000009a500000, 0x000000009a400000| Untracked 
| 421|0x000000009a500000, 0x000000009a600000, 0x000000009a600000|100%| O|  |TAMS 0x000000009a600000, 0x000000009a500000| Untracked 
| 422|0x000000009a600000, 0x000000009a700000, 0x000000009a700000|100%| O|  |TAMS 0x000000009a700000, 0x000000009a600000| Untracked 
| 423|0x000000009a700000, 0x000000009a800000, 0x000000009a800000|100%| O|  |TAMS 0x000000009a800000, 0x000000009a700000| Complete 
| 424|0x000000009a800000, 0x000000009a900000, 0x000000009a900000|100%| O|  |TAMS 0x000000009a900000, 0x000000009a800000| Untracked 
| 425|0x000000009a900000, 0x000000009aa00000, 0x000000009aa00000|100%| O|  |TAMS 0x000000009aa00000, 0x000000009a900000| Complete 
| 426|0x000000009aa00000, 0x000000009ab00000, 0x000000009ab00000|100%| O|  |TAMS 0x000000009ab00000, 0x000000009aa00000| Complete 
| 427|0x000000009ab00000, 0x000000009ac00000, 0x000000009ac00000|100%| O|  |TAMS 0x000000009ac00000, 0x000000009ab00000| Complete 
| 428|0x000000009ac00000, 0x000000009ad00000, 0x000000009ad00000|100%|HS|  |TAMS 0x000000009ad00000, 0x000000009ac00000| Complete 
| 429|0x000000009ad00000, 0x000000009ae00000, 0x000000009ae00000|100%|HC|  |TAMS 0x000000009ae00000, 0x000000009ad00000| Complete 
| 430|0x000000009ae00000, 0x000000009af00000, 0x000000009af00000|100%| O|  |TAMS 0x000000009af00000, 0x000000009ae00000| Complete 
| 431|0x000000009af00000, 0x000000009b000000, 0x000000009b000000|100%| O|  |TAMS 0x000000009b000000, 0x000000009af00000| Complete 
| 432|0x000000009b000000, 0x000000009b100000, 0x000000009b100000|100%| O|  |TAMS 0x000000009b100000, 0x000000009b000000| Complete 
| 433|0x000000009b100000, 0x000000009b200000, 0x000000009b200000|100%| O|  |TAMS 0x000000009b200000, 0x000000009b100000| Complete 
| 434|0x000000009b200000, 0x000000009b300000, 0x000000009b300000|100%| O|  |TAMS 0x000000009b300000, 0x000000009b200000| Complete 
| 435|0x000000009b300000, 0x000000009b400000, 0x000000009b400000|100%| O|  |TAMS 0x000000009b400000, 0x000000009b300000| Complete 
| 436|0x000000009b400000, 0x000000009b500000, 0x000000009b500000|100%| O|  |TAMS 0x000000009b500000, 0x000000009b400000| Complete 
| 437|0x000000009b500000, 0x000000009b600000, 0x000000009b600000|100%| O|  |TAMS 0x000000009b600000, 0x000000009b500000| Complete 
| 438|0x000000009b600000, 0x000000009b700000, 0x000000009b700000|100%| O|  |TAMS 0x000000009b700000, 0x000000009b600000| Complete 
| 439|0x000000009b700000, 0x000000009b800000, 0x000000009b800000|100%| O|  |TAMS 0x000000009b800000, 0x000000009b700000| Complete 
| 440|0x000000009b800000, 0x000000009b900000, 0x000000009b900000|100%| O|  |TAMS 0x000000009b900000, 0x000000009b800000| Complete 
| 441|0x000000009b900000, 0x000000009ba00000, 0x000000009ba00000|100%| O|  |TAMS 0x000000009ba00000, 0x000000009b900000| Untracked 
| 442|0x000000009ba00000, 0x000000009bb00000, 0x000000009bb00000|100%| O|  |TAMS 0x000000009bb00000, 0x000000009ba00000| Complete 
| 443|0x000000009bb00000, 0x000000009bc00000, 0x000000009bc00000|100%| O|  |TAMS 0x000000009bc00000, 0x000000009bb00000| Complete 
| 444|0x000000009bc00000, 0x000000009bd00000, 0x000000009bd00000|100%| O|  |TAMS 0x000000009bd00000, 0x000000009bc00000| Complete 
| 445|0x000000009bd00000, 0x000000009be00000, 0x000000009be00000|100%| O|  |TAMS 0x000000009be00000, 0x000000009bd00000| Complete 
| 446|0x000000009be00000, 0x000000009bf00000, 0x000000009bf00000|100%| O|  |TAMS 0x000000009bf00000, 0x000000009be00000| Complete 
| 447|0x000000009bf00000, 0x000000009c000000, 0x000000009c000000|100%|HS|  |TAMS 0x000000009c000000, 0x000000009bf00000| Complete 
| 448|0x000000009c000000, 0x000000009c100000, 0x000000009c100000|100%|HC|  |TAMS 0x000000009c100000, 0x000000009c000000| Complete 
| 449|0x000000009c100000, 0x000000009c200000, 0x000000009c200000|100%| O|  |TAMS 0x000000009c200000, 0x000000009c100000| Untracked 
| 450|0x000000009c200000, 0x000000009c300000, 0x000000009c300000|100%| O|  |TAMS 0x000000009c300000, 0x000000009c200000| Complete 
| 451|0x000000009c300000, 0x000000009c400000, 0x000000009c400000|100%| O|  |TAMS 0x000000009c400000, 0x000000009c300000| Complete 
| 452|0x000000009c400000, 0x000000009c500000, 0x000000009c500000|100%| O|  |TAMS 0x000000009c500000, 0x000000009c400000| Complete 
| 453|0x000000009c500000, 0x000000009c600000, 0x000000009c600000|100%| O|  |TAMS 0x000000009c600000, 0x000000009c500000| Complete 
| 454|0x000000009c600000, 0x000000009c700000, 0x000000009c700000|100%| O|  |TAMS 0x000000009c700000, 0x000000009c600000| Complete 
| 455|0x000000009c700000, 0x000000009c800000, 0x000000009c800000|100%| O|  |TAMS 0x000000009c800000, 0x000000009c700000| Complete 
| 456|0x000000009c800000, 0x000000009c900000, 0x000000009c900000|100%| O|  |TAMS 0x000000009c900000, 0x000000009c800000| Complete 
| 457|0x000000009c900000, 0x000000009ca00000, 0x000000009ca00000|100%| O|  |TAMS 0x000000009ca00000, 0x000000009c900000| Complete 
| 458|0x000000009ca00000, 0x000000009cb00000, 0x000000009cb00000|100%| O|  |TAMS 0x000000009cb00000, 0x000000009ca00000| Complete 
| 459|0x000000009cb00000, 0x000000009cc00000, 0x000000009cc00000|100%| O|  |TAMS 0x000000009cc00000, 0x000000009cb00000| Complete 
| 460|0x000000009cc00000, 0x000000009cd00000, 0x000000009cd00000|100%| O|  |TAMS 0x000000009cd00000, 0x000000009cc00000| Complete 
| 461|0x000000009cd00000, 0x000000009ce00000, 0x000000009ce00000|100%| O|  |TAMS 0x000000009ce00000, 0x000000009cd00000| Complete 
| 462|0x000000009ce00000, 0x000000009ce00000, 0x000000009cf00000|  0%| F|  |TAMS 0x000000009ce00000, 0x000000009ce00000| Untracked 
| 463|0x000000009cf00000, 0x000000009d000000, 0x000000009d000000|100%| O|  |TAMS 0x000000009d000000, 0x000000009cf00000| Complete 
| 464|0x000000009d000000, 0x000000009d100000, 0x000000009d100000|100%| O|  |TAMS 0x000000009d100000, 0x000000009d000000| Complete 
| 465|0x000000009d100000, 0x000000009d200000, 0x000000009d200000|100%| O|  |TAMS 0x000000009d200000, 0x000000009d100000| Complete 
| 466|0x000000009d200000, 0x000000009d300000, 0x000000009d300000|100%|HS|  |TAMS 0x000000009d300000, 0x000000009d200000| Complete 
| 467|0x000000009d300000, 0x000000009d400000, 0x000000009d400000|100%|HC|  |TAMS 0x000000009d400000, 0x000000009d300000| Complete 
| 468|0x000000009d400000, 0x000000009d500000, 0x000000009d500000|100%| O|  |TAMS 0x000000009d500000, 0x000000009d400000| Complete 
| 469|0x000000009d500000, 0x000000009d600000, 0x000000009d600000|100%| O|  |TAMS 0x000000009d600000, 0x000000009d500000| Complete 
| 470|0x000000009d600000, 0x000000009d700000, 0x000000009d700000|100%| O|  |TAMS 0x000000009d700000, 0x000000009d600000| Complete 
| 471|0x000000009d700000, 0x000000009d800000, 0x000000009d800000|100%| O|  |TAMS 0x000000009d800000, 0x000000009d700000| Complete 
| 472|0x000000009d800000, 0x000000009d800000, 0x000000009d900000|  0%| F|  |TAMS 0x000000009d800000, 0x000000009d800000| Untracked 
| 473|0x000000009d900000, 0x000000009da00000, 0x000000009da00000|100%| O|  |TAMS 0x000000009da00000, 0x000000009d900000| Complete 
| 474|0x000000009da00000, 0x000000009db00000, 0x000000009db00000|100%| O|  |TAMS 0x000000009db00000, 0x000000009da00000| Complete 
| 475|0x000000009db00000, 0x000000009dc00000, 0x000000009dc00000|100%| O|  |TAMS 0x000000009dc00000, 0x000000009db00000| Complete 
| 476|0x000000009dc00000, 0x000000009dd00000, 0x000000009dd00000|100%| O|  |TAMS 0x000000009dd00000, 0x000000009dc00000| Complete 
| 477|0x000000009dd00000, 0x000000009de00000, 0x000000009de00000|100%| O|  |TAMS 0x000000009de00000, 0x000000009dd00000| Complete 
| 478|0x000000009de00000, 0x000000009df00000, 0x000000009df00000|100%| O|  |TAMS 0x000000009df00000, 0x000000009de00000| Complete 
| 479|0x000000009df00000, 0x000000009e000000, 0x000000009e000000|100%| O|  |TAMS 0x000000009e000000, 0x000000009df00000| Complete 
| 480|0x000000009e000000, 0x000000009e100000, 0x000000009e100000|100%| O|  |TAMS 0x000000009e100000, 0x000000009e000000| Complete 
| 481|0x000000009e100000, 0x000000009e200000, 0x000000009e200000|100%| O|  |TAMS 0x000000009e200000, 0x000000009e100000| Complete 
| 482|0x000000009e200000, 0x000000009e300000, 0x000000009e300000|100%| O|  |TAMS 0x000000009e300000, 0x000000009e200000| Complete 
| 483|0x000000009e300000, 0x000000009e400000, 0x000000009e400000|100%| O|  |TAMS 0x000000009e400000, 0x000000009e300000| Complete 
| 484|0x000000009e400000, 0x000000009e500000, 0x000000009e500000|100%| O|  |TAMS 0x000000009e500000, 0x000000009e400000| Untracked 
| 485|0x000000009e500000, 0x000000009e600000, 0x000000009e600000|100%| O|  |TAMS 0x000000009e600000, 0x000000009e500000| Untracked 
| 486|0x000000009e600000, 0x000000009e700000, 0x000000009e700000|100%| O|  |TAMS 0x000000009e700000, 0x000000009e600000| Untracked 
| 487|0x000000009e700000, 0x000000009e800000, 0x000000009e800000|100%| O|  |TAMS 0x000000009e712c00, 0x000000009e700000| Untracked 
| 488|0x000000009e800000, 0x000000009e900000, 0x000000009e900000|100%| O|  |TAMS 0x000000009e800000, 0x000000009e800000| Untracked 
| 489|0x000000009e900000, 0x000000009ea00000, 0x000000009ea00000|100%| O|  |TAMS 0x000000009e900000, 0x000000009e900000| Untracked 
| 490|0x000000009ea00000, 0x000000009eb00000, 0x000000009eb00000|100%| O|  |TAMS 0x000000009ea00000, 0x000000009ea00000| Untracked 
| 491|0x000000009eb00000, 0x000000009ec00000, 0x000000009ec00000|100%| O|  |TAMS 0x000000009eb00000, 0x000000009eb00000| Untracked 
| 492|0x000000009ec00000, 0x000000009ed00000, 0x000000009ed00000|100%| O|  |TAMS 0x000000009ec00000, 0x000000009ec00000| Untracked 
| 493|0x000000009ed00000, 0x000000009ed00000, 0x000000009ee00000|  0%| F|  |TAMS 0x000000009ed00000, 0x000000009ed00000| Untracked 
| 494|0x000000009ee00000, 0x000000009ee00000, 0x000000009ef00000|  0%| F|  |TAMS 0x000000009ee00000, 0x000000009ee00000| Untracked 
| 495|0x000000009ef00000, 0x000000009f000000, 0x000000009f000000|100%|HS|  |TAMS 0x000000009ef00000, 0x000000009ef00000| Complete 
| 496|0x000000009f000000, 0x000000009f100000, 0x000000009f100000|100%|HC|  |TAMS 0x000000009f000000, 0x000000009f000000| Complete 
| 497|0x000000009f100000, 0x000000009f200000, 0x000000009f200000|100%| O|  |TAMS 0x000000009f100000, 0x000000009f100000| Untracked 
| 498|0x000000009f200000, 0x000000009f300000, 0x000000009f300000|100%| O|  |TAMS 0x000000009f200000, 0x000000009f200000| Untracked 
| 499|0x000000009f300000, 0x000000009f400000, 0x000000009f400000|100%| O|  |TAMS 0x000000009f300000, 0x000000009f300000| Untracked 
| 500|0x000000009f400000, 0x000000009f500000, 0x000000009f500000|100%| O|  |TAMS 0x000000009f400000, 0x000000009f400000| Untracked 
| 501|0x000000009f500000, 0x000000009f600000, 0x000000009f600000|100%| O|  |TAMS 0x000000009f500000, 0x000000009f500000| Untracked 
| 502|0x000000009f600000, 0x000000009f700000, 0x000000009f700000|100%| O|  |TAMS 0x000000009f600000, 0x000000009f600000| Untracked 
| 503|0x000000009f700000, 0x000000009f800000, 0x000000009f800000|100%| O|  |TAMS 0x000000009f700000, 0x000000009f700000| Untracked 
| 504|0x000000009f800000, 0x000000009f900000, 0x000000009f900000|100%| O|  |TAMS 0x000000009f800000, 0x000000009f800000| Untracked 
| 505|0x000000009f900000, 0x000000009f900000, 0x000000009fa00000|  0%| F|  |TAMS 0x000000009f900000, 0x000000009f900000| Untracked 
| 506|0x000000009fa00000, 0x000000009fa00000, 0x000000009fb00000|  0%| F|  |TAMS 0x000000009fa00000, 0x000000009fa00000| Untracked 
| 507|0x000000009fb00000, 0x000000009fb00000, 0x000000009fc00000|  0%| F|  |TAMS 0x000000009fb00000, 0x000000009fb00000| Untracked 
| 508|0x000000009fc00000, 0x000000009fc00000, 0x000000009fd00000|  0%| F|  |TAMS 0x000000009fc00000, 0x000000009fc00000| Untracked 
| 509|0x000000009fd00000, 0x000000009fd00000, 0x000000009fe00000|  0%| F|  |TAMS 0x000000009fd00000, 0x000000009fd00000| Untracked 
| 510|0x000000009fe00000, 0x000000009fe00000, 0x000000009ff00000|  0%| F|  |TAMS 0x000000009fe00000, 0x000000009fe00000| Untracked 
| 511|0x000000009ff00000, 0x000000009ff00000, 0x00000000a0000000|  0%| F|  |TAMS 0x000000009ff00000, 0x000000009ff00000| Untracked 
| 512|0x00000000a0000000, 0x00000000a0000000, 0x00000000a0100000|  0%| F|  |TAMS 0x00000000a0000000, 0x00000000a0000000| Untracked 
| 513|0x00000000a0100000, 0x00000000a0100000, 0x00000000a0200000|  0%| F|  |TAMS 0x00000000a0100000, 0x00000000a0100000| Untracked 
| 514|0x00000000a0200000, 0x00000000a0200000, 0x00000000a0300000|  0%| F|  |TAMS 0x00000000a0200000, 0x00000000a0200000| Untracked 
| 515|0x00000000a0300000, 0x00000000a0300000, 0x00000000a0400000|  0%| F|  |TAMS 0x00000000a0300000, 0x00000000a0300000| Untracked 
| 516|0x00000000a0400000, 0x00000000a0400000, 0x00000000a0500000|  0%| F|  |TAMS 0x00000000a0400000, 0x00000000a0400000| Untracked 
| 517|0x00000000a0500000, 0x00000000a0500000, 0x00000000a0600000|  0%| F|  |TAMS 0x00000000a0500000, 0x00000000a0500000| Untracked 
| 518|0x00000000a0600000, 0x00000000a0600000, 0x00000000a0700000|  0%| F|  |TAMS 0x00000000a0600000, 0x00000000a0600000| Untracked 
| 519|0x00000000a0700000, 0x00000000a0700000, 0x00000000a0800000|  0%| F|  |TAMS 0x00000000a0700000, 0x00000000a0700000| Untracked 
| 520|0x00000000a0800000, 0x00000000a0800000, 0x00000000a0900000|  0%| F|  |TAMS 0x00000000a0800000, 0x00000000a0800000| Untracked 
| 521|0x00000000a0900000, 0x00000000a0900000, 0x00000000a0a00000|  0%| F|  |TAMS 0x00000000a0900000, 0x00000000a0900000| Untracked 
| 522|0x00000000a0a00000, 0x00000000a0a00000, 0x00000000a0b00000|  0%| F|  |TAMS 0x00000000a0a00000, 0x00000000a0a00000| Untracked 
| 523|0x00000000a0b00000, 0x00000000a0b00000, 0x00000000a0c00000|  0%| F|  |TAMS 0x00000000a0b00000, 0x00000000a0b00000| Untracked 
| 524|0x00000000a0c00000, 0x00000000a0c00000, 0x00000000a0d00000|  0%| F|  |TAMS 0x00000000a0c00000, 0x00000000a0c00000| Untracked 
| 525|0x00000000a0d00000, 0x00000000a0d00000, 0x00000000a0e00000|  0%| F|  |TAMS 0x00000000a0d00000, 0x00000000a0d00000| Untracked 
| 526|0x00000000a0e00000, 0x00000000a0e00000, 0x00000000a0f00000|  0%| F|  |TAMS 0x00000000a0e00000, 0x00000000a0e00000| Untracked 
| 527|0x00000000a0f00000, 0x00000000a0f00000, 0x00000000a1000000|  0%| F|  |TAMS 0x00000000a0f00000, 0x00000000a0f00000| Untracked 
| 528|0x00000000a1000000, 0x00000000a1000000, 0x00000000a1100000|  0%| F|  |TAMS 0x00000000a1000000, 0x00000000a1000000| Untracked 
| 529|0x00000000a1100000, 0x00000000a1100000, 0x00000000a1200000|  0%| F|  |TAMS 0x00000000a1100000, 0x00000000a1100000| Untracked 
| 530|0x00000000a1200000, 0x00000000a1200000, 0x00000000a1300000|  0%| F|  |TAMS 0x00000000a1200000, 0x00000000a1200000| Untracked 
| 531|0x00000000a1300000, 0x00000000a1300000, 0x00000000a1400000|  0%| F|  |TAMS 0x00000000a1300000, 0x00000000a1300000| Untracked 
| 532|0x00000000a1400000, 0x00000000a1400000, 0x00000000a1500000|  0%| F|  |TAMS 0x00000000a1400000, 0x00000000a1400000| Untracked 
| 533|0x00000000a1500000, 0x00000000a1500000, 0x00000000a1600000|  0%| F|  |TAMS 0x00000000a1500000, 0x00000000a1500000| Untracked 
| 534|0x00000000a1600000, 0x00000000a1600000, 0x00000000a1700000|  0%| F|  |TAMS 0x00000000a1600000, 0x00000000a1600000| Untracked 
| 535|0x00000000a1700000, 0x00000000a1700000, 0x00000000a1800000|  0%| F|  |TAMS 0x00000000a1700000, 0x00000000a1700000| Untracked 
| 536|0x00000000a1800000, 0x00000000a1800000, 0x00000000a1900000|  0%| F|  |TAMS 0x00000000a1800000, 0x00000000a1800000| Untracked 
| 537|0x00000000a1900000, 0x00000000a1900000, 0x00000000a1a00000|  0%| F|  |TAMS 0x00000000a1900000, 0x00000000a1900000| Untracked 
| 538|0x00000000a1a00000, 0x00000000a1a00000, 0x00000000a1b00000|  0%| F|  |TAMS 0x00000000a1a00000, 0x00000000a1a00000| Untracked 
| 539|0x00000000a1b00000, 0x00000000a1b00000, 0x00000000a1c00000|  0%| F|  |TAMS 0x00000000a1b00000, 0x00000000a1b00000| Untracked 
| 540|0x00000000a1c00000, 0x00000000a1c00000, 0x00000000a1d00000|  0%| F|  |TAMS 0x00000000a1c00000, 0x00000000a1c00000| Untracked 
| 541|0x00000000a1d00000, 0x00000000a1d00000, 0x00000000a1e00000|  0%| F|  |TAMS 0x00000000a1d00000, 0x00000000a1d00000| Untracked 
| 542|0x00000000a1e00000, 0x00000000a1e00000, 0x00000000a1f00000|  0%| F|  |TAMS 0x00000000a1e00000, 0x00000000a1e00000| Untracked 
| 543|0x00000000a1f00000, 0x00000000a1f00000, 0x00000000a2000000|  0%| F|  |TAMS 0x00000000a1f00000, 0x00000000a1f00000| Untracked 
| 544|0x00000000a2000000, 0x00000000a2000000, 0x00000000a2100000|  0%| F|  |TAMS 0x00000000a2000000, 0x00000000a2000000| Untracked 
| 545|0x00000000a2100000, 0x00000000a2100000, 0x00000000a2200000|  0%| F|  |TAMS 0x00000000a2100000, 0x00000000a2100000| Untracked 
| 546|0x00000000a2200000, 0x00000000a2200000, 0x00000000a2300000|  0%| F|  |TAMS 0x00000000a2200000, 0x00000000a2200000| Untracked 
| 547|0x00000000a2300000, 0x00000000a2300000, 0x00000000a2400000|  0%| F|  |TAMS 0x00000000a2300000, 0x00000000a2300000| Untracked 
| 548|0x00000000a2400000, 0x00000000a2400000, 0x00000000a2500000|  0%| F|  |TAMS 0x00000000a2400000, 0x00000000a2400000| Untracked 
| 549|0x00000000a2500000, 0x00000000a2500000, 0x00000000a2600000|  0%| F|  |TAMS 0x00000000a2500000, 0x00000000a2500000| Untracked 
| 550|0x00000000a2600000, 0x00000000a2600000, 0x00000000a2700000|  0%| F|  |TAMS 0x00000000a2600000, 0x00000000a2600000| Untracked 
| 551|0x00000000a2700000, 0x00000000a2700000, 0x00000000a2800000|  0%| F|  |TAMS 0x00000000a2700000, 0x00000000a2700000| Untracked 
| 552|0x00000000a2800000, 0x00000000a2800000, 0x00000000a2900000|  0%| F|  |TAMS 0x00000000a2800000, 0x00000000a2800000| Untracked 
| 553|0x00000000a2900000, 0x00000000a2900000, 0x00000000a2a00000|  0%| F|  |TAMS 0x00000000a2900000, 0x00000000a2900000| Untracked 
| 554|0x00000000a2a00000, 0x00000000a2a00000, 0x00000000a2b00000|  0%| F|  |TAMS 0x00000000a2a00000, 0x00000000a2a00000| Untracked 
| 555|0x00000000a2b00000, 0x00000000a2b00000, 0x00000000a2c00000|  0%| F|  |TAMS 0x00000000a2b00000, 0x00000000a2b00000| Untracked 
| 556|0x00000000a2c00000, 0x00000000a2c00000, 0x00000000a2d00000|  0%| F|  |TAMS 0x00000000a2c00000, 0x00000000a2c00000| Untracked 
| 557|0x00000000a2d00000, 0x00000000a2d00000, 0x00000000a2e00000|  0%| F|  |TAMS 0x00000000a2d00000, 0x00000000a2d00000| Untracked 
| 558|0x00000000a2e00000, 0x00000000a2e00000, 0x00000000a2f00000|  0%| F|  |TAMS 0x00000000a2e00000, 0x00000000a2e00000| Untracked 
| 559|0x00000000a2f00000, 0x00000000a2f00000, 0x00000000a3000000|  0%| F|  |TAMS 0x00000000a2f00000, 0x00000000a2f00000| Untracked 
| 560|0x00000000a3000000, 0x00000000a3000000, 0x00000000a3100000|  0%| F|  |TAMS 0x00000000a3000000, 0x00000000a3000000| Untracked 
| 561|0x00000000a3100000, 0x00000000a3100000, 0x00000000a3200000|  0%| F|  |TAMS 0x00000000a3100000, 0x00000000a3100000| Untracked 
| 562|0x00000000a3200000, 0x00000000a3200000, 0x00000000a3300000|  0%| F|  |TAMS 0x00000000a3200000, 0x00000000a3200000| Untracked 
| 563|0x00000000a3300000, 0x00000000a3300000, 0x00000000a3400000|  0%| F|  |TAMS 0x00000000a3300000, 0x00000000a3300000| Untracked 
| 564|0x00000000a3400000, 0x00000000a3400000, 0x00000000a3500000|  0%| F|  |TAMS 0x00000000a3400000, 0x00000000a3400000| Untracked 
| 565|0x00000000a3500000, 0x00000000a3500000, 0x00000000a3600000|  0%| F|  |TAMS 0x00000000a3500000, 0x00000000a3500000| Untracked 
| 566|0x00000000a3600000, 0x00000000a3600000, 0x00000000a3700000|  0%| F|  |TAMS 0x00000000a3600000, 0x00000000a3600000| Untracked 
| 567|0x00000000a3700000, 0x00000000a3700000, 0x00000000a3800000|  0%| F|  |TAMS 0x00000000a3700000, 0x00000000a3700000| Untracked 
| 568|0x00000000a3800000, 0x00000000a3800000, 0x00000000a3900000|  0%| F|  |TAMS 0x00000000a3800000, 0x00000000a3800000| Untracked 
| 569|0x00000000a3900000, 0x00000000a3900000, 0x00000000a3a00000|  0%| F|  |TAMS 0x00000000a3900000, 0x00000000a3900000| Untracked 
| 570|0x00000000a3a00000, 0x00000000a3a00000, 0x00000000a3b00000|  0%| F|  |TAMS 0x00000000a3a00000, 0x00000000a3a00000| Untracked 
| 571|0x00000000a3b00000, 0x00000000a3b00000, 0x00000000a3c00000|  0%| F|  |TAMS 0x00000000a3b00000, 0x00000000a3b00000| Untracked 
| 572|0x00000000a3c00000, 0x00000000a3c00000, 0x00000000a3d00000|  0%| F|  |TAMS 0x00000000a3c00000, 0x00000000a3c00000| Untracked 
| 573|0x00000000a3d00000, 0x00000000a3d00000, 0x00000000a3e00000|  0%| F|  |TAMS 0x00000000a3d00000, 0x00000000a3d00000| Untracked 
| 574|0x00000000a3e00000, 0x00000000a3e00000, 0x00000000a3f00000|  0%| F|  |TAMS 0x00000000a3e00000, 0x00000000a3e00000| Untracked 
| 575|0x00000000a3f00000, 0x00000000a3f00000, 0x00000000a4000000|  0%| F|  |TAMS 0x00000000a3f00000, 0x00000000a3f00000| Untracked 
| 576|0x00000000a4000000, 0x00000000a4000000, 0x00000000a4100000|  0%| F|  |TAMS 0x00000000a4000000, 0x00000000a4000000| Untracked 
| 577|0x00000000a4100000, 0x00000000a4100000, 0x00000000a4200000|  0%| F|  |TAMS 0x00000000a4100000, 0x00000000a4100000| Untracked 
| 578|0x00000000a4200000, 0x00000000a4200000, 0x00000000a4300000|  0%| F|  |TAMS 0x00000000a4200000, 0x00000000a4200000| Untracked 
| 579|0x00000000a4300000, 0x00000000a4300000, 0x00000000a4400000|  0%| F|  |TAMS 0x00000000a4300000, 0x00000000a4300000| Untracked 
| 580|0x00000000a4400000, 0x00000000a4400000, 0x00000000a4500000|  0%| F|  |TAMS 0x00000000a4400000, 0x00000000a4400000| Untracked 
| 581|0x00000000a4500000, 0x00000000a4500000, 0x00000000a4600000|  0%| F|  |TAMS 0x00000000a4500000, 0x00000000a4500000| Untracked 
| 582|0x00000000a4600000, 0x00000000a4600000, 0x00000000a4700000|  0%| F|  |TAMS 0x00000000a4600000, 0x00000000a4600000| Untracked 
| 583|0x00000000a4700000, 0x00000000a4700000, 0x00000000a4800000|  0%| F|  |TAMS 0x00000000a4700000, 0x00000000a4700000| Untracked 
| 584|0x00000000a4800000, 0x00000000a4800000, 0x00000000a4900000|  0%| F|  |TAMS 0x00000000a4800000, 0x00000000a4800000| Untracked 
| 585|0x00000000a4900000, 0x00000000a4900000, 0x00000000a4a00000|  0%| F|  |TAMS 0x00000000a4900000, 0x00000000a4900000| Untracked 
| 586|0x00000000a4a00000, 0x00000000a4a00000, 0x00000000a4b00000|  0%| F|  |TAMS 0x00000000a4a00000, 0x00000000a4a00000| Untracked 
| 587|0x00000000a4b00000, 0x00000000a4b00000, 0x00000000a4c00000|  0%| F|  |TAMS 0x00000000a4b00000, 0x00000000a4b00000| Untracked 
| 588|0x00000000a4c00000, 0x00000000a4c00000, 0x00000000a4d00000|  0%| F|  |TAMS 0x00000000a4c00000, 0x00000000a4c00000| Untracked 
| 589|0x00000000a4d00000, 0x00000000a4d00000, 0x00000000a4e00000|  0%| F|  |TAMS 0x00000000a4d00000, 0x00000000a4d00000| Untracked 
| 590|0x00000000a4e00000, 0x00000000a4e00000, 0x00000000a4f00000|  0%| F|  |TAMS 0x00000000a4e00000, 0x00000000a4e00000| Untracked 
| 591|0x00000000a4f00000, 0x00000000a4f00000, 0x00000000a5000000|  0%| F|  |TAMS 0x00000000a4f00000, 0x00000000a4f00000| Untracked 
| 592|0x00000000a5000000, 0x00000000a5000000, 0x00000000a5100000|  0%| F|  |TAMS 0x00000000a5000000, 0x00000000a5000000| Untracked 
| 593|0x00000000a5100000, 0x00000000a5100000, 0x00000000a5200000|  0%| F|  |TAMS 0x00000000a5100000, 0x00000000a5100000| Untracked 
| 594|0x00000000a5200000, 0x00000000a5200000, 0x00000000a5300000|  0%| F|  |TAMS 0x00000000a5200000, 0x00000000a5200000| Untracked 
| 595|0x00000000a5300000, 0x00000000a5300000, 0x00000000a5400000|  0%| F|  |TAMS 0x00000000a5300000, 0x00000000a5300000| Untracked 
| 596|0x00000000a5400000, 0x00000000a5400000, 0x00000000a5500000|  0%| F|  |TAMS 0x00000000a5400000, 0x00000000a5400000| Untracked 
| 597|0x00000000a5500000, 0x00000000a5500000, 0x00000000a5600000|  0%| F|  |TAMS 0x00000000a5500000, 0x00000000a5500000| Untracked 
| 598|0x00000000a5600000, 0x00000000a5600000, 0x00000000a5700000|  0%| F|  |TAMS 0x00000000a5600000, 0x00000000a5600000| Untracked 
| 599|0x00000000a5700000, 0x00000000a5700000, 0x00000000a5800000|  0%| F|  |TAMS 0x00000000a5700000, 0x00000000a5700000| Untracked 
| 600|0x00000000a5800000, 0x00000000a5800000, 0x00000000a5900000|  0%| F|  |TAMS 0x00000000a5800000, 0x00000000a5800000| Untracked 
| 601|0x00000000a5900000, 0x00000000a5900000, 0x00000000a5a00000|  0%| F|  |TAMS 0x00000000a5900000, 0x00000000a5900000| Untracked 
| 602|0x00000000a5a00000, 0x00000000a5a00000, 0x00000000a5b00000|  0%| F|  |TAMS 0x00000000a5a00000, 0x00000000a5a00000| Untracked 
| 603|0x00000000a5b00000, 0x00000000a5b00000, 0x00000000a5c00000|  0%| F|  |TAMS 0x00000000a5b00000, 0x00000000a5b00000| Untracked 
| 604|0x00000000a5c00000, 0x00000000a5c00000, 0x00000000a5d00000|  0%| F|  |TAMS 0x00000000a5c00000, 0x00000000a5c00000| Untracked 
| 605|0x00000000a5d00000, 0x00000000a5d00000, 0x00000000a5e00000|  0%| F|  |TAMS 0x00000000a5d00000, 0x00000000a5d00000| Untracked 
| 606|0x00000000a5e00000, 0x00000000a5e00000, 0x00000000a5f00000|  0%| F|  |TAMS 0x00000000a5e00000, 0x00000000a5e00000| Untracked 
| 607|0x00000000a5f00000, 0x00000000a5f00000, 0x00000000a6000000|  0%| F|  |TAMS 0x00000000a5f00000, 0x00000000a5f00000| Untracked 
| 608|0x00000000a6000000, 0x00000000a6000000, 0x00000000a6100000|  0%| F|  |TAMS 0x00000000a6000000, 0x00000000a6000000| Untracked 
| 609|0x00000000a6100000, 0x00000000a6100000, 0x00000000a6200000|  0%| F|  |TAMS 0x00000000a6100000, 0x00000000a6100000| Untracked 
| 610|0x00000000a6200000, 0x00000000a6200000, 0x00000000a6300000|  0%| F|  |TAMS 0x00000000a6200000, 0x00000000a6200000| Untracked 
| 611|0x00000000a6300000, 0x00000000a6300000, 0x00000000a6400000|  0%| F|  |TAMS 0x00000000a6300000, 0x00000000a6300000| Untracked 
| 612|0x00000000a6400000, 0x00000000a6400000, 0x00000000a6500000|  0%| F|  |TAMS 0x00000000a6400000, 0x00000000a6400000| Untracked 
| 613|0x00000000a6500000, 0x00000000a6500000, 0x00000000a6600000|  0%| F|  |TAMS 0x00000000a6500000, 0x00000000a6500000| Untracked 
| 614|0x00000000a6600000, 0x00000000a6600000, 0x00000000a6700000|  0%| F|  |TAMS 0x00000000a6600000, 0x00000000a6600000| Untracked 
| 615|0x00000000a6700000, 0x00000000a6700000, 0x00000000a6800000|  0%| F|  |TAMS 0x00000000a6700000, 0x00000000a6700000| Untracked 
| 616|0x00000000a6800000, 0x00000000a6800000, 0x00000000a6900000|  0%| F|  |TAMS 0x00000000a6800000, 0x00000000a6800000| Untracked 
| 617|0x00000000a6900000, 0x00000000a6900000, 0x00000000a6a00000|  0%| F|  |TAMS 0x00000000a6900000, 0x00000000a6900000| Untracked 
| 618|0x00000000a6a00000, 0x00000000a6a00000, 0x00000000a6b00000|  0%| F|  |TAMS 0x00000000a6a00000, 0x00000000a6a00000| Untracked 
| 619|0x00000000a6b00000, 0x00000000a6b00000, 0x00000000a6c00000|  0%| F|  |TAMS 0x00000000a6b00000, 0x00000000a6b00000| Untracked 
| 620|0x00000000a6c00000, 0x00000000a6c00000, 0x00000000a6d00000|  0%| F|  |TAMS 0x00000000a6c00000, 0x00000000a6c00000| Untracked 
| 621|0x00000000a6d00000, 0x00000000a6d00000, 0x00000000a6e00000|  0%| F|  |TAMS 0x00000000a6d00000, 0x00000000a6d00000| Untracked 
| 622|0x00000000a6e00000, 0x00000000a6e00000, 0x00000000a6f00000|  0%| F|  |TAMS 0x00000000a6e00000, 0x00000000a6e00000| Untracked 
| 623|0x00000000a6f00000, 0x00000000a6f00000, 0x00000000a7000000|  0%| F|  |TAMS 0x00000000a6f00000, 0x00000000a6f00000| Untracked 
| 624|0x00000000a7000000, 0x00000000a7000000, 0x00000000a7100000|  0%| F|  |TAMS 0x00000000a7000000, 0x00000000a7000000| Untracked 
| 625|0x00000000a7100000, 0x00000000a7100000, 0x00000000a7200000|  0%| F|  |TAMS 0x00000000a7100000, 0x00000000a7100000| Untracked 
| 626|0x00000000a7200000, 0x00000000a7200000, 0x00000000a7300000|  0%| F|  |TAMS 0x00000000a7200000, 0x00000000a7200000| Untracked 
| 627|0x00000000a7300000, 0x00000000a7300000, 0x00000000a7400000|  0%| F|  |TAMS 0x00000000a7300000, 0x00000000a7300000| Untracked 
| 628|0x00000000a7400000, 0x00000000a7400000, 0x00000000a7500000|  0%| F|  |TAMS 0x00000000a7400000, 0x00000000a7400000| Untracked 
| 629|0x00000000a7500000, 0x00000000a7500000, 0x00000000a7600000|  0%| F|  |TAMS 0x00000000a7500000, 0x00000000a7500000| Untracked 
| 630|0x00000000a7600000, 0x00000000a7600000, 0x00000000a7700000|  0%| F|  |TAMS 0x00000000a7600000, 0x00000000a7600000| Untracked 
| 631|0x00000000a7700000, 0x00000000a7700000, 0x00000000a7800000|  0%| F|  |TAMS 0x00000000a7700000, 0x00000000a7700000| Untracked 
| 632|0x00000000a7800000, 0x00000000a7800000, 0x00000000a7900000|  0%| F|  |TAMS 0x00000000a7800000, 0x00000000a7800000| Untracked 
| 633|0x00000000a7900000, 0x00000000a7900000, 0x00000000a7a00000|  0%| F|  |TAMS 0x00000000a7900000, 0x00000000a7900000| Untracked 
| 634|0x00000000a7a00000, 0x00000000a7a00000, 0x00000000a7b00000|  0%| F|  |TAMS 0x00000000a7a00000, 0x00000000a7a00000| Untracked 
| 635|0x00000000a7b00000, 0x00000000a7b00000, 0x00000000a7c00000|  0%| F|  |TAMS 0x00000000a7b00000, 0x00000000a7b00000| Untracked 
| 636|0x00000000a7c00000, 0x00000000a7c00000, 0x00000000a7d00000|  0%| F|  |TAMS 0x00000000a7c00000, 0x00000000a7c00000| Untracked 
| 637|0x00000000a7d00000, 0x00000000a7d00000, 0x00000000a7e00000|  0%| F|  |TAMS 0x00000000a7d00000, 0x00000000a7d00000| Untracked 
| 638|0x00000000a7e00000, 0x00000000a7e00000, 0x00000000a7f00000|  0%| F|  |TAMS 0x00000000a7e00000, 0x00000000a7e00000| Untracked 
| 639|0x00000000a7f00000, 0x00000000a7f00000, 0x00000000a8000000|  0%| F|  |TAMS 0x00000000a7f00000, 0x00000000a7f00000| Untracked 
| 640|0x00000000a8000000, 0x00000000a8000000, 0x00000000a8100000|  0%| F|  |TAMS 0x00000000a8000000, 0x00000000a8000000| Untracked 
| 641|0x00000000a8100000, 0x00000000a8100000, 0x00000000a8200000|  0%| F|  |TAMS 0x00000000a8100000, 0x00000000a8100000| Untracked 
| 642|0x00000000a8200000, 0x00000000a8200000, 0x00000000a8300000|  0%| F|  |TAMS 0x00000000a8200000, 0x00000000a8200000| Untracked 
| 643|0x00000000a8300000, 0x00000000a8300000, 0x00000000a8400000|  0%| F|  |TAMS 0x00000000a8300000, 0x00000000a8300000| Untracked 
| 644|0x00000000a8400000, 0x00000000a8400000, 0x00000000a8500000|  0%| F|  |TAMS 0x00000000a8400000, 0x00000000a8400000| Untracked 
| 645|0x00000000a8500000, 0x00000000a8500000, 0x00000000a8600000|  0%| F|  |TAMS 0x00000000a8500000, 0x00000000a8500000| Untracked 
| 646|0x00000000a8600000, 0x00000000a8600000, 0x00000000a8700000|  0%| F|  |TAMS 0x00000000a8600000, 0x00000000a8600000| Untracked 
| 647|0x00000000a8700000, 0x00000000a8700000, 0x00000000a8800000|  0%| F|  |TAMS 0x00000000a8700000, 0x00000000a8700000| Untracked 
| 648|0x00000000a8800000, 0x00000000a8800000, 0x00000000a8900000|  0%| F|  |TAMS 0x00000000a8800000, 0x00000000a8800000| Untracked 
| 649|0x00000000a8900000, 0x00000000a8900000, 0x00000000a8a00000|  0%| F|  |TAMS 0x00000000a8900000, 0x00000000a8900000| Untracked 
| 650|0x00000000a8a00000, 0x00000000a8a00000, 0x00000000a8b00000|  0%| F|  |TAMS 0x00000000a8a00000, 0x00000000a8a00000| Untracked 
| 651|0x00000000a8b00000, 0x00000000a8b00000, 0x00000000a8c00000|  0%| F|  |TAMS 0x00000000a8b00000, 0x00000000a8b00000| Untracked 
| 652|0x00000000a8c00000, 0x00000000a8c00000, 0x00000000a8d00000|  0%| F|  |TAMS 0x00000000a8c00000, 0x00000000a8c00000| Untracked 
| 653|0x00000000a8d00000, 0x00000000a8d00000, 0x00000000a8e00000|  0%| F|  |TAMS 0x00000000a8d00000, 0x00000000a8d00000| Untracked 
| 654|0x00000000a8e00000, 0x00000000a8e00000, 0x00000000a8f00000|  0%| F|  |TAMS 0x00000000a8e00000, 0x00000000a8e00000| Untracked 
| 655|0x00000000a8f00000, 0x00000000a8f00000, 0x00000000a9000000|  0%| F|  |TAMS 0x00000000a8f00000, 0x00000000a8f00000| Untracked 
| 656|0x00000000a9000000, 0x00000000a9000000, 0x00000000a9100000|  0%| F|  |TAMS 0x00000000a9000000, 0x00000000a9000000| Untracked 
| 657|0x00000000a9100000, 0x00000000a9100000, 0x00000000a9200000|  0%| F|  |TAMS 0x00000000a9100000, 0x00000000a9100000| Untracked 
| 658|0x00000000a9200000, 0x00000000a9200000, 0x00000000a9300000|  0%| F|  |TAMS 0x00000000a9200000, 0x00000000a9200000| Untracked 
| 659|0x00000000a9300000, 0x00000000a9300000, 0x00000000a9400000|  0%| F|  |TAMS 0x00000000a9300000, 0x00000000a9300000| Untracked 
| 660|0x00000000a9400000, 0x00000000a9400000, 0x00000000a9500000|  0%| F|  |TAMS 0x00000000a9400000, 0x00000000a9400000| Untracked 
| 661|0x00000000a9500000, 0x00000000a9500000, 0x00000000a9600000|  0%| F|  |TAMS 0x00000000a9500000, 0x00000000a9500000| Untracked 
| 662|0x00000000a9600000, 0x00000000a9600000, 0x00000000a9700000|  0%| F|  |TAMS 0x00000000a9600000, 0x00000000a9600000| Untracked 
| 663|0x00000000a9700000, 0x00000000a9700000, 0x00000000a9800000|  0%| F|  |TAMS 0x00000000a9700000, 0x00000000a9700000| Untracked 
| 664|0x00000000a9800000, 0x00000000a9800000, 0x00000000a9900000|  0%| F|  |TAMS 0x00000000a9800000, 0x00000000a9800000| Untracked 
| 665|0x00000000a9900000, 0x00000000a9900000, 0x00000000a9a00000|  0%| F|  |TAMS 0x00000000a9900000, 0x00000000a9900000| Untracked 
| 666|0x00000000a9a00000, 0x00000000a9a00000, 0x00000000a9b00000|  0%| F|  |TAMS 0x00000000a9a00000, 0x00000000a9a00000| Untracked 
| 667|0x00000000a9b00000, 0x00000000a9b00000, 0x00000000a9c00000|  0%| F|  |TAMS 0x00000000a9b00000, 0x00000000a9b00000| Untracked 
| 668|0x00000000a9c00000, 0x00000000a9c00000, 0x00000000a9d00000|  0%| F|  |TAMS 0x00000000a9c00000, 0x00000000a9c00000| Untracked 
| 669|0x00000000a9d00000, 0x00000000a9d00000, 0x00000000a9e00000|  0%| F|  |TAMS 0x00000000a9d00000, 0x00000000a9d00000| Untracked 
| 670|0x00000000a9e00000, 0x00000000a9e00000, 0x00000000a9f00000|  0%| F|  |TAMS 0x00000000a9e00000, 0x00000000a9e00000| Untracked 
| 671|0x00000000a9f00000, 0x00000000a9f00000, 0x00000000aa000000|  0%| F|  |TAMS 0x00000000a9f00000, 0x00000000a9f00000| Untracked 
| 672|0x00000000aa000000, 0x00000000aa000000, 0x00000000aa100000|  0%| F|  |TAMS 0x00000000aa000000, 0x00000000aa000000| Untracked 
| 673|0x00000000aa100000, 0x00000000aa100000, 0x00000000aa200000|  0%| F|  |TAMS 0x00000000aa100000, 0x00000000aa100000| Untracked 
| 674|0x00000000aa200000, 0x00000000aa200000, 0x00000000aa300000|  0%| F|  |TAMS 0x00000000aa200000, 0x00000000aa200000| Untracked 
| 675|0x00000000aa300000, 0x00000000aa300000, 0x00000000aa400000|  0%| F|  |TAMS 0x00000000aa300000, 0x00000000aa300000| Untracked 
| 676|0x00000000aa400000, 0x00000000aa400000, 0x00000000aa500000|  0%| F|  |TAMS 0x00000000aa400000, 0x00000000aa400000| Untracked 
| 677|0x00000000aa500000, 0x00000000aa500000, 0x00000000aa600000|  0%| F|  |TAMS 0x00000000aa500000, 0x00000000aa500000| Untracked 
| 678|0x00000000aa600000, 0x00000000aa600000, 0x00000000aa700000|  0%| F|  |TAMS 0x00000000aa600000, 0x00000000aa600000| Untracked 
| 679|0x00000000aa700000, 0x00000000aa700000, 0x00000000aa800000|  0%| F|  |TAMS 0x00000000aa700000, 0x00000000aa700000| Untracked 
| 680|0x00000000aa800000, 0x00000000aa800000, 0x00000000aa900000|  0%| F|  |TAMS 0x00000000aa800000, 0x00000000aa800000| Untracked 
| 681|0x00000000aa900000, 0x00000000aa900000, 0x00000000aaa00000|  0%| F|  |TAMS 0x00000000aa900000, 0x00000000aa900000| Untracked 
| 682|0x00000000aaa00000, 0x00000000aaa00000, 0x00000000aab00000|  0%| F|  |TAMS 0x00000000aaa00000, 0x00000000aaa00000| Untracked 
| 683|0x00000000aab00000, 0x00000000aab00000, 0x00000000aac00000|  0%| F|  |TAMS 0x00000000aab00000, 0x00000000aab00000| Untracked 
| 684|0x00000000aac00000, 0x00000000aac00000, 0x00000000aad00000|  0%| F|  |TAMS 0x00000000aac00000, 0x00000000aac00000| Untracked 
| 685|0x00000000aad00000, 0x00000000aad00000, 0x00000000aae00000|  0%| F|  |TAMS 0x00000000aad00000, 0x00000000aad00000| Untracked 
| 686|0x00000000aae00000, 0x00000000aae00000, 0x00000000aaf00000|  0%| F|  |TAMS 0x00000000aae00000, 0x00000000aae00000| Untracked 
| 687|0x00000000aaf00000, 0x00000000aaf00000, 0x00000000ab000000|  0%| F|  |TAMS 0x00000000aaf00000, 0x00000000aaf00000| Untracked 
| 688|0x00000000ab000000, 0x00000000ab000000, 0x00000000ab100000|  0%| F|  |TAMS 0x00000000ab000000, 0x00000000ab000000| Untracked 
| 689|0x00000000ab100000, 0x00000000ab100000, 0x00000000ab200000|  0%| F|  |TAMS 0x00000000ab100000, 0x00000000ab100000| Untracked 
| 690|0x00000000ab200000, 0x00000000ab200000, 0x00000000ab300000|  0%| F|  |TAMS 0x00000000ab200000, 0x00000000ab200000| Untracked 
| 691|0x00000000ab300000, 0x00000000ab300000, 0x00000000ab400000|  0%| F|  |TAMS 0x00000000ab300000, 0x00000000ab300000| Untracked 
| 692|0x00000000ab400000, 0x00000000ab400000, 0x00000000ab500000|  0%| F|  |TAMS 0x00000000ab400000, 0x00000000ab400000| Untracked 
| 693|0x00000000ab500000, 0x00000000ab500000, 0x00000000ab600000|  0%| F|  |TAMS 0x00000000ab500000, 0x00000000ab500000| Untracked 
| 694|0x00000000ab600000, 0x00000000ab600000, 0x00000000ab700000|  0%| F|  |TAMS 0x00000000ab600000, 0x00000000ab600000| Untracked 
| 695|0x00000000ab700000, 0x00000000ab700000, 0x00000000ab800000|  0%| F|  |TAMS 0x00000000ab700000, 0x00000000ab700000| Untracked 
| 696|0x00000000ab800000, 0x00000000ab800000, 0x00000000ab900000|  0%| F|  |TAMS 0x00000000ab800000, 0x00000000ab800000| Untracked 
| 697|0x00000000ab900000, 0x00000000ab900000, 0x00000000aba00000|  0%| F|  |TAMS 0x00000000ab900000, 0x00000000ab900000| Untracked 
| 698|0x00000000aba00000, 0x00000000aba00000, 0x00000000abb00000|  0%| F|  |TAMS 0x00000000aba00000, 0x00000000aba00000| Untracked 
| 699|0x00000000abb00000, 0x00000000abb00000, 0x00000000abc00000|  0%| F|  |TAMS 0x00000000abb00000, 0x00000000abb00000| Untracked 
| 700|0x00000000abc00000, 0x00000000abc00000, 0x00000000abd00000|  0%| F|  |TAMS 0x00000000abc00000, 0x00000000abc00000| Untracked 
| 701|0x00000000abd00000, 0x00000000abd00000, 0x00000000abe00000|  0%| F|  |TAMS 0x00000000abd00000, 0x00000000abd00000| Untracked 
| 702|0x00000000abe00000, 0x00000000abe00000, 0x00000000abf00000|  0%| F|  |TAMS 0x00000000abe00000, 0x00000000abe00000| Untracked 
| 703|0x00000000abf00000, 0x00000000abf00000, 0x00000000ac000000|  0%| F|  |TAMS 0x00000000abf00000, 0x00000000abf00000| Untracked 
| 704|0x00000000ac000000, 0x00000000ac000000, 0x00000000ac100000|  0%| F|  |TAMS 0x00000000ac000000, 0x00000000ac000000| Untracked 
| 705|0x00000000ac100000, 0x00000000ac100000, 0x00000000ac200000|  0%| F|  |TAMS 0x00000000ac100000, 0x00000000ac100000| Untracked 
| 706|0x00000000ac200000, 0x00000000ac200000, 0x00000000ac300000|  0%| F|  |TAMS 0x00000000ac200000, 0x00000000ac200000| Untracked 
| 707|0x00000000ac300000, 0x00000000ac300000, 0x00000000ac400000|  0%| F|  |TAMS 0x00000000ac300000, 0x00000000ac300000| Untracked 
| 708|0x00000000ac400000, 0x00000000ac400000, 0x00000000ac500000|  0%| F|  |TAMS 0x00000000ac400000, 0x00000000ac400000| Untracked 
| 709|0x00000000ac500000, 0x00000000ac500000, 0x00000000ac600000|  0%| F|  |TAMS 0x00000000ac500000, 0x00000000ac500000| Untracked 
| 710|0x00000000ac600000, 0x00000000ac600000, 0x00000000ac700000|  0%| F|  |TAMS 0x00000000ac600000, 0x00000000ac600000| Untracked 
| 711|0x00000000ac700000, 0x00000000ac700000, 0x00000000ac800000|  0%| F|  |TAMS 0x00000000ac700000, 0x00000000ac700000| Untracked 
| 712|0x00000000ac800000, 0x00000000ac800000, 0x00000000ac900000|  0%| F|  |TAMS 0x00000000ac800000, 0x00000000ac800000| Untracked 
| 713|0x00000000ac900000, 0x00000000ac900000, 0x00000000aca00000|  0%| F|  |TAMS 0x00000000ac900000, 0x00000000ac900000| Untracked 
| 714|0x00000000aca00000, 0x00000000aca00000, 0x00000000acb00000|  0%| F|  |TAMS 0x00000000aca00000, 0x00000000aca00000| Untracked 
| 715|0x00000000acb00000, 0x00000000acb00000, 0x00000000acc00000|  0%| F|  |TAMS 0x00000000acb00000, 0x00000000acb00000| Untracked 
| 716|0x00000000acc00000, 0x00000000acc00000, 0x00000000acd00000|  0%| F|  |TAMS 0x00000000acc00000, 0x00000000acc00000| Untracked 
| 717|0x00000000acd00000, 0x00000000acd00000, 0x00000000ace00000|  0%| F|  |TAMS 0x00000000acd00000, 0x00000000acd00000| Untracked 
| 718|0x00000000ace00000, 0x00000000ace00000, 0x00000000acf00000|  0%| F|  |TAMS 0x00000000ace00000, 0x00000000ace00000| Untracked 
| 719|0x00000000acf00000, 0x00000000acf00000, 0x00000000ad000000|  0%| F|  |TAMS 0x00000000acf00000, 0x00000000acf00000| Untracked 
| 720|0x00000000ad000000, 0x00000000ad000000, 0x00000000ad100000|  0%| F|  |TAMS 0x00000000ad000000, 0x00000000ad000000| Untracked 
| 721|0x00000000ad100000, 0x00000000ad100000, 0x00000000ad200000|  0%| F|  |TAMS 0x00000000ad100000, 0x00000000ad100000| Untracked 
| 722|0x00000000ad200000, 0x00000000ad200000, 0x00000000ad300000|  0%| F|  |TAMS 0x00000000ad200000, 0x00000000ad200000| Untracked 
| 723|0x00000000ad300000, 0x00000000ad300000, 0x00000000ad400000|  0%| F|  |TAMS 0x00000000ad300000, 0x00000000ad300000| Untracked 
| 724|0x00000000ad400000, 0x00000000ad400000, 0x00000000ad500000|  0%| F|  |TAMS 0x00000000ad400000, 0x00000000ad400000| Untracked 
| 725|0x00000000ad500000, 0x00000000ad500000, 0x00000000ad600000|  0%| F|  |TAMS 0x00000000ad500000, 0x00000000ad500000| Untracked 
| 726|0x00000000ad600000, 0x00000000ad600000, 0x00000000ad700000|  0%| F|  |TAMS 0x00000000ad600000, 0x00000000ad600000| Untracked 
| 727|0x00000000ad700000, 0x00000000ad700000, 0x00000000ad800000|  0%| F|  |TAMS 0x00000000ad700000, 0x00000000ad700000| Untracked 
| 728|0x00000000ad800000, 0x00000000ad800000, 0x00000000ad900000|  0%| F|  |TAMS 0x00000000ad800000, 0x00000000ad800000| Untracked 
| 729|0x00000000ad900000, 0x00000000ad900000, 0x00000000ada00000|  0%| F|  |TAMS 0x00000000ad900000, 0x00000000ad900000| Untracked 
| 730|0x00000000ada00000, 0x00000000ada00000, 0x00000000adb00000|  0%| F|  |TAMS 0x00000000ada00000, 0x00000000ada00000| Untracked 
| 731|0x00000000adb00000, 0x00000000adb00000, 0x00000000adc00000|  0%| F|  |TAMS 0x00000000adb00000, 0x00000000adb00000| Untracked 
| 732|0x00000000adc00000, 0x00000000adc00000, 0x00000000add00000|  0%| F|  |TAMS 0x00000000adc00000, 0x00000000adc00000| Untracked 
| 733|0x00000000add00000, 0x00000000add00000, 0x00000000ade00000|  0%| F|  |TAMS 0x00000000add00000, 0x00000000add00000| Untracked 
| 734|0x00000000ade00000, 0x00000000ade00000, 0x00000000adf00000|  0%| F|  |TAMS 0x00000000ade00000, 0x00000000ade00000| Untracked 
| 735|0x00000000adf00000, 0x00000000adf00000, 0x00000000ae000000|  0%| F|  |TAMS 0x00000000adf00000, 0x00000000adf00000| Untracked 
| 736|0x00000000ae000000, 0x00000000ae000000, 0x00000000ae100000|  0%| F|  |TAMS 0x00000000ae000000, 0x00000000ae000000| Untracked 
| 737|0x00000000ae100000, 0x00000000ae100000, 0x00000000ae200000|  0%| F|  |TAMS 0x00000000ae100000, 0x00000000ae100000| Untracked 
| 738|0x00000000ae200000, 0x00000000ae215570, 0x00000000ae300000|  8%| E|  |TAMS 0x00000000ae200000, 0x00000000ae200000| Complete 
| 739|0x00000000ae300000, 0x00000000ae400000, 0x00000000ae400000|100%| E|CS|TAMS 0x00000000ae300000, 0x00000000ae300000| Complete 
| 740|0x00000000ae400000, 0x00000000ae500000, 0x00000000ae500000|100%| E|CS|TAMS 0x00000000ae400000, 0x00000000ae400000| Complete 
| 741|0x00000000ae500000, 0x00000000ae600000, 0x00000000ae600000|100%| E|CS|TAMS 0x00000000ae500000, 0x00000000ae500000| Complete 
| 742|0x00000000ae600000, 0x00000000ae700000, 0x00000000ae700000|100%| E|CS|TAMS 0x00000000ae600000, 0x00000000ae600000| Complete 
| 743|0x00000000ae700000, 0x00000000ae800000, 0x00000000ae800000|100%| E|  |TAMS 0x00000000ae700000, 0x00000000ae700000| Complete 
| 744|0x00000000ae800000, 0x00000000ae900000, 0x00000000ae900000|100%| E|CS|TAMS 0x00000000ae800000, 0x00000000ae800000| Complete 
| 745|0x00000000ae900000, 0x00000000aea00000, 0x00000000aea00000|100%| E|CS|TAMS 0x00000000ae900000, 0x00000000ae900000| Complete 
| 746|0x00000000aea00000, 0x00000000aeb00000, 0x00000000aeb00000|100%| E|CS|TAMS 0x00000000aea00000, 0x00000000aea00000| Complete 
| 747|0x00000000aeb00000, 0x00000000aec00000, 0x00000000aec00000|100%| E|CS|TAMS 0x00000000aeb00000, 0x00000000aeb00000| Complete 
| 748|0x00000000aec00000, 0x00000000aed00000, 0x00000000aed00000|100%| E|CS|TAMS 0x00000000aec00000, 0x00000000aec00000| Complete 
| 749|0x00000000aed00000, 0x00000000aee00000, 0x00000000aee00000|100%| E|CS|TAMS 0x00000000aed00000, 0x00000000aed00000| Complete 
| 750|0x00000000aee00000, 0x00000000aef00000, 0x00000000aef00000|100%| E|CS|TAMS 0x00000000aee00000, 0x00000000aee00000| Complete 
| 751|0x00000000aef00000, 0x00000000af000000, 0x00000000af000000|100%| E|CS|TAMS 0x00000000aef00000, 0x00000000aef00000| Complete 
| 752|0x00000000af000000, 0x00000000af100000, 0x00000000af100000|100%| E|CS|TAMS 0x00000000af000000, 0x00000000af000000| Complete 
| 753|0x00000000af100000, 0x00000000af200000, 0x00000000af200000|100%| E|CS|TAMS 0x00000000af100000, 0x00000000af100000| Complete 
| 754|0x00000000af200000, 0x00000000af300000, 0x00000000af300000|100%| E|CS|TAMS 0x00000000af200000, 0x00000000af200000| Complete 
| 755|0x00000000af300000, 0x00000000af400000, 0x00000000af400000|100%| E|CS|TAMS 0x00000000af300000, 0x00000000af300000| Complete 
| 756|0x00000000af400000, 0x00000000af500000, 0x00000000af500000|100%| E|CS|TAMS 0x00000000af400000, 0x00000000af400000| Complete 
| 757|0x00000000af500000, 0x00000000af600000, 0x00000000af600000|100%| E|CS|TAMS 0x00000000af500000, 0x00000000af500000| Complete 
| 758|0x00000000af600000, 0x00000000af700000, 0x00000000af700000|100%| E|CS|TAMS 0x00000000af600000, 0x00000000af600000| Complete 
| 759|0x00000000af700000, 0x00000000af800000, 0x00000000af800000|100%| E|CS|TAMS 0x00000000af700000, 0x00000000af700000| Complete 
| 760|0x00000000af800000, 0x00000000af900000, 0x00000000af900000|100%| E|CS|TAMS 0x00000000af800000, 0x00000000af800000| Complete 
| 761|0x00000000af900000, 0x00000000afa00000, 0x00000000afa00000|100%| E|CS|TAMS 0x00000000af900000, 0x00000000af900000| Complete 
| 762|0x00000000afa00000, 0x00000000afb00000, 0x00000000afb00000|100%| E|CS|TAMS 0x00000000afa00000, 0x00000000afa00000| Complete 
| 763|0x00000000afb00000, 0x00000000afc00000, 0x00000000afc00000|100%| E|CS|TAMS 0x00000000afb00000, 0x00000000afb00000| Complete 
| 764|0x00000000afc00000, 0x00000000afd00000, 0x00000000afd00000|100%| E|CS|TAMS 0x00000000afc00000, 0x00000000afc00000| Complete 
| 765|0x00000000afd00000, 0x00000000afe00000, 0x00000000afe00000|100%| E|CS|TAMS 0x00000000afd00000, 0x00000000afd00000| Complete 
| 766|0x00000000afe00000, 0x00000000aff00000, 0x00000000aff00000|100%| E|CS|TAMS 0x00000000afe00000, 0x00000000afe00000| Complete 
| 767|0x00000000aff00000, 0x00000000b0000000, 0x00000000b0000000|100%| E|CS|TAMS 0x00000000aff00000, 0x00000000aff00000| Complete 
| 768|0x00000000b0000000, 0x00000000b0100000, 0x00000000b0100000|100%| E|CS|TAMS 0x00000000b0000000, 0x00000000b0000000| Complete 
| 769|0x00000000b0100000, 0x00000000b0200000, 0x00000000b0200000|100%| E|CS|TAMS 0x00000000b0100000, 0x00000000b0100000| Complete 
| 770|0x00000000b0200000, 0x00000000b0300000, 0x00000000b0300000|100%| E|CS|TAMS 0x00000000b0200000, 0x00000000b0200000| Complete 
| 771|0x00000000b0300000, 0x00000000b0400000, 0x00000000b0400000|100%| E|CS|TAMS 0x00000000b0300000, 0x00000000b0300000| Complete 
| 772|0x00000000b0400000, 0x00000000b0500000, 0x00000000b0500000|100%| E|CS|TAMS 0x00000000b0400000, 0x00000000b0400000| Complete 
| 773|0x00000000b0500000, 0x00000000b0600000, 0x00000000b0600000|100%| E|CS|TAMS 0x00000000b0500000, 0x00000000b0500000| Complete 
| 774|0x00000000b0600000, 0x00000000b0700000, 0x00000000b0700000|100%| E|CS|TAMS 0x00000000b0600000, 0x00000000b0600000| Complete 
| 775|0x00000000b0700000, 0x00000000b0800000, 0x00000000b0800000|100%| E|CS|TAMS 0x00000000b0700000, 0x00000000b0700000| Complete 
| 776|0x00000000b0800000, 0x00000000b0900000, 0x00000000b0900000|100%| E|CS|TAMS 0x00000000b0800000, 0x00000000b0800000| Complete 
| 777|0x00000000b0900000, 0x00000000b0a00000, 0x00000000b0a00000|100%| E|CS|TAMS 0x00000000b0900000, 0x00000000b0900000| Complete 
| 778|0x00000000b0a00000, 0x00000000b0b00000, 0x00000000b0b00000|100%| E|CS|TAMS 0x00000000b0a00000, 0x00000000b0a00000| Complete 
| 779|0x00000000b0b00000, 0x00000000b0c00000, 0x00000000b0c00000|100%| E|CS|TAMS 0x00000000b0b00000, 0x00000000b0b00000| Complete 
| 780|0x00000000b0c00000, 0x00000000b0d00000, 0x00000000b0d00000|100%| E|CS|TAMS 0x00000000b0c00000, 0x00000000b0c00000| Complete 
| 781|0x00000000b0d00000, 0x00000000b0e00000, 0x00000000b0e00000|100%| E|CS|TAMS 0x00000000b0d00000, 0x00000000b0d00000| Complete 
| 782|0x00000000b0e00000, 0x00000000b0f00000, 0x00000000b0f00000|100%| E|CS|TAMS 0x00000000b0e00000, 0x00000000b0e00000| Complete 
| 783|0x00000000b0f00000, 0x00000000b1000000, 0x00000000b1000000|100%| E|CS|TAMS 0x00000000b0f00000, 0x00000000b0f00000| Complete 
| 784|0x00000000b1000000, 0x00000000b1100000, 0x00000000b1100000|100%| E|CS|TAMS 0x00000000b1000000, 0x00000000b1000000| Complete 
| 785|0x00000000b1100000, 0x00000000b1200000, 0x00000000b1200000|100%| E|CS|TAMS 0x00000000b1100000, 0x00000000b1100000| Complete 
| 786|0x00000000b1200000, 0x00000000b1300000, 0x00000000b1300000|100%| E|CS|TAMS 0x00000000b1200000, 0x00000000b1200000| Complete 
| 787|0x00000000b1300000, 0x00000000b1400000, 0x00000000b1400000|100%| E|CS|TAMS 0x00000000b1300000, 0x00000000b1300000| Complete 
| 788|0x00000000b1400000, 0x00000000b1500000, 0x00000000b1500000|100%| E|CS|TAMS 0x00000000b1400000, 0x00000000b1400000| Complete 
| 789|0x00000000b1500000, 0x00000000b1600000, 0x00000000b1600000|100%| E|CS|TAMS 0x00000000b1500000, 0x00000000b1500000| Complete 
| 790|0x00000000b1600000, 0x00000000b1700000, 0x00000000b1700000|100%| E|CS|TAMS 0x00000000b1600000, 0x00000000b1600000| Complete 
| 791|0x00000000b1700000, 0x00000000b1800000, 0x00000000b1800000|100%| E|CS|TAMS 0x00000000b1700000, 0x00000000b1700000| Complete 
| 792|0x00000000b1800000, 0x00000000b1900000, 0x00000000b1900000|100%| E|CS|TAMS 0x00000000b1800000, 0x00000000b1800000| Complete 
| 793|0x00000000b1900000, 0x00000000b1a00000, 0x00000000b1a00000|100%| E|CS|TAMS 0x00000000b1900000, 0x00000000b1900000| Complete 
| 794|0x00000000b1a00000, 0x00000000b1b00000, 0x00000000b1b00000|100%| E|CS|TAMS 0x00000000b1a00000, 0x00000000b1a00000| Complete 
| 795|0x00000000b1b00000, 0x00000000b1c00000, 0x00000000b1c00000|100%| E|CS|TAMS 0x00000000b1b00000, 0x00000000b1b00000| Complete 
| 796|0x00000000b1c00000, 0x00000000b1d00000, 0x00000000b1d00000|100%| E|CS|TAMS 0x00000000b1c00000, 0x00000000b1c00000| Complete 
| 797|0x00000000b1d00000, 0x00000000b1e00000, 0x00000000b1e00000|100%| E|CS|TAMS 0x00000000b1d00000, 0x00000000b1d00000| Complete 
| 798|0x00000000b1e00000, 0x00000000b1f00000, 0x00000000b1f00000|100%| E|CS|TAMS 0x00000000b1e00000, 0x00000000b1e00000| Complete 
| 799|0x00000000b1f00000, 0x00000000b2000000, 0x00000000b2000000|100%| E|CS|TAMS 0x00000000b1f00000, 0x00000000b1f00000| Complete 
| 800|0x00000000b2000000, 0x00000000b2100000, 0x00000000b2100000|100%| E|CS|TAMS 0x00000000b2000000, 0x00000000b2000000| Complete 
| 801|0x00000000b2100000, 0x00000000b2200000, 0x00000000b2200000|100%| E|CS|TAMS 0x00000000b2100000, 0x00000000b2100000| Complete 
| 802|0x00000000b2200000, 0x00000000b2300000, 0x00000000b2300000|100%| E|CS|TAMS 0x00000000b2200000, 0x00000000b2200000| Complete 
| 803|0x00000000b2300000, 0x00000000b2400000, 0x00000000b2400000|100%| E|CS|TAMS 0x00000000b2300000, 0x00000000b2300000| Complete 
| 804|0x00000000b2400000, 0x00000000b2500000, 0x00000000b2500000|100%| E|CS|TAMS 0x00000000b2400000, 0x00000000b2400000| Complete 
| 805|0x00000000b2500000, 0x00000000b2600000, 0x00000000b2600000|100%| E|CS|TAMS 0x00000000b2500000, 0x00000000b2500000| Complete 
| 806|0x00000000b2600000, 0x00000000b2700000, 0x00000000b2700000|100%| E|CS|TAMS 0x00000000b2600000, 0x00000000b2600000| Complete 
| 807|0x00000000b2700000, 0x00000000b2800000, 0x00000000b2800000|100%| E|CS|TAMS 0x00000000b2700000, 0x00000000b2700000| Complete 
| 808|0x00000000b2800000, 0x00000000b2900000, 0x00000000b2900000|100%| E|CS|TAMS 0x00000000b2800000, 0x00000000b2800000| Complete 
| 809|0x00000000b2900000, 0x00000000b2a00000, 0x00000000b2a00000|100%| E|CS|TAMS 0x00000000b2900000, 0x00000000b2900000| Complete 
| 810|0x00000000b2a00000, 0x00000000b2b00000, 0x00000000b2b00000|100%| E|CS|TAMS 0x00000000b2a00000, 0x00000000b2a00000| Complete 
| 811|0x00000000b2b00000, 0x00000000b2c00000, 0x00000000b2c00000|100%| E|CS|TAMS 0x00000000b2b00000, 0x00000000b2b00000| Complete 
| 812|0x00000000b2c00000, 0x00000000b2d00000, 0x00000000b2d00000|100%| E|CS|TAMS 0x00000000b2c00000, 0x00000000b2c00000| Complete 
| 813|0x00000000b2d00000, 0x00000000b2e00000, 0x00000000b2e00000|100%| E|CS|TAMS 0x00000000b2d00000, 0x00000000b2d00000| Complete 
| 814|0x00000000b2e00000, 0x00000000b2f00000, 0x00000000b2f00000|100%| E|CS|TAMS 0x00000000b2e00000, 0x00000000b2e00000| Complete 
| 815|0x00000000b2f00000, 0x00000000b3000000, 0x00000000b3000000|100%| E|CS|TAMS 0x00000000b2f00000, 0x00000000b2f00000| Complete 
| 816|0x00000000b3000000, 0x00000000b3100000, 0x00000000b3100000|100%| E|CS|TAMS 0x00000000b3000000, 0x00000000b3000000| Complete 
| 817|0x00000000b3100000, 0x00000000b3200000, 0x00000000b3200000|100%| E|CS|TAMS 0x00000000b3100000, 0x00000000b3100000| Complete 
| 818|0x00000000b3200000, 0x00000000b3300000, 0x00000000b3300000|100%| E|CS|TAMS 0x00000000b3200000, 0x00000000b3200000| Complete 
| 819|0x00000000b3300000, 0x00000000b3400000, 0x00000000b3400000|100%| E|CS|TAMS 0x00000000b3300000, 0x00000000b3300000| Complete 
| 820|0x00000000b3400000, 0x00000000b3500000, 0x00000000b3500000|100%| E|CS|TAMS 0x00000000b3400000, 0x00000000b3400000| Complete 
| 821|0x00000000b3500000, 0x00000000b3600000, 0x00000000b3600000|100%| E|CS|TAMS 0x00000000b3500000, 0x00000000b3500000| Complete 
| 822|0x00000000b3600000, 0x00000000b3700000, 0x00000000b3700000|100%| E|CS|TAMS 0x00000000b3600000, 0x00000000b3600000| Complete 
| 823|0x00000000b3700000, 0x00000000b3800000, 0x00000000b3800000|100%| E|CS|TAMS 0x00000000b3700000, 0x00000000b3700000| Complete 
| 824|0x00000000b3800000, 0x00000000b3900000, 0x00000000b3900000|100%| E|CS|TAMS 0x00000000b3800000, 0x00000000b3800000| Complete 
| 825|0x00000000b3900000, 0x00000000b3a00000, 0x00000000b3a00000|100%| E|CS|TAMS 0x00000000b3900000, 0x00000000b3900000| Complete 
| 826|0x00000000b3a00000, 0x00000000b3b00000, 0x00000000b3b00000|100%| E|CS|TAMS 0x00000000b3a00000, 0x00000000b3a00000| Complete 
| 827|0x00000000b3b00000, 0x00000000b3c00000, 0x00000000b3c00000|100%| E|CS|TAMS 0x00000000b3b00000, 0x00000000b3b00000| Complete 
| 828|0x00000000b3c00000, 0x00000000b3d00000, 0x00000000b3d00000|100%| E|CS|TAMS 0x00000000b3c00000, 0x00000000b3c00000| Complete 
| 829|0x00000000b3d00000, 0x00000000b3e00000, 0x00000000b3e00000|100%| E|CS|TAMS 0x00000000b3d00000, 0x00000000b3d00000| Complete 
| 830|0x00000000b3e00000, 0x00000000b3f00000, 0x00000000b3f00000|100%| E|CS|TAMS 0x00000000b3e00000, 0x00000000b3e00000| Complete 
| 831|0x00000000b3f00000, 0x00000000b4000000, 0x00000000b4000000|100%| E|CS|TAMS 0x00000000b3f00000, 0x00000000b3f00000| Complete 
| 832|0x00000000b4000000, 0x00000000b4100000, 0x00000000b4100000|100%| E|CS|TAMS 0x00000000b4000000, 0x00000000b4000000| Complete 
| 833|0x00000000b4100000, 0x00000000b4200000, 0x00000000b4200000|100%| E|CS|TAMS 0x00000000b4100000, 0x00000000b4100000| Complete 
| 834|0x00000000b4200000, 0x00000000b4300000, 0x00000000b4300000|100%| E|CS|TAMS 0x00000000b4200000, 0x00000000b4200000| Complete 
| 835|0x00000000b4300000, 0x00000000b4400000, 0x00000000b4400000|100%| E|CS|TAMS 0x00000000b4300000, 0x00000000b4300000| Complete 
| 836|0x00000000b4400000, 0x00000000b4500000, 0x00000000b4500000|100%| E|CS|TAMS 0x00000000b4400000, 0x00000000b4400000| Complete 
| 837|0x00000000b4500000, 0x00000000b4600000, 0x00000000b4600000|100%| E|CS|TAMS 0x00000000b4500000, 0x00000000b4500000| Complete 
| 838|0x00000000b4600000, 0x00000000b4700000, 0x00000000b4700000|100%| E|CS|TAMS 0x00000000b4600000, 0x00000000b4600000| Complete 
| 839|0x00000000b4700000, 0x00000000b4800000, 0x00000000b4800000|100%| E|CS|TAMS 0x00000000b4700000, 0x00000000b4700000| Complete 
| 840|0x00000000b4800000, 0x00000000b4900000, 0x00000000b4900000|100%| E|CS|TAMS 0x00000000b4800000, 0x00000000b4800000| Complete 
| 841|0x00000000b4900000, 0x00000000b4a00000, 0x00000000b4a00000|100%| E|CS|TAMS 0x00000000b4900000, 0x00000000b4900000| Complete 
| 842|0x00000000b4a00000, 0x00000000b4af5018, 0x00000000b4b00000| 95%| S|CS|TAMS 0x00000000b4a00000, 0x00000000b4a00000| Complete 
| 843|0x00000000b4b00000, 0x00000000b4c00000, 0x00000000b4c00000|100%| S|CS|TAMS 0x00000000b4b00000, 0x00000000b4b00000| Complete 
| 844|0x00000000b4c00000, 0x00000000b4d00000, 0x00000000b4d00000|100%| S|CS|TAMS 0x00000000b4c00000, 0x00000000b4c00000| Complete 
| 845|0x00000000b4d00000, 0x00000000b4e00000, 0x00000000b4e00000|100%| S|CS|TAMS 0x00000000b4d00000, 0x00000000b4d00000| Complete 
| 846|0x00000000b4e00000, 0x00000000b4f00000, 0x00000000b4f00000|100%| E|CS|TAMS 0x00000000b4e00000, 0x00000000b4e00000| Complete 

Card table byte_map: [0x00000290795b0000,0x00000290799b0000] _byte_map_base: 0x00000290791b0000

Marking Bits (Prev, Next): (CMBitMap*) 0x0000029062153ee0, (CMBitMap*) 0x0000029062153f20
 Prev Bits: [0x0000029079db0000, 0x000002907bdb0000)
 Next Bits: [0x000002907bdb0000, 0x000002907ddb0000)

Polling page: 0x000002905ffc0000

Metaspace:

Usage:
  Non-class:    127.02 MB used.
      Class:     19.31 MB used.
       Both:    146.34 MB used.

Virtual space:
  Non-class space:      192.00 MB reserved,     128.31 MB ( 67%) committed,  3 nodes.
      Class space:      416.00 MB reserved,      20.50 MB (  5%) committed,  1 nodes.
             Both:      608.00 MB reserved,     148.81 MB ( 24%) committed. 

Chunk freelists:
   Non-Class:  15.08 MB
       Class:  11.47 MB
        Both:  26.55 MB

MaxMetaspaceSize: 512.00 MB
CompressedClassSpaceSize: 416.00 MB
Initial GC threshold: 21.00 MB
Current GC threshold: 246.69 MB
CDS: on
MetaspaceReclaimPolicy: balanced
 - commit_granule_bytes: 65536.
 - commit_granule_words: 8192.
 - virtual_space_node_default_size: 8388608.
 - enlarge_chunks_in_place: 1.
 - new_chunks_are_fully_committed: 0.
 - uncommit_free_chunks: 1.
 - use_allocation_guard: 0.
 - handle_deallocations: 1.


Internal statistics:

num_allocs_failed_limit: 9.
num_arena_births: 3996.
num_arena_deaths: 10.
num_vsnodes_births: 4.
num_vsnodes_deaths: 0.
num_space_committed: 2395.
num_space_uncommitted: 16.
num_chunks_returned_to_freelist: 91.
num_chunks_taken_from_freelist: 11622.
num_chunk_merges: 35.
num_chunk_splits: 7062.
num_chunks_enlarged: 3890.
num_inconsistent_stats: 0.

CodeHeap 'non-profiled nmethods': size=120000Kb used=20702Kb max_used=20702Kb free=99297Kb
 bounds [0x0000029071730000, 0x0000029072b80000, 0x0000029078c60000]
CodeHeap 'profiled nmethods': size=120000Kb used=51472Kb max_used=52541Kb free=68528Kb
 bounds [0x0000029069c60000, 0x000002906cfd0000, 0x0000029071190000]
CodeHeap 'non-nmethods': size=5760Kb used=2538Kb max_used=2599Kb free=3221Kb
 bounds [0x0000029071190000, 0x0000029071420000, 0x0000029071730000]
 total_blobs=27258 nmethods=26166 adapters=1002
 compilation: enabled
              stopped_count=0, restarted_count=0
 full_count=0

Compilation events (20 events):
Event: 140.635 Thread 0x0000029000a8aec0 nmethod 32826 0x00000290725b4310 code [0x00000290725b44a0, 0x00000290725b4538]
Event: 140.635 Thread 0x0000029000a8aec0 32707       4       com.sun.tools.javac.comp.ArgumentAttr::visitTree (20 bytes)
Event: 140.637 Thread 0x0000029000a8aec0 nmethod 32707 0x00000290725b3f10 code [0x00000290725b40a0, 0x00000290725b4218]
Event: 140.637 Thread 0x0000029000a8aec0 33027       4       com.sun.tools.javac.tree.JCTree$JCAssign::getTag (4 bytes)
Event: 140.637 Thread 0x0000029000a8aec0 nmethod 33027 0x00000290725b3c10 code [0x00000290725b3da0, 0x00000290725b3e18]
Event: 140.637 Thread 0x0000029000a8aec0 33095       4       java.io.ObjectStreamClass::checkInitialized (19 bytes)
Event: 140.638 Thread 0x0000029000a8aec0 nmethod 33095 0x00000290725b3910 code [0x00000290725b3aa0, 0x00000290725b3b38]
Event: 140.638 Thread 0x0000029000a8aec0 33094       4       java.io.ObjectInputStream$GetField::<init> (5 bytes)
Event: 140.638 Thread 0x0000029000a8aec0 nmethod 33094 0x00000290725b3610 code [0x00000290725b3780, 0x00000290725b37f8]
Event: 140.638 Thread 0x0000029000a8aec0 32906       4       java.io.ObjectInputStream::readNull (27 bytes)
Event: 140.639 Thread 0x0000029000a8aec0 nmethod 32906 0x00000290725b3290 code [0x00000290725b3420, 0x00000290725b3508]
Event: 140.764 Thread 0x0000029000a8aec0 33188       4       com.sun.tools.javac.code.Scope$ScopeImpl::<init> (46 bytes)
Event: 140.764 Thread 0x0000029000a8b7d0 33189       3       com.sun.tools.javac.code.Symtab::instance (26 bytes)
Event: 140.764 Thread 0x0000029000a8b7d0 nmethod 33189 0x000002906c62b010 code [0x000002906c62b1e0, 0x000002906c62b4f8]
Event: 140.764 Thread 0x0000029000a8b7d0 33190       3       com.sun.tools.javac.comp.Operators$OperatorHelper::<init> (33 bytes)
Event: 140.765 Thread 0x0000029000a8b7d0 nmethod 33190 0x000002906abf2390 code [0x000002906abf2580, 0x000002906abf2a78]
Event: 140.765 Thread 0x0000029000a8b7d0 33191       1       java.util.ResourceBundle$BundleReference::getCacheKey (5 bytes)
Event: 140.765 Thread 0x0000029000a8b7d0 nmethod 33191 0x00000290725b2f90 code [0x00000290725b3120, 0x00000290725b31f8]
Event: 140.768 Thread 0x0000029000a8aec0 nmethod 33188 0x00000290725b2810 code [0x00000290725b29a0, 0x00000290725b2e18]
Event: 140.768 Thread 0x0000029000a8aec0 33192       4       java.net.URI$Parser::parse (243 bytes)

GC Heap History (20 events):
Event: 133.056 GC heap before
{Heap before GC invocations=85 (full 0):
 garbage-first heap   total 575488K, used 499564K [0x0000000080000000, 0x0000000100000000)
  region size 1024K, 32 young (32768K), 6 survivors (6144K)
 Metaspace       used 146001K, committed 148544K, reserved 557056K
  class space    used 19282K, committed 20480K, reserved 425984K
}
Event: 133.064 GC heap after
{Heap after GC invocations=86 (full 0):
 garbage-first heap   total 575488K, used 476313K [0x0000000080000000, 0x0000000100000000)
  region size 1024K, 4 young (4096K), 4 survivors (4096K)
 Metaspace       used 146001K, committed 148544K, reserved 557056K
  class space    used 19282K, committed 20480K, reserved 425984K
}
Event: 133.497 GC heap before
{Heap before GC invocations=86 (full 0):
 garbage-first heap   total 575488K, used 506009K [0x0000000080000000, 0x0000000100000000)
  region size 1024K, 28 young (28672K), 4 survivors (4096K)
 Metaspace       used 146254K, committed 148800K, reserved 557056K
  class space    used 19303K, committed 20480K, reserved 425984K
}
Event: 133.504 GC heap after
{Heap after GC invocations=87 (full 0):
 garbage-first heap   total 575488K, used 486870K [0x0000000080000000, 0x0000000100000000)
  region size 1024K, 4 young (4096K), 4 survivors (4096K)
 Metaspace       used 146254K, committed 148800K, reserved 557056K
  class space    used 19303K, committed 20480K, reserved 425984K
}
Event: 133.867 GC heap before
{Heap before GC invocations=87 (full 0):
 garbage-first heap   total 575488K, used 510422K [0x0000000080000000, 0x0000000100000000)
  region size 1024K, 28 young (28672K), 4 survivors (4096K)
 Metaspace       used 146326K, committed 148864K, reserved 557056K
  class space    used 19303K, committed 20480K, reserved 425984K
}
Event: 133.875 GC heap after
{Heap after GC invocations=88 (full 0):
 garbage-first heap   total 575488K, used 493445K [0x0000000080000000, 0x0000000100000000)
  region size 1024K, 4 young (4096K), 4 survivors (4096K)
 Metaspace       used 146326K, committed 148864K, reserved 557056K
  class space    used 19303K, committed 20480K, reserved 425984K
}
Event: 134.467 GC heap before
{Heap before GC invocations=88 (full 0):
 garbage-first heap   total 575488K, used 518021K [0x0000000080000000, 0x0000000100000000)
  region size 1024K, 28 young (28672K), 4 survivors (4096K)
 Metaspace       used 146398K, committed 148864K, reserved 557056K
  class space    used 19303K, committed 20480K, reserved 425984K
}
Event: 134.474 GC heap after
{Heap after GC invocations=89 (full 0):
 garbage-first heap   total 575488K, used 495084K [0x0000000080000000, 0x0000000100000000)
  region size 1024K, 4 young (4096K), 4 survivors (4096K)
 Metaspace       used 146398K, committed 148864K, reserved 557056K
  class space    used 19303K, committed 20480K, reserved 425984K
}
Event: 135.303 GC heap before
{Heap before GC invocations=89 (full 0):
 garbage-first heap   total 575488K, used 518636K [0x0000000080000000, 0x0000000100000000)
  region size 1024K, 28 young (28672K), 4 survivors (4096K)
 Metaspace       used 146483K, committed 148992K, reserved 557056K
  class space    used 19315K, committed 20480K, reserved 425984K
}
Event: 135.313 GC heap after
{Heap after GC invocations=90 (full 0):
 garbage-first heap   total 575488K, used 498987K [0x0000000080000000, 0x0000000100000000)
  region size 1024K, 4 young (4096K), 4 survivors (4096K)
 Metaspace       used 146483K, committed 148992K, reserved 557056K
  class space    used 19315K, committed 20480K, reserved 425984K
}
Event: 136.254 GC heap before
{Heap before GC invocations=90 (full 0):
 garbage-first heap   total 575488K, used 522539K [0x0000000080000000, 0x0000000100000000)
  region size 1024K, 28 young (28672K), 4 survivors (4096K)
 Metaspace       used 148305K, committed 150784K, reserved 557056K
  class space    used 19521K, committed 20672K, reserved 425984K
}
Event: 136.262 GC heap after
{Heap after GC invocations=91 (full 0):
 garbage-first heap   total 575488K, used 501899K [0x0000000080000000, 0x0000000100000000)
  region size 1024K, 4 young (4096K), 4 survivors (4096K)
 Metaspace       used 148305K, committed 150784K, reserved 557056K
  class space    used 19521K, committed 20672K, reserved 425984K
}
Event: 136.612 GC heap before
{Heap before GC invocations=91 (full 0):
 garbage-first heap   total 575488K, used 514187K [0x0000000080000000, 0x0000000100000000)
  region size 1024K, 18 young (18432K), 4 survivors (4096K)
 Metaspace       used 149054K, committed 151552K, reserved 557056K
  class space    used 19611K, committed 20800K, reserved 425984K
}
Event: 136.642 GC heap after
{Heap after GC invocations=92 (full 0):
 garbage-first heap   total 575488K, used 503499K [0x0000000080000000, 0x0000000100000000)
  region size 1024K, 2 young (2048K), 2 survivors (2048K)
 Metaspace       used 149054K, committed 151552K, reserved 557056K
  class space    used 19611K, committed 20800K, reserved 425984K
}
Event: 137.261 GC heap before
{Heap before GC invocations=92 (full 0):
 garbage-first heap   total 575488K, used 535243K [0x0000000080000000, 0x0000000100000000)
  region size 1024K, 28 young (28672K), 2 survivors (2048K)
 Metaspace       used 149872K, committed 152448K, reserved 622592K
  class space    used 19723K, committed 20928K, reserved 425984K
}
Event: 137.271 GC heap after
{Heap after GC invocations=93 (full 0):
 garbage-first heap   total 575488K, used 514872K [0x0000000080000000, 0x0000000100000000)
  region size 1024K, 4 young (4096K), 4 survivors (4096K)
 Metaspace       used 149872K, committed 152448K, reserved 622592K
  class space    used 19723K, committed 20928K, reserved 425984K
}
Event: 137.554 GC heap before
{Heap before GC invocations=93 (full 0):
 garbage-first heap   total 575488K, used 539448K [0x0000000080000000, 0x0000000100000000)
  region size 1024K, 28 young (28672K), 4 survivors (4096K)
 Metaspace       used 149973K, committed 152512K, reserved 622592K
  class space    used 19725K, committed 20928K, reserved 425984K
}
Event: 137.564 GC heap after
{Heap after GC invocations=94 (full 0):
 garbage-first heap   total 575488K, used 520892K [0x0000000080000000, 0x0000000100000000)
  region size 1024K, 4 young (4096K), 4 survivors (4096K)
 Metaspace       used 149973K, committed 152512K, reserved 622592K
  class space    used 19725K, committed 20928K, reserved 425984K
}
Event: 138.961 GC heap before
{Heap before GC invocations=94 (full 0):
 garbage-first heap   total 867328K, used 519868K [0x0000000080000000, 0x0000000100000000)
  region size 1024K, 28 young (28672K), 4 survivors (4096K)
 Metaspace       used 148647K, committed 151552K, reserved 622592K
  class space    used 19633K, committed 20928K, reserved 425984K
}
Event: 138.985 GC heap after
{Heap after GC invocations=95 (full 0):
 garbage-first heap   total 867328K, used 496677K [0x0000000080000000, 0x0000000100000000)
  region size 1024K, 4 young (4096K), 4 survivors (4096K)
 Metaspace       used 148647K, committed 151552K, reserved 622592K
  class space    used 19633K, committed 20928K, reserved 425984K
}

Dll operation events (16 events):
Event: 0.015 Loaded shared library C:\Program Files\Eclipse Adoptium\jdk-17.0.17.10-hotspot\bin\java.dll
Event: 0.034 Loaded shared library C:\Program Files\Eclipse Adoptium\jdk-17.0.17.10-hotspot\bin\jsvml.dll
Event: 0.098 Loaded shared library C:\Program Files\Eclipse Adoptium\jdk-17.0.17.10-hotspot\bin\zip.dll
Event: 0.103 Loaded shared library C:\Program Files\Eclipse Adoptium\jdk-17.0.17.10-hotspot\bin\instrument.dll
Event: 0.108 Loaded shared library C:\Program Files\Eclipse Adoptium\jdk-17.0.17.10-hotspot\bin\net.dll
Event: 0.111 Loaded shared library C:\Program Files\Eclipse Adoptium\jdk-17.0.17.10-hotspot\bin\nio.dll
Event: 0.114 Loaded shared library C:\Program Files\Eclipse Adoptium\jdk-17.0.17.10-hotspot\bin\zip.dll
Event: 0.520 Loaded shared library C:\Program Files\Eclipse Adoptium\jdk-17.0.17.10-hotspot\bin\jimage.dll
Event: 0.863 Loaded shared library C:\Program Files\Eclipse Adoptium\jdk-17.0.17.10-hotspot\bin\verify.dll
Event: 0.906 Loaded shared library C:\Users\asepr\.gradle\native\1def1411415f61bf3af743bc5b6707747c0891f09f0c88961ee8f79bc544acac\windows-amd64\native-platform.dll
Event: 0.932 Loaded shared library C:\Users\asepr\.gradle\native\0.2.8\x86_64-windows-gnu\gradle-fileevents.dll
Event: 2.493 Loaded shared library C:\Program Files\Eclipse Adoptium\jdk-17.0.17.10-hotspot\bin\management.dll
Event: 2.496 Loaded shared library C:\Program Files\Eclipse Adoptium\jdk-17.0.17.10-hotspot\bin\management_ext.dll
Event: 2.812 Loaded shared library C:\Program Files\Eclipse Adoptium\jdk-17.0.17.10-hotspot\bin\extnet.dll
Event: 3.150 Loaded shared library C:\Program Files\Eclipse Adoptium\jdk-17.0.17.10-hotspot\bin\sunmscapi.dll
Event: 139.114 Loaded shared library C:\Program Files\Eclipse Adoptium\jdk-17.0.17.10-hotspot\bin\rmi.dll

Deoptimization events (20 events):
Event: 139.863 Thread 0x000002902d5ecfe0 Uncommon trap: trap_request=0xffffffde fr.pc=0x0000029071a98dec relative=0x000000000000014c
Event: 139.863 Thread 0x000002902d5ecfe0 Uncommon trap: reason=class_check action=maybe_recompile pc=0x0000029071a98dec method=java.lang.reflect.Array.newInstance(Ljava/lang/Class;I)Ljava/lang/Object; @ 2 c2
Event: 139.863 Thread 0x000002902d5ecfe0 DEOPT PACKING pc=0x0000029071a98dec sp=0x000000f7306fdeb0
Event: 139.863 Thread 0x000002902d5ecfe0 DEOPT UNPACKING pc=0x00000290711e69a3 sp=0x000000f7306fde48 mode 2
Event: 139.935 Thread 0x000002902e51c5f0 DEOPT PACKING pc=0x000002906c90df5c sp=0x000000f72c9fe130
Event: 139.935 Thread 0x000002902e51c5f0 DEOPT UNPACKING pc=0x00000290711e7143 sp=0x000000f72c9fd6b0 mode 0
Event: 139.975 Thread 0x0000029026fc0ca0 DEOPT PACKING pc=0x000002906c90df5c sp=0x000000f7242fe0a0
Event: 139.975 Thread 0x0000029026fc0ca0 DEOPT UNPACKING pc=0x00000290711e7143 sp=0x000000f7242fd620 mode 0
Event: 140.053 Thread 0x000002902ebb1fe0 DEOPT PACKING pc=0x000002906c90df5c sp=0x000000f7277fdf40
Event: 140.053 Thread 0x000002902ebb1fe0 DEOPT UNPACKING pc=0x00000290711e7143 sp=0x000000f7277fd4c0 mode 0
Event: 140.410 Thread 0x000002902c37a520 DEOPT PACKING pc=0x000002906c90df5c sp=0x000000f725dfb400
Event: 140.410 Thread 0x000002902c37a520 DEOPT UNPACKING pc=0x00000290711e7143 sp=0x000000f725dfa980 mode 0
Event: 140.525 Thread 0x000002902c37a520 Uncommon trap: trap_request=0xffffff45 fr.pc=0x0000029071c7a470 relative=0x0000000000000450
Event: 140.525 Thread 0x000002902c37a520 Uncommon trap: reason=unstable_if action=reinterpret pc=0x0000029071c7a470 method=java.lang.ThreadLocal$ThreadLocalMap.cleanSomeSlots(II)Z @ 37 c2
Event: 140.525 Thread 0x000002902c37a520 DEOPT PACKING pc=0x0000029071c7a470 sp=0x000000f725dfa990
Event: 140.525 Thread 0x000002902c37a520 DEOPT UNPACKING pc=0x00000290711e69a3 sp=0x000000f725dfa7e0 mode 2
Event: 140.552 Thread 0x000002902c37a520 DEOPT PACKING pc=0x000002906c90df5c sp=0x000000f725df9630
Event: 140.552 Thread 0x000002902c37a520 DEOPT UNPACKING pc=0x00000290711e7143 sp=0x000000f725df8bb0 mode 0
Event: 140.761 Thread 0x000002902c37a520 DEOPT PACKING pc=0x000002906a3aa9ab sp=0x000000f725df9ff0
Event: 140.762 Thread 0x000002902c37a520 DEOPT UNPACKING pc=0x00000290711e7143 sp=0x000000f725df9488 mode 0

Classes loaded (20 events):
Event: 139.215 Loading class sun/rmi/server/UnicastServerRef$HashToMethod_Maps$1
Event: 139.215 Loading class sun/rmi/server/UnicastServerRef$HashToMethod_Maps$1 done
Event: 139.221 Loading class sun/rmi/server/LoaderHandler$Loader
Event: 139.224 Loading class sun/rmi/server/LoaderHandler$Loader done
Event: 139.234 Loading class java/rmi/server/ServerNotActiveException
Event: 139.234 Loading class java/rmi/server/ServerNotActiveException done
Event: 139.238 Loading class sun/rmi/transport/DGCAckHandler
Event: 139.238 Loading class sun/rmi/transport/DGCAckHandler done
Event: 139.244 Loading class sun/rmi/transport/DGCAckHandler$1
Event: 139.244 Loading class sun/rmi/transport/DGCAckHandler$1 done
Event: 139.283 Loading class sun/rmi/transport/tcp/TCPTransport$ConnectionHandler
Event: 139.283 Loading class sun/rmi/transport/tcp/TCPTransport$ConnectionHandler done
Event: 139.290 Loading class sun/rmi/transport/Transport$1
Event: 139.290 Loading class sun/rmi/transport/Transport$1 done
Event: 139.291 Loading class sun/rmi/transport/DGCImpl$LeaseInfo
Event: 139.291 Loading class sun/rmi/transport/DGCImpl$LeaseInfo done
Event: 139.291 Loading class sun/rmi/transport/DGCImpl$1
Event: 139.291 Loading class sun/rmi/transport/DGCImpl$1 done
Event: 139.291 Loading class sun/rmi/transport/SequenceEntry
Event: 139.291 Loading class sun/rmi/transport/SequenceEntry done

Classes unloaded (20 events):
Event: 138.113 Thread 0x0000029000a66660 Unloading class 0x0000029003402ff8 'jdk/internal/jimage/ImageHeader'
Event: 138.113 Thread 0x0000029000a66660 Unloading class 0x0000029003402dc8 'jdk/internal/jimage/BasicImageReader$2'
Event: 138.113 Thread 0x0000029000a66660 Unloading class 0x0000029003402b98 'jdk/internal/jimage/BasicImageReader$1'
Event: 138.113 Thread 0x0000029000a66660 Unloading class 0x0000029003402930 'jdk/internal/jimage/ImageReader$Resource'
Event: 138.113 Thread 0x0000029000a66660 Unloading class 0x00000290034026c8 'jdk/internal/jimage/ImageReader$LinkNode'
Event: 138.113 Thread 0x0000029000a66660 Unloading class 0x0000029003402460 'jdk/internal/jimage/ImageReader$Directory'
Event: 138.113 Thread 0x0000029000a66660 Unloading class 0x00000290034021f8 'jdk/internal/jimage/ImageReader$Node'
Event: 138.113 Thread 0x0000029000a66660 Unloading class 0x0000029003402000 'jdk/internal/jimage/ImageStrings'
Event: 138.113 Thread 0x0000029000a66660 Unloading class 0x0000029003401b50 'jdk/internal/jimage/ImageReader$SharedImageReader'
Event: 138.113 Thread 0x0000029000a66660 Unloading class 0x0000029003401890 'jdk/internal/jimage/BasicImageReader'
Event: 138.113 Thread 0x0000029000a66660 Unloading class 0x0000029003401670 'jdk/internal/jimage/ImageReader'
Event: 138.113 Thread 0x0000029000a66660 Unloading class 0x0000029003401448 'jdk/internal/jrtfs/SystemImage$2'
Event: 138.113 Thread 0x0000029000a66660 Unloading class 0x0000029003401230 'jdk/internal/jrtfs/SystemImage$$Lambda$3106+0x0000029003401230'
Event: 138.113 Thread 0x0000029000a66660 Unloading class 0x0000029003401000 'jdk/internal/jrtfs/ExplodedImage'
Event: 138.113 Thread 0x0000029000a66660 Unloading class 0x0000029003400dc8 'jdk/internal/jrtfs/SystemImage$1'
Event: 138.113 Thread 0x0000029000a66660 Unloading class 0x0000029003400bb0 'jdk/internal/jrtfs/SystemImage'
Event: 138.113 Thread 0x0000029000a66660 Unloading class 0x0000029003400950 'jdk/internal/jrtfs/JrtFileStore'
Event: 138.113 Thread 0x0000029000a66660 Unloading class 0x00000290034005d8 'jdk/internal/jrtfs/JrtPath'
Event: 138.113 Thread 0x0000029000a66660 Unloading class 0x00000290034002e0 'jdk/internal/jrtfs/JrtFileSystem'
Event: 138.113 Thread 0x0000029000a66660 Unloading class 0x0000029003400000 'jdk/internal/jrtfs/JrtFileSystemProvider'

Classes redefined (0 events):
No events

Internal exceptions (20 events):
Event: 139.611 Thread 0x000002902c376d70 Exception <a 'sun/nio/fs/WindowsException'{0x00000000b19c30f0}> (0x00000000b19c30f0) 
thrown [s\src\hotspot\share\prims\jni.cpp, line 516]
Event: 139.611 Thread 0x000002902c376d70 Exception <a 'sun/nio/fs/WindowsException'{0x00000000b19c4008}> (0x00000000b19c4008) 
thrown [s\src\hotspot\share\prims\jni.cpp, line 516]
Event: 139.611 Thread 0x000002902c376d70 Exception <a 'sun/nio/fs/WindowsException'{0x00000000b19c41e8}> (0x00000000b19c41e8) 
thrown [s\src\hotspot\share\prims\jni.cpp, line 516]
Event: 139.614 Thread 0x000002902dab9aa0 Exception <a 'sun/nio/fs/WindowsException'{0x00000000b1824c40}> (0x00000000b1824c40) 
thrown [s\src\hotspot\share\prims\jni.cpp, line 516]
Event: 139.614 Thread 0x000002902dab9aa0 Exception <a 'sun/nio/fs/WindowsException'{0x00000000b182ba28}> (0x00000000b182ba28) 
thrown [s\src\hotspot\share\prims\jni.cpp, line 516]
Event: 139.614 Thread 0x000002902dab9aa0 Exception <a 'sun/nio/fs/WindowsException'{0x00000000b182bc38}> (0x00000000b182bc38) 
thrown [s\src\hotspot\share\prims\jni.cpp, line 516]
Event: 139.815 Thread 0x00000290255b37c0 Exception <a 'sun/nio/fs/WindowsException'{0x00000000b2149100}> (0x00000000b2149100) 
thrown [s\src\hotspot\share\prims\jni.cpp, line 516]
Event: 139.815 Thread 0x00000290255b37c0 Exception <a 'sun/nio/fs/WindowsException'{0x00000000b214a028}> (0x00000000b214a028) 
thrown [s\src\hotspot\share\prims\jni.cpp, line 516]
Event: 139.815 Thread 0x00000290255b37c0 Exception <a 'sun/nio/fs/WindowsException'{0x00000000b214a218}> (0x00000000b214a218) 
thrown [s\src\hotspot\share\prims\jni.cpp, line 516]
Event: 139.818 Thread 0x0000029023f324a0 Exception <a 'sun/nio/fs/WindowsException'{0x00000000b0f4e740}> (0x00000000b0f4e740) 
thrown [s\src\hotspot\share\prims\jni.cpp, line 516]
Event: 139.827 Thread 0x000002902d5ef350 Exception <a 'java/lang/InterruptedException'{0x00000000b0f6d608}> (0x00000000b0f6d608) 
thrown [s\src\hotspot\share\runtime\objectMonitor.cpp, line 1658]
Event: 140.411 Thread 0x000002902c37a520 Exception <a 'sun/nio/fs/WindowsException'{0x00000000b21c9c20}> (0x00000000b21c9c20) 
thrown [s\src\hotspot\share\prims\jni.cpp, line 516]
Event: 140.411 Thread 0x000002902c37a520 Exception <a 'sun/nio/fs/WindowsException'{0x00000000b21cab30}> (0x00000000b21cab30) 
thrown [s\src\hotspot\share\prims\jni.cpp, line 516]
Event: 140.411 Thread 0x000002902c37a520 Exception <a 'sun/nio/fs/WindowsException'{0x00000000b21cad08}> (0x00000000b21cad08) 
thrown [s\src\hotspot\share\prims\jni.cpp, line 516]
Event: 140.413 Thread 0x000002902da24b30 Exception <a 'sun/nio/fs/WindowsException'{0x00000000aefeb228}> (0x00000000aefeb228) 
thrown [s\src\hotspot\share\prims\jni.cpp, line 516]
Event: 140.420 Thread 0x00000290211f9740 Exception <a 'java/lang/InterruptedException'{0x00000000aee04c48}> (0x00000000aee04c48) 
thrown [s\src\hotspot\share\runtime\objectMonitor.cpp, line 1658]
Event: 140.448 Thread 0x000002902c377280 Exception <a 'sun/nio/fs/WindowsException'{0x00000000b2059380}> (0x00000000b2059380) 
thrown [s\src\hotspot\share\prims\jni.cpp, line 516]
Event: 140.448 Thread 0x000002902c377280 Exception <a 'sun/nio/fs/WindowsException'{0x00000000b205a2b8}> (0x00000000b205a2b8) 
thrown [s\src\hotspot\share\prims\jni.cpp, line 516]
Event: 140.449 Thread 0x000002902c377280 Exception <a 'sun/nio/fs/WindowsException'{0x00000000b205a4b8}> (0x00000000b205a4b8) 
thrown [s\src\hotspot\share\prims\jni.cpp, line 516]
Event: 140.452 Thread 0x000002902ea5e960 Exception <a 'sun/nio/fs/WindowsException'{0x00000000aecfd558}> (0x00000000aecfd558) 
thrown [s\src\hotspot\share\prims\jni.cpp, line 516]

VM Operations (20 events):
Event: 136.922 Executing VM operation: HandshakeAllThreads
Event: 136.923 Executing VM operation: HandshakeAllThreads done
Event: 137.260 Executing VM operation: G1CollectForAllocation
Event: 137.271 Executing VM operation: G1CollectForAllocation done
Event: 137.551 Executing VM operation: G1CollectForAllocation
Event: 137.564 Executing VM operation: G1CollectForAllocation done
Event: 138.108 Executing VM operation: G1PauseRemark
Event: 138.644 Executing VM operation: G1PauseRemark done
Event: 138.646 Executing VM operation: HandshakeAllThreads
Event: 138.866 Executing VM operation: HandshakeAllThreads done
Event: 138.866 Executing VM operation: HandshakeAllThreads
Event: 138.913 Executing VM operation: HandshakeAllThreads done
Event: 138.913 Executing VM operation: G1CollectForAllocation
Event: 138.985 Executing VM operation: G1CollectForAllocation done
Event: 139.037 Executing VM operation: G1PauseCleanup
Event: 139.056 Executing VM operation: G1PauseCleanup done
Event: 139.145 Executing VM operation: HandshakeAllThreads
Event: 139.153 Executing VM operation: HandshakeAllThreads done
Event: 140.155 Executing VM operation: Cleanup
Event: 140.155 Executing VM operation: Cleanup done

Memory protections (0 events):
No events

Nmethod flushes (20 events):
Event: 136.988 Thread 0x0000029000bc46d0 flushing  nmethod 0x000002906ca7c810
Event: 136.988 Thread 0x0000029000bc46d0 flushing  nmethod 0x000002906ca7e410
Event: 136.988 Thread 0x0000029000bc46d0 flushing  nmethod 0x000002906ca7e910
Event: 136.991 Thread 0x0000029000bc46d0 flushing  nmethod 0x000002906cd07910
Event: 136.992 Thread 0x0000029000bc46d0 flushing  nmethod 0x000002906cdf5f10
Event: 136.992 Thread 0x0000029000bc46d0 flushing  nmethod 0x000002906cdf6710
Event: 136.993 Thread 0x0000029000bc46d0 flushing  nmethod 0x000002906ce3ac10
Event: 138.870 Thread 0x0000029000bc46d0 flushing  nmethod 0x0000029071c5cf90
Event: 138.871 Thread 0x0000029000bc46d0 flushing  nmethod 0x0000029071d84610
Event: 138.875 Thread 0x0000029000bc46d0 flushing  nmethod 0x00000290723e6690
Event: 138.875 Thread 0x0000029000bc46d0 flushing  nmethod 0x00000290723f3410
Event: 138.876 Thread 0x0000029000bc46d0 flushing  nmethod 0x0000029072528010
Event: 138.876 Thread 0x0000029000bc46d0 flushing  nmethod 0x0000029072585510
Event: 138.876 Thread 0x0000029000bc46d0 flushing  nmethod 0x00000290725a8e10
Event: 138.880 Thread 0x0000029000bc46d0 flushing  nmethod 0x0000029072a80790
Event: 138.883 Thread 0x0000029000bc46d0 flushing  nmethod 0x0000029069fe3690
Event: 138.890 Thread 0x0000029000bc46d0 flushing  nmethod 0x000002906a748510
Event: 138.894 Thread 0x0000029000bc46d0 flushing  nmethod 0x000002906abdf490
Event: 138.908 Thread 0x0000029000bc46d0 flushing  nmethod 0x000002906bb49390
Event: 138.909 Thread 0x0000029000bc46d0 flushing  nmethod 0x000002906bb66d10

Events (20 events):
Event: 126.752 Thread 0x0000029025e4da90 Thread added: 0x000002902fb280d0
Event: 126.752 Thread 0x0000029025e4da90 Thread added: 0x000002902fb29510
Event: 126.752 Thread 0x0000029025e4da90 Thread added: 0x000002902fb29f30
Event: 126.752 Thread 0x0000029025e4da90 Thread added: 0x000002902fb285e0
Event: 126.753 Thread 0x0000029025e4da90 Thread added: 0x000002902fb2a440
Event: 126.753 Thread 0x0000029025e4da90 Thread added: 0x000002902fb28af0
Event: 128.387 Thread 0x000002902c52a650 Thread added: 0x000002902ea616f0
Event: 135.502 Thread 0x00000290206f08b0 Thread exited: 0x00000290206f08b0
Event: 136.941 Thread 0x000002902dabbe10 Thread added: 0x000002902fb276b0
Event: 138.654 Thread 0x000002902fb276b0 Thread exited: 0x000002902fb276b0
Event: 139.099 Thread 0x000002902dabbe10 Thread added: 0x000002902e2e55a0
Event: 139.112 Thread 0x000002902dabbe10 Thread added: 0x000002902e2e4b80
Event: 139.116 Thread 0x000002902dabbe10 Thread added: 0x000002902e2e5090
Event: 139.215 Thread 0x000002902dabbe10 Thread added: 0x000002902e2e2810
Event: 139.215 Thread 0x000002902dabbe10 Thread added: 0x000002902e2e2300
Event: 139.283 Thread 0x000002902e2e2810 Thread added: 0x000002902e180850
Event: 139.820 Thread 0x0000029023f34300 Thread added: 0x000002902d5ef350
Event: 139.860 Thread 0x000002902e2e2810 Thread added: 0x000002902d5ecfe0
Event: 140.414 Thread 0x0000029023f32ec0 Thread added: 0x00000290211f9740
Event: 140.453 Thread 0x000002902e2e2810 Thread added: 0x000002902f942060


Dynamic libraries:
0x00007ff6624b0000 - 0x00007ff6624be000 	C:\Program Files\Eclipse Adoptium\jdk-17.0.17.10-hotspot\bin\java.exe
0x00007ffafcce0000 - 0x00007ffafcf47000 	C:\WINDOWS\SYSTEM32\ntdll.dll
0x00007ffafab70000 - 0x00007ffafac39000 	C:\WINDOWS\System32\KERNEL32.DLL
0x00007ffaf9910000 - 0x00007ffaf9d04000 	C:\WINDOWS\System32\KERNELBASE.dll
0x00007ffafa640000 - 0x00007ffafa78b000 	C:\WINDOWS\System32\ucrtbase.dll
0x00007ffa47560000 - 0x00007ffa47578000 	C:\Program Files\Eclipse Adoptium\jdk-17.0.17.10-hotspot\bin\jli.dll
0x00007ffa47540000 - 0x00007ffa4755e000 	C:\Program Files\Eclipse Adoptium\jdk-17.0.17.10-hotspot\bin\VCRUNTIME140.dll
0x00007ffafc4b0000 - 0x00007ffafc675000 	C:\WINDOWS\System32\USER32.dll
0x00007ffadf4a0000 - 0x00007ffadf733000 	C:\WINDOWS\WinSxS\amd64_microsoft.windows.common-controls_6595b64144ccf1df_6.0.26100.8115_none_3e075c82e3354f9c\COMCTL32.dll
0x00007ffaf9640000 - 0x00007ffaf9667000 	C:\WINDOWS\System32\win32u.dll
0x00007ffafb6f0000 - 0x00007ffafb799000 	C:\WINDOWS\System32\msvcrt.dll
0x00007ffafbe60000 - 0x00007ffafbe8b000 	C:\WINDOWS\System32\GDI32.dll
0x00007ffaf97e0000 - 0x00007ffaf990a000 	C:\WINDOWS\System32\gdi32full.dll
0x00007ffafa910000 - 0x00007ffafa9b3000 	C:\WINDOWS\System32\msvcp_win.dll
0x00007ffafc680000 - 0x00007ffafc6b2000 	C:\WINDOWS\System32\IMM32.DLL
0x00007ffac1370000 - 0x00007ffac137c000 	C:\Program Files\Eclipse Adoptium\jdk-17.0.17.10-hotspot\bin\vcruntime140_1.dll
0x00007ffa473f0000 - 0x00007ffa4747d000 	C:\Program Files\Eclipse Adoptium\jdk-17.0.17.10-hotspot\bin\msvcp140.dll
0x00007ffa30da0000 - 0x00007ffa31a0b000 	C:\Program Files\Eclipse Adoptium\jdk-17.0.17.10-hotspot\bin\server\jvm.dll
0x00007ffafbda0000 - 0x00007ffafbe56000 	C:\WINDOWS\System32\ADVAPI32.dll
0x00007ffafb7f0000 - 0x00007ffafb897000 	C:\WINDOWS\System32\sechost.dll
0x00007ffafc7e0000 - 0x00007ffafc8f8000 	C:\WINDOWS\System32\RPCRT4.dll
0x00007ffafc420000 - 0x00007ffafc4a0000 	C:\WINDOWS\System32\WS2_32.dll
0x00007ffaf9410000 - 0x00007ffaf946e000 	C:\WINDOWS\SYSTEM32\POWRPROF.dll
0x00007ffaf2e10000 - 0x00007ffaf2e1b000 	C:\WINDOWS\SYSTEM32\VERSION.dll
0x00007ffae7880000 - 0x00007ffae78b6000 	C:\WINDOWS\SYSTEM32\WINMM.dll
0x00007ffaf93f0000 - 0x00007ffaf9404000 	C:\WINDOWS\SYSTEM32\UMPDC.dll
0x00007ffaf8340000 - 0x00007ffaf835b000 	C:\WINDOWS\SYSTEM32\kernel.appcore.dll
0x00007ffabac60000 - 0x00007ffabac6a000 	C:\Program Files\Eclipse Adoptium\jdk-17.0.17.10-hotspot\bin\jimage.dll
0x00007ffaf7700000 - 0x00007ffaf7942000 	C:\WINDOWS\SYSTEM32\DBGHELP.DLL
0x00007ffafc900000 - 0x00007ffafcc82000 	C:\WINDOWS\System32\combase.dll
0x00007ffafbcc0000 - 0x00007ffafbd97000 	C:\WINDOWS\System32\OLEAUT32.dll
0x00007ffadbe70000 - 0x00007ffadbeab000 	C:\WINDOWS\SYSTEM32\dbgcore.DLL
0x00007ffafa9c0000 - 0x00007ffafaa65000 	C:\WINDOWS\System32\bcryptPrimitives.dll
0x00007ffaf1020000 - 0x00007ffaf102e000 	C:\Program Files\Eclipse Adoptium\jdk-17.0.17.10-hotspot\bin\instrument.dll
0x00007ffa5e0e0000 - 0x00007ffa5e105000 	C:\Program Files\Eclipse Adoptium\jdk-17.0.17.10-hotspot\bin\java.dll
0x00007ffa472e0000 - 0x00007ffa473b7000 	C:\Program Files\Eclipse Adoptium\jdk-17.0.17.10-hotspot\bin\jsvml.dll
0x00007ffafaf80000 - 0x00007ffafb6e6000 	C:\WINDOWS\System32\SHELL32.dll
0x00007ffaf9670000 - 0x00007ffaf97da000 	C:\WINDOWS\System32\wintypes.dll
0x00007ffaf9d10000 - 0x00007ffafa575000 	C:\WINDOWS\System32\windows.storage.dll
0x00007ffafbbb0000 - 0x00007ffafbca7000 	C:\WINDOWS\System32\SHCORE.dll
0x00007ffafaa70000 - 0x00007ffafaad6000 	C:\WINDOWS\System32\shlwapi.dll
0x00007ffaf94d0000 - 0x00007ffaf94f9000 	C:\WINDOWS\SYSTEM32\profapi.dll
0x00007ffa490e0000 - 0x00007ffa490f8000 	C:\Program Files\Eclipse Adoptium\jdk-17.0.17.10-hotspot\bin\zip.dll
0x00007ffa5e0c0000 - 0x00007ffa5e0da000 	C:\Program Files\Eclipse Adoptium\jdk-17.0.17.10-hotspot\bin\net.dll
0x00007ffaf2190000 - 0x00007ffaf22bd000 	C:\WINDOWS\SYSTEM32\WINHTTP.dll
0x00007ffaf88b0000 - 0x00007ffaf891c000 	C:\WINDOWS\system32\mswsock.dll
0x00007ffa5e0a0000 - 0x00007ffa5e0b6000 	C:\Program Files\Eclipse Adoptium\jdk-17.0.17.10-hotspot\bin\nio.dll
0x00007ffaf4b70000 - 0x00007ffaf4b80000 	C:\Program Files\Eclipse Adoptium\jdk-17.0.17.10-hotspot\bin\verify.dll
0x00007ffaf4940000 - 0x00007ffaf4967000 	C:\Users\asepr\.gradle\native\1def1411415f61bf3af743bc5b6707747c0891f09f0c88961ee8f79bc544acac\windows-amd64\native-platform.dll
0x00007ffac3400000 - 0x00007ffac3477000 	C:\Users\asepr\.gradle\native\0.2.8\x86_64-windows-gnu\gradle-fileevents.dll
0x00007ffab8c30000 - 0x00007ffab8c3a000 	C:\Program Files\Eclipse Adoptium\jdk-17.0.17.10-hotspot\bin\management.dll
0x00007ffab6970000 - 0x00007ffab697c000 	C:\Program Files\Eclipse Adoptium\jdk-17.0.17.10-hotspot\bin\management_ext.dll
0x00007ffafbcb0000 - 0x00007ffafbcb8000 	C:\WINDOWS\System32\PSAPI.DLL
0x00007ffaf7c10000 - 0x00007ffaf7c42000 	C:\WINDOWS\SYSTEM32\IPHLPAPI.DLL
0x00007ffafcc90000 - 0x00007ffafcc9a000 	C:\WINDOWS\System32\NSI.dll
0x00007ffaf35a0000 - 0x00007ffaf35bd000 	C:\WINDOWS\SYSTEM32\dhcpcsvc6.DLL
0x00007ffaf2e20000 - 0x00007ffaf2e45000 	C:\WINDOWS\SYSTEM32\dhcpcsvc.DLL
0x00007ffaf7de0000 - 0x00007ffaf7f12000 	C:\WINDOWS\SYSTEM32\DNSAPI.dll
0x00007ffaee7f0000 - 0x00007ffaee7f9000 	C:\Program Files\Eclipse Adoptium\jdk-17.0.17.10-hotspot\bin\extnet.dll
0x00007ffaf8ba0000 - 0x00007ffaf8bbb000 	C:\WINDOWS\SYSTEM32\CRYPTSP.dll
0x00007ffaf82a0000 - 0x00007ffaf82d9000 	C:\WINDOWS\system32\rsaenh.dll
0x00007ffaf8960000 - 0x00007ffaf8993000 	C:\WINDOWS\SYSTEM32\USERENV.dll
0x00007ffaf94a0000 - 0x00007ffaf94ca000 	C:\WINDOWS\SYSTEM32\bcrypt.dll
0x00007ffaf8b90000 - 0x00007ffaf8b9c000 	C:\WINDOWS\SYSTEM32\CRYPTBASE.dll
0x00007ffaee800000 - 0x00007ffaee80e000 	C:\Program Files\Eclipse Adoptium\jdk-17.0.17.10-hotspot\bin\sunmscapi.dll
0x00007ffafa790000 - 0x00007ffafa907000 	C:\WINDOWS\System32\CRYPT32.dll
0x00007ffaf8db0000 - 0x00007ffaf8de0000 	C:\WINDOWS\SYSTEM32\ncrypt.dll
0x00007ffaf8d60000 - 0x00007ffaf8d9f000 	C:\WINDOWS\SYSTEM32\NTASN1.dll
0x00007ffa8bd30000 - 0x00007ffa8bd38000 	C:\WINDOWS\system32\wshunix.dll
0x00007ffaf8460000 - 0x00007ffaf8496000 	C:\WINDOWS\SYSTEM32\ntmarta.dll
0x00007ffaedd70000 - 0x00007ffaedd77000 	C:\Program Files\Eclipse Adoptium\jdk-17.0.17.10-hotspot\bin\rmi.dll

dbghelp: loaded successfully - version: 4.0.5 - missing functions: none
symbol engine: initialized successfully - sym options: 0x614 - pdb path: .;C:\Program Files\Eclipse Adoptium\jdk-17.0.17.10-hotspot\bin;C:\WINDOWS\SYSTEM32;C:\WINDOWS\WinSxS\amd64_microsoft.windows.common-controls_6595b64144ccf1df_6.0.26100.8115_none_3e075c82e3354f9c;C:\Program Files\Eclipse Adoptium\jdk-17.0.17.10-hotspot\bin\server;C:\Users\asepr\.gradle\native\1def1411415f61bf3af743bc5b6707747c0891f09f0c88961ee8f79bc544acac\windows-amd64;C:\Users\asepr\.gradle\native\0.2.8\x86_64-windows-gnu

VM Arguments:
jvm_args: --add-opens=java.base/java.lang=ALL-UNNAMED --add-opens=java.base/java.lang.invoke=ALL-UNNAMED --add-opens=java.base/java.util=ALL-UNNAMED --add-opens=java.prefs/java.util.prefs=ALL-UNNAMED --add-exports=jdk.compiler/com.sun.tools.javac.api=ALL-UNNAMED --add-exports=jdk.compiler/com.sun.tools.javac.util=ALL-UNNAMED --add-opens=java.base/java.util=ALL-UNNAMED --add-opens=java.prefs/java.util.prefs=ALL-UNNAMED --add-opens=java.base/java.nio.charset=ALL-UNNAMED --add-opens=java.base/java.net=ALL-UNNAMED --add-opens=java.base/java.util.concurrent=ALL-UNNAMED --add-opens=java.base/java.util.concurrent.atomic=ALL-UNNAMED --add-opens=java.xml/javax.xml.namespace=ALL-UNNAMED -XX:MaxMetaspaceSize=512m -Xmx2048m -Dfile.encoding=windows-1252 -Duser.country=ID -Duser.language=en -Duser.variant -javaagent:C:\Users\asepr\.gradle\wrapper\dists\gradle-9.0.0-bin\d6wjpkvcgsg3oed0qlfss3wgl\gradle-9.0.0\lib\agents\gradle-instrumentation-agent-9.0.0.jar 
java_command: org.gradle.launcher.daemon.bootstrap.GradleDaemon 9.0.0
java_class_path (initial): C:\Users\asepr\.gradle\wrapper\dists\gradle-9.0.0-bin\d6wjpkvcgsg3oed0qlfss3wgl\gradle-9.0.0\lib\gradle-daemon-main-9.0.0.jar
Launcher Type: SUN_STANDARD

[Global flags]
     intx CICompilerCount                          = 4                                         {product} {ergonomic}
   size_t CompressedClassSpaceSize                 = 436207616                                 {product} {ergonomic}
     uint ConcGCThreads                            = 3                                         {product} {ergonomic}
     uint G1ConcRefinementThreads                  = 10                                        {product} {ergonomic}
   size_t G1HeapRegionSize                         = 1048576                                   {product} {ergonomic}
    uintx GCDrainStackTargetSize                   = 64                                        {product} {ergonomic}
   size_t InitialHeapSize                          = 98566144                                  {product} {ergonomic}
   size_t MarkStackSize                            = 4194304                                   {product} {ergonomic}
   size_t MaxHeapSize                              = 2147483648                                {product} {command line}
   size_t MaxMetaspaceSize                         = 536870912                                 {product} {command line}
   size_t MaxNewSize                               = 1287651328                                {product} {ergonomic}
   size_t MinHeapDeltaBytes                        = 1048576                                   {product} {ergonomic}
   size_t MinHeapSize                              = 8388608                                   {product} {ergonomic}
    uintx NonNMethodCodeHeapSize                   = 5839372                                {pd product} {ergonomic}
    uintx NonProfiledCodeHeapSize                  = 122909434                              {pd product} {ergonomic}
    uintx ProfiledCodeHeapSize                     = 122909434                              {pd product} {ergonomic}
    uintx ReservedCodeCacheSize                    = 251658240                              {pd product} {ergonomic}
     bool SegmentedCodeCache                       = true                                      {product} {ergonomic}
   size_t SoftMaxHeapSize                          = 2147483648                             {manageable} {ergonomic}
     bool UseCompressedClassPointers               = true                           {product lp64_product} {ergonomic}
     bool UseCompressedOops                        = true                           {product lp64_product} {ergonomic}
     bool UseG1GC                                  = true                                      {product} {ergonomic}
     bool UseLargePagesIndividualAllocation        = false                                  {pd product} {ergonomic}

Logging:
Log output configuration:
 #0: stdout all=warning uptime,level,tags
 #1: stderr all=off uptime,level,tags

Environment Variables:
JAVA_HOME=C:\Program Files\Eclipse Adoptium\jdk-17.0.17.10-hotspot
PATH=C:\Users\asepr\mobile-app\mobile\node_modules\.bin;C:\Users\asepr\mobile-app\mobile\node_modules\.bin;C:\Users\asepr\mobile-app\node_modules\.bin;C:\Users\asepr\node_modules\.bin;C:\Users\node_modules\.bin;C:\node_modules\.bin;C:\Users\asepr\AppData\Roaming\npm\node_modules\npm\node_modules\@npmcli\run-script\lib\node-gyp-bin;C:\Users\asepr\bin;C:\Program Files\Git\mingw64\bin;C:\Program Files\Git\usr\local\bin;C:\Program Files\Git\usr\bin;C:\Program Files\Git\usr\bin;C:\Program Files\Git\mingw64\bin;C:\Program Files\Git\usr\bin;C:\Users\asepr\bin;C:\Users\asepr\AppData\Roaming\Code\User\globalStorage\github.copilot-chat\debugCommand;C:\Users\asepr\AppData\Roaming\Code\User\globalStorage\github.copilot-chat\copilotCli;C:\Users\asepr\AppData\Local\Programs\Microsoft VS Code;C:\Program Files\Eclipse Adoptium\jdk-17.0.17.10-hotspot\bin;C:\WINDOWS\system32;C:\WINDOWS;C:\WINDOWS\System32\Wbem;C:\WINDOWS\System32\WindowsPowerShell\v1.0;C:\WINDOWS\System32\OpenSSH;C:\Program Files\Git\cmd;C:\Program Files\Redis;C:\xampp\php;C:\Program Files\apache-maven-3.8.3\bin;C:\instantclient_21_3;C:\curl-7.81.0-win64-mingw\bin;C:\Program Files\Go\bin;C:\ProgramData\ComposerSetup\bin;C:\Program Files\PuTTY;C:\Program Files\nodejs;%JAVA_HOME%\bin;C:\Android\platform-tools;C:\WINDOWS\system32;C:\WINDOWS;C:\WINDOWS\System32\Wbem;C:\WINDOWS\System32\WindowsPowerShell\v1.0;C:\WINDOWS\System32\OpenSSH;C:\Program Files\Git\cmd;C:\Program Files\Redis;C:\xampp\php;C:\Program Files\apache-maven-3.8.3\bin;C:\instantclient_21_3;C:\curl-7.81.0-win64-mingw\bin;C:\Program Files\Go\bin;C:\ProgramData\ComposerSetup\bin;C:\Program Files\PuTTY;C:\Program Files\Docker\Docker\resources\bin;C:\Program Files\nodejs;C:\Program Files\dotnet;C:\;C:\Users\asepr\AppData\Local\Programs\Microsoft VS Code\bin;C:\Users\asepr\AppData\Local\Microsoft\WindowsApps;C:\Users\asepr\.dotnet\tools;C:\Program Files\Git\usr\bin\vendor_perl;C:\Program Files\Git\usr\bin\core_perl
USERNAME=asepr
SHELL=C:\Program Files\Git\usr\bin\bash.exe
DISPLAY=needs-to-be-defined
LANG=en_US.UTF-8
TERM=xterm-256color
TMPDIR=C:\Users\asepr\AppData\Local\Temp
OS=Windows_NT
PROCESSOR_IDENTIFIER=AMD64 Family 23 Model 104 Stepping 1, AuthenticAMD
TMP=C:\Users\asepr\AppData\Local\Temp
TEMP=C:\Users\asepr\AppData\Local\Temp



Periodic native trim disabled


---------------  S Y S T E M  ---------------

OS:
 Windows 11 , 64 bit Build 26100 (10.0.26100.8115)
OS uptime: 0 days 14:43 hours
Hyper-V role detected

CPU: total 12 (initial active 12) (12 cores per cpu, 2 threads per core) family 23 model 104 stepping 1 microcode 0x8608103, cx8, cmov, fxsr, ht, mmx, 3dnowpref, sse, sse2, sse3, ssse3, sse4a, sse4.1, sse4.2, popcnt, lzcnt, tsc, tscinvbit, avx, avx2, aes, clmul, bmi1, bmi2, adx, sha, fma, vzeroupper, clflush, clflushopt, hv
Processor Information for all 12 processors :
  Max Mhz: 2100, Current Mhz: 2100, Mhz Limit: 2100

Memory: 4k page, system-wide physical 6005M (134M free)
TotalPageFile size 24437M (AvailPageFile size 11M)
current process WorkingSet (physical memory assigned to process): 672M, peak: 782M
current process commit charge ("private bytes"): 1382M, peak: 1385M

vm_info: OpenJDK 64-Bit Server VM (17.0.17+10) for windows-amd64 JRE (17.0.17+10), built on Oct 21 2025 23:25:32 by "admin" with unknown MS VC++:1942

END.
