#
# There is insufficient memory for the Java Runtime Environment to continue.
# Native memory allocation (malloc) failed to allocate 1188096 bytes. Error detail: Chunk::new
# Possible reasons:
#   The system is out of physical RAM or swap space
#   This process is running with CompressedOops enabled, and the Java Heap may be blocking the growth of the native heap
# Possible solutions:
#   Reduce memory load on the system
#   Increase physical memory or swap space
#   Check if swap backing store is full
#   Decrease Java heap size (-Xmx/-Xms)
#   Decrease number of Java threads
#   Decrease Java thread stack sizes (-Xss)
#   Set larger code cache with -XX:ReservedCodeCacheSize=
#   JVM is running with Unscaled Compressed Oops mode in which the Java heap is
#     placed in the first 4GB address space. The Java Heap base address is the
#     maximum limit for the native heap growth. Please use -XX:HeapBaseMinAddress
#     to set the Java Heap base and to place the Java Heap above 4GB virtual address.
# This output file may be truncated or incomplete.
#
#  Out of Memory Error (arena.cpp:191), pid=18752, tid=14584
#
# JRE version: OpenJDK Runtime Environment Temurin-17.0.17+10 (17.0.17+10) (build 17.0.17+10)
# Java VM: OpenJDK 64-Bit Server VM Temurin-17.0.17+10 (17.0.17+10, mixed mode, sharing, tiered, compressed oops, compressed class ptrs, g1 gc, windows-amd64)
# No core dump will be written. Minidumps are not enabled by default on client versions of Windows
#

---------------  S U M M A R Y ------------

Command Line: --add-opens=java.base/java.lang=ALL-UNNAMED --add-opens=java.base/java.lang.invoke=ALL-UNNAMED --add-opens=java.base/java.util=ALL-UNNAMED --add-opens=java.prefs/java.util.prefs=ALL-UNNAMED --add-exports=jdk.compiler/com.sun.tools.javac.api=ALL-UNNAMED --add-exports=jdk.compiler/com.sun.tools.javac.util=ALL-UNNAMED --add-opens=java.base/java.util=ALL-UNNAMED --add-opens=java.prefs/java.util.prefs=ALL-UNNAMED --add-opens=java.base/java.nio.charset=ALL-UNNAMED --add-opens=java.base/java.net=ALL-UNNAMED --add-opens=java.base/java.util.concurrent=ALL-UNNAMED --add-opens=java.base/java.util.concurrent.atomic=ALL-UNNAMED --add-opens=java.xml/javax.xml.namespace=ALL-UNNAMED -XX:MaxMetaspaceSize=512m -Xmx2048m -Dfile.encoding=windows-1252 -Duser.country=ID -Duser.language=en -Duser.variant -javaagent:C:\Users\asepr\.gradle\wrapper\dists\gradle-9.0.0-bin\d6wjpkvcgsg3oed0qlfss3wgl\gradle-9.0.0\lib\agents\gradle-instrumentation-agent-9.0.0.jar org.gradle.launcher.daemon.bootstrap.GradleDaemon 9.0.0

Host: AMD Ryzen 5 5500U with Radeon Graphics         , 12 cores, 5G,  Windows 11 , 64 bit Build 26100 (10.0.26100.8115)
Time: Thu Apr  2 13:54:16 2026 SE Asia Standard Time elapsed time: 73.144483 seconds (0d 0h 1m 13s)

---------------  T H R E A D  ---------------

Current thread (0x0000024b3fd8e900):  JavaThread "C2 CompilerThread0" daemon [_thread_in_native, id=14584, stack(0x000000b56e600000,0x000000b56e700000)]


Current CompileTask:
C2:73144 14464       4       groovy.lang.MetaClassImpl::inheritInterfaceNewMetaMethods (218 bytes)

Stack: [0x000000b56e600000,0x000000b56e700000]
Native frames: (J=compiled Java code, j=interpreted, Vv=VM code, C=native code)
V  [jvm.dll+0x683fb9]
V  [jvm.dll+0x83a1b5]
V  [jvm.dll+0x83bc2e]
V  [jvm.dll+0x83c2b3]
V  [jvm.dll+0x248eff]
V  [jvm.dll+0xad496]
V  [jvm.dll+0xadb3c]
V  [jvm.dll+0x2b05df]
V  [jvm.dll+0x58a5b5]
V  [jvm.dll+0x222e84]
V  [jvm.dll+0x22327d]
V  [jvm.dll+0x21bfdb]
V  [jvm.dll+0x2190fe]
V  [jvm.dll+0x1a4920]
V  [jvm.dll+0x22989a]
V  [jvm.dll+0x227a4b]
V  [jvm.dll+0x7effb8]
V  [jvm.dll+0x7ea44c]
V  [jvm.dll+0x682e87]
C  [ucrtbase.dll+0x37b0]
C  [KERNEL32.DLL+0x2e8d7]
C  [ntdll.dll+0x8c3fc]


---------------  P R O C E S S  ---------------

Threads class SMR info:
_java_thread_list=0x0000024b5fe45ab0, length=197, elements={
0x0000024b21434d20, 0x0000024b3fd67320, 0x0000024b3fd695b0, 0x0000024b3fd87b60,
0x0000024b3fd88040, 0x0000024b3fd88cc0, 0x0000024b3fd8d950, 0x0000024b3fd8e900,
0x0000024b5f005d30, 0x0000024b5f00aa10, 0x0000024b3fd52b00, 0x0000024b5f197180,
0x0000024b6079f300, 0x0000024b5f398140, 0x0000024b609a59b0, 0x0000024b5ff049e0,
0x0000024b605ccb00, 0x0000024b600c69d0, 0x0000024b600c4b70, 0x0000024b600c64c0,
0x0000024b600c4660, 0x0000024b600c6ee0, 0x0000024b600c5fb0, 0x0000024b600c5590,
0x0000024b600c5aa0, 0x0000024b600c4150, 0x0000024b600c5080, 0x0000024b600c7900,
0x0000024b600c73f0, 0x0000024b62f26010, 0x0000024b62f26a30, 0x0000024b62f23ca0,
0x0000024b62f250e0, 0x0000024b62f26f40, 0x0000024b62f23790, 0x0000024b62f24bd0,
0x0000024b62f255f0, 0x0000024b62f25b00, 0x0000024b61977150, 0x0000024b61974de0,
0x0000024b61976730, 0x0000024b61976220, 0x0000024b61975d10, 0x0000024b619748d0,
0x0000024b61977660, 0x0000024b61977b70, 0x0000024b61978080, 0x0000024b61978590,
0x0000024b61978aa0, 0x0000024b61978fb0, 0x0000024b619794c0, 0x0000024b619799d0,
0x0000024b6197a3f0, 0x0000024b61979ee0, 0x0000024b61976c40, 0x0000024b6197a900,
0x0000024b6197ae10, 0x0000024b6197b320, 0x0000024b6197b830, 0x0000024b6197bd40,
0x0000024b6197c250, 0x0000024b61052260, 0x0000024b610536a0, 0x0000024b61054ae0,
0x0000024b61051330, 0x0000024b610540c0, 0x0000024b61052c80, 0x0000024b610545d0,
0x0000024b61054ff0, 0x0000024b61053190, 0x0000024b61051840, 0x0000024b61053bb0,
0x0000024b61052770, 0x0000024b61051d50, 0x0000024b61056e50, 0x0000024b61057360,
0x0000024b61055a10, 0x0000024b61055500, 0x0000024b61058cb0, 0x0000024b646e2930,
0x0000024b646e1f10, 0x0000024b646e0fe0, 0x0000024b646e2420, 0x0000024b646e05c0,
0x0000024b646e14f0, 0x0000024b646e2e40, 0x0000024b646e3350, 0x0000024b646e3860,
0x0000024b646e00b0, 0x0000024b646e3d70, 0x0000024b646e4280, 0x0000024b646e0ad0,
0x0000024b646e7520, 0x0000024b646e65f0, 0x0000024b646e4ca0, 0x0000024b646e4790,
0x0000024b646e6b00, 0x0000024b646e7010, 0x0000024b646e7a30, 0x0000024b646e51b0,
0x0000024b646e56c0, 0x0000024b646e5bd0, 0x0000024b646e60e0, 0x0000024b64b69c50,
0x0000024b64b68d20, 0x0000024b64b68810, 0x0000024b64b69230, 0x0000024b64b6b5a0,
0x0000024b64b69740, 0x0000024b64b67df0, 0x0000024b64b6a160, 0x0000024b64b6bab0,
0x0000024b64b68300, 0x0000024b64b6c4d0, 0x0000024b64b6d910, 0x0000024b64b6c9e0,
0x0000024b64b6b090, 0x0000024b64b6cef0, 0x0000024b64b6d400, 0x0000024b64b6de20,
0x0000024b64b6bfc0, 0x0000024b64b6a670, 0x0000024b64b6e330, 0x0000024b64b6ab80,
0x0000024b64b6e840, 0x0000024b64b6ed50, 0x0000024b64b6f260, 0x0000024b64b6f770,
0x0000024b64ac74d0, 0x0000024b64ac8910, 0x0000024b64ac5670, 0x0000024b64ac6ab0,
0x0000024b64ac6090, 0x0000024b64ac65a0, 0x0000024b64ac6fc0, 0x0000024b64ac5160,
0x0000024b64ac9840, 0x0000024b64ac9d50, 0x0000024b64acac80, 0x0000024b64ac79e0,
0x0000024b64aca260, 0x0000024b64aca770, 0x0000024b64acb190, 0x0000024b64acb6a0,
0x0000024b64ac8e20, 0x0000024b64ac8400, 0x0000024b64ac9330, 0x0000024b64ac7ef0,
0x0000024b64acc5d0, 0x0000024b64acbbb0, 0x0000024b64acc0c0, 0x0000024b64accae0,
0x0000024b64a45870, 0x0000024b64a45d80, 0x0000024b64a467a0, 0x0000024b64a43a10,
0x0000024b64a46290, 0x0000024b64a46cb0, 0x0000024b64a42ff0, 0x0000024b64a45360,
0x0000024b64a44e50, 0x0000024b64a43f20, 0x0000024b64a43500, 0x0000024b64a471c0,
0x0000024b64a44940, 0x0000024b64a476d0, 0x0000024b64a47be0, 0x0000024b64a44430,
0x0000024b64a49530, 0x0000024b64a480f0, 0x0000024b64a4a970, 0x0000024b64a48600,
0x0000024b64a48b10, 0x0000024b64a49020, 0x0000024b64a49a40, 0x0000024b64a49f50,
0x0000024b64a4a460, 0x0000024b647c9bb0, 0x0000024b647c96a0, 0x0000024b647cba10,
0x0000024b647ca0c0, 0x0000024b647ca5d0, 0x0000024b647cbf20, 0x0000024b647caff0,
0x0000024b647cb500, 0x0000024b647caae0, 0x0000024b617b6b90, 0x0000024b617b4310,
0x0000024b617b5240, 0x0000024b617b4820, 0x0000024b617b4d30, 0x0000024b617b38f0,
0x0000024b617b8f00, 0x0000024b617b7fd0, 0x0000024b617b84e0, 0x0000024b617b89f0,
0x0000024b627c7740
}

Java Threads: ( => current thread )
  0x0000024b21434d20 JavaThread "main" [_thread_blocked, id=9772, stack(0x000000b56d800000,0x000000b56d900000)]
  0x0000024b3fd67320 JavaThread "Reference Handler" daemon [_thread_blocked, id=13328, stack(0x000000b56e000000,0x000000b56e100000)]
  0x0000024b3fd695b0 JavaThread "Finalizer" daemon [_thread_blocked, id=24084, stack(0x000000b56e100000,0x000000b56e200000)]
  0x0000024b3fd87b60 JavaThread "Signal Dispatcher" daemon [_thread_blocked, id=7740, stack(0x000000b56e200000,0x000000b56e300000)]
  0x0000024b3fd88040 JavaThread "Attach Listener" daemon [_thread_blocked, id=26000, stack(0x000000b56e300000,0x000000b56e400000)]
  0x0000024b3fd88cc0 JavaThread "Service Thread" daemon [_thread_blocked, id=21692, stack(0x000000b56e400000,0x000000b56e500000)]
  0x0000024b3fd8d950 JavaThread "Monitor Deflation Thread" daemon [_thread_blocked, id=13704, stack(0x000000b56e500000,0x000000b56e600000)]
=>0x0000024b3fd8e900 JavaThread "C2 CompilerThread0" daemon [_thread_in_native, id=14584, stack(0x000000b56e600000,0x000000b56e700000)]
  0x0000024b5f005d30 JavaThread "C1 CompilerThread0" daemon [_thread_blocked, id=24720, stack(0x000000b56e700000,0x000000b56e800000)]
  0x0000024b5f00aa10 JavaThread "Sweeper thread" daemon [_thread_blocked, id=21380, stack(0x000000b56e800000,0x000000b56e900000)]
  0x0000024b3fd52b00 JavaThread "Common-Cleaner" daemon [_thread_blocked, id=11932, stack(0x000000b56e900000,0x000000b56ea00000)]
  0x0000024b5f197180 JavaThread "Notification Thread" daemon [_thread_blocked, id=20104, stack(0x000000b56ea00000,0x000000b56eb00000)]
  0x0000024b6079f300 JavaThread "Daemon health stats" [_thread_blocked, id=800, stack(0x000000b56f000000,0x000000b56f100000)]
  0x0000024b5f398140 JavaThread "Incoming local TCP Connector on port 60872" [_thread_in_native, id=11440, stack(0x000000b56f100000,0x000000b56f200000)]
  0x0000024b609a59b0 JavaThread "Daemon periodic checks" [_thread_blocked, id=17916, stack(0x000000b56f200000,0x000000b56f300000)]
  0x0000024b5ff049e0 JavaThread "Daemon" [_thread_blocked, id=9800, stack(0x000000b56f300000,0x000000b56f400000)]
  0x0000024b605ccb00 JavaThread "Handler for socket connection from /127.0.0.1:60872 to /127.0.0.1:60873" [_thread_in_native, id=9012, stack(0x000000b56f400000,0x000000b56f500000)]
  0x0000024b600c69d0 JavaThread "Cancel handler" [_thread_blocked, id=16000, stack(0x000000b56f500000,0x000000b56f600000)]
  0x0000024b600c4b70 JavaThread "Daemon worker" [_thread_in_native, id=25844, stack(0x000000b56f600000,0x000000b56f700000)]
  0x0000024b600c64c0 JavaThread "Asynchronous log dispatcher for DefaultDaemonConnection: socket connection from /127.0.0.1:60872 to /127.0.0.1:60873" [_thread_blocked, id=25976, stack(0x000000b56f700000,0x000000b56f800000)]
  0x0000024b600c4660 JavaThread "Stdin handler" [_thread_blocked, id=25072, stack(0x000000b56f800000,0x000000b56f900000)]
  0x0000024b600c6ee0 JavaThread "Daemon client event forwarder" [_thread_blocked, id=24420, stack(0x000000b56f900000,0x000000b56fa00000)]
  0x0000024b600c5fb0 JavaThread "Cache worker for journal cache (C:\Users\asepr\.gradle\caches\journal-1)" [_thread_blocked, id=23580, stack(0x000000b56ff00000,0x000000b570000000)]
  0x0000024b600c5590 JavaThread "File lock request listener" [_thread_in_native, id=5668, stack(0x000000b570000000,0x000000b570100000)]
  0x0000024b600c5aa0 JavaThread "Cache worker for file hash cache (C:\Users\asepr\.gradle\caches\9.0.0\fileHashes)" [_thread_blocked, id=6684, stack(0x000000b570100000,0x000000b570200000)]
  0x0000024b600c4150 JavaThread "Cache worker for file hash cache (C:\Users\asepr\mobile-app\mobile\android\.gradle\9.0.0\fileHashes)" [_thread_blocked, id=23440, stack(0x000000b570500000,0x000000b570600000)]
  0x0000024b600c5080 JavaThread "Cache worker for Build Output Cleanup Cache (C:\Users\asepr\mobile-app\mobile\android\.gradle\buildOutputCleanup)" [_thread_blocked, id=19872, stack(0x000000b570600000,0x000000b570700000)]
  0x0000024b600c7900 JavaThread "File watcher server" daemon [_thread_in_native, id=984, stack(0x000000b570700000,0x000000b570800000)]
  0x0000024b600c73f0 JavaThread "File watcher consumer" daemon [_thread_blocked, id=22792, stack(0x000000b570800000,0x000000b570900000)]
  0x0000024b62f26010 JavaThread "Cache worker for checksums cache (C:\Users\asepr\mobile-app\mobile\android\.gradle\9.0.0\checksums)" [_thread_blocked, id=21080, stack(0x000000b570900000,0x000000b570a00000)]
  0x0000024b62f26a30 JavaThread "Cache worker for file content cache (C:\Users\asepr\.gradle\caches\9.0.0\fileContent)" [_thread_blocked, id=2616, stack(0x000000b570a00000,0x000000b570b00000)]
  0x0000024b62f23ca0 JavaThread "Cache worker for cache directory md-supplier (C:\Users\asepr\.gradle\caches\9.0.0\md-supplier)" [_thread_blocked, id=18684, stack(0x000000b570200000,0x000000b570300000)]
  0x0000024b62f250e0 JavaThread "Cache worker for cache directory md-rule (C:\Users\asepr\.gradle\caches\9.0.0\md-rule)" [_thread_blocked, id=3184, stack(0x000000b570b00000,0x000000b570c00000)]
  0x0000024b62f26f40 JavaThread "jar transforms" [_thread_blocked, id=25620, stack(0x000000b570e00000,0x000000b570f00000)]
  0x0000024b62f23790 JavaThread "Cache worker for Build Output Cleanup Cache (C:\Users\asepr\mobile-app\mobile\node_modules\@react-native\gradle-plugin\.gradle\buildOutputCleanup)" [_thread_blocked, id=24772, stack(0x000000b570f00000,0x000000b571000000)]
  0x0000024b62f24bd0 JavaThread "Unconstrained build operations" [_thread_blocked, id=8296, stack(0x000000b570c00000,0x000000b570d00000)]
  0x0000024b62f255f0 JavaThread "Unconstrained build operations Thread 2" [_thread_blocked, id=4800, stack(0x000000b571000000,0x000000b571100000)]
  0x0000024b62f25b00 JavaThread "Unconstrained build operations Thread 3" [_thread_blocked, id=23616, stack(0x000000b571100000,0x000000b571200000)]
  0x0000024b61977150 JavaThread "Unconstrained build operations Thread 4" [_thread_blocked, id=26576, stack(0x000000b571200000,0x000000b571300000)]
  0x0000024b61974de0 JavaThread "Unconstrained build operations Thread 5" [_thread_blocked, id=9688, stack(0x000000b571300000,0x000000b571400000)]
  0x0000024b61976730 JavaThread "Unconstrained build operations Thread 6" [_thread_blocked, id=988, stack(0x000000b571400000,0x000000b571500000)]
  0x0000024b61976220 JavaThread "Unconstrained build operations Thread 7" [_thread_blocked, id=24148, stack(0x000000b571600000,0x000000b571700000)]
  0x0000024b61975d10 JavaThread "Unconstrained build operations Thread 8" [_thread_blocked, id=26280, stack(0x000000b571700000,0x000000b571800000)]
  0x0000024b619748d0 JavaThread "Unconstrained build operations Thread 9" [_thread_blocked, id=23012, stack(0x000000b571800000,0x000000b571900000)]
  0x0000024b61977660 JavaThread "Unconstrained build operations Thread 10" [_thread_blocked, id=22712, stack(0x000000b571900000,0x000000b571a00000)]
  0x0000024b61977b70 JavaThread "Unconstrained build operations Thread 11" [_thread_blocked, id=11696, stack(0x000000b571a00000,0x000000b571b00000)]
  0x0000024b61978080 JavaThread "Unconstrained build operations Thread 12" [_thread_blocked, id=21928, stack(0x000000b571b00000,0x000000b571c00000)]
  0x0000024b61978590 JavaThread "Unconstrained build operations Thread 13" [_thread_blocked, id=1616, stack(0x000000b571c00000,0x000000b571d00000)]
  0x0000024b61978aa0 JavaThread "Unconstrained build operations Thread 14" [_thread_blocked, id=4036, stack(0x000000b571d00000,0x000000b571e00000)]
  0x0000024b61978fb0 JavaThread "Unconstrained build operations Thread 15" [_thread_blocked, id=22304, stack(0x000000b571e00000,0x000000b571f00000)]
  0x0000024b619794c0 JavaThread "Unconstrained build operations Thread 16" [_thread_blocked, id=18988, stack(0x000000b571f00000,0x000000b572000000)]
  0x0000024b619799d0 JavaThread "Unconstrained build operations Thread 17" [_thread_blocked, id=20772, stack(0x000000b572000000,0x000000b572100000)]
  0x0000024b6197a3f0 JavaThread "Unconstrained build operations Thread 18" [_thread_blocked, id=1168, stack(0x000000b572100000,0x000000b572200000)]
  0x0000024b61979ee0 JavaThread "Unconstrained build operations Thread 19" [_thread_blocked, id=6544, stack(0x000000b572200000,0x000000b572300000)]
  0x0000024b61976c40 JavaThread "Unconstrained build operations Thread 20" [_thread_blocked, id=25956, stack(0x000000b572300000,0x000000b572400000)]
  0x0000024b6197a900 JavaThread "Unconstrained build operations Thread 21" [_thread_blocked, id=15460, stack(0x000000b572400000,0x000000b572500000)]
  0x0000024b6197ae10 JavaThread "Unconstrained build operations Thread 22" [_thread_blocked, id=11268, stack(0x000000b572500000,0x000000b572600000)]
  0x0000024b6197b320 JavaThread "Unconstrained build operations Thread 23" [_thread_blocked, id=19448, stack(0x000000b572600000,0x000000b572700000)]
  0x0000024b6197b830 JavaThread "Unconstrained build operations Thread 24" [_thread_blocked, id=26448, stack(0x000000b572700000,0x000000b572800000)]
  0x0000024b6197bd40 JavaThread "Unconstrained build operations Thread 25" [_thread_blocked, id=8644, stack(0x000000b572800000,0x000000b572900000)]
  0x0000024b6197c250 JavaThread "Unconstrained build operations Thread 26" [_thread_blocked, id=12760, stack(0x000000b572900000,0x000000b572a00000)]
  0x0000024b61052260 JavaThread "Unconstrained build operations Thread 27" [_thread_blocked, id=8760, stack(0x000000b572a00000,0x000000b572b00000)]
  0x0000024b610536a0 JavaThread "Unconstrained build operations Thread 28" [_thread_blocked, id=16968, stack(0x000000b572b00000,0x000000b572c00000)]
  0x0000024b61054ae0 JavaThread "Unconstrained build operations Thread 29" [_thread_blocked, id=19272, stack(0x000000b572c00000,0x000000b572d00000)]
  0x0000024b61051330 JavaThread "Unconstrained build operations Thread 30" [_thread_blocked, id=3820, stack(0x000000b572d00000,0x000000b572e00000)]
  0x0000024b610540c0 JavaThread "Unconstrained build operations Thread 31" [_thread_blocked, id=944, stack(0x000000b572e00000,0x000000b572f00000)]
  0x0000024b61052c80 JavaThread "Unconstrained build operations Thread 32" [_thread_blocked, id=3876, stack(0x000000b572f00000,0x000000b573000000)]
  0x0000024b610545d0 JavaThread "Unconstrained build operations Thread 33" [_thread_blocked, id=18256, stack(0x000000b573000000,0x000000b573100000)]
  0x0000024b61054ff0 JavaThread "Unconstrained build operations Thread 34" [_thread_blocked, id=12604, stack(0x000000b573100000,0x000000b573200000)]
  0x0000024b61053190 JavaThread "Unconstrained build operations Thread 35" [_thread_blocked, id=4460, stack(0x000000b573200000,0x000000b573300000)]
  0x0000024b61051840 JavaThread "Unconstrained build operations Thread 36" [_thread_blocked, id=20052, stack(0x000000b573300000,0x000000b573400000)]
  0x0000024b61053bb0 JavaThread "Unconstrained build operations Thread 37" [_thread_blocked, id=13684, stack(0x000000b573400000,0x000000b573500000)]
  0x0000024b61052770 JavaThread "Unconstrained build operations Thread 38" [_thread_blocked, id=21240, stack(0x000000b573500000,0x000000b573600000)]
  0x0000024b61051d50 JavaThread "Unconstrained build operations Thread 39" [_thread_blocked, id=22512, stack(0x000000b573600000,0x000000b573700000)]
  0x0000024b61056e50 JavaThread "build event listener" [_thread_blocked, id=9016, stack(0x000000b571500000,0x000000b571600000)]
  0x0000024b61057360 JavaThread "Memory manager" [_thread_blocked, id=23428, stack(0x000000b573700000,0x000000b573800000)]
  0x0000024b61055a10 JavaThread "ForkJoinPool.commonPool-worker-1" daemon [_thread_blocked, id=14040, stack(0x000000b573b00000,0x000000b573c00000)]
  0x0000024b61055500 JavaThread "ForkJoinPool.commonPool-worker-2" daemon [_thread_blocked, id=25060, stack(0x000000b573c00000,0x000000b573d00000)]
  0x0000024b61058cb0 JavaThread "ForkJoinPool.commonPool-worker-3" daemon [_thread_blocked, id=24160, stack(0x000000b573d00000,0x000000b573e00000)]
  0x0000024b646e2930 JavaThread "ForkJoinPool.commonPool-worker-4" daemon [_thread_blocked, id=18748, stack(0x000000b573e00000,0x000000b573f00000)]
  0x0000024b646e1f10 JavaThread "ForkJoinPool.commonPool-worker-5" daemon [_thread_blocked, id=20720, stack(0x000000b573f00000,0x000000b574000000)]
  0x0000024b646e0fe0 JavaThread "ForkJoinPool.commonPool-worker-6" daemon [_thread_blocked, id=24368, stack(0x000000b574000000,0x000000b574100000)]
  0x0000024b646e2420 JavaThread "ForkJoinPool.commonPool-worker-7" daemon [_thread_blocked, id=25152, stack(0x000000b574100000,0x000000b574200000)]
  0x0000024b646e05c0 JavaThread "ForkJoinPool.commonPool-worker-8" daemon [_thread_blocked, id=21468, stack(0x000000b574200000,0x000000b574300000)]
  0x0000024b646e14f0 JavaThread "ForkJoinPool.commonPool-worker-9" daemon [_thread_blocked, id=16584, stack(0x000000b574300000,0x000000b574400000)]
  0x0000024b646e2e40 JavaThread "ForkJoinPool.commonPool-worker-10" daemon [_thread_blocked, id=26220, stack(0x000000b574400000,0x000000b574500000)]
  0x0000024b646e3350 JavaThread "Exec process" daemon [_thread_blocked, id=9328, stack(0x000000b574500000,0x000000b574600000)]
  0x0000024b646e3860 JavaThread "ForkJoinPool.commonPool-worker-11" daemon [_thread_blocked, id=13892, stack(0x000000b574600000,0x000000b574700000)]
  0x0000024b646e00b0 JavaThread "Exec process Thread 2" daemon [_thread_blocked, id=19168, stack(0x000000b574700000,0x000000b574800000)]
  0x0000024b646e3d70 JavaThread "Exec process Thread 3" daemon [_thread_blocked, id=9744, stack(0x000000b574800000,0x000000b574900000)]
  0x0000024b646e4280 JavaThread "included builds" [_thread_blocked, id=24796, stack(0x000000b574900000,0x000000b574a00000)]
  0x0000024b646e0ad0 JavaThread "Execution worker" [_thread_blocked, id=25228, stack(0x000000b574a00000,0x000000b574b00000)]
  0x0000024b646e7520 JavaThread "Execution worker Thread 2" [_thread_blocked, id=9792, stack(0x000000b574b00000,0x000000b574c00000)]
  0x0000024b646e65f0 JavaThread "Execution worker Thread 3" [_thread_blocked, id=15444, stack(0x000000b574c00000,0x000000b574d00000)]
  0x0000024b646e4ca0 JavaThread "Execution worker Thread 4" [_thread_blocked, id=2136, stack(0x000000b574d00000,0x000000b574e00000)]
  0x0000024b646e4790 JavaThread "Execution worker Thread 5" [_thread_blocked, id=8656, stack(0x000000b574e00000,0x000000b574f00000)]
  0x0000024b646e6b00 JavaThread "Execution worker Thread 6" [_thread_blocked, id=18680, stack(0x000000b574f00000,0x000000b575000000)]
  0x0000024b646e7010 JavaThread "Execution worker Thread 7" [_thread_blocked, id=21156, stack(0x000000b575000000,0x000000b575100000)]
  0x0000024b646e7a30 JavaThread "Execution worker Thread 8" [_thread_blocked, id=8788, stack(0x000000b575100000,0x000000b575200000)]
  0x0000024b646e51b0 JavaThread "Execution worker Thread 9" [_thread_blocked, id=18764, stack(0x000000b575200000,0x000000b575300000)]
  0x0000024b646e56c0 JavaThread "Execution worker Thread 10" [_thread_blocked, id=24832, stack(0x000000b575300000,0x000000b575400000)]
  0x0000024b646e5bd0 JavaThread "Execution worker Thread 11" [_thread_blocked, id=21420, stack(0x000000b575400000,0x000000b575500000)]
  0x0000024b646e60e0 JavaThread "Cache worker for execution history cache (C:\Users\asepr\mobile-app\mobile\node_modules\@react-native\gradle-plugin\.gradle\9.0.0\executionHistory)" [_thread_blocked, id=12580, stack(0x000000b575500000,0x000000b575600000)]
  0x0000024b64b69c50 JavaThread "Unconstrained build operations Thread 40" [_thread_blocked, id=7092, stack(0x000000b575600000,0x000000b575700000)]
  0x0000024b64b68d20 JavaThread "Unconstrained build operations Thread 41" [_thread_blocked, id=17352, stack(0x000000b575700000,0x000000b575800000)]
  0x0000024b64b68810 JavaThread "Unconstrained build operations Thread 42" [_thread_blocked, id=24568, stack(0x000000b575800000,0x000000b575900000)]
  0x0000024b64b69230 JavaThread "Unconstrained build operations Thread 43" [_thread_blocked, id=1636, stack(0x000000b575900000,0x000000b575a00000)]
  0x0000024b64b6b5a0 JavaThread "Unconstrained build operations Thread 44" [_thread_blocked, id=21104, stack(0x000000b575a00000,0x000000b575b00000)]
  0x0000024b64b69740 JavaThread "Unconstrained build operations Thread 45" [_thread_blocked, id=13412, stack(0x000000b575b00000,0x000000b575c00000)]
  0x0000024b64b67df0 JavaThread "Unconstrained build operations Thread 46" [_thread_blocked, id=17168, stack(0x000000b575c00000,0x000000b575d00000)]
  0x0000024b64b6a160 JavaThread "Unconstrained build operations Thread 47" [_thread_blocked, id=17852, stack(0x000000b575d00000,0x000000b575e00000)]
  0x0000024b64b6bab0 JavaThread "Unconstrained build operations Thread 48" [_thread_blocked, id=11940, stack(0x000000b575e00000,0x000000b575f00000)]
  0x0000024b64b68300 JavaThread "Unconstrained build operations Thread 49" [_thread_blocked, id=23332, stack(0x000000b575f00000,0x000000b576000000)]
  0x0000024b64b6c4d0 JavaThread "Unconstrained build operations Thread 50" [_thread_blocked, id=4296, stack(0x000000b576000000,0x000000b576100000)]
  0x0000024b64b6d910 JavaThread "Unconstrained build operations Thread 51" [_thread_blocked, id=5836, stack(0x000000b576100000,0x000000b576200000)]
  0x0000024b64b6c9e0 JavaThread "Unconstrained build operations Thread 52" [_thread_blocked, id=3472, stack(0x000000b576200000,0x000000b576300000)]
  0x0000024b64b6b090 JavaThread "Unconstrained build operations Thread 53" [_thread_blocked, id=25304, stack(0x000000b576300000,0x000000b576400000)]
  0x0000024b64b6cef0 JavaThread "Unconstrained build operations Thread 54" [_thread_blocked, id=25396, stack(0x000000b576400000,0x000000b576500000)]
  0x0000024b64b6d400 JavaThread "Unconstrained build operations Thread 55" [_thread_blocked, id=26080, stack(0x000000b576500000,0x000000b576600000)]
  0x0000024b64b6de20 JavaThread "Unconstrained build operations Thread 56" [_thread_blocked, id=20812, stack(0x000000b576600000,0x000000b576700000)]
  0x0000024b64b6bfc0 JavaThread "Unconstrained build operations Thread 57" [_thread_blocked, id=23116, stack(0x000000b576700000,0x000000b576800000)]
  0x0000024b64b6a670 JavaThread "Unconstrained build operations Thread 58" [_thread_blocked, id=24952, stack(0x000000b576800000,0x000000b576900000)]
  0x0000024b64b6e330 JavaThread "Unconstrained build operations Thread 59" [_thread_blocked, id=2420, stack(0x000000b576900000,0x000000b576a00000)]
  0x0000024b64b6ab80 JavaThread "Unconstrained build operations Thread 60" [_thread_blocked, id=19736, stack(0x000000b576a00000,0x000000b576b00000)]
  0x0000024b64b6e840 JavaThread "Unconstrained build operations Thread 61" [_thread_blocked, id=20836, stack(0x000000b576b00000,0x000000b576c00000)]
  0x0000024b64b6ed50 JavaThread "Unconstrained build operations Thread 62" [_thread_blocked, id=25772, stack(0x000000b576c00000,0x000000b576d00000)]
  0x0000024b64b6f260 JavaThread "Unconstrained build operations Thread 63" [_thread_blocked, id=24888, stack(0x000000b576d00000,0x000000b576e00000)]
  0x0000024b64b6f770 JavaThread "Unconstrained build operations Thread 64" [_thread_blocked, id=9732, stack(0x000000b576e00000,0x000000b576f00000)]
  0x0000024b64ac74d0 JavaThread "Unconstrained build operations Thread 65" [_thread_blocked, id=25320, stack(0x000000b576f00000,0x000000b577000000)]
  0x0000024b64ac8910 JavaThread "Unconstrained build operations Thread 66" [_thread_blocked, id=13500, stack(0x000000b577000000,0x000000b577100000)]
  0x0000024b64ac5670 JavaThread "Unconstrained build operations Thread 67" [_thread_blocked, id=16004, stack(0x000000b577100000,0x000000b577200000)]
  0x0000024b64ac6ab0 JavaThread "Unconstrained build operations Thread 68" [_thread_blocked, id=13768, stack(0x000000b577200000,0x000000b577300000)]
  0x0000024b64ac6090 JavaThread "Unconstrained build operations Thread 69" [_thread_blocked, id=2720, stack(0x000000b577300000,0x000000b577400000)]
  0x0000024b64ac65a0 JavaThread "Unconstrained build operations Thread 70" [_thread_blocked, id=20676, stack(0x000000b577400000,0x000000b577500000)]
  0x0000024b64ac6fc0 JavaThread "Unconstrained build operations Thread 71" [_thread_blocked, id=20268, stack(0x000000b577500000,0x000000b577600000)]
  0x0000024b64ac5160 JavaThread "Unconstrained build operations Thread 72" [_thread_blocked, id=10056, stack(0x000000b577600000,0x000000b577700000)]
  0x0000024b64ac9840 JavaThread "Unconstrained build operations Thread 73" [_thread_blocked, id=1460, stack(0x000000b577700000,0x000000b577800000)]
  0x0000024b64ac9d50 JavaThread "Unconstrained build operations Thread 74" [_thread_blocked, id=3624, stack(0x000000b577800000,0x000000b577900000)]
  0x0000024b64acac80 JavaThread "Unconstrained build operations Thread 75" [_thread_blocked, id=26052, stack(0x000000b577900000,0x000000b577a00000)]
  0x0000024b64ac79e0 JavaThread "Unconstrained build operations Thread 76" [_thread_blocked, id=6592, stack(0x000000b577a00000,0x000000b577b00000)]
  0x0000024b64aca260 JavaThread "Unconstrained build operations Thread 77" [_thread_blocked, id=14096, stack(0x000000b577b00000,0x000000b577c00000)]
  0x0000024b64aca770 JavaThread "Unconstrained build operations Thread 78" [_thread_blocked, id=21552, stack(0x000000b577c00000,0x000000b577d00000)]
  0x0000024b64acb190 JavaThread "Unconstrained build operations Thread 79" [_thread_blocked, id=20828, stack(0x000000b577d00000,0x000000b577e00000)]
  0x0000024b64acb6a0 JavaThread "Unconstrained build operations Thread 80" [_thread_blocked, id=18412, stack(0x000000b577e00000,0x000000b577f00000)]
  0x0000024b64ac8e20 JavaThread "Unconstrained build operations Thread 81" [_thread_blocked, id=10552, stack(0x000000b577f00000,0x000000b578000000)]
  0x0000024b64ac8400 JavaThread "Unconstrained build operations Thread 82" [_thread_blocked, id=26244, stack(0x000000b578000000,0x000000b578100000)]
  0x0000024b64ac9330 JavaThread "Unconstrained build operations Thread 83" [_thread_blocked, id=10916, stack(0x000000b578100000,0x000000b578200000)]
  0x0000024b64ac7ef0 JavaThread "Unconstrained build operations Thread 84" [_thread_blocked, id=20780, stack(0x000000b578200000,0x000000b578300000)]
  0x0000024b64acc5d0 JavaThread "Unconstrained build operations Thread 85" [_thread_blocked, id=9692, stack(0x000000b578300000,0x000000b578400000)]
  0x0000024b64acbbb0 JavaThread "Unconstrained build operations Thread 86" [_thread_blocked, id=5516, stack(0x000000b578400000,0x000000b578500000)]
  0x0000024b64acc0c0 JavaThread "Unconstrained build operations Thread 87" [_thread_blocked, id=19768, stack(0x000000b578500000,0x000000b578600000)]
  0x0000024b64accae0 JavaThread "Unconstrained build operations Thread 88" [_thread_blocked, id=19356, stack(0x000000b578600000,0x000000b578700000)]
  0x0000024b64a45870 JavaThread "Unconstrained build operations Thread 89" [_thread_blocked, id=11752, stack(0x000000b578700000,0x000000b578800000)]
  0x0000024b64a45d80 JavaThread "Unconstrained build operations Thread 90" [_thread_blocked, id=25192, stack(0x000000b578800000,0x000000b578900000)]
  0x0000024b64a467a0 JavaThread "Unconstrained build operations Thread 91" [_thread_blocked, id=20860, stack(0x000000b578900000,0x000000b578a00000)]
  0x0000024b64a43a10 JavaThread "Unconstrained build operations Thread 92" [_thread_blocked, id=19876, stack(0x000000b578a00000,0x000000b578b00000)]
  0x0000024b64a46290 JavaThread "Unconstrained build operations Thread 93" [_thread_blocked, id=26172, stack(0x000000b578b00000,0x000000b578c00000)]
  0x0000024b64a46cb0 JavaThread "Unconstrained build operations Thread 94" [_thread_blocked, id=21564, stack(0x000000b578c00000,0x000000b578d00000)]
  0x0000024b64a42ff0 JavaThread "Unconstrained build operations Thread 95" [_thread_blocked, id=17964, stack(0x000000b578d00000,0x000000b578e00000)]
  0x0000024b64a45360 JavaThread "Unconstrained build operations Thread 96" [_thread_blocked, id=17828, stack(0x000000b578e00000,0x000000b578f00000)]
  0x0000024b64a44e50 JavaThread "Unconstrained build operations Thread 97" [_thread_blocked, id=21036, stack(0x000000b578f00000,0x000000b579000000)]
  0x0000024b64a43f20 JavaThread "Unconstrained build operations Thread 98" [_thread_blocked, id=4804, stack(0x000000b579000000,0x000000b579100000)]
  0x0000024b64a43500 JavaThread "Unconstrained build operations Thread 99" [_thread_blocked, id=26144, stack(0x000000b579100000,0x000000b579200000)]
  0x0000024b64a471c0 JavaThread "Unconstrained build operations Thread 100" [_thread_blocked, id=15236, stack(0x000000b579200000,0x000000b579300000)]
  0x0000024b64a44940 JavaThread "Unconstrained build operations Thread 101" [_thread_blocked, id=2564, stack(0x000000b579300000,0x000000b579400000)]
  0x0000024b64a476d0 JavaThread "Unconstrained build operations Thread 102" [_thread_blocked, id=22680, stack(0x000000b579400000,0x000000b579500000)]
  0x0000024b64a47be0 JavaThread "Unconstrained build operations Thread 103" [_thread_blocked, id=12560, stack(0x000000b579500000,0x000000b579600000)]
  0x0000024b64a44430 JavaThread "Unconstrained build operations Thread 104" [_thread_blocked, id=23944, stack(0x000000b579600000,0x000000b579700000)]
  0x0000024b64a49530 JavaThread "Unconstrained build operations Thread 105" [_thread_blocked, id=17848, stack(0x000000b579700000,0x000000b579800000)]
  0x0000024b64a480f0 JavaThread "Unconstrained build operations Thread 106" [_thread_blocked, id=19572, stack(0x000000b579800000,0x000000b579900000)]
  0x0000024b64a4a970 JavaThread "Unconstrained build operations Thread 107" [_thread_blocked, id=24344, stack(0x000000b579900000,0x000000b579a00000)]
  0x0000024b64a48600 JavaThread "Unconstrained build operations Thread 108" [_thread_blocked, id=18140, stack(0x000000b579a00000,0x000000b579b00000)]
  0x0000024b64a48b10 JavaThread "Unconstrained build operations Thread 109" [_thread_blocked, id=25364, stack(0x000000b579b00000,0x000000b579c00000)]
  0x0000024b64a49020 JavaThread "Unconstrained build operations Thread 110" [_thread_blocked, id=24364, stack(0x000000b579c00000,0x000000b579d00000)]
  0x0000024b64a49a40 JavaThread "Unconstrained build operations Thread 111" [_thread_blocked, id=24668, stack(0x000000b579d00000,0x000000b579e00000)]
  0x0000024b64a49f50 JavaThread "Unconstrained build operations Thread 112" [_thread_blocked, id=8676, stack(0x000000b579e00000,0x000000b579f00000)]
  0x0000024b64a4a460 JavaThread "jar transforms Thread 2" [_thread_blocked, id=10572, stack(0x000000b579f00000,0x000000b57a000000)]
  0x0000024b647c9bb0 JavaThread "jar transforms Thread 3" [_thread_blocked, id=18000, stack(0x000000b57a000000,0x000000b57a100000)]
  0x0000024b647c96a0 JavaThread "Unconstrained build operations Thread 113" [_thread_blocked, id=22108, stack(0x000000b573800000,0x000000b573900000)]
  0x0000024b647cba10 JavaThread "Unconstrained build operations Thread 114" [_thread_blocked, id=9264, stack(0x000000b57a100000,0x000000b57a200000)]
  0x0000024b647ca0c0 JavaThread "Unconstrained build operations Thread 115" [_thread_blocked, id=17756, stack(0x000000b57a200000,0x000000b57a300000)]
  0x0000024b647ca5d0 JavaThread "Unconstrained build operations Thread 116" [_thread_blocked, id=7332, stack(0x000000b57a300000,0x000000b57a400000)]
  0x0000024b647cbf20 JavaThread "Unconstrained build operations Thread 117" [_thread_blocked, id=1772, stack(0x000000b57a400000,0x000000b57a500000)]
  0x0000024b647caff0 JavaThread "Unconstrained build operations Thread 118" [_thread_blocked, id=8228, stack(0x000000b57a500000,0x000000b57a600000)]
  0x0000024b647cb500 JavaThread "Unconstrained build operations Thread 119" [_thread_blocked, id=12412, stack(0x000000b57a600000,0x000000b57a700000)]
  0x0000024b647caae0 JavaThread "Unconstrained build operations Thread 120" [_thread_blocked, id=22040, stack(0x000000b57a700000,0x000000b57a800000)]
  0x0000024b617b6b90 JavaThread "jar transforms Thread 4" [_thread_blocked, id=6876, stack(0x000000b57a800000,0x000000b57a900000)]
  0x0000024b617b4310 JavaThread "jar transforms Thread 5" [_thread_blocked, id=26156, stack(0x000000b57a900000,0x000000b57aa00000)]
  0x0000024b617b5240 JavaThread "jar transforms Thread 6" [_thread_blocked, id=26256, stack(0x000000b57aa00000,0x000000b57ab00000)]
  0x0000024b617b4820 JavaThread "build event listener" [_thread_blocked, id=19104, stack(0x000000b57ab00000,0x000000b57ac00000)]
  0x0000024b617b4d30 JavaThread "Problems report writer" [_thread_blocked, id=16812, stack(0x000000b57ac00000,0x000000b57ad00000)]
  0x0000024b617b38f0 JavaThread "jar transforms Thread 7" [_thread_blocked, id=21180, stack(0x000000b57ad00000,0x000000b57ae00000)]
  0x0000024b617b8f00 JavaThread "jar transforms Thread 8" [_thread_blocked, id=21272, stack(0x000000b57ae00000,0x000000b57af00000)]
  0x0000024b617b7fd0 JavaThread "jar transforms Thread 9" [_thread_blocked, id=22308, stack(0x000000b56d600000,0x000000b56d700000)]
  0x0000024b617b84e0 JavaThread "jar transforms Thread 10" [_thread_blocked, id=25332, stack(0x000000b56d700000,0x000000b56d800000)]
  0x0000024b617b89f0 JavaThread "jar transforms Thread 11" [_thread_blocked, id=25884, stack(0x000000b56d900000,0x000000b56da00000)]
  0x0000024b627c7740 JavaThread "jar transforms Thread 12" [_thread_blocked, id=25856, stack(0x000000b57af00000,0x000000b57b000000)]

Other Threads:
  0x0000024b3fd60b90 VMThread "VM Thread" [stack: 0x000000b56df00000,0x000000b56e000000] [id=25880]
  0x0000024b214359b0 WatcherThread [stack: 0x000000b56eb00000,0x000000b56ec00000] [id=20564]
  0x0000024b21493c50 GCTaskThread "GC Thread#0" [stack: 0x000000b56da00000,0x000000b56db00000] [id=3736]
  0x0000024b5f5dbc20 GCTaskThread "GC Thread#1" [stack: 0x000000b56ec00000,0x000000b56ed00000] [id=20220]
  0x0000024b5f3f99a0 GCTaskThread "GC Thread#2" [stack: 0x000000b56ed00000,0x000000b56ee00000] [id=13004]
  0x0000024b5fc65090 GCTaskThread "GC Thread#3" [stack: 0x000000b56ee00000,0x000000b56ef00000] [id=17060]
  0x0000024b5fdf4f10 GCTaskThread "GC Thread#4" [stack: 0x000000b56ef00000,0x000000b56f000000] [id=22420]
  0x0000024b5f2ed890 GCTaskThread "GC Thread#5" [stack: 0x000000b56fa00000,0x000000b56fb00000] [id=22984]
  0x0000024b607a0be0 GCTaskThread "GC Thread#6" [stack: 0x000000b56fb00000,0x000000b56fc00000] [id=24924]
  0x0000024b60033ee0 GCTaskThread "GC Thread#7" [stack: 0x000000b56fc00000,0x000000b56fd00000] [id=13416]
  0x0000024b60b97800 GCTaskThread "GC Thread#8" [stack: 0x000000b56fd00000,0x000000b56fe00000] [id=22764]
  0x0000024b60ae2020 GCTaskThread "GC Thread#9" [stack: 0x000000b56fe00000,0x000000b56ff00000] [id=25516]
  0x0000024b214a4c10 ConcurrentGCThread "G1 Main Marker" [stack: 0x000000b56db00000,0x000000b56dc00000] [id=18380]
  0x0000024b214a60b0 ConcurrentGCThread "G1 Conc#0" [stack: 0x000000b56dc00000,0x000000b56dd00000] [id=5084]
  0x0000024b62f9a680 ConcurrentGCThread "G1 Conc#1" [stack: 0x000000b570300000,0x000000b570400000] [id=20744]
  0x0000024b62f9a940 ConcurrentGCThread "G1 Conc#2" [stack: 0x000000b570400000,0x000000b570500000] [id=21776]
  0x0000024b214de3d0 ConcurrentGCThread "G1 Refine#0" [stack: 0x000000b56dd00000,0x000000b56de00000] [id=6260]
  0x0000024b616b4c20 ConcurrentGCThread "G1 Refine#1" [stack: 0x000000b570d00000,0x000000b570e00000] [id=25400]
  0x0000024b214debc0 ConcurrentGCThread "G1 Service" [stack: 0x000000b56de00000,0x000000b56df00000] [id=6208]

Threads with active compile tasks:
C2 CompilerThread0  73241 14464       4       groovy.lang.MetaClassImpl::inheritInterfaceNewMetaMethods (218 bytes)

VM state: not at safepoint (normal execution)

VM Mutex/Monitor currently owned by a thread: None

Heap address: 0x0000000080000000, size: 2048 MB, Compressed Oops mode: 32-bit

CDS archive(s) mapped at: [0x0000024b40000000-0x0000024b40bb0000-0x0000024b40bb0000), size 12255232, SharedBaseAddress: 0x0000024b40000000, ArchiveRelocationMode: 1.
Compressed class space mapped at: 0x0000024b41000000-0x0000024b5b000000, reserved size: 436207616
Narrow klass base: 0x0000024b40000000, Narrow klass shift: 0, Narrow klass range: 0x100000000

GC Precious Log:
 CPUs: 12 total, 12 available
 Memory: 6005M
 Large Page Support: Disabled
 NUMA Support: Disabled
 Compressed Oops: Enabled (32-bit)
 Heap Region Size: 1M
 Heap Min Capacity: 8M
 Heap Initial Capacity: 94M
 Heap Max Capacity: 2G
 Pre-touch: Disabled
 Parallel Workers: 10
 Concurrent Workers: 3
 Concurrent Refinement Workers: 10
 Periodic GC: Disabled

Heap:
 garbage-first heap   total 279552K, used 230234K [0x0000000080000000, 0x0000000100000000)
  region size 1024K, 88 young (90112K), 4 survivors (4096K)
 Metaspace       used 105209K, committed 106624K, reserved 557056K
  class space    used 14777K, committed 15488K, reserved 425984K

Heap Regions: E=young(eden), S=young(survivor), O=old, HS=humongous(starts), HC=humongous(continues), CS=collection set, F=free, OA=open archive, CA=closed archive, TAMS=top-at-mark-start (previous, next)
|   0|0x0000000080000000, 0x0000000080100000, 0x0000000080100000|100%|HS|  |TAMS 0x0000000080100000, 0x0000000080000000| Complete 
|   1|0x0000000080100000, 0x0000000080200000, 0x0000000080200000|100%|HC|  |TAMS 0x0000000080200000, 0x0000000080100000| Complete 
|   2|0x0000000080200000, 0x0000000080300000, 0x0000000080300000|100%|HC|  |TAMS 0x0000000080300000, 0x0000000080200000| Complete 
|   3|0x0000000080300000, 0x0000000080400000, 0x0000000080400000|100%| O|  |TAMS 0x0000000080400000, 0x0000000080300000| Untracked 
|   4|0x0000000080400000, 0x0000000080500000, 0x0000000080500000|100%| O|  |TAMS 0x0000000080500000, 0x0000000080400000| Untracked 
|   5|0x0000000080500000, 0x0000000080600000, 0x0000000080600000|100%| O|  |TAMS 0x0000000080600000, 0x0000000080500000| Untracked 
|   6|0x0000000080600000, 0x0000000080700000, 0x0000000080700000|100%|HS|  |TAMS 0x0000000080700000, 0x0000000080600000| Complete 
|   7|0x0000000080700000, 0x0000000080800000, 0x0000000080800000|100%| O|  |TAMS 0x0000000080800000, 0x0000000080700000| Untracked 
|   8|0x0000000080800000, 0x0000000080900000, 0x0000000080900000|100%| O|  |TAMS 0x0000000080900000, 0x0000000080800000| Untracked 
|   9|0x0000000080900000, 0x0000000080a00000, 0x0000000080a00000|100%| O|  |TAMS 0x0000000080a00000, 0x0000000080900000| Untracked 
|  10|0x0000000080a00000, 0x0000000080b00000, 0x0000000080b00000|100%| O|  |TAMS 0x0000000080b00000, 0x0000000080a00000| Untracked 
|  11|0x0000000080b00000, 0x0000000080c00000, 0x0000000080c00000|100%| O|  |TAMS 0x0000000080c00000, 0x0000000080b00000| Untracked 
|  12|0x0000000080c00000, 0x0000000080d00000, 0x0000000080d00000|100%| O|  |TAMS 0x0000000080d00000, 0x0000000080c00000| Untracked 
|  13|0x0000000080d00000, 0x0000000080e00000, 0x0000000080e00000|100%| O|  |TAMS 0x0000000080e00000, 0x0000000080d00000| Untracked 
|  14|0x0000000080e00000, 0x0000000080f00000, 0x0000000080f00000|100%| O|  |TAMS 0x0000000080f00000, 0x0000000080e00000| Untracked 
|  15|0x0000000080f00000, 0x0000000081000000, 0x0000000081000000|100%| O|  |TAMS 0x0000000081000000, 0x0000000080f00000| Untracked 
|  16|0x0000000081000000, 0x0000000081100000, 0x0000000081100000|100%| O|  |TAMS 0x0000000081100000, 0x0000000081000000| Untracked 
|  17|0x0000000081100000, 0x0000000081200000, 0x0000000081200000|100%| O|  |TAMS 0x0000000081200000, 0x0000000081100000| Untracked 
|  18|0x0000000081200000, 0x0000000081300000, 0x0000000081300000|100%| O|  |TAMS 0x0000000081300000, 0x0000000081200000| Untracked 
|  19|0x0000000081300000, 0x0000000081400000, 0x0000000081400000|100%| O|  |TAMS 0x0000000081400000, 0x0000000081300000| Untracked 
|  20|0x0000000081400000, 0x0000000081500000, 0x0000000081500000|100%| O|  |TAMS 0x0000000081500000, 0x0000000081400000| Untracked 
|  21|0x0000000081500000, 0x0000000081600000, 0x0000000081600000|100%| O|  |TAMS 0x0000000081600000, 0x0000000081500000| Untracked 
|  22|0x0000000081600000, 0x0000000081700000, 0x0000000081700000|100%| O|  |TAMS 0x0000000081700000, 0x0000000081600000| Untracked 
|  23|0x0000000081700000, 0x0000000081800000, 0x0000000081800000|100%| O|  |TAMS 0x0000000081800000, 0x0000000081700000| Untracked 
|  24|0x0000000081800000, 0x0000000081900000, 0x0000000081900000|100%| O|  |TAMS 0x0000000081900000, 0x0000000081800000| Untracked 
|  25|0x0000000081900000, 0x0000000081a00000, 0x0000000081a00000|100%| O|  |TAMS 0x0000000081a00000, 0x0000000081900000| Untracked 
|  26|0x0000000081a00000, 0x0000000081b00000, 0x0000000081b00000|100%| O|  |TAMS 0x0000000081b00000, 0x0000000081a00000| Untracked 
|  27|0x0000000081b00000, 0x0000000081c00000, 0x0000000081c00000|100%| O|  |TAMS 0x0000000081c00000, 0x0000000081b00000| Untracked 
|  28|0x0000000081c00000, 0x0000000081d00000, 0x0000000081d00000|100%| O|  |TAMS 0x0000000081d00000, 0x0000000081c00000| Untracked 
|  29|0x0000000081d00000, 0x0000000081e00000, 0x0000000081e00000|100%| O|  |TAMS 0x0000000081e00000, 0x0000000081d00000| Untracked 
|  30|0x0000000081e00000, 0x0000000081f00000, 0x0000000081f00000|100%| O|  |TAMS 0x0000000081f00000, 0x0000000081e00000| Untracked 
|  31|0x0000000081f00000, 0x0000000082000000, 0x0000000082000000|100%| O|  |TAMS 0x0000000082000000, 0x0000000081f00000| Untracked 
|  32|0x0000000082000000, 0x0000000082100000, 0x0000000082100000|100%| O|  |TAMS 0x0000000082100000, 0x0000000082000000| Untracked 
|  33|0x0000000082100000, 0x0000000082200000, 0x0000000082200000|100%| O|  |TAMS 0x0000000082200000, 0x0000000082100000| Untracked 
|  34|0x0000000082200000, 0x0000000082300000, 0x0000000082300000|100%| O|  |TAMS 0x0000000082300000, 0x0000000082200000| Untracked 
|  35|0x0000000082300000, 0x0000000082400000, 0x0000000082400000|100%| O|  |TAMS 0x0000000082400000, 0x0000000082300000| Untracked 
|  36|0x0000000082400000, 0x0000000082500000, 0x0000000082500000|100%| O|  |TAMS 0x0000000082500000, 0x0000000082400000| Untracked 
|  37|0x0000000082500000, 0x0000000082600000, 0x0000000082600000|100%| O|  |TAMS 0x0000000082600000, 0x0000000082500000| Untracked 
|  38|0x0000000082600000, 0x0000000082700000, 0x0000000082700000|100%| O|  |TAMS 0x0000000082700000, 0x0000000082600000| Untracked 
|  39|0x0000000082700000, 0x0000000082800000, 0x0000000082800000|100%| O|  |TAMS 0x0000000082800000, 0x0000000082700000| Untracked 
|  40|0x0000000082800000, 0x0000000082900000, 0x0000000082900000|100%| O|  |TAMS 0x0000000082800000, 0x0000000082800000| Untracked 
|  41|0x0000000082900000, 0x0000000082a00000, 0x0000000082a00000|100%| O|  |TAMS 0x0000000082900000, 0x0000000082900000| Untracked 
|  42|0x0000000082a00000, 0x0000000082b00000, 0x0000000082b00000|100%|HS|  |TAMS 0x0000000082b00000, 0x0000000082a00000| Complete 
|  43|0x0000000082b00000, 0x0000000082c00000, 0x0000000082c00000|100%|HC|  |TAMS 0x0000000082c00000, 0x0000000082b00000| Complete 
|  44|0x0000000082c00000, 0x0000000082d00000, 0x0000000082d00000|100%|HC|  |TAMS 0x0000000082d00000, 0x0000000082c00000| Complete 
|  45|0x0000000082d00000, 0x0000000082e00000, 0x0000000082e00000|100%|HS|  |TAMS 0x0000000082e00000, 0x0000000082d00000| Complete 
|  46|0x0000000082e00000, 0x0000000082f00000, 0x0000000082f00000|100%|HC|  |TAMS 0x0000000082f00000, 0x0000000082e00000| Complete 
|  47|0x0000000082f00000, 0x0000000083000000, 0x0000000083000000|100%|HC|  |TAMS 0x0000000083000000, 0x0000000082f00000| Complete 
|  48|0x0000000083000000, 0x0000000083100000, 0x0000000083100000|100%| O|  |TAMS 0x0000000083000000, 0x0000000083000000| Untracked 
|  49|0x0000000083100000, 0x0000000083200000, 0x0000000083200000|100%| O|  |TAMS 0x0000000083100000, 0x0000000083100000| Untracked 
|  50|0x0000000083200000, 0x0000000083300000, 0x0000000083300000|100%| O|  |TAMS 0x0000000083300000, 0x0000000083200000| Untracked 
|  51|0x0000000083300000, 0x0000000083400000, 0x0000000083400000|100%| O|  |TAMS 0x0000000083400000, 0x0000000083300000| Untracked 
|  52|0x0000000083400000, 0x0000000083500000, 0x0000000083500000|100%| O|  |TAMS 0x0000000083400000, 0x0000000083400000| Untracked 
|  53|0x0000000083500000, 0x0000000083600000, 0x0000000083600000|100%| O|  |TAMS 0x0000000083600000, 0x0000000083500000| Untracked 
|  54|0x0000000083600000, 0x0000000083700000, 0x0000000083700000|100%| O|  |TAMS 0x0000000083700000, 0x0000000083600000| Untracked 
|  55|0x0000000083700000, 0x0000000083800000, 0x0000000083800000|100%| O|  |TAMS 0x0000000083800000, 0x0000000083700000| Untracked 
|  56|0x0000000083800000, 0x0000000083900000, 0x0000000083900000|100%| O|  |TAMS 0x0000000083900000, 0x0000000083800000| Untracked 
|  57|0x0000000083900000, 0x0000000083a00000, 0x0000000083a00000|100%| O|  |TAMS 0x0000000083a00000, 0x0000000083900000| Untracked 
|  58|0x0000000083a00000, 0x0000000083b00000, 0x0000000083b00000|100%| O|  |TAMS 0x0000000083b00000, 0x0000000083a00000| Untracked 
|  59|0x0000000083b00000, 0x0000000083c00000, 0x0000000083c00000|100%| O|  |TAMS 0x0000000083b00000, 0x0000000083b00000| Untracked 
|  60|0x0000000083c00000, 0x0000000083d00000, 0x0000000083d00000|100%| O|  |TAMS 0x0000000083d00000, 0x0000000083c00000| Untracked 
|  61|0x0000000083d00000, 0x0000000083e00000, 0x0000000083e00000|100%| O|  |TAMS 0x0000000083e00000, 0x0000000083d00000| Untracked 
|  62|0x0000000083e00000, 0x0000000083f00000, 0x0000000083f00000|100%| O|  |TAMS 0x0000000083f00000, 0x0000000083e00000| Untracked 
|  63|0x0000000083f00000, 0x0000000084000000, 0x0000000084000000|100%| O|  |TAMS 0x0000000084000000, 0x0000000083f00000| Untracked 
|  64|0x0000000084000000, 0x0000000084100000, 0x0000000084100000|100%| O|  |TAMS 0x0000000084100000, 0x0000000084000000| Untracked 
|  65|0x0000000084100000, 0x0000000084200000, 0x0000000084200000|100%| O|  |TAMS 0x0000000084200000, 0x0000000084100000| Untracked 
|  66|0x0000000084200000, 0x0000000084300000, 0x0000000084300000|100%| O|  |TAMS 0x0000000084300000, 0x0000000084200000| Untracked 
|  67|0x0000000084300000, 0x0000000084400000, 0x0000000084400000|100%| O|  |TAMS 0x0000000084400000, 0x0000000084300000| Untracked 
|  68|0x0000000084400000, 0x0000000084500000, 0x0000000084500000|100%| O|  |TAMS 0x0000000084500000, 0x0000000084400000| Untracked 
|  69|0x0000000084500000, 0x0000000084600000, 0x0000000084600000|100%| O|  |TAMS 0x0000000084600000, 0x0000000084500000| Untracked 
|  70|0x0000000084600000, 0x0000000084700000, 0x0000000084700000|100%| O|  |TAMS 0x0000000084600000, 0x0000000084600000| Untracked 
|  71|0x0000000084700000, 0x0000000084800000, 0x0000000084800000|100%| O|  |TAMS 0x0000000084800000, 0x0000000084700000| Untracked 
|  72|0x0000000084800000, 0x0000000084900000, 0x0000000084900000|100%| O|  |TAMS 0x0000000084900000, 0x0000000084800000| Untracked 
|  73|0x0000000084900000, 0x0000000084a00000, 0x0000000084a00000|100%| O|  |TAMS 0x0000000084900000, 0x0000000084900000| Untracked 
|  74|0x0000000084a00000, 0x0000000084b00000, 0x0000000084b00000|100%| O|  |TAMS 0x0000000084b00000, 0x0000000084a00000| Untracked 
|  75|0x0000000084b00000, 0x0000000084c00000, 0x0000000084c00000|100%| O|  |TAMS 0x0000000084c00000, 0x0000000084b00000| Untracked 
|  76|0x0000000084c00000, 0x0000000084d00000, 0x0000000084d00000|100%| O|  |TAMS 0x0000000084c00000, 0x0000000084c00000| Untracked 
|  77|0x0000000084d00000, 0x0000000084e00000, 0x0000000084e00000|100%|HS|  |TAMS 0x0000000084e00000, 0x0000000084d00000| Complete 
|  78|0x0000000084e00000, 0x0000000084f00000, 0x0000000084f00000|100%|HS|  |TAMS 0x0000000084f00000, 0x0000000084e00000| Complete 
|  79|0x0000000084f00000, 0x0000000085000000, 0x0000000085000000|100%|HS|  |TAMS 0x0000000085000000, 0x0000000084f00000| Complete 
|  80|0x0000000085000000, 0x0000000085100000, 0x0000000085100000|100%|HS|  |TAMS 0x0000000085100000, 0x0000000085000000| Complete 
|  81|0x0000000085100000, 0x0000000085200000, 0x0000000085200000|100%| O|  |TAMS 0x0000000085200000, 0x0000000085100000| Untracked 
|  82|0x0000000085200000, 0x0000000085300000, 0x0000000085300000|100%|HS|  |TAMS 0x0000000085300000, 0x0000000085200000| Complete 
|  83|0x0000000085300000, 0x0000000085400000, 0x0000000085400000|100%|HS|  |TAMS 0x0000000085400000, 0x0000000085300000| Complete 
|  84|0x0000000085400000, 0x0000000085500000, 0x0000000085500000|100%| O|  |TAMS 0x0000000085500000, 0x0000000085400000| Untracked 
|  85|0x0000000085500000, 0x0000000085600000, 0x0000000085600000|100%| O|  |TAMS 0x0000000085600000, 0x0000000085500000| Untracked 
|  86|0x0000000085600000, 0x0000000085700000, 0x0000000085700000|100%| O|  |TAMS 0x0000000085700000, 0x0000000085600000| Untracked 
|  87|0x0000000085700000, 0x0000000085800000, 0x0000000085800000|100%|HS|  |TAMS 0x0000000085800000, 0x0000000085700000| Complete 
|  88|0x0000000085800000, 0x0000000085900000, 0x0000000085900000|100%| O|  |TAMS 0x0000000085900000, 0x0000000085800000| Untracked 
|  89|0x0000000085900000, 0x0000000085a00000, 0x0000000085a00000|100%| O|  |TAMS 0x0000000085a00000, 0x0000000085900000| Untracked 
|  90|0x0000000085a00000, 0x0000000085b00000, 0x0000000085b00000|100%| O|  |TAMS 0x0000000085b00000, 0x0000000085a00000| Untracked 
|  91|0x0000000085b00000, 0x0000000085c00000, 0x0000000085c00000|100%| O|  |TAMS 0x0000000085c00000, 0x0000000085b00000| Untracked 
|  92|0x0000000085c00000, 0x0000000085d00000, 0x0000000085d00000|100%| O|  |TAMS 0x0000000085d00000, 0x0000000085c00000| Untracked 
|  93|0x0000000085d00000, 0x0000000085e00000, 0x0000000085e00000|100%| O|  |TAMS 0x0000000085e00000, 0x0000000085d00000| Untracked 
|  94|0x0000000085e00000, 0x0000000085f00000, 0x0000000085f00000|100%| O|  |TAMS 0x0000000085f00000, 0x0000000085e00000| Untracked 
|  95|0x0000000085f00000, 0x0000000086000000, 0x0000000086000000|100%| O|  |TAMS 0x0000000086000000, 0x0000000085f00000| Untracked 
|  96|0x0000000086000000, 0x0000000086100000, 0x0000000086100000|100%| O|  |TAMS 0x0000000086100000, 0x0000000086000000| Untracked 
|  97|0x0000000086100000, 0x0000000086200000, 0x0000000086200000|100%| O|  |TAMS 0x0000000086200000, 0x0000000086100000| Untracked 
|  98|0x0000000086200000, 0x0000000086300000, 0x0000000086300000|100%| O|  |TAMS 0x0000000086300000, 0x0000000086200000| Untracked 
|  99|0x0000000086300000, 0x0000000086400000, 0x0000000086400000|100%| O|  |TAMS 0x0000000086400000, 0x0000000086300000| Untracked 
| 100|0x0000000086400000, 0x0000000086500000, 0x0000000086500000|100%| O|  |TAMS 0x0000000086500000, 0x0000000086400000| Untracked 
| 101|0x0000000086500000, 0x0000000086600000, 0x0000000086600000|100%|HS|  |TAMS 0x0000000086600000, 0x0000000086500000| Complete 
| 102|0x0000000086600000, 0x0000000086700000, 0x0000000086700000|100%|HC|  |TAMS 0x0000000086700000, 0x0000000086600000| Complete 
| 103|0x0000000086700000, 0x0000000086800000, 0x0000000086800000|100%|HC|  |TAMS 0x0000000086800000, 0x0000000086700000| Complete 
| 104|0x0000000086800000, 0x0000000086900000, 0x0000000086900000|100%| O|  |TAMS 0x0000000086900000, 0x0000000086800000| Untracked 
| 105|0x0000000086900000, 0x0000000086a00000, 0x0000000086a00000|100%| O|  |TAMS 0x0000000086a00000, 0x0000000086900000| Untracked 
| 106|0x0000000086a00000, 0x0000000086b00000, 0x0000000086b00000|100%| O|  |TAMS 0x0000000086b00000, 0x0000000086a00000| Untracked 
| 107|0x0000000086b00000, 0x0000000086c00000, 0x0000000086c00000|100%| O|  |TAMS 0x0000000086c00000, 0x0000000086b00000| Untracked 
| 108|0x0000000086c00000, 0x0000000086d00000, 0x0000000086d00000|100%| O|  |TAMS 0x0000000086d00000, 0x0000000086c00000| Untracked 
| 109|0x0000000086d00000, 0x0000000086e00000, 0x0000000086e00000|100%| O|  |TAMS 0x0000000086e00000, 0x0000000086d00000| Untracked 
| 110|0x0000000086e00000, 0x0000000086f00000, 0x0000000086f00000|100%| O|  |TAMS 0x0000000086f00000, 0x0000000086e00000| Untracked 
| 111|0x0000000086f00000, 0x0000000087000000, 0x0000000087000000|100%| O|  |TAMS 0x0000000087000000, 0x0000000086f00000| Untracked 
| 112|0x0000000087000000, 0x0000000087100000, 0x0000000087100000|100%| O|  |TAMS 0x0000000087100000, 0x0000000087000000| Untracked 
| 113|0x0000000087100000, 0x0000000087200000, 0x0000000087200000|100%| O|  |TAMS 0x0000000087200000, 0x0000000087100000| Untracked 
| 114|0x0000000087200000, 0x0000000087300000, 0x0000000087300000|100%| O|  |TAMS 0x0000000087300000, 0x0000000087200000| Untracked 
| 115|0x0000000087300000, 0x0000000087400000, 0x0000000087400000|100%| O|  |TAMS 0x0000000087400000, 0x0000000087300000| Untracked 
| 116|0x0000000087400000, 0x0000000087500000, 0x0000000087500000|100%| O|  |TAMS 0x0000000087500000, 0x0000000087400000| Untracked 
| 117|0x0000000087500000, 0x0000000087600000, 0x0000000087600000|100%| O|  |TAMS 0x0000000087600000, 0x0000000087500000| Untracked 
| 118|0x0000000087600000, 0x0000000087700000, 0x0000000087700000|100%| O|  |TAMS 0x00000000876d2200, 0x0000000087600000| Untracked 
| 119|0x0000000087700000, 0x0000000087800000, 0x0000000087800000|100%| O|  |TAMS 0x0000000087700000, 0x0000000087700000| Untracked 
| 120|0x0000000087800000, 0x0000000087900000, 0x0000000087900000|100%| O|  |TAMS 0x0000000087800000, 0x0000000087800000| Untracked 
| 121|0x0000000087900000, 0x0000000087a00000, 0x0000000087a00000|100%| O|  |TAMS 0x0000000087900000, 0x0000000087900000| Untracked 
| 122|0x0000000087a00000, 0x0000000087b00000, 0x0000000087b00000|100%| O|  |TAMS 0x0000000087a00000, 0x0000000087a00000| Untracked 
| 123|0x0000000087b00000, 0x0000000087c00000, 0x0000000087c00000|100%| O|  |TAMS 0x0000000087b00000, 0x0000000087b00000| Untracked 
| 124|0x0000000087c00000, 0x0000000087d00000, 0x0000000087d00000|100%| O|  |TAMS 0x0000000087c00000, 0x0000000087c00000| Untracked 
| 125|0x0000000087d00000, 0x0000000087e00000, 0x0000000087e00000|100%| O|  |TAMS 0x0000000087d00000, 0x0000000087d00000| Untracked 
| 126|0x0000000087e00000, 0x0000000087f00000, 0x0000000087f00000|100%| O|  |TAMS 0x0000000087e00000, 0x0000000087e00000| Untracked 
| 127|0x0000000087f00000, 0x0000000088000000, 0x0000000088000000|100%| O|  |TAMS 0x0000000087f00000, 0x0000000087f00000| Untracked 
| 128|0x0000000088000000, 0x0000000088100000, 0x0000000088100000|100%| O|  |TAMS 0x0000000088000000, 0x0000000088000000| Untracked 
| 129|0x0000000088100000, 0x0000000088200000, 0x0000000088200000|100%| O|  |TAMS 0x0000000088100000, 0x0000000088100000| Untracked 
| 130|0x0000000088200000, 0x0000000088300000, 0x0000000088300000|100%| O|  |TAMS 0x0000000088200000, 0x0000000088200000| Untracked 
| 131|0x0000000088300000, 0x0000000088400000, 0x0000000088400000|100%| O|  |TAMS 0x0000000088300000, 0x0000000088300000| Untracked 
| 132|0x0000000088400000, 0x0000000088500000, 0x0000000088500000|100%| O|  |TAMS 0x0000000088400000, 0x0000000088400000| Untracked 
| 133|0x0000000088500000, 0x0000000088600000, 0x0000000088600000|100%| O|  |TAMS 0x0000000088500000, 0x0000000088500000| Untracked 
| 134|0x0000000088600000, 0x0000000088641a00, 0x0000000088700000| 25%| O|  |TAMS 0x0000000088600000, 0x0000000088600000| Untracked 
| 135|0x0000000088700000, 0x0000000088800000, 0x0000000088800000|100%|HS|  |TAMS 0x0000000088700000, 0x0000000088700000| Complete 
| 136|0x0000000088800000, 0x0000000088900000, 0x0000000088900000|100%|HS|  |TAMS 0x0000000088800000, 0x0000000088800000| Complete 
| 137|0x0000000088900000, 0x0000000088a00000, 0x0000000088a00000|100%|HS|  |TAMS 0x0000000088900000, 0x0000000088900000| Complete 
| 138|0x0000000088a00000, 0x0000000088b00000, 0x0000000088b00000|100%|HS|  |TAMS 0x0000000088a00000, 0x0000000088a00000| Complete 
| 139|0x0000000088b00000, 0x0000000088c00000, 0x0000000088c00000|100%|HC|  |TAMS 0x0000000088b00000, 0x0000000088b00000| Complete 
| 140|0x0000000088c00000, 0x0000000088c00000, 0x0000000088d00000|  0%| F|  |TAMS 0x0000000088c00000, 0x0000000088c00000| Untracked 
| 141|0x0000000088d00000, 0x0000000088d00000, 0x0000000088e00000|  0%| F|  |TAMS 0x0000000088d00000, 0x0000000088d00000| Untracked 
| 142|0x0000000088e00000, 0x0000000088e00000, 0x0000000088f00000|  0%| F|  |TAMS 0x0000000088e00000, 0x0000000088e00000| Untracked 
| 143|0x0000000088f00000, 0x0000000088f00000, 0x0000000089000000|  0%| F|  |TAMS 0x0000000088f00000, 0x0000000088f00000| Untracked 
| 144|0x0000000089000000, 0x0000000089000000, 0x0000000089100000|  0%| F|  |TAMS 0x0000000089000000, 0x0000000089000000| Untracked 
| 145|0x0000000089100000, 0x0000000089100000, 0x0000000089200000|  0%| F|  |TAMS 0x0000000089100000, 0x0000000089100000| Untracked 
| 146|0x0000000089200000, 0x0000000089200000, 0x0000000089300000|  0%| F|  |TAMS 0x0000000089200000, 0x0000000089200000| Untracked 
| 147|0x0000000089300000, 0x0000000089300000, 0x0000000089400000|  0%| F|  |TAMS 0x0000000089300000, 0x0000000089300000| Untracked 
| 148|0x0000000089400000, 0x0000000089400000, 0x0000000089500000|  0%| F|  |TAMS 0x0000000089400000, 0x0000000089400000| Untracked 
| 149|0x0000000089500000, 0x0000000089500000, 0x0000000089600000|  0%| F|  |TAMS 0x0000000089500000, 0x0000000089500000| Untracked 
| 150|0x0000000089600000, 0x0000000089600000, 0x0000000089700000|  0%| F|  |TAMS 0x0000000089600000, 0x0000000089600000| Untracked 
| 151|0x0000000089700000, 0x0000000089700000, 0x0000000089800000|  0%| F|  |TAMS 0x0000000089700000, 0x0000000089700000| Untracked 
| 152|0x0000000089800000, 0x0000000089800000, 0x0000000089900000|  0%| F|  |TAMS 0x0000000089800000, 0x0000000089800000| Untracked 
| 153|0x0000000089900000, 0x0000000089900000, 0x0000000089a00000|  0%| F|  |TAMS 0x0000000089900000, 0x0000000089900000| Untracked 
| 154|0x0000000089a00000, 0x0000000089a00000, 0x0000000089b00000|  0%| F|  |TAMS 0x0000000089a00000, 0x0000000089a00000| Untracked 
| 155|0x0000000089b00000, 0x0000000089b00000, 0x0000000089c00000|  0%| F|  |TAMS 0x0000000089b00000, 0x0000000089b00000| Untracked 
| 156|0x0000000089c00000, 0x0000000089c00000, 0x0000000089d00000|  0%| F|  |TAMS 0x0000000089c00000, 0x0000000089c00000| Untracked 
| 157|0x0000000089d00000, 0x0000000089d00000, 0x0000000089e00000|  0%| F|  |TAMS 0x0000000089d00000, 0x0000000089d00000| Untracked 
| 158|0x0000000089e00000, 0x0000000089e00000, 0x0000000089f00000|  0%| F|  |TAMS 0x0000000089e00000, 0x0000000089e00000| Untracked 
| 159|0x0000000089f00000, 0x0000000089f00000, 0x000000008a000000|  0%| F|  |TAMS 0x0000000089f00000, 0x0000000089f00000| Untracked 
| 160|0x000000008a000000, 0x000000008a000000, 0x000000008a100000|  0%| F|  |TAMS 0x000000008a000000, 0x000000008a000000| Untracked 
| 161|0x000000008a100000, 0x000000008a100000, 0x000000008a200000|  0%| F|  |TAMS 0x000000008a100000, 0x000000008a100000| Untracked 
| 162|0x000000008a200000, 0x000000008a295008, 0x000000008a300000| 58%| S|CS|TAMS 0x000000008a200000, 0x000000008a200000| Complete 
| 163|0x000000008a300000, 0x000000008a400000, 0x000000008a400000|100%| S|CS|TAMS 0x000000008a300000, 0x000000008a300000| Complete 
| 164|0x000000008a400000, 0x000000008a400000, 0x000000008a500000|  0%| F|  |TAMS 0x000000008a400000, 0x000000008a400000| Untracked 
| 165|0x000000008a500000, 0x000000008a500000, 0x000000008a600000|  0%| F|  |TAMS 0x000000008a500000, 0x000000008a500000| Untracked 
| 166|0x000000008a600000, 0x000000008a600000, 0x000000008a700000|  0%| F|  |TAMS 0x000000008a600000, 0x000000008a600000| Untracked 
| 167|0x000000008a700000, 0x000000008a700000, 0x000000008a800000|  0%| F|  |TAMS 0x000000008a700000, 0x000000008a700000| Untracked 
| 168|0x000000008a800000, 0x000000008a900000, 0x000000008a900000|100%| S|CS|TAMS 0x000000008a800000, 0x000000008a800000| Complete 
| 169|0x000000008a900000, 0x000000008aa00000, 0x000000008aa00000|100%| S|CS|TAMS 0x000000008a900000, 0x000000008a900000| Complete 
| 170|0x000000008aa00000, 0x000000008aa00000, 0x000000008ab00000|  0%| F|  |TAMS 0x000000008aa00000, 0x000000008aa00000| Untracked 
| 171|0x000000008ab00000, 0x000000008ab00000, 0x000000008ac00000|  0%| F|  |TAMS 0x000000008ab00000, 0x000000008ab00000| Untracked 
| 172|0x000000008ac00000, 0x000000008ac00000, 0x000000008ad00000|  0%| F|  |TAMS 0x000000008ac00000, 0x000000008ac00000| Untracked 
| 173|0x000000008ad00000, 0x000000008ad00000, 0x000000008ae00000|  0%| F|  |TAMS 0x000000008ad00000, 0x000000008ad00000| Untracked 
| 174|0x000000008ae00000, 0x000000008ae00000, 0x000000008af00000|  0%| F|  |TAMS 0x000000008ae00000, 0x000000008ae00000| Untracked 
| 175|0x000000008af00000, 0x000000008af00000, 0x000000008b000000|  0%| F|  |TAMS 0x000000008af00000, 0x000000008af00000| Untracked 
| 176|0x000000008b000000, 0x000000008b000000, 0x000000008b100000|  0%| F|  |TAMS 0x000000008b000000, 0x000000008b000000| Untracked 
| 177|0x000000008b100000, 0x000000008b100000, 0x000000008b200000|  0%| F|  |TAMS 0x000000008b100000, 0x000000008b100000| Untracked 
| 178|0x000000008b200000, 0x000000008b200000, 0x000000008b300000|  0%| F|  |TAMS 0x000000008b200000, 0x000000008b200000| Untracked 
| 179|0x000000008b300000, 0x000000008b300000, 0x000000008b400000|  0%| F|  |TAMS 0x000000008b300000, 0x000000008b300000| Untracked 
| 180|0x000000008b400000, 0x000000008b400000, 0x000000008b500000|  0%| F|  |TAMS 0x000000008b400000, 0x000000008b400000| Untracked 
| 181|0x000000008b500000, 0x000000008b500000, 0x000000008b600000|  0%| F|  |TAMS 0x000000008b500000, 0x000000008b500000| Untracked 
| 182|0x000000008b600000, 0x000000008b600000, 0x000000008b700000|  0%| F|  |TAMS 0x000000008b600000, 0x000000008b600000| Untracked 
| 183|0x000000008b700000, 0x000000008b700000, 0x000000008b800000|  0%| F|  |TAMS 0x000000008b700000, 0x000000008b700000| Untracked 
| 184|0x000000008b800000, 0x000000008b800000, 0x000000008b900000|  0%| F|  |TAMS 0x000000008b800000, 0x000000008b800000| Untracked 
| 185|0x000000008b900000, 0x000000008b900000, 0x000000008ba00000|  0%| F|  |TAMS 0x000000008b900000, 0x000000008b900000| Untracked 
| 186|0x000000008ba00000, 0x000000008ba00000, 0x000000008bb00000|  0%| F|  |TAMS 0x000000008ba00000, 0x000000008ba00000| Untracked 
| 187|0x000000008bb00000, 0x000000008bb00000, 0x000000008bc00000|  0%| F|  |TAMS 0x000000008bb00000, 0x000000008bb00000| Untracked 
| 188|0x000000008bc00000, 0x000000008bc00000, 0x000000008bd00000|  0%| F|  |TAMS 0x000000008bc00000, 0x000000008bc00000| Untracked 
| 189|0x000000008bd00000, 0x000000008be00000, 0x000000008be00000|100%| E|  |TAMS 0x000000008bd00000, 0x000000008bd00000| Complete 
| 190|0x000000008be00000, 0x000000008bf00000, 0x000000008bf00000|100%| E|CS|TAMS 0x000000008be00000, 0x000000008be00000| Complete 
| 191|0x000000008bf00000, 0x000000008c000000, 0x000000008c000000|100%| E|CS|TAMS 0x000000008bf00000, 0x000000008bf00000| Complete 
| 192|0x000000008c000000, 0x000000008c100000, 0x000000008c100000|100%| E|CS|TAMS 0x000000008c000000, 0x000000008c000000| Complete 
| 193|0x000000008c100000, 0x000000008c200000, 0x000000008c200000|100%| E|CS|TAMS 0x000000008c100000, 0x000000008c100000| Complete 
| 194|0x000000008c200000, 0x000000008c300000, 0x000000008c300000|100%| E|CS|TAMS 0x000000008c200000, 0x000000008c200000| Complete 
| 195|0x000000008c300000, 0x000000008c400000, 0x000000008c400000|100%| E|CS|TAMS 0x000000008c300000, 0x000000008c300000| Complete 
| 196|0x000000008c400000, 0x000000008c500000, 0x000000008c500000|100%| E|CS|TAMS 0x000000008c400000, 0x000000008c400000| Complete 
| 197|0x000000008c500000, 0x000000008c600000, 0x000000008c600000|100%| E|CS|TAMS 0x000000008c500000, 0x000000008c500000| Complete 
| 198|0x000000008c600000, 0x000000008c700000, 0x000000008c700000|100%| E|CS|TAMS 0x000000008c600000, 0x000000008c600000| Complete 
| 199|0x000000008c700000, 0x000000008c800000, 0x000000008c800000|100%| E|CS|TAMS 0x000000008c700000, 0x000000008c700000| Complete 
| 200|0x000000008c800000, 0x000000008c900000, 0x000000008c900000|100%| E|CS|TAMS 0x000000008c800000, 0x000000008c800000| Complete 
| 201|0x000000008c900000, 0x000000008ca00000, 0x000000008ca00000|100%| E|CS|TAMS 0x000000008c900000, 0x000000008c900000| Complete 
| 202|0x000000008ca00000, 0x000000008cb00000, 0x000000008cb00000|100%| E|CS|TAMS 0x000000008ca00000, 0x000000008ca00000| Complete 
| 203|0x000000008cb00000, 0x000000008cc00000, 0x000000008cc00000|100%| E|CS|TAMS 0x000000008cb00000, 0x000000008cb00000| Complete 
| 204|0x000000008cc00000, 0x000000008cd00000, 0x000000008cd00000|100%| E|CS|TAMS 0x000000008cc00000, 0x000000008cc00000| Complete 
| 205|0x000000008cd00000, 0x000000008ce00000, 0x000000008ce00000|100%| E|CS|TAMS 0x000000008cd00000, 0x000000008cd00000| Complete 
| 206|0x000000008ce00000, 0x000000008cf00000, 0x000000008cf00000|100%| E|CS|TAMS 0x000000008ce00000, 0x000000008ce00000| Complete 
| 207|0x000000008cf00000, 0x000000008d000000, 0x000000008d000000|100%| E|CS|TAMS 0x000000008cf00000, 0x000000008cf00000| Complete 
| 208|0x000000008d000000, 0x000000008d100000, 0x000000008d100000|100%| E|CS|TAMS 0x000000008d000000, 0x000000008d000000| Complete 
| 209|0x000000008d100000, 0x000000008d200000, 0x000000008d200000|100%| E|CS|TAMS 0x000000008d100000, 0x000000008d100000| Complete 
| 210|0x000000008d200000, 0x000000008d300000, 0x000000008d300000|100%| E|CS|TAMS 0x000000008d200000, 0x000000008d200000| Complete 
| 211|0x000000008d300000, 0x000000008d400000, 0x000000008d400000|100%| E|CS|TAMS 0x000000008d300000, 0x000000008d300000| Complete 
| 212|0x000000008d400000, 0x000000008d500000, 0x000000008d500000|100%| E|CS|TAMS 0x000000008d400000, 0x000000008d400000| Complete 
| 213|0x000000008d500000, 0x000000008d600000, 0x000000008d600000|100%| E|CS|TAMS 0x000000008d500000, 0x000000008d500000| Complete 
| 214|0x000000008d600000, 0x000000008d700000, 0x000000008d700000|100%| E|CS|TAMS 0x000000008d600000, 0x000000008d600000| Complete 
| 215|0x000000008d700000, 0x000000008d800000, 0x000000008d800000|100%| E|CS|TAMS 0x000000008d700000, 0x000000008d700000| Complete 
| 216|0x000000008d800000, 0x000000008d900000, 0x000000008d900000|100%| E|CS|TAMS 0x000000008d800000, 0x000000008d800000| Complete 
| 217|0x000000008d900000, 0x000000008da00000, 0x000000008da00000|100%| E|CS|TAMS 0x000000008d900000, 0x000000008d900000| Complete 
| 218|0x000000008da00000, 0x000000008db00000, 0x000000008db00000|100%| E|CS|TAMS 0x000000008da00000, 0x000000008da00000| Complete 
| 219|0x000000008db00000, 0x000000008dc00000, 0x000000008dc00000|100%| E|CS|TAMS 0x000000008db00000, 0x000000008db00000| Complete 
| 220|0x000000008dc00000, 0x000000008dd00000, 0x000000008dd00000|100%| E|CS|TAMS 0x000000008dc00000, 0x000000008dc00000| Complete 
| 221|0x000000008dd00000, 0x000000008de00000, 0x000000008de00000|100%| E|CS|TAMS 0x000000008dd00000, 0x000000008dd00000| Complete 
| 222|0x000000008de00000, 0x000000008df00000, 0x000000008df00000|100%| E|CS|TAMS 0x000000008de00000, 0x000000008de00000| Complete 
| 223|0x000000008df00000, 0x000000008e000000, 0x000000008e000000|100%| E|  |TAMS 0x000000008df00000, 0x000000008df00000| Complete 
| 224|0x000000008e000000, 0x000000008e100000, 0x000000008e100000|100%| E|CS|TAMS 0x000000008e000000, 0x000000008e000000| Complete 
| 225|0x000000008e100000, 0x000000008e200000, 0x000000008e200000|100%| E|CS|TAMS 0x000000008e100000, 0x000000008e100000| Complete 
| 226|0x000000008e200000, 0x000000008e300000, 0x000000008e300000|100%| E|CS|TAMS 0x000000008e200000, 0x000000008e200000| Complete 
| 227|0x000000008e300000, 0x000000008e400000, 0x000000008e400000|100%| E|CS|TAMS 0x000000008e300000, 0x000000008e300000| Complete 
| 228|0x000000008e400000, 0x000000008e500000, 0x000000008e500000|100%| E|CS|TAMS 0x000000008e400000, 0x000000008e400000| Complete 
| 229|0x000000008e500000, 0x000000008e600000, 0x000000008e600000|100%| E|CS|TAMS 0x000000008e500000, 0x000000008e500000| Complete 
| 230|0x000000008e600000, 0x000000008e700000, 0x000000008e700000|100%| E|CS|TAMS 0x000000008e600000, 0x000000008e600000| Complete 
| 231|0x000000008e700000, 0x000000008e800000, 0x000000008e800000|100%| E|CS|TAMS 0x000000008e700000, 0x000000008e700000| Complete 
| 232|0x000000008e800000, 0x000000008e900000, 0x000000008e900000|100%| E|CS|TAMS 0x000000008e800000, 0x000000008e800000| Complete 
| 233|0x000000008e900000, 0x000000008ea00000, 0x000000008ea00000|100%| E|CS|TAMS 0x000000008e900000, 0x000000008e900000| Complete 
| 234|0x000000008ea00000, 0x000000008eb00000, 0x000000008eb00000|100%| E|CS|TAMS 0x000000008ea00000, 0x000000008ea00000| Complete 
| 235|0x000000008eb00000, 0x000000008ec00000, 0x000000008ec00000|100%| E|CS|TAMS 0x000000008eb00000, 0x000000008eb00000| Complete 
| 236|0x000000008ec00000, 0x000000008ed00000, 0x000000008ed00000|100%| E|CS|TAMS 0x000000008ec00000, 0x000000008ec00000| Complete 
| 237|0x000000008ed00000, 0x000000008ee00000, 0x000000008ee00000|100%| E|CS|TAMS 0x000000008ed00000, 0x000000008ed00000| Complete 
| 238|0x000000008ee00000, 0x000000008ef00000, 0x000000008ef00000|100%| E|CS|TAMS 0x000000008ee00000, 0x000000008ee00000| Complete 
| 239|0x000000008ef00000, 0x000000008f000000, 0x000000008f000000|100%| E|CS|TAMS 0x000000008ef00000, 0x000000008ef00000| Complete 
| 240|0x000000008f000000, 0x000000008f100000, 0x000000008f100000|100%| E|CS|TAMS 0x000000008f000000, 0x000000008f000000| Complete 
| 241|0x000000008f100000, 0x000000008f200000, 0x000000008f200000|100%| E|CS|TAMS 0x000000008f100000, 0x000000008f100000| Complete 
| 242|0x000000008f200000, 0x000000008f300000, 0x000000008f300000|100%| E|CS|TAMS 0x000000008f200000, 0x000000008f200000| Complete 
| 243|0x000000008f300000, 0x000000008f400000, 0x000000008f400000|100%| E|CS|TAMS 0x000000008f300000, 0x000000008f300000| Complete 
| 244|0x000000008f400000, 0x000000008f500000, 0x000000008f500000|100%| E|CS|TAMS 0x000000008f400000, 0x000000008f400000| Complete 
| 245|0x000000008f500000, 0x000000008f600000, 0x000000008f600000|100%| E|CS|TAMS 0x000000008f500000, 0x000000008f500000| Complete 
| 246|0x000000008f600000, 0x000000008f700000, 0x000000008f700000|100%| E|CS|TAMS 0x000000008f600000, 0x000000008f600000| Complete 
| 247|0x000000008f700000, 0x000000008f800000, 0x000000008f800000|100%| E|CS|TAMS 0x000000008f700000, 0x000000008f700000| Complete 
| 248|0x000000008f800000, 0x000000008f900000, 0x000000008f900000|100%| E|CS|TAMS 0x000000008f800000, 0x000000008f800000| Complete 
| 249|0x000000008f900000, 0x000000008fa00000, 0x000000008fa00000|100%| E|CS|TAMS 0x000000008f900000, 0x000000008f900000| Complete 
| 250|0x000000008fa00000, 0x000000008fb00000, 0x000000008fb00000|100%| E|CS|TAMS 0x000000008fa00000, 0x000000008fa00000| Complete 
| 251|0x000000008fb00000, 0x000000008fc00000, 0x000000008fc00000|100%| E|CS|TAMS 0x000000008fb00000, 0x000000008fb00000| Complete 
| 252|0x000000008fc00000, 0x000000008fd00000, 0x000000008fd00000|100%| E|CS|TAMS 0x000000008fc00000, 0x000000008fc00000| Complete 
| 253|0x000000008fd00000, 0x000000008fe00000, 0x000000008fe00000|100%| E|CS|TAMS 0x000000008fd00000, 0x000000008fd00000| Complete 
| 254|0x000000008fe00000, 0x000000008ff00000, 0x000000008ff00000|100%| E|CS|TAMS 0x000000008fe00000, 0x000000008fe00000| Complete 
| 255|0x000000008ff00000, 0x0000000090000000, 0x0000000090000000|100%| E|CS|TAMS 0x000000008ff00000, 0x000000008ff00000| Complete 
| 256|0x0000000090000000, 0x0000000090100000, 0x0000000090100000|100%| E|CS|TAMS 0x0000000090000000, 0x0000000090000000| Complete 
| 257|0x0000000090100000, 0x0000000090200000, 0x0000000090200000|100%| E|CS|TAMS 0x0000000090100000, 0x0000000090100000| Complete 
| 258|0x0000000090200000, 0x0000000090300000, 0x0000000090300000|100%| E|CS|TAMS 0x0000000090200000, 0x0000000090200000| Complete 
| 259|0x0000000090300000, 0x0000000090400000, 0x0000000090400000|100%| E|CS|TAMS 0x0000000090300000, 0x0000000090300000| Complete 
| 260|0x0000000090400000, 0x0000000090500000, 0x0000000090500000|100%| E|CS|TAMS 0x0000000090400000, 0x0000000090400000| Complete 
| 261|0x0000000090500000, 0x0000000090600000, 0x0000000090600000|100%| E|CS|TAMS 0x0000000090500000, 0x0000000090500000| Complete 
| 262|0x0000000090600000, 0x0000000090700000, 0x0000000090700000|100%| E|CS|TAMS 0x0000000090600000, 0x0000000090600000| Complete 
| 263|0x0000000090700000, 0x0000000090800000, 0x0000000090800000|100%| E|CS|TAMS 0x0000000090700000, 0x0000000090700000| Complete 
| 264|0x0000000090800000, 0x0000000090900000, 0x0000000090900000|100%| E|CS|TAMS 0x0000000090800000, 0x0000000090800000| Complete 
| 265|0x0000000090900000, 0x0000000090a00000, 0x0000000090a00000|100%| E|CS|TAMS 0x0000000090900000, 0x0000000090900000| Complete 
| 266|0x0000000090a00000, 0x0000000090b00000, 0x0000000090b00000|100%| E|CS|TAMS 0x0000000090a00000, 0x0000000090a00000| Complete 
| 267|0x0000000090b00000, 0x0000000090c00000, 0x0000000090c00000|100%| E|CS|TAMS 0x0000000090b00000, 0x0000000090b00000| Complete 
| 268|0x0000000090c00000, 0x0000000090d00000, 0x0000000090d00000|100%| E|CS|TAMS 0x0000000090c00000, 0x0000000090c00000| Complete 
| 269|0x0000000090d00000, 0x0000000090e00000, 0x0000000090e00000|100%| E|CS|TAMS 0x0000000090d00000, 0x0000000090d00000| Complete 
| 270|0x0000000090e00000, 0x0000000090f00000, 0x0000000090f00000|100%| E|CS|TAMS 0x0000000090e00000, 0x0000000090e00000| Complete 
| 271|0x0000000090f00000, 0x0000000091000000, 0x0000000091000000|100%| E|CS|TAMS 0x0000000090f00000, 0x0000000090f00000| Complete 
| 272|0x0000000091000000, 0x0000000091100000, 0x0000000091100000|100%| E|CS|TAMS 0x0000000091000000, 0x0000000091000000| Complete 

Card table byte_map: [0x0000024b388f0000,0x0000024b38cf0000] _byte_map_base: 0x0000024b384f0000

Marking Bits (Prev, Next): (CMBitMap*) 0x0000024b214941c0, (CMBitMap*) 0x0000024b21494180
 Prev Bits: [0x0000024b3b0f0000, 0x0000024b3d0f0000)
 Next Bits: [0x0000024b390f0000, 0x0000024b3b0f0000)

Polling page: 0x0000024b1f420000

Metaspace:

Usage:
  Non-class:     88.31 MB used.
      Class:     14.43 MB used.
       Both:    102.74 MB used.

Virtual space:
  Non-class space:      128.00 MB reserved,      89.00 MB ( 70%) committed,  2 nodes.
      Class space:      416.00 MB reserved,      15.12 MB (  4%) committed,  1 nodes.
             Both:      544.00 MB reserved,     104.12 MB ( 19%) committed. 

Chunk freelists:
   Non-Class:  6.16 MB
       Class:  933.00 KB
        Both:  7.07 MB

MaxMetaspaceSize: 512.00 MB
CompressedClassSpaceSize: 416.00 MB
Initial GC threshold: 21.00 MB
Current GC threshold: 165.62 MB
CDS: on
MetaspaceReclaimPolicy: balanced
 - commit_granule_bytes: 65536.
 - commit_granule_words: 8192.
 - virtual_space_node_default_size: 8388608.
 - enlarge_chunks_in_place: 1.
 - new_chunks_are_fully_committed: 0.
 - uncommit_free_chunks: 1.
 - use_allocation_guard: 0.
 - handle_deallocations: 1.


Internal statistics:

num_allocs_failed_limit: 12.
num_arena_births: 1994.
num_arena_deaths: 0.
num_vsnodes_births: 3.
num_vsnodes_deaths: 0.
num_space_committed: 1666.
num_space_uncommitted: 0.
num_chunks_returned_to_freelist: 12.
num_chunks_taken_from_freelist: 6886.
num_chunk_merges: 12.
num_chunk_splits: 4397.
num_chunks_enlarged: 2711.
num_inconsistent_stats: 0.

CodeHeap 'non-profiled nmethods': size=120000Kb used=7771Kb max_used=7771Kb free=112228Kb
 bounds [0x0000024b30a70000, 0x0000024b31210000, 0x0000024b37fa0000]
CodeHeap 'profiled nmethods': size=120000Kb used=26137Kb max_used=26137Kb free=93862Kb
 bounds [0x0000024b28fa0000, 0x0000024b2a930000, 0x0000024b304d0000]
CodeHeap 'non-nmethods': size=5760Kb used=1770Kb max_used=1828Kb free=3989Kb
 bounds [0x0000024b304d0000, 0x0000024b30740000, 0x0000024b30a70000]
 total_blobs=13806 nmethods=12932 adapters=786
 compilation: enabled
              stopped_count=0, restarted_count=0
 full_count=0

Compilation events (20 events):
Event: 72.523 Thread 0x0000024b5f005d30 14606       1       org.gradle.internal.component.local.model.DefaultLocalVariantGraphResolveMetadata::getCapabilities (5 bytes)
Event: 72.523 Thread 0x0000024b5f005d30 nmethod 14606 0x0000024b31206a10 code [0x0000024b31206ba0, 0x0000024b31206c78]
Event: 72.552 Thread 0x0000024b5f005d30 14608       2       org.gradle.api.internal.artifacts.ivyservice.dependencysubstitution.DefaultArtifactSelectionDetails::<init> (59 bytes)
Event: 72.553 Thread 0x0000024b5f005d30 nmethod 14608 0x0000024b2a920290 code [0x0000024b2a9204a0, 0x0000024b2a920868]
Event: 72.680 Thread 0x0000024b5f005d30 14609       2       org.gradle.internal.component.external.model.maven.DefaultMavenModuleResolveMetadata::maybeDeriveVariants (8 bytes)
Event: 72.680 Thread 0x0000024b5f005d30 nmethod 14609 0x0000024b2a920a90 code [0x0000024b2a920c40, 0x0000024b2a920e28]
Event: 72.680 Thread 0x0000024b5f005d30 14611       2       org.gradle.internal.component.external.model.DefaultConfigurationMetadata::<init> (40 bytes)
Event: 72.681 Thread 0x0000024b5f005d30 nmethod 14611 0x0000024b2a920f10 code [0x0000024b2a9210c0, 0x0000024b2a921328]
Event: 72.681 Thread 0x0000024b5f005d30 14612       2       org.gradle.internal.component.external.model.AbstractConfigurationMetadata::<init> (79 bytes)
Event: 72.681 Thread 0x0000024b5f005d30 nmethod 14612 0x0000024b2a921410 code [0x0000024b2a9215c0, 0x0000024b2a921a98]
Event: 72.682 Thread 0x0000024b5f005d30 14613   !   2       org.gradle.internal.component.external.model.AbstractConfigurationMetadata::setConfigDependenciesFactory (65 bytes)
Event: 72.682 Thread 0x0000024b5f005d30 nmethod 14613 0x0000024b2a921b90 code [0x0000024b2a921d40, 0x0000024b2a921f78]
Event: 72.682 Thread 0x0000024b5f005d30 14614       2       org.gradle.internal.component.external.model.JavaEcosystemVariantDerivationStrategy::buildShadowPlatformCapability (47 bytes)
Event: 72.683 Thread 0x0000024b5f005d30 nmethod 14614 0x0000024b2a922090 code [0x0000024b2a9222a0, 0x0000024b2a922878]
Event: 72.684 Thread 0x0000024b5f005d30 14615       2       com.google.common.collect.ImmutableList::of (24 bytes)
Event: 72.685 Thread 0x0000024b5f005d30 nmethod 14615 0x0000024b2a922b90 code [0x0000024b2a922d60, 0x0000024b2a9232f8]
Event: 72.685 Thread 0x0000024b5f005d30 14616       2       org.gradle.internal.component.external.model.DefaultConfigurationMetadata$Builder::withArtifacts (7 bytes)
Event: 72.685 Thread 0x0000024b5f005d30 nmethod 14616 0x0000024b2a923510 code [0x0000024b2a9236a0, 0x0000024b2a9237f8]
Event: 72.685 Thread 0x0000024b5f005d30 14610       2       org.gradle.internal.component.external.model.maven.DefaultMavenModuleResolveMetadata::getDerivedVariants (42 bytes)
Event: 72.685 Thread 0x0000024b5f005d30 nmethod 14610 0x0000024b2a923890 code [0x0000024b2a923a40, 0x0000024b2a923c18]

GC Heap History (20 events):
Event: 60.639 GC heap before
{Heap before GC invocations=51 (full 0):
 garbage-first heap   total 164864K, used 141642K [0x0000000080000000, 0x0000000100000000)
  region size 1024K, 26 young (26624K), 2 survivors (2048K)
 Metaspace       used 96215K, committed 97472K, reserved 557056K
  class space    used 13568K, committed 14208K, reserved 425984K
}
Event: 60.644 GC heap after
{Heap after GC invocations=52 (full 0):
 garbage-first heap   total 164864K, used 119328K [0x0000000080000000, 0x0000000100000000)
  region size 1024K, 4 young (4096K), 4 survivors (4096K)
 Metaspace       used 96215K, committed 97472K, reserved 557056K
  class space    used 13568K, committed 14208K, reserved 425984K
}
Event: 60.747 GC heap before
{Heap before GC invocations=52 (full 0):
 garbage-first heap   total 164864K, used 121376K [0x0000000080000000, 0x0000000100000000)
  region size 1024K, 8 young (8192K), 4 survivors (4096K)
 Metaspace       used 96432K, committed 97600K, reserved 557056K
  class space    used 13591K, committed 14208K, reserved 425984K
}
Event: 60.758 GC heap after
{Heap after GC invocations=53 (full 0):
 garbage-first heap   total 164864K, used 119566K [0x0000000080000000, 0x0000000100000000)
  region size 1024K, 2 young (2048K), 2 survivors (2048K)
 Metaspace       used 96432K, committed 97600K, reserved 557056K
  class space    used 13591K, committed 14208K, reserved 425984K
}
Event: 61.596 GC heap before
{Heap before GC invocations=54 (full 0):
 garbage-first heap   total 209920K, used 140046K [0x0000000080000000, 0x0000000100000000)
  region size 1024K, 22 young (22528K), 2 survivors (2048K)
 Metaspace       used 97284K, committed 98496K, reserved 557056K
  class space    used 13721K, committed 14336K, reserved 425984K
}
Event: 61.602 GC heap after
{Heap after GC invocations=55 (full 0):
 garbage-first heap   total 209920K, used 119985K [0x0000000080000000, 0x0000000100000000)
  region size 1024K, 2 young (2048K), 2 survivors (2048K)
 Metaspace       used 97284K, committed 98496K, reserved 557056K
  class space    used 13721K, committed 14336K, reserved 425984K
}
Event: 61.889 GC heap before
{Heap before GC invocations=55 (full 0):
 garbage-first heap   total 209920K, used 128177K [0x0000000080000000, 0x0000000100000000)
  region size 1024K, 10 young (10240K), 2 survivors (2048K)
 Metaspace       used 97573K, committed 98816K, reserved 557056K
  class space    used 13760K, committed 14400K, reserved 425984K
}
Event: 61.896 GC heap after
{Heap after GC invocations=56 (full 0):
 garbage-first heap   total 209920K, used 117447K [0x0000000080000000, 0x0000000100000000)
  region size 1024K, 1 young (1024K), 1 survivors (1024K)
 Metaspace       used 97573K, committed 98816K, reserved 557056K
  class space    used 13760K, committed 14400K, reserved 425984K
}
Event: 64.028 GC heap before
{Heap before GC invocations=56 (full 0):
 garbage-first heap   total 209920K, used 177863K [0x0000000080000000, 0x0000000100000000)
  region size 1024K, 60 young (61440K), 1 survivors (1024K)
 Metaspace       used 100330K, committed 101632K, reserved 557056K
  class space    used 14136K, committed 14784K, reserved 425984K
}
Event: 64.036 GC heap after
{Heap after GC invocations=57 (full 0):
 garbage-first heap   total 209920K, used 122295K [0x0000000080000000, 0x0000000100000000)
  region size 1024K, 6 young (6144K), 6 survivors (6144K)
 Metaspace       used 100330K, committed 101632K, reserved 557056K
  class space    used 14136K, committed 14784K, reserved 425984K
}
Event: 66.255 GC heap before
{Heap before GC invocations=58 (full 0):
 garbage-first heap   total 211968K, used 175543K [0x0000000080000000, 0x0000000100000000)
  region size 1024K, 59 young (60416K), 6 survivors (6144K)
 Metaspace       used 101624K, committed 102976K, reserved 557056K
  class space    used 14308K, committed 14976K, reserved 425984K
}
Event: 66.273 GC heap after
{Heap after GC invocations=59 (full 0):
 garbage-first heap   total 211968K, used 128839K [0x0000000080000000, 0x0000000100000000)
  region size 1024K, 7 young (7168K), 7 survivors (7168K)
 Metaspace       used 101624K, committed 102976K, reserved 557056K
  class space    used 14308K, committed 14976K, reserved 425984K
}
Event: 66.442 GC heap before
{Heap before GC invocations=59 (full 0):
 garbage-first heap   total 211968K, used 131911K [0x0000000080000000, 0x0000000100000000)
  region size 1024K, 10 young (10240K), 7 survivors (7168K)
 Metaspace       used 101767K, committed 103040K, reserved 557056K
  class space    used 14324K, committed 14976K, reserved 425984K
}
Event: 66.456 GC heap after
{Heap after GC invocations=60 (full 0):
 garbage-first heap   total 211968K, used 128194K [0x0000000080000000, 0x0000000100000000)
  region size 1024K, 2 young (2048K), 2 survivors (2048K)
 Metaspace       used 101767K, committed 103040K, reserved 557056K
  class space    used 14324K, committed 14976K, reserved 425984K
}
Event: 69.289 GC heap before
{Heap before GC invocations=60 (full 0):
 garbage-first heap   total 211968K, used 175298K [0x0000000080000000, 0x0000000100000000)
  region size 1024K, 49 young (50176K), 2 survivors (2048K)
 Metaspace       used 104599K, committed 105984K, reserved 557056K
  class space    used 14704K, committed 15360K, reserved 425984K
}
Event: 69.300 GC heap after
{Heap after GC invocations=61 (full 0):
 garbage-first heap   total 211968K, used 135598K [0x0000000080000000, 0x0000000100000000)
  region size 1024K, 7 young (7168K), 7 survivors (7168K)
 Metaspace       used 104599K, committed 105984K, reserved 557056K
  class space    used 14704K, committed 15360K, reserved 425984K
}
Event: 69.748 GC heap before
{Heap before GC invocations=61 (full 0):
 garbage-first heap   total 211968K, used 174510K [0x0000000080000000, 0x0000000100000000)
  region size 1024K, 46 young (47104K), 7 survivors (7168K)
 Metaspace       used 104619K, committed 105984K, reserved 557056K
  class space    used 14704K, committed 15360K, reserved 425984K
}
Event: 69.763 GC heap after
{Heap after GC invocations=62 (full 0):
 garbage-first heap   total 211968K, used 139724K [0x0000000080000000, 0x0000000100000000)
  region size 1024K, 4 young (4096K), 4 survivors (4096K)
 Metaspace       used 104619K, committed 105984K, reserved 557056K
  class space    used 14704K, committed 15360K, reserved 425984K
}
Event: 70.093 GC heap before
{Heap before GC invocations=62 (full 0):
 garbage-first heap   total 211968K, used 176588K [0x0000000080000000, 0x0000000100000000)
  region size 1024K, 41 young (41984K), 4 survivors (4096K)
 Metaspace       used 104620K, committed 105984K, reserved 557056K
  class space    used 14704K, committed 15360K, reserved 425984K
}
Event: 70.103 GC heap after
{Heap after GC invocations=63 (full 0):
 garbage-first heap   total 279552K, used 141146K [0x0000000080000000, 0x0000000100000000)
  region size 1024K, 4 young (4096K), 4 survivors (4096K)
 Metaspace       used 104620K, committed 105984K, reserved 557056K
  class space    used 14704K, committed 15360K, reserved 425984K
}

Dll operation events (15 events):
Event: 0.038 Loaded shared library C:\Program Files\Eclipse Adoptium\jdk-17.0.17.10-hotspot\bin\java.dll
Event: 0.087 Loaded shared library C:\Program Files\Eclipse Adoptium\jdk-17.0.17.10-hotspot\bin\jsvml.dll
Event: 0.201 Loaded shared library C:\Program Files\Eclipse Adoptium\jdk-17.0.17.10-hotspot\bin\zip.dll
Event: 0.210 Loaded shared library C:\Program Files\Eclipse Adoptium\jdk-17.0.17.10-hotspot\bin\instrument.dll
Event: 0.218 Loaded shared library C:\Program Files\Eclipse Adoptium\jdk-17.0.17.10-hotspot\bin\net.dll
Event: 0.221 Loaded shared library C:\Program Files\Eclipse Adoptium\jdk-17.0.17.10-hotspot\bin\nio.dll
Event: 0.225 Loaded shared library C:\Program Files\Eclipse Adoptium\jdk-17.0.17.10-hotspot\bin\zip.dll
Event: 2.445 Loaded shared library C:\Program Files\Eclipse Adoptium\jdk-17.0.17.10-hotspot\bin\jimage.dll
Event: 3.718 Loaded shared library C:\Program Files\Eclipse Adoptium\jdk-17.0.17.10-hotspot\bin\verify.dll
Event: 3.859 Loaded shared library C:\Users\asepr\.gradle\native\1def1411415f61bf3af743bc5b6707747c0891f09f0c88961ee8f79bc544acac\windows-amd64\native-platform.dll
Event: 3.896 Loaded shared library C:\Users\asepr\.gradle\native\0.2.8\x86_64-windows-gnu\gradle-fileevents.dll
Event: 8.391 Loaded shared library C:\Program Files\Eclipse Adoptium\jdk-17.0.17.10-hotspot\bin\management.dll
Event: 8.409 Loaded shared library C:\Program Files\Eclipse Adoptium\jdk-17.0.17.10-hotspot\bin\management_ext.dll
Event: 9.502 Loaded shared library C:\Program Files\Eclipse Adoptium\jdk-17.0.17.10-hotspot\bin\extnet.dll
Event: 10.446 Loaded shared library C:\Program Files\Eclipse Adoptium\jdk-17.0.17.10-hotspot\bin\sunmscapi.dll

Deoptimization events (20 events):
Event: 72.109 Thread 0x0000024b600c4b70 DEOPT PACKING pc=0x0000024b311ecf34 sp=0x000000b56f6f82f0
Event: 72.109 Thread 0x0000024b600c4b70 DEOPT UNPACKING pc=0x0000024b305269a3 sp=0x000000b56f6f82d0 mode 2
Event: 72.110 Thread 0x0000024b600c4b70 Uncommon trap: trap_request=0xffffffde fr.pc=0x0000024b311ecf34 relative=0x0000000000002934
Event: 72.110 Thread 0x0000024b600c4b70 Uncommon trap: reason=class_check action=maybe_recompile pc=0x0000024b311ecf34 method=org.gradle.internal.ImmutableActionSet.add(Lorg/gradle/api/Action;)Lorg/gradle/internal/ImmutableActionSet; @ 62 c2
Event: 72.110 Thread 0x0000024b600c4b70 DEOPT PACKING pc=0x0000024b311ecf34 sp=0x000000b56f6f82f0
Event: 72.110 Thread 0x0000024b600c4b70 DEOPT UNPACKING pc=0x0000024b305269a3 sp=0x000000b56f6f82d0 mode 2
Event: 72.111 Thread 0x0000024b600c4b70 Uncommon trap: trap_request=0xffffffde fr.pc=0x0000024b311ecf34 relative=0x0000000000002934
Event: 72.111 Thread 0x0000024b600c4b70 Uncommon trap: reason=class_check action=maybe_recompile pc=0x0000024b311ecf34 method=org.gradle.internal.ImmutableActionSet.add(Lorg/gradle/api/Action;)Lorg/gradle/internal/ImmutableActionSet; @ 62 c2
Event: 72.111 Thread 0x0000024b600c4b70 DEOPT PACKING pc=0x0000024b311ecf34 sp=0x000000b56f6f82f0
Event: 72.111 Thread 0x0000024b600c4b70 DEOPT UNPACKING pc=0x0000024b305269a3 sp=0x000000b56f6f82d0 mode 2
Event: 72.111 Thread 0x0000024b600c4b70 Uncommon trap: trap_request=0xffffffde fr.pc=0x0000024b311ecf34 relative=0x0000000000002934
Event: 72.111 Thread 0x0000024b600c4b70 Uncommon trap: reason=class_check action=maybe_recompile pc=0x0000024b311ecf34 method=org.gradle.internal.ImmutableActionSet.add(Lorg/gradle/api/Action;)Lorg/gradle/internal/ImmutableActionSet; @ 62 c2
Event: 72.111 Thread 0x0000024b600c4b70 DEOPT PACKING pc=0x0000024b311ecf34 sp=0x000000b56f6f82f0
Event: 72.111 Thread 0x0000024b600c4b70 DEOPT UNPACKING pc=0x0000024b305269a3 sp=0x000000b56f6f82d0 mode 2
Event: 72.344 Thread 0x0000024b600c4b70 DEOPT PACKING pc=0x0000024b2a276a01 sp=0x000000b56f6f8240
Event: 72.344 Thread 0x0000024b600c4b70 DEOPT UNPACKING pc=0x0000024b30527143 sp=0x000000b56f6f7708 mode 0
Event: 72.356 Thread 0x0000024b617b4310 Uncommon trap: trap_request=0xffffffcc fr.pc=0x0000024b311e8f48 relative=0x0000000000000288
Event: 72.356 Thread 0x0000024b617b4310 Uncommon trap: reason=intrinsic_or_type_checked_inlining action=make_not_entrant pc=0x0000024b311e8f48 method=java.util.Arrays.copyOfRange([Ljava/lang/Object;IILjava/lang/Class;)[Ljava/lang/Object; @ 84 c2
Event: 72.356 Thread 0x0000024b617b4310 DEOPT PACKING pc=0x0000024b311e8f48 sp=0x000000b57a9fd9c0
Event: 72.356 Thread 0x0000024b617b4310 DEOPT UNPACKING pc=0x0000024b305269a3 sp=0x000000b57a9fd940 mode 2

Classes loaded (20 events):
Event: 68.047 Loading class com/sun/org/apache/xerces/internal/impl/Constants$ArrayEnumeration
Event: 68.047 Loading class com/sun/org/apache/xerces/internal/impl/Constants$ArrayEnumeration done
Event: 68.048 Loading class com/sun/org/apache/xerces/internal/impl/io/MalformedByteSequenceException
Event: 68.049 Loading class java/io/CharConversionException
Event: 68.049 Loading class java/io/CharConversionException done
Event: 68.049 Loading class com/sun/org/apache/xerces/internal/impl/io/MalformedByteSequenceException done
Event: 68.049 Loading class com/sun/org/apache/xerces/internal/dom/DeepNodeListImpl
Event: 68.050 Loading class com/sun/org/apache/xerces/internal/dom/DeepNodeListImpl done
Event: 68.050 Loading class com/sun/org/apache/xerces/internal/dom/DeferredElementImpl
Event: 68.051 Loading class com/sun/org/apache/xerces/internal/dom/DeferredElementImpl done
Event: 68.051 Loading class com/sun/org/apache/xerces/internal/dom/AttributeMap
Event: 68.052 Loading class com/sun/org/apache/xerces/internal/dom/NamedNodeMapImpl
Event: 68.053 Loading class com/sun/org/apache/xerces/internal/dom/NamedNodeMapImpl done
Event: 68.053 Loading class com/sun/org/apache/xerces/internal/dom/AttributeMap done
Event: 68.053 Loading class com/sun/org/apache/xerces/internal/dom/DeferredAttrImpl
Event: 68.054 Loading class com/sun/org/apache/xerces/internal/dom/AttrImpl
Event: 68.055 Loading class com/sun/org/apache/xerces/internal/dom/AttrImpl done
Event: 68.055 Loading class com/sun/org/apache/xerces/internal/dom/DeferredAttrImpl done
Event: 71.816 Loading class jdk/internal/reflect/UnsafeStaticBooleanFieldAccessorImpl
Event: 71.816 Loading class jdk/internal/reflect/UnsafeStaticBooleanFieldAccessorImpl done

Classes unloaded (0 events):
No events

Classes redefined (0 events):
No events

Internal exceptions (20 events):
Event: 68.306 Thread 0x0000024b600c4b70 Exception <a 'java/lang/ClassNotFoundException'{0x000000008a9e0cc8}: build_70959cfykg903cdt2m9qkcrc2BeanInfo> (0x000000008a9e0cc8) 
thrown [s\src\hotspot\share\classfile\systemDictionary.cpp, line 256]
Event: 68.308 Thread 0x0000024b600c4b70 Exception <a 'java/lang/ClassNotFoundException'{0x000000008a9e8388}: build_70959cfykg903cdt2m9qkcrc2Customizer> (0x000000008a9e8388) 
thrown [s\src\hotspot\share\classfile\systemDictionary.cpp, line 256]
Event: 70.725 Thread 0x0000024b600c4b70 Exception <a 'java/lang/ClassNotFoundException'{0x000000008dbb32d8}: build_70959cfykg903cdt2m9qkcrc2BeanInfo> (0x000000008dbb32d8) 
thrown [s\src\hotspot\share\classfile\systemDictionary.cpp, line 256]
Event: 70.727 Thread 0x0000024b600c4b70 Exception <a 'java/lang/ClassNotFoundException'{0x000000008dbba930}: build_70959cfykg903cdt2m9qkcrc2Customizer> (0x000000008dbba930) 
thrown [s\src\hotspot\share\classfile\systemDictionary.cpp, line 256]
Event: 71.740 Thread 0x0000024b600c4b70 Exception <a 'java/lang/ClassNotFoundException'{0x000000008ce78eb0}: build_70959cfykg903cdt2m9qkcrc2$_run_closure1BeanInfo> (0x000000008ce78eb0) 
thrown [s\src\hotspot\share\classfile\systemDictionary.cpp, line 256]
Event: 71.742 Thread 0x0000024b600c4b70 Exception <a 'java/lang/ClassNotFoundException'{0x000000008ce87298}: build_70959cfykg903cdt2m9qkcrc2$_run_closure1Customizer> (0x000000008ce87298) 
thrown [s\src\hotspot\share\classfile\systemDictionary.cpp, line 256]
Event: 71.768 Thread 0x0000024b600c4b70 Exception <a 'java/lang/ClassNotFoundException'{0x000000008cef2fb8}: com/android/build/gradle/internal/dsl/NdkOptions_DecoratedBeanInfo> (0x000000008cef2fb8) 
thrown [s\src\hotspot\share\classfile\systemDictionary.cpp, line 256]
Event: 71.770 Thread 0x0000024b600c4b70 Exception <a 'java/lang/ClassNotFoundException'{0x000000008cd07570}: com/android/build/gradle/internal/dsl/NdkOptionsBeanInfo> (0x000000008cd07570) 
thrown [s\src\hotspot\share\classfile\systemDictionary.cpp, line 256]
Event: 71.772 Thread 0x0000024b600c4b70 Exception <a 'java/lang/ClassNotFoundException'{0x000000008cd1b618}: com/android/build/gradle/internal/dsl/NdkOptionsCustomizer> (0x000000008cd1b618) 
thrown [s\src\hotspot\share\classfile\systemDictionary.cpp, line 256]
Event: 71.776 Thread 0x0000024b600c4b70 Exception <a 'java/lang/ClassNotFoundException'{0x000000008cd43808}: com/android/build/gradle/internal/dsl/NdkOptions_DecoratedCustomizer> (0x000000008cd43808) 
thrown [s\src\hotspot\share\classfile\systemDictionary.cpp, line 256]
Event: 71.892 Thread 0x0000024b600c4b70 Exception <a 'java/lang/ClassNotFoundException'{0x000000008cb592b8}: com/android/build/gradle/internal/dsl/PackagingOptions$AgpDecorated_DecoratedBeanInfo> (0x000000008cb592b8) 
thrown [s\src\hotspot\share\classfile\systemDictionary.cpp, line 256]
Event: 71.894 Thread 0x0000024b600c4b70 Exception <a 'java/lang/ClassNotFoundException'{0x000000008cb6bd68}: com/android/build/gradle/internal/dsl/PackagingOptions$AgpDecoratedBeanInfo> (0x000000008cb6bd68) 
thrown [s\src\hotspot\share\classfile\systemDictionary.cpp, line 256]
Event: 71.896 Thread 0x0000024b600c4b70 Exception <a 'java/lang/ClassNotFoundException'{0x000000008cb7e430}: com/android/build/gradle/internal/dsl/PackagingOptionsBeanInfo> (0x000000008cb7e430) 
thrown [s\src\hotspot\share\classfile\systemDictionary.cpp, line 256]
Event: 71.897 Thread 0x0000024b600c4b70 Exception <a 'java/lang/ClassNotFoundException'{0x000000008cb90e58}: com/android/build/gradle/internal/dsl/PackagingOptionsCustomizer> (0x000000008cb90e58) 
thrown [s\src\hotspot\share\classfile\systemDictionary.cpp, line 256]
Event: 71.900 Thread 0x0000024b600c4b70 Exception <a 'java/lang/ClassNotFoundException'{0x000000008cbad480}: com/android/build/gradle/internal/dsl/PackagingOptions$AgpDecoratedCustomizer> (0x000000008cbad480) 
thrown [s\src\hotspot\share\classfile\systemDictionary.cpp, line 256]
Event: 71.904 Thread 0x0000024b600c4b70 Exception <a 'java/lang/ClassNotFoundException'{0x000000008cbd63f0}: com/android/build/gradle/internal/dsl/PackagingOptions$AgpDecorated_DecoratedCustomizer> (0x000000008cbd63f0) 
thrown [s\src\hotspot\share\classfile\systemDictionary.cpp, line 256]
Event: 72.380 Thread 0x0000024b600c4b70 Exception <a 'java/lang/ClassNotFoundException'{0x000000008c00b9b0}: build_6uxltstiq1p8lt1mb465fojmgBeanInfo> (0x000000008c00b9b0) 
thrown [s\src\hotspot\share\classfile\systemDictionary.cpp, line 256]
Event: 72.381 Thread 0x0000024b600c4b70 Exception <a 'java/lang/ClassNotFoundException'{0x000000008c013070}: build_6uxltstiq1p8lt1mb465fojmgCustomizer> (0x000000008c013070) 
thrown [s\src\hotspot\share\classfile\systemDictionary.cpp, line 256]
Event: 72.479 Thread 0x0000024b600c4b70 Exception <a 'java/lang/ClassNotFoundException'{0x000000008c099728}: build_6uxltstiq1p8lt1mb465fojmg$_run_closure1BeanInfo> (0x000000008c099728) 
thrown [s\src\hotspot\share\classfile\systemDictionary.cpp, line 256]
Event: 72.482 Thread 0x0000024b600c4b70 Exception <a 'java/lang/ClassNotFoundException'{0x000000008c0a23f8}: build_6uxltstiq1p8lt1mb465fojmg$_run_closure1Customizer> (0x000000008c0a23f8) 
thrown [s\src\hotspot\share\classfile\systemDictionary.cpp, line 256]

VM Operations (20 events):
Event: 66.442 Executing VM operation: G1CollectForAllocation
Event: 66.456 Executing VM operation: G1CollectForAllocation done
Event: 67.459 Executing VM operation: Cleanup
Event: 67.459 Executing VM operation: Cleanup done
Event: 67.957 Executing VM operation: HandshakeAllThreads
Event: 67.957 Executing VM operation: HandshakeAllThreads done
Event: 68.967 Executing VM operation: Cleanup
Event: 68.967 Executing VM operation: Cleanup done
Event: 69.289 Executing VM operation: G1CollectForAllocation
Event: 69.301 Executing VM operation: G1CollectForAllocation done
Event: 69.748 Executing VM operation: G1CollectForAllocation
Event: 69.763 Executing VM operation: G1CollectForAllocation done
Event: 70.093 Executing VM operation: G1CollectForAllocation
Event: 70.103 Executing VM operation: G1CollectForAllocation done
Event: 71.113 Executing VM operation: Cleanup
Event: 71.114 Executing VM operation: Cleanup done
Event: 72.121 Executing VM operation: Cleanup
Event: 72.121 Executing VM operation: Cleanup done
Event: 73.135 Executing VM operation: Cleanup
Event: 73.136 Executing VM operation: Cleanup done

Memory protections (0 events):
No events

Nmethod flushes (20 events):
Event: 49.946 Thread 0x0000024b5f00aa10 flushing  nmethod 0x0000024b2a332d90
Event: 49.947 Thread 0x0000024b5f00aa10 flushing  nmethod 0x0000024b2a3b4a90
Event: 61.660 Thread 0x0000024b5f00aa10 flushing  nmethod 0x0000024b30c66910
Event: 61.665 Thread 0x0000024b5f00aa10 flushing  nmethod 0x0000024b28fd4910
Event: 61.667 Thread 0x0000024b5f00aa10 flushing  nmethod 0x0000024b29101f90
Event: 61.669 Thread 0x0000024b5f00aa10 flushing  nmethod 0x0000024b29271090
Event: 61.670 Thread 0x0000024b5f00aa10 flushing  nmethod 0x0000024b292ad190
Event: 61.670 Thread 0x0000024b5f00aa10 flushing  nmethod 0x0000024b292ecd10
Event: 61.670 Thread 0x0000024b5f00aa10 flushing  nmethod 0x0000024b292fa290
Event: 61.670 Thread 0x0000024b5f00aa10 flushing  nmethod 0x0000024b292fb610
Event: 61.671 Thread 0x0000024b5f00aa10 flushing  nmethod 0x0000024b2936dc10
Event: 61.672 Thread 0x0000024b5f00aa10 flushing  nmethod 0x0000024b29414510
Event: 61.672 Thread 0x0000024b5f00aa10 flushing  nmethod 0x0000024b29415490
Event: 61.672 Thread 0x0000024b5f00aa10 flushing  nmethod 0x0000024b2944a210
Event: 61.676 Thread 0x0000024b5f00aa10 flushing  nmethod 0x0000024b29642d10
Event: 61.681 Thread 0x0000024b5f00aa10 flushing  nmethod 0x0000024b298fc910
Event: 61.682 Thread 0x0000024b5f00aa10 flushing  nmethod 0x0000024b2992dd90
Event: 61.682 Thread 0x0000024b5f00aa10 flushing  nmethod 0x0000024b29935310
Event: 61.682 Thread 0x0000024b5f00aa10 flushing  nmethod 0x0000024b299a0810
Event: 61.683 Thread 0x0000024b5f00aa10 flushing  nmethod 0x0000024b299be310

Events (20 events):
Event: 44.747 Thread 0x0000024b633ae630 Thread exited: 0x0000024b633ae630
Event: 45.270 Thread 0x0000024b646e65f0 Thread added: 0x0000024b647c96a0
Event: 45.270 Thread 0x0000024b646e65f0 Thread added: 0x0000024b647cba10
Event: 45.271 Thread 0x0000024b646e65f0 Thread added: 0x0000024b647ca0c0
Event: 45.272 Thread 0x0000024b646e65f0 Thread added: 0x0000024b647ca5d0
Event: 45.272 Thread 0x0000024b646e65f0 Thread added: 0x0000024b647cbf20
Event: 45.272 Thread 0x0000024b646e65f0 Thread added: 0x0000024b647caff0
Event: 45.272 Thread 0x0000024b646e65f0 Thread added: 0x0000024b647cb500
Event: 45.273 Thread 0x0000024b646e65f0 Thread added: 0x0000024b647caae0
Event: 47.237 Thread 0x0000024b600c4b70 Thread added: 0x0000024b617b6b90
Event: 48.058 Thread 0x0000024b600c4b70 Thread added: 0x0000024b617b4310
Event: 48.085 Thread 0x0000024b600c4b70 Thread added: 0x0000024b617b5240
Event: 53.540 Thread 0x0000024b600c4b70 Thread added: 0x0000024b617b4820
Event: 55.563 Thread 0x0000024b600c4b70 Thread added: 0x0000024b617b4d30
Event: 56.246 Thread 0x0000024b600c4b70 Thread added: 0x0000024b617b38f0
Event: 56.283 Thread 0x0000024b600c4b70 Thread added: 0x0000024b617b8f00
Event: 64.840 Thread 0x0000024b600c4b70 Thread added: 0x0000024b617b7fd0
Event: 64.914 Thread 0x0000024b600c4b70 Thread added: 0x0000024b617b84e0
Event: 64.937 Thread 0x0000024b600c4b70 Thread added: 0x0000024b617b89f0
Event: 65.797 Thread 0x0000024b600c4b70 Thread added: 0x0000024b627c7740


Dynamic libraries:
0x00007ff759f40000 - 0x00007ff759f4e000 	C:\Program Files\Eclipse Adoptium\jdk-17.0.17.10-hotspot\bin\java.exe
0x00007fffcff20000 - 0x00007fffd0187000 	C:\WINDOWS\SYSTEM32\ntdll.dll
0x00007fffcfd10000 - 0x00007fffcfdd9000 	C:\WINDOWS\System32\KERNEL32.DLL
0x00007fffcce20000 - 0x00007fffcd214000 	C:\WINDOWS\System32\KERNELBASE.dll
0x00007fffcccd0000 - 0x00007fffcce1b000 	C:\WINDOWS\System32\ucrtbase.dll
0x00007fffc22f0000 - 0x00007fffc2308000 	C:\Program Files\Eclipse Adoptium\jdk-17.0.17.10-hotspot\bin\jli.dll
0x00007fffce5f0000 - 0x00007fffce7b5000 	C:\WINDOWS\System32\USER32.dll
0x00007fffcc880000 - 0x00007fffcc8a7000 	C:\WINDOWS\System32\win32u.dll
0x00007fffce010000 - 0x00007fffce03b000 	C:\WINDOWS\System32\GDI32.dll
0x00007fffcc970000 - 0x00007fffcca9a000 	C:\WINDOWS\System32\gdi32full.dll
0x00007fffccc20000 - 0x00007fffcccc3000 	C:\WINDOWS\System32\msvcp_win.dll
0x00007fffb1840000 - 0x00007fffb1ad3000 	C:\WINDOWS\WinSxS\amd64_microsoft.windows.common-controls_6595b64144ccf1df_6.0.26100.8115_none_3e075c82e3354f9c\COMCTL32.dll
0x00007fffce440000 - 0x00007fffce4e9000 	C:\WINDOWS\System32\msvcrt.dll
0x00007fffc1dc0000 - 0x00007fffc1dde000 	C:\Program Files\Eclipse Adoptium\jdk-17.0.17.10-hotspot\bin\VCRUNTIME140.dll
0x00007fffcee60000 - 0x00007fffcee92000 	C:\WINDOWS\System32\IMM32.DLL
0x00007fffc2db0000 - 0x00007fffc2dbc000 	C:\Program Files\Eclipse Adoptium\jdk-17.0.17.10-hotspot\bin\vcruntime140_1.dll
0x00007fffc1d30000 - 0x00007fffc1dbd000 	C:\Program Files\Eclipse Adoptium\jdk-17.0.17.10-hotspot\bin\msvcp140.dll
0x00007fffc10c0000 - 0x00007fffc1d2b000 	C:\Program Files\Eclipse Adoptium\jdk-17.0.17.10-hotspot\bin\server\jvm.dll
0x00007fffcde90000 - 0x00007fffcdf46000 	C:\WINDOWS\System32\ADVAPI32.dll
0x00007fffcfb40000 - 0x00007fffcfbe7000 	C:\WINDOWS\System32\sechost.dll
0x00007fffced40000 - 0x00007fffcee58000 	C:\WINDOWS\System32\RPCRT4.dll
0x00007fffcfc80000 - 0x00007fffcfd00000 	C:\WINDOWS\System32\WS2_32.dll
0x00007fffcc650000 - 0x00007fffcc6ae000 	C:\WINDOWS\SYSTEM32\POWRPROF.dll
0x00007fffba450000 - 0x00007fffba486000 	C:\WINDOWS\SYSTEM32\WINMM.dll
0x00007fffcaac0000 - 0x00007fffcaacb000 	C:\WINDOWS\SYSTEM32\VERSION.dll
0x00007fffcc630000 - 0x00007fffcc644000 	C:\WINDOWS\SYSTEM32\UMPDC.dll
0x00007fffcb4e0000 - 0x00007fffcb4fb000 	C:\WINDOWS\SYSTEM32\kernel.appcore.dll
0x00007fffc2280000 - 0x00007fffc228a000 	C:\Program Files\Eclipse Adoptium\jdk-17.0.17.10-hotspot\bin\jimage.dll
0x00007fffc9ad0000 - 0x00007fffc9d12000 	C:\WINDOWS\SYSTEM32\DBGHELP.DLL
0x00007fffce7c0000 - 0x00007fffceb42000 	C:\WINDOWS\System32\combase.dll
0x00007fffcec60000 - 0x00007fffced37000 	C:\WINDOWS\System32\OLEAUT32.dll
0x00007fffaed20000 - 0x00007fffaed5b000 	C:\WINDOWS\SYSTEM32\dbgcore.DLL
0x00007fffcd220000 - 0x00007fffcd2c5000 	C:\WINDOWS\System32\bcryptPrimitives.dll
0x00007fffc5580000 - 0x00007fffc558e000 	C:\Program Files\Eclipse Adoptium\jdk-17.0.17.10-hotspot\bin\instrument.dll
0x00007fffc1090000 - 0x00007fffc10b5000 	C:\Program Files\Eclipse Adoptium\jdk-17.0.17.10-hotspot\bin\java.dll
0x00007fffc0fb0000 - 0x00007fffc1087000 	C:\Program Files\Eclipse Adoptium\jdk-17.0.17.10-hotspot\bin\jsvml.dll
0x00007fffceeb0000 - 0x00007fffcf616000 	C:\WINDOWS\System32\SHELL32.dll
0x00007fffcdb40000 - 0x00007fffcdcaa000 	C:\WINDOWS\System32\wintypes.dll
0x00007fffcd2d0000 - 0x00007fffcdb35000 	C:\WINDOWS\System32\windows.storage.dll
0x00007fffce1a0000 - 0x00007fffce297000 	C:\WINDOWS\System32\SHCORE.dll
0x00007fffcfde0000 - 0x00007fffcfe46000 	C:\WINDOWS\System32\shlwapi.dll
0x00007fffcc710000 - 0x00007fffcc739000 	C:\WINDOWS\SYSTEM32\profapi.dll
0x00007fffc2290000 - 0x00007fffc22a8000 	C:\Program Files\Eclipse Adoptium\jdk-17.0.17.10-hotspot\bin\zip.dll
0x00007fffc22d0000 - 0x00007fffc22ea000 	C:\Program Files\Eclipse Adoptium\jdk-17.0.17.10-hotspot\bin\net.dll
0x00007fffc50d0000 - 0x00007fffc51fd000 	C:\WINDOWS\SYSTEM32\WINHTTP.dll
0x00007fffcbaf0000 - 0x00007fffcbb5c000 	C:\WINDOWS\system32\mswsock.dll
0x00007fffc22b0000 - 0x00007fffc22c6000 	C:\Program Files\Eclipse Adoptium\jdk-17.0.17.10-hotspot\bin\nio.dll
0x00007fffca820000 - 0x00007fffca830000 	C:\Program Files\Eclipse Adoptium\jdk-17.0.17.10-hotspot\bin\verify.dll
0x00007fffbbba0000 - 0x00007fffbbbc7000 	C:\Users\asepr\.gradle\native\1def1411415f61bf3af743bc5b6707747c0891f09f0c88961ee8f79bc544acac\windows-amd64\native-platform.dll
0x00007fffb3680000 - 0x00007fffb36f7000 	C:\Users\asepr\.gradle\native\0.2.8\x86_64-windows-gnu\gradle-fileevents.dll
0x00007fffc1fc0000 - 0x00007fffc1fca000 	C:\Program Files\Eclipse Adoptium\jdk-17.0.17.10-hotspot\bin\management.dll
0x00007fffc1fb0000 - 0x00007fffc1fbc000 	C:\Program Files\Eclipse Adoptium\jdk-17.0.17.10-hotspot\bin\management_ext.dll
0x00007fffceea0000 - 0x00007fffceea8000 	C:\WINDOWS\System32\PSAPI.DLL
0x00007fffcae50000 - 0x00007fffcae82000 	C:\WINDOWS\SYSTEM32\IPHLPAPI.DLL
0x00007fffcf620000 - 0x00007fffcf62a000 	C:\WINDOWS\System32\NSI.dll
0x00007fffc5a30000 - 0x00007fffc5a4d000 	C:\WINDOWS\SYSTEM32\dhcpcsvc6.DLL
0x00007fffc4cf0000 - 0x00007fffc4d15000 	C:\WINDOWS\SYSTEM32\dhcpcsvc.DLL
0x00007fffcb020000 - 0x00007fffcb152000 	C:\WINDOWS\SYSTEM32\DNSAPI.dll
0x00007fffc1f10000 - 0x00007fffc1f19000 	C:\Program Files\Eclipse Adoptium\jdk-17.0.17.10-hotspot\bin\extnet.dll
0x00007fffcbde0000 - 0x00007fffcbdfb000 	C:\WINDOWS\SYSTEM32\CRYPTSP.dll
0x00007fffcb500000 - 0x00007fffcb539000 	C:\WINDOWS\system32\rsaenh.dll
0x00007fffcbba0000 - 0x00007fffcbbd3000 	C:\WINDOWS\SYSTEM32\USERENV.dll
0x00007fffcc6e0000 - 0x00007fffcc70a000 	C:\WINDOWS\SYSTEM32\bcrypt.dll
0x00007fffcbdd0000 - 0x00007fffcbddc000 	C:\WINDOWS\SYSTEM32\CRYPTBASE.dll
0x00007fffc1fa0000 - 0x00007fffc1fae000 	C:\Program Files\Eclipse Adoptium\jdk-17.0.17.10-hotspot\bin\sunmscapi.dll
0x00007fffccaa0000 - 0x00007fffccc17000 	C:\WINDOWS\System32\CRYPT32.dll
0x00007fffcbff0000 - 0x00007fffcc020000 	C:\WINDOWS\SYSTEM32\ncrypt.dll
0x00007fffcbfa0000 - 0x00007fffcbfdf000 	C:\WINDOWS\SYSTEM32\NTASN1.dll
0x00007fff7f460000 - 0x00007fff7f468000 	C:\WINDOWS\system32\wshunix.dll

dbghelp: loaded successfully - version: 4.0.5 - missing functions: none
symbol engine: initialized successfully - sym options: 0x614 - pdb path: .;C:\Program Files\Eclipse Adoptium\jdk-17.0.17.10-hotspot\bin;C:\WINDOWS\SYSTEM32;C:\WINDOWS\WinSxS\amd64_microsoft.windows.common-controls_6595b64144ccf1df_6.0.26100.8115_none_3e075c82e3354f9c;C:\Program Files\Eclipse Adoptium\jdk-17.0.17.10-hotspot\bin\server;C:\Users\asepr\.gradle\native\1def1411415f61bf3af743bc5b6707747c0891f09f0c88961ee8f79bc544acac\windows-amd64;C:\Users\asepr\.gradle\native\0.2.8\x86_64-windows-gnu

VM Arguments:
jvm_args: --add-opens=java.base/java.lang=ALL-UNNAMED --add-opens=java.base/java.lang.invoke=ALL-UNNAMED --add-opens=java.base/java.util=ALL-UNNAMED --add-opens=java.prefs/java.util.prefs=ALL-UNNAMED --add-exports=jdk.compiler/com.sun.tools.javac.api=ALL-UNNAMED --add-exports=jdk.compiler/com.sun.tools.javac.util=ALL-UNNAMED --add-opens=java.base/java.util=ALL-UNNAMED --add-opens=java.prefs/java.util.prefs=ALL-UNNAMED --add-opens=java.base/java.nio.charset=ALL-UNNAMED --add-opens=java.base/java.net=ALL-UNNAMED --add-opens=java.base/java.util.concurrent=ALL-UNNAMED --add-opens=java.base/java.util.concurrent.atomic=ALL-UNNAMED --add-opens=java.xml/javax.xml.namespace=ALL-UNNAMED -XX:MaxMetaspaceSize=512m -Xmx2048m -Dfile.encoding=windows-1252 -Duser.country=ID -Duser.language=en -Duser.variant -javaagent:C:\Users\asepr\.gradle\wrapper\dists\gradle-9.0.0-bin\d6wjpkvcgsg3oed0qlfss3wgl\gradle-9.0.0\lib\agents\gradle-instrumentation-agent-9.0.0.jar 
java_command: org.gradle.launcher.daemon.bootstrap.GradleDaemon 9.0.0
java_class_path (initial): C:\Users\asepr\.gradle\wrapper\dists\gradle-9.0.0-bin\d6wjpkvcgsg3oed0qlfss3wgl\gradle-9.0.0\lib\gradle-daemon-main-9.0.0.jar
Launcher Type: SUN_STANDARD

[Global flags]
     intx CICompilerCount                          = 4                                         {product} {ergonomic}
   size_t CompressedClassSpaceSize                 = 436207616                                 {product} {ergonomic}
     uint ConcGCThreads                            = 3                                         {product} {ergonomic}
     uint G1ConcRefinementThreads                  = 10                                        {product} {ergonomic}
   size_t G1HeapRegionSize                         = 1048576                                   {product} {ergonomic}
    uintx GCDrainStackTargetSize                   = 64                                        {product} {ergonomic}
   size_t InitialHeapSize                          = 98566144                                  {product} {ergonomic}
   size_t MarkStackSize                            = 4194304                                   {product} {ergonomic}
   size_t MaxHeapSize                              = 2147483648                                {product} {command line}
   size_t MaxMetaspaceSize                         = 536870912                                 {product} {command line}
   size_t MaxNewSize                               = 1287651328                                {product} {ergonomic}
   size_t MinHeapDeltaBytes                        = 1048576                                   {product} {ergonomic}
   size_t MinHeapSize                              = 8388608                                   {product} {ergonomic}
    uintx NonNMethodCodeHeapSize                   = 5839372                                {pd product} {ergonomic}
    uintx NonProfiledCodeHeapSize                  = 122909434                              {pd product} {ergonomic}
    uintx ProfiledCodeHeapSize                     = 122909434                              {pd product} {ergonomic}
    uintx ReservedCodeCacheSize                    = 251658240                              {pd product} {ergonomic}
     bool SegmentedCodeCache                       = true                                      {product} {ergonomic}
   size_t SoftMaxHeapSize                          = 2147483648                             {manageable} {ergonomic}
     bool UseCompressedClassPointers               = true                           {product lp64_product} {ergonomic}
     bool UseCompressedOops                        = true                           {product lp64_product} {ergonomic}
     bool UseG1GC                                  = true                                      {product} {ergonomic}
     bool UseLargePagesIndividualAllocation        = false                                  {pd product} {ergonomic}

Logging:
Log output configuration:
 #0: stdout all=warning uptime,level,tags
 #1: stderr all=off uptime,level,tags

Environment Variables:
JAVA_HOME=C:\Program Files\Eclipse Adoptium\jdk-17.0.17.10-hotspot
PATH=C:\Users\asepr\mobile-app\mobile\node_modules\.bin;C:\Users\asepr\mobile-app\mobile\node_modules\.bin;C:\Users\asepr\mobile-app\node_modules\.bin;C:\Users\asepr\node_modules\.bin;C:\Users\node_modules\.bin;C:\node_modules\.bin;C:\Users\asepr\AppData\Roaming\npm\node_modules\npm\node_modules\@npmcli\run-script\lib\node-gyp-bin;C:\Users\asepr\bin;C:\Program Files\Git\mingw64\bin;C:\Program Files\Git\usr\local\bin;C:\Program Files\Git\usr\bin;C:\Program Files\Git\usr\bin;C:\Program Files\Git\mingw64\bin;C:\Program Files\Git\usr\bin;C:\Users\asepr\bin;C:\Users\asepr\AppData\Roaming\Code\User\globalStorage\github.copilot-chat\debugCommand;C:\Users\asepr\AppData\Roaming\Code\User\globalStorage\github.copilot-chat\copilotCli;C:\Users\asepr\AppData\Local\Programs\Microsoft VS Code;C:\Program Files\Eclipse Adoptium\jdk-17.0.17.10-hotspot\bin;C:\WINDOWS\system32;C:\WINDOWS;C:\WINDOWS\System32\Wbem;C:\WINDOWS\System32\WindowsPowerShell\v1.0;C:\WINDOWS\System32\OpenSSH;C:\Program Files\Git\cmd;C:\Program Files\Redis;C:\xampp\php;C:\Program Files\apache-maven-3.8.3\bin;C:\instantclient_21_3;C:\curl-7.81.0-win64-mingw\bin;C:\Program Files\Go\bin;C:\ProgramData\ComposerSetup\bin;C:\Program Files\PuTTY;C:\Program Files\nodejs;%JAVA_HOME%\bin;C:\Android\platform-tools;C:\WINDOWS\system32;C:\WINDOWS;C:\WINDOWS\System32\Wbem;C:\WINDOWS\System32\WindowsPowerShell\v1.0;C:\WINDOWS\System32\OpenSSH;C:\Program Files\Git\cmd;C:\Program Files\Redis;C:\xampp\php;C:\Program Files\apache-maven-3.8.3\bin;C:\instantclient_21_3;C:\curl-7.81.0-win64-mingw\bin;C:\Program Files\Go\bin;C:\ProgramData\ComposerSetup\bin;C:\Program Files\PuTTY;C:\Program Files\Docker\Docker\resources\bin;C:\Program Files\nodejs;C:\Program Files\dotnet;C:\;C:\Users\asepr\AppData\Local\Programs\Microsoft VS Code\bin;C:\Users\asepr\AppData\Local\Microsoft\WindowsApps;C:\Users\asepr\.dotnet\tools;C:\Program Files\Git\usr\bin\vendor_perl;C:\Program Files\Git\usr\bin\core_perl
USERNAME=asepr
SHELL=C:\Program Files\Git\usr\bin\bash.exe
DISPLAY=needs-to-be-defined
LANG=en_US.UTF-8
TERM=xterm-256color
TMPDIR=C:\Users\asepr\AppData\Local\Temp
OS=Windows_NT
PROCESSOR_IDENTIFIER=AMD64 Family 23 Model 104 Stepping 1, AuthenticAMD
TMP=C:\Users\asepr\AppData\Local\Temp
TEMP=C:\Users\asepr\AppData\Local\Temp



Periodic native trim disabled


---------------  S Y S T E M  ---------------

OS:
 Windows 11 , 64 bit Build 26100 (10.0.26100.8115)
OS uptime: 0 days 3:11 hours
Hyper-V role detected

CPU: total 12 (initial active 12) (12 cores per cpu, 2 threads per core) family 23 model 104 stepping 1 microcode 0x8608103, cx8, cmov, fxsr, ht, mmx, 3dnowpref, sse, sse2, sse3, ssse3, sse4a, sse4.1, sse4.2, popcnt, lzcnt, tsc, tscinvbit, avx, avx2, aes, clmul, bmi1, bmi2, adx, sha, fma, vzeroupper, clflush, clflushopt, hv
Processor Information for all 12 processors :
  Max Mhz: 2100, Current Mhz: 1893, Mhz Limit: 2100

Memory: 4k page, system-wide physical 6005M (283M free)
TotalPageFile size 24437M (AvailPageFile size 9M)
current process WorkingSet (physical memory assigned to process): 399M, peak: 448M
current process commit charge ("private bytes"): 621M, peak: 623M

vm_info: OpenJDK 64-Bit Server VM (17.0.17+10) for windows-amd64 JRE (17.0.17+10), built on Oct 21 2025 23:25:32 by "admin" with unknown MS VC++:1942

END.
