#
# There is insufficient memory for the Java Runtime Environment to continue.
# Native memory allocation (malloc) failed to allocate 1058096 bytes. Error detail: Chunk::new
# Possible reasons:
#   The system is out of physical RAM or swap space
#   This process is running with CompressedOops enabled, and the Java Heap may be blocking the growth of the native heap
# Possible solutions:
#   Reduce memory load on the system
#   Increase physical memory or swap space
#   Check if swap backing store is full
#   Decrease Java heap size (-Xmx/-Xms)
#   Decrease number of Java threads
#   Decrease Java thread stack sizes (-Xss)
#   Set larger code cache with -XX:ReservedCodeCacheSize=
#   JVM is running with Unscaled Compressed Oops mode in which the Java heap is
#     placed in the first 4GB address space. The Java Heap base address is the
#     maximum limit for the native heap growth. Please use -XX:HeapBaseMinAddress
#     to set the Java Heap base and to place the Java Heap above 4GB virtual address.
# This output file may be truncated or incomplete.
#
#  Out of Memory Error (arena.cpp:191), pid=23036, tid=7848
#
# JRE version: OpenJDK Runtime Environment Temurin-17.0.17+10 (17.0.17+10) (build 17.0.17+10)
# Java VM: OpenJDK 64-Bit Server VM Temurin-17.0.17+10 (17.0.17+10, mixed mode, sharing, tiered, compressed oops, compressed class ptrs, g1 gc, windows-amd64)
# No core dump will be written. Minidumps are not enabled by default on client versions of Windows
#

---------------  S U M M A R Y ------------

Command Line: --add-opens=java.base/java.lang=ALL-UNNAMED --add-opens=java.base/java.lang.invoke=ALL-UNNAMED --add-opens=java.base/java.util=ALL-UNNAMED --add-opens=java.prefs/java.util.prefs=ALL-UNNAMED --add-exports=jdk.compiler/com.sun.tools.javac.api=ALL-UNNAMED --add-exports=jdk.compiler/com.sun.tools.javac.util=ALL-UNNAMED --add-opens=java.base/java.util=ALL-UNNAMED --add-opens=java.prefs/java.util.prefs=ALL-UNNAMED --add-opens=java.base/java.nio.charset=ALL-UNNAMED --add-opens=java.base/java.net=ALL-UNNAMED --add-opens=java.base/java.util.concurrent=ALL-UNNAMED --add-opens=java.base/java.util.concurrent.atomic=ALL-UNNAMED --add-opens=java.xml/javax.xml.namespace=ALL-UNNAMED -XX:MaxMetaspaceSize=512m -Xmx2048m -Dfile.encoding=windows-1252 -Duser.country=ID -Duser.language=en -Duser.variant -javaagent:C:\Users\asepr\.gradle\wrapper\dists\gradle-9.0.0-bin\d6wjpkvcgsg3oed0qlfss3wgl\gradle-9.0.0\lib\agents\gradle-instrumentation-agent-9.0.0.jar org.gradle.launcher.daemon.bootstrap.GradleDaemon 9.0.0

Host: AMD Ryzen 5 5500U with Radeon Graphics         , 12 cores, 5G,  Windows 11 , 64 bit Build 26100 (10.0.26100.8115)
Time: Fri Apr  3 15:49:57 2026 SE Asia Standard Time elapsed time: 257.926407 seconds (0d 0h 4m 17s)

---------------  T H R E A D  ---------------

Current thread (0x0000019143d56e90):  JavaThread "C2 CompilerThread0" daemon [_thread_in_native, id=7848, stack(0x0000004a78700000,0x0000004a78800000)]


Current CompileTask:
C2:257926 29343       4       com.sun.org.apache.xerces.internal.impl.XMLNSDocumentScannerImpl::scanAttribute (834 bytes)

Stack: [0x0000004a78700000,0x0000004a78800000]
Native frames: (J=compiled Java code, j=interpreted, Vv=VM code, C=native code)
V  [jvm.dll+0x683fb9]
V  [jvm.dll+0x83a1b5]
V  [jvm.dll+0x83bc2e]
V  [jvm.dll+0x83c2b3]
V  [jvm.dll+0x248eff]
V  [jvm.dll+0xad496]
V  [jvm.dll+0xadb3c]
V  [jvm.dll+0x3689ef]
V  [jvm.dll+0x332fa5]
V  [jvm.dll+0x33240a]
V  [jvm.dll+0x219db9]
V  [jvm.dll+0x219200]
V  [jvm.dll+0x1a4920]
V  [jvm.dll+0x22989a]
V  [jvm.dll+0x227a4b]
V  [jvm.dll+0x7effb8]
V  [jvm.dll+0x7ea44c]
V  [jvm.dll+0x682e87]
C  [ucrtbase.dll+0x37b0]
C  [KERNEL32.DLL+0x2e8d7]
C  [ntdll.dll+0x8c3fc]


---------------  P R O C E S S  ---------------

Threads class SMR info:
_java_thread_list=0x000001916f145920, length=232, elements={
0x0000019125c98040, 0x0000019143d37ff0, 0x0000019143d38ac0, 0x0000019143d54410,
0x0000019143d54ce0, 0x0000019143d555b0, 0x0000019143d55e80, 0x0000019143d56e90,
0x0000019143d597b0, 0x0000019143d5a0c0, 0x0000019143d25580, 0x00000191448885a0,
0x00000191654a6de0, 0x00000191645b12a0, 0x00000191657628a0, 0x00000191658ae030,
0x00000191658054a0, 0x00000191658063d0, 0x0000019165805ec0, 0x00000191658068e0,
0x0000019165808c50, 0x00000191658059b0, 0x00000191670da730, 0x00000191670da220,
0x000001916807dd20, 0x0000019167ef3a80, 0x0000019167ef6810, 0x0000019167ef58e0,
0x0000019167ef3f90, 0x0000019167ef53d0, 0x0000019167ef49b0, 0x0000019167ef4ec0,
0x0000019167ef3570, 0x0000019167833b80, 0x0000019167832230, 0x0000019167836400,
0x0000019167836910, 0x0000019167837d50, 0x00000191690bcdc0, 0x00000191690bc8b0,
0x00000191690bd2d0, 0x00000191690b9b20, 0x00000191690bd7e0, 0x00000191690ba030,
0x0000019166e8a4d0, 0x0000019166e88b80, 0x0000019166e8a9e0, 0x0000019166e87230,
0x0000019166e8aef0, 0x0000019166e87740, 0x0000019166e89ab0, 0x0000019166e89090,
0x0000019166e895a0, 0x0000019166e8b400, 0x0000019166e89fc0, 0x0000019166e87c50,
0x0000019166e8b910, 0x0000019166e88160, 0x0000019166e8e6a0, 0x0000019166e86d20,
0x0000019166e8be20, 0x0000019166e8c330, 0x0000019166e8cd50, 0x0000019166e8c840,
0x0000019166e8d260, 0x0000019166e8d770, 0x0000019166e8dc80, 0x0000019166e8e190,
0x0000019168b7fb90, 0x0000019168b819f0, 0x0000019168b82410, 0x0000019168b82e30,
0x0000019168b82920, 0x0000019168b83340, 0x0000019168b83850, 0x0000019168b80ac0,
0x0000019168b800a0, 0x0000019168b83d60, 0x0000019168b805b0, 0x0000019168b80fd0,
0x0000019168b84270, 0x0000019168b814e0, 0x0000019168b87510, 0x0000019168b851a0,
0x0000019168b856b0, 0x0000019168b860d0, 0x0000019168b865e0, 0x0000019168b86af0,
0x0000019168b87000, 0x0000019168078200, 0x0000019168079b50, 0x0000019168078710,
0x0000019168078c20, 0x0000019168079640, 0x0000019168079130, 0x000001916807a060,
0x000001916807a570, 0x000001916807aa80, 0x00000191680772d0, 0x000001916807af90,
0x00000191680777e0, 0x000001916807b4a0, 0x0000019168077cf0, 0x000001916807e230,
0x000001916807c8e0, 0x000001916807b9b0, 0x000001916807e740, 0x000001916807bec0,
0x000001916807c3d0, 0x000001916807ec50, 0x000001916807d810, 0x00000191670d9800,
0x00000191670db660, 0x00000191670d8de0, 0x00000191670dc590, 0x00000191670dac40,
0x00000191670dbb70, 0x00000191670dd4c0, 0x00000191670db150, 0x00000191670dcaa0,
0x00000191670dcfb0, 0x00000191670d9d10, 0x00000191670dee10, 0x00000191670dd9d0,
0x00000191670de3f0, 0x00000191670ddee0, 0x00000191670de900, 0x00000191670df320,
0x00000191670e0250, 0x00000191670dfd40, 0x00000191670df830, 0x00000191670e0760,
0x0000019167831d20, 0x0000019167832c50, 0x0000019167832740, 0x0000019167831300,
0x0000019167831810, 0x0000019167833160, 0x00000191678345a0, 0x0000019167833670,
0x0000019167834ab0, 0x00000191678359e0, 0x0000019167834090, 0x00000191678354d0,
0x0000019167835ef0, 0x00000191690c0f90, 0x00000191690be200, 0x00000191690c0060,
0x00000191690be710, 0x00000191690bf130, 0x00000191690bf640, 0x0000019165806df0,
0x0000019165807810, 0x0000019165807300, 0x0000019165807d20, 0x0000019165808740,
0x0000019167ef44a0, 0x0000019167ef3060, 0x0000019165808230, 0x00000191690bfb50,
0x00000191696c99a0, 0x00000191696c9eb0, 0x00000191696ca3c0, 0x00000191696cb2f0,
0x00000191696c8560, 0x00000191696c8a70, 0x00000191696c9490, 0x00000191696cade0,
0x00000191696c8f80, 0x00000191696ca8d0, 0x00000191696cb800, 0x00000191696c8050,
0x00000191696cf4c0, 0x00000191696cefb0, 0x00000191696ceaa0, 0x00000191696ccc40,
0x00000191696cbd10, 0x00000191696cd150, 0x00000191696cc220, 0x00000191696cdb70,
0x00000191696cd660, 0x00000191696cf9d0, 0x00000191696cc730, 0x00000191696ce080,
0x0000019167838260, 0x00000191690ba540, 0x000001916f0d58d0, 0x000001916f0d7220,
0x000001916f0d62f0, 0x000001916f0d7730, 0x000001916f0d7c40, 0x000001916f0d53c0,
0x000001916f0d5de0, 0x000001916f0dbe10, 0x000001916f0d9080, 0x000001916f0d9aa0,
0x000001916f0daee0, 0x00000191690b9610, 0x000001916807d300, 0x000001916f85e290,
0x000001916f85bf20, 0x000001916f85ce50, 0x000001916f85b500, 0x000001916f860b10,
0x000001916f861020, 0x000001916f862970, 0x000001916f85c430, 0x000001916f862e80,
0x000001916f8638a0, 0x000001916f8600f0, 0x000001916f863db0, 0x000001916f860600,
0x000001916f866630, 0x000001916f867560, 0x000001916f864ce0, 0x000001916f866120,
0x000001916f866b40, 0x000001916f867050, 0x000001916f865c10, 0x000001916f8651f0,
0x000001916f8642c0, 0x000001916f868490, 0x000001916f867f80, 0x000001916f865700,
0x000001916f86a800, 0x000001916f8689a0, 0x000001916f8693c0, 0x000001916f8698d0,
0x000001916f869de0, 0x000001916f86a2f0, 0x000001916f0db3f0, 0x000001916f0da4c0
}

Java Threads: ( => current thread )
  0x0000019125c98040 JavaThread "main" [_thread_blocked, id=17752, stack(0x0000004a77a00000,0x0000004a77b00000)]
  0x0000019143d37ff0 JavaThread "Reference Handler" daemon [_thread_blocked, id=4656, stack(0x0000004a78100000,0x0000004a78200000)]
  0x0000019143d38ac0 JavaThread "Finalizer" daemon [_thread_blocked, id=19600, stack(0x0000004a78200000,0x0000004a78300000)]
  0x0000019143d54410 JavaThread "Signal Dispatcher" daemon [_thread_blocked, id=9940, stack(0x0000004a78300000,0x0000004a78400000)]
  0x0000019143d54ce0 JavaThread "Attach Listener" daemon [_thread_blocked, id=25384, stack(0x0000004a78400000,0x0000004a78500000)]
  0x0000019143d555b0 JavaThread "Service Thread" daemon [_thread_blocked, id=12628, stack(0x0000004a78500000,0x0000004a78600000)]
  0x0000019143d55e80 JavaThread "Monitor Deflation Thread" daemon [_thread_blocked, id=4164, stack(0x0000004a78600000,0x0000004a78700000)]
=>0x0000019143d56e90 JavaThread "C2 CompilerThread0" daemon [_thread_in_native, id=7848, stack(0x0000004a78700000,0x0000004a78800000)]
  0x0000019143d597b0 JavaThread "C1 CompilerThread0" daemon [_thread_blocked, id=15396, stack(0x0000004a78800000,0x0000004a78900000)]
  0x0000019143d5a0c0 JavaThread "Sweeper thread" daemon [_thread_blocked, id=10544, stack(0x0000004a78900000,0x0000004a78a00000)]
  0x0000019143d25580 JavaThread "Common-Cleaner" daemon [_thread_blocked, id=14696, stack(0x0000004a78a00000,0x0000004a78b00000)]
  0x00000191448885a0 JavaThread "Notification Thread" daemon [_thread_blocked, id=15128, stack(0x0000004a78b00000,0x0000004a78c00000)]
  0x00000191654a6de0 JavaThread "Daemon health stats" [_thread_blocked, id=18640, stack(0x0000004a79100000,0x0000004a79200000)]
  0x00000191645b12a0 JavaThread "Incoming local TCP Connector on port 64413" [_thread_in_native, id=2708, stack(0x0000004a79200000,0x0000004a79300000)]
  0x00000191657628a0 JavaThread "Daemon periodic checks" [_thread_blocked, id=10556, stack(0x0000004a79300000,0x0000004a79400000)]
  0x00000191658ae030 JavaThread "Daemon" [_thread_blocked, id=18732, stack(0x0000004a79400000,0x0000004a79500000)]
  0x00000191658054a0 JavaThread "Daemon worker" [_thread_blocked, id=7504, stack(0x0000004a79700000,0x0000004a79800000)]
  0x00000191658063d0 JavaThread "Cache worker for journal cache (C:\Users\asepr\.gradle\caches\journal-1)" [_thread_blocked, id=14896, stack(0x0000004a7a000000,0x0000004a7a100000)]
  0x0000019165805ec0 JavaThread "File lock request listener" [_thread_in_native, id=19768, stack(0x0000004a7a100000,0x0000004a7a200000)]
  0x00000191658068e0 JavaThread "Cache worker for file hash cache (C:\Users\asepr\.gradle\caches\9.0.0\fileHashes)" [_thread_blocked, id=25312, stack(0x0000004a7a200000,0x0000004a7a300000)]
  0x0000019165808c50 JavaThread "File watcher server" daemon [_thread_in_native, id=16172, stack(0x0000004a7a700000,0x0000004a7a800000)]
  0x00000191658059b0 JavaThread "File watcher consumer" daemon [_thread_blocked, id=14792, stack(0x0000004a7a800000,0x0000004a7a900000)]
  0x00000191670da730 JavaThread "Cache worker for file content cache (C:\Users\asepr\.gradle\caches\9.0.0\fileContent)" [_thread_blocked, id=12932, stack(0x0000004a7aa00000,0x0000004a7ab00000)]
  0x00000191670da220 JavaThread "jar transforms" [_thread_blocked, id=27012, stack(0x0000004a7ad00000,0x0000004a7ae00000)]
  0x000001916807dd20 JavaThread "Memory manager" [_thread_blocked, id=4976, stack(0x0000004a7d700000,0x0000004a7d800000)]
  0x0000019167ef3a80 JavaThread "ForkJoinPool.commonPool-worker-2" daemon [_thread_blocked, id=13684, stack(0x0000004a7d900000,0x0000004a7da00000)]
  0x0000019167ef6810 JavaThread "ForkJoinPool.commonPool-worker-3" daemon [_thread_blocked, id=26352, stack(0x0000004a7da00000,0x0000004a7db00000)]
  0x0000019167ef58e0 JavaThread "ForkJoinPool.commonPool-worker-5" daemon [_thread_blocked, id=1596, stack(0x0000004a7db00000,0x0000004a7dc00000)]
  0x0000019167ef3f90 JavaThread "ForkJoinPool.commonPool-worker-4" daemon [_thread_blocked, id=4488, stack(0x0000004a7dc00000,0x0000004a7dd00000)]
  0x0000019167ef53d0 JavaThread "ForkJoinPool.commonPool-worker-6" daemon [_thread_blocked, id=18076, stack(0x0000004a7dd00000,0x0000004a7de00000)]
  0x0000019167ef49b0 JavaThread "ForkJoinPool.commonPool-worker-8" daemon [_thread_blocked, id=10972, stack(0x0000004a7df00000,0x0000004a7e000000)]
  0x0000019167ef4ec0 JavaThread "ForkJoinPool.commonPool-worker-9" daemon [_thread_blocked, id=7932, stack(0x0000004a7e000000,0x0000004a7e100000)]
  0x0000019167ef3570 JavaThread "ForkJoinPool.commonPool-worker-11" daemon [_thread_blocked, id=4520, stack(0x0000004a7e200000,0x0000004a7e300000)]
  0x0000019167833b80 JavaThread "jar transforms Thread 2" [_thread_blocked, id=4944, stack(0x0000004a03c00000,0x0000004a03d00000)]
  0x0000019167832230 JavaThread "jar transforms Thread 3" [_thread_blocked, id=11112, stack(0x0000004a03d00000,0x0000004a03e00000)]
  0x0000019167836400 JavaThread "jar transforms Thread 4" [_thread_blocked, id=3716, stack(0x0000004a04700000,0x0000004a04800000)]
  0x0000019167836910 JavaThread "jar transforms Thread 5" [_thread_blocked, id=27180, stack(0x0000004a04800000,0x0000004a04900000)]
  0x0000019167837d50 JavaThread "jar transforms Thread 6" [_thread_blocked, id=12144, stack(0x0000004a04900000,0x0000004a04a00000)]
  0x00000191690bcdc0 JavaThread "jar transforms Thread 7" [_thread_blocked, id=1752, stack(0x0000004a04b00000,0x0000004a04c00000)]
  0x00000191690bc8b0 JavaThread "jar transforms Thread 8" [_thread_blocked, id=27568, stack(0x0000004a04c00000,0x0000004a04d00000)]
  0x00000191690bd2d0 JavaThread "jar transforms Thread 9" [_thread_blocked, id=22372, stack(0x0000004a04d00000,0x0000004a04e00000)]
  0x00000191690b9b20 JavaThread "jar transforms Thread 10" [_thread_blocked, id=27448, stack(0x0000004a04e00000,0x0000004a04f00000)]
  0x00000191690bd7e0 JavaThread "jar transforms Thread 11" [_thread_blocked, id=9708, stack(0x0000004a04f00000,0x0000004a05000000)]
  0x00000191690ba030 JavaThread "jar transforms Thread 12" [_thread_blocked, id=15932, stack(0x0000004a05000000,0x0000004a05100000)]
  0x0000019166e8a4d0 JavaThread "Handler for socket connection from /127.0.0.1:64413 to /127.0.0.1:57536" [_thread_in_native, id=23492, stack(0x0000004a00100000,0x0000004a00200000)]
  0x0000019166e88b80 JavaThread "Cancel handler" [_thread_blocked, id=24556, stack(0x0000004a00200000,0x0000004a00300000)]
  0x0000019166e8a9e0 JavaThread "Asynchronous log dispatcher for DefaultDaemonConnection: socket connection from /127.0.0.1:64413 to /127.0.0.1:57536" [_thread_blocked, id=20864, stack(0x0000004a00300000,0x0000004a00400000)]
  0x0000019166e87230 JavaThread "Stdin handler" [_thread_blocked, id=26848, stack(0x0000004a00400000,0x0000004a00500000)]
  0x0000019166e8aef0 JavaThread "Daemon client event forwarder" [_thread_blocked, id=1192, stack(0x0000004a00500000,0x0000004a00600000)]
  0x0000019166e87740 JavaThread "Cache worker for file hash cache (C:\Users\asepr\mobile-app\mobile\android\.gradle\9.0.0\fileHashes)" [_thread_blocked, id=2784, stack(0x0000004a00600000,0x0000004a00700000)]
  0x0000019166e89ab0 JavaThread "Cache worker for Build Output Cleanup Cache (C:\Users\asepr\mobile-app\mobile\android\.gradle\buildOutputCleanup)" [_thread_blocked, id=7568, stack(0x0000004a00700000,0x0000004a00800000)]
  0x0000019166e89090 JavaThread "Cache worker for checksums cache (C:\Users\asepr\mobile-app\mobile\android\.gradle\9.0.0\checksums)" [_thread_blocked, id=6276, stack(0x0000004a00800000,0x0000004a00900000)]
  0x0000019166e895a0 JavaThread "Cache worker for cache directory md-supplier (C:\Users\asepr\.gradle\caches\9.0.0\md-supplier)" [_thread_blocked, id=12188, stack(0x0000004a00900000,0x0000004a00a00000)]
  0x0000019166e8b400 JavaThread "Cache worker for cache directory md-rule (C:\Users\asepr\.gradle\caches\9.0.0\md-rule)" [_thread_blocked, id=15132, stack(0x0000004a00a00000,0x0000004a00b00000)]
  0x0000019166e89fc0 JavaThread "Cache worker for Build Output Cleanup Cache (C:\Users\asepr\mobile-app\mobile\node_modules\@react-native\gradle-plugin\.gradle\buildOutputCleanup)" [_thread_blocked, id=12584, stack(0x0000004a00b00000,0x0000004a00c00000)]
  0x0000019166e87c50 JavaThread "Unconstrained build operations" [_thread_blocked, id=20160, stack(0x0000004a00c00000,0x0000004a00d00000)]
  0x0000019166e8b910 JavaThread "Unconstrained build operations Thread 2" [_thread_blocked, id=23584, stack(0x0000004a00d00000,0x0000004a00e00000)]
  0x0000019166e88160 JavaThread "Unconstrained build operations Thread 3" [_thread_blocked, id=4640, stack(0x0000004a00e00000,0x0000004a00f00000)]
  0x0000019166e8e6a0 JavaThread "Unconstrained build operations Thread 4" [_thread_blocked, id=1924, stack(0x0000004a00f00000,0x0000004a01000000)]
  0x0000019166e86d20 JavaThread "Unconstrained build operations Thread 5" [_thread_blocked, id=4204, stack(0x0000004a01000000,0x0000004a01100000)]
  0x0000019166e8be20 JavaThread "Unconstrained build operations Thread 6" [_thread_blocked, id=4256, stack(0x0000004a01100000,0x0000004a01200000)]
  0x0000019166e8c330 JavaThread "Unconstrained build operations Thread 7" [_thread_blocked, id=20048, stack(0x0000004a01200000,0x0000004a01300000)]
  0x0000019166e8cd50 JavaThread "Unconstrained build operations Thread 8" [_thread_blocked, id=7380, stack(0x0000004a01300000,0x0000004a01400000)]
  0x0000019166e8c840 JavaThread "Unconstrained build operations Thread 9" [_thread_blocked, id=25648, stack(0x0000004a01400000,0x0000004a01500000)]
  0x0000019166e8d260 JavaThread "Unconstrained build operations Thread 10" [_thread_blocked, id=25104, stack(0x0000004a01500000,0x0000004a01600000)]
  0x0000019166e8d770 JavaThread "Unconstrained build operations Thread 11" [_thread_blocked, id=14976, stack(0x0000004a01600000,0x0000004a01700000)]
  0x0000019166e8dc80 JavaThread "Unconstrained build operations Thread 12" [_thread_blocked, id=13616, stack(0x0000004a01700000,0x0000004a01800000)]
  0x0000019166e8e190 JavaThread "Unconstrained build operations Thread 13" [_thread_blocked, id=23008, stack(0x0000004a01800000,0x0000004a01900000)]
  0x0000019168b7fb90 JavaThread "Unconstrained build operations Thread 14" [_thread_blocked, id=18068, stack(0x0000004a01900000,0x0000004a01a00000)]
  0x0000019168b819f0 JavaThread "Unconstrained build operations Thread 15" [_thread_blocked, id=11472, stack(0x0000004a01a00000,0x0000004a01b00000)]
  0x0000019168b82410 JavaThread "Unconstrained build operations Thread 16" [_thread_blocked, id=6572, stack(0x0000004a01b00000,0x0000004a01c00000)]
  0x0000019168b82e30 JavaThread "Unconstrained build operations Thread 17" [_thread_blocked, id=5784, stack(0x0000004a01c00000,0x0000004a01d00000)]
  0x0000019168b82920 JavaThread "Unconstrained build operations Thread 18" [_thread_blocked, id=6136, stack(0x0000004a01d00000,0x0000004a01e00000)]
  0x0000019168b83340 JavaThread "Unconstrained build operations Thread 19" [_thread_blocked, id=17740, stack(0x0000004a01e00000,0x0000004a01f00000)]
  0x0000019168b83850 JavaThread "Unconstrained build operations Thread 20" [_thread_blocked, id=4796, stack(0x0000004a01f00000,0x0000004a02000000)]
  0x0000019168b80ac0 JavaThread "Unconstrained build operations Thread 21" [_thread_blocked, id=11884, stack(0x0000004a02000000,0x0000004a02100000)]
  0x0000019168b800a0 JavaThread "Unconstrained build operations Thread 22" [_thread_blocked, id=14604, stack(0x0000004a02100000,0x0000004a02200000)]
  0x0000019168b83d60 JavaThread "Unconstrained build operations Thread 23" [_thread_blocked, id=11464, stack(0x0000004a02200000,0x0000004a02300000)]
  0x0000019168b805b0 JavaThread "Unconstrained build operations Thread 24" [_thread_blocked, id=18388, stack(0x0000004a02300000,0x0000004a02400000)]
  0x0000019168b80fd0 JavaThread "Unconstrained build operations Thread 25" [_thread_blocked, id=3300, stack(0x0000004a02400000,0x0000004a02500000)]
  0x0000019168b84270 JavaThread "Unconstrained build operations Thread 26" [_thread_blocked, id=25876, stack(0x0000004a02500000,0x0000004a02600000)]
  0x0000019168b814e0 JavaThread "build event listener" [_thread_blocked, id=14584, stack(0x0000004a02600000,0x0000004a02700000)]
  0x0000019168b87510 JavaThread "ForkJoinPool.commonPool-worker-12" daemon [_thread_blocked, id=25120, stack(0x0000004a00000000,0x0000004a00100000)]
  0x0000019168b851a0 JavaThread "ForkJoinPool.commonPool-worker-13" daemon [_thread_blocked, id=17800, stack(0x0000004a02700000,0x0000004a02800000)]
  0x0000019168b856b0 JavaThread "included builds" [_thread_blocked, id=24284, stack(0x0000004a02800000,0x0000004a02900000)]
  0x0000019168b860d0 JavaThread "Execution worker" [_thread_in_Java, id=20808, stack(0x0000004a02900000,0x0000004a02a00000)]
  0x0000019168b865e0 JavaThread "Execution worker Thread 2" [_thread_blocked, id=12480, stack(0x0000004a02a00000,0x0000004a02b00000)]
  0x0000019168b86af0 JavaThread "Execution worker Thread 3" [_thread_blocked, id=16624, stack(0x0000004a02b00000,0x0000004a02c00000)]
  0x0000019168b87000 JavaThread "Execution worker Thread 4" [_thread_in_Java, id=17092, stack(0x0000004a02c00000,0x0000004a02d00000)]
  0x0000019168078200 JavaThread "Execution worker Thread 5" [_thread_blocked, id=15172, stack(0x0000004a02d00000,0x0000004a02e00000)]
  0x0000019168079b50 JavaThread "Execution worker Thread 6" [_thread_blocked, id=12748, stack(0x0000004a02e00000,0x0000004a02f00000)]
  0x0000019168078710 JavaThread "Execution worker Thread 7" [_thread_blocked, id=7912, stack(0x0000004a02f00000,0x0000004a03000000)]
  0x0000019168078c20 JavaThread "Execution worker Thread 8" [_thread_blocked, id=23760, stack(0x0000004a03000000,0x0000004a03100000)]
  0x0000019168079640 JavaThread "Execution worker Thread 9" [_thread_blocked, id=27084, stack(0x0000004a03100000,0x0000004a03200000)]
  0x0000019168079130 JavaThread "Execution worker Thread 10" [_thread_blocked, id=10548, stack(0x0000004a03200000,0x0000004a03300000)]
  0x000001916807a060 JavaThread "Execution worker Thread 11" [_thread_blocked, id=8, stack(0x0000004a03300000,0x0000004a03400000)]
  0x000001916807a570 JavaThread "Cache worker for execution history cache (C:\Users\asepr\mobile-app\mobile\node_modules\@react-native\gradle-plugin\.gradle\9.0.0\executionHistory)" [_thread_blocked, id=1904, stack(0x0000004a03400000,0x0000004a03500000)]
  0x000001916807aa80 JavaThread "Unconstrained build operations Thread 27" [_thread_blocked, id=26480, stack(0x0000004a03500000,0x0000004a03600000)]
  0x00000191680772d0 JavaThread "Unconstrained build operations Thread 28" [_thread_blocked, id=26056, stack(0x0000004a03600000,0x0000004a03700000)]
  0x000001916807af90 JavaThread "Unconstrained build operations Thread 29" [_thread_blocked, id=26700, stack(0x0000004a03700000,0x0000004a03800000)]
  0x00000191680777e0 JavaThread "Unconstrained build operations Thread 30" [_thread_blocked, id=26976, stack(0x0000004a03800000,0x0000004a03900000)]
  0x000001916807b4a0 JavaThread "Unconstrained build operations Thread 31" [_thread_blocked, id=15276, stack(0x0000004a03900000,0x0000004a03a00000)]
  0x0000019168077cf0 JavaThread "Unconstrained build operations Thread 32" [_thread_blocked, id=25288, stack(0x0000004a03a00000,0x0000004a03b00000)]
  0x000001916807e230 JavaThread "Unconstrained build operations Thread 33" [_thread_blocked, id=25576, stack(0x0000004a03e00000,0x0000004a03f00000)]
  0x000001916807c8e0 JavaThread "Unconstrained build operations Thread 34" [_thread_blocked, id=2544, stack(0x0000004a03f00000,0x0000004a04000000)]
  0x000001916807b9b0 JavaThread "Unconstrained build operations Thread 35" [_thread_blocked, id=19556, stack(0x0000004a04000000,0x0000004a04100000)]
  0x000001916807e740 JavaThread "Unconstrained build operations Thread 36" [_thread_blocked, id=15584, stack(0x0000004a04100000,0x0000004a04200000)]
  0x000001916807bec0 JavaThread "Unconstrained build operations Thread 37" [_thread_blocked, id=6304, stack(0x0000004a04200000,0x0000004a04300000)]
  0x000001916807c3d0 JavaThread "Unconstrained build operations Thread 38" [_thread_blocked, id=20016, stack(0x0000004a04300000,0x0000004a04400000)]
  0x000001916807ec50 JavaThread "Unconstrained build operations Thread 39" [_thread_blocked, id=13772, stack(0x0000004a04400000,0x0000004a04500000)]
  0x000001916807d810 JavaThread "Unconstrained build operations Thread 40" [_thread_blocked, id=15188, stack(0x0000004a04500000,0x0000004a04600000)]
  0x00000191670d9800 JavaThread "Unconstrained build operations Thread 41" [_thread_blocked, id=3144, stack(0x0000004a04600000,0x0000004a04700000)]
  0x00000191670db660 JavaThread "Unconstrained build operations Thread 42" [_thread_blocked, id=12260, stack(0x0000004a04a00000,0x0000004a04b00000)]
  0x00000191670d8de0 JavaThread "Unconstrained build operations Thread 43" [_thread_blocked, id=10048, stack(0x0000004a05100000,0x0000004a05200000)]
  0x00000191670dc590 JavaThread "Unconstrained build operations Thread 44" [_thread_blocked, id=10920, stack(0x0000004a05200000,0x0000004a05300000)]
  0x00000191670dac40 JavaThread "Unconstrained build operations Thread 45" [_thread_blocked, id=15364, stack(0x0000004a05300000,0x0000004a05400000)]
  0x00000191670dbb70 JavaThread "Unconstrained build operations Thread 46" [_thread_blocked, id=23104, stack(0x0000004a05400000,0x0000004a05500000)]
  0x00000191670dd4c0 JavaThread "Unconstrained build operations Thread 47" [_thread_blocked, id=988, stack(0x0000004a05500000,0x0000004a05600000)]
  0x00000191670db150 JavaThread "Unconstrained build operations Thread 48" [_thread_blocked, id=18392, stack(0x0000004a05600000,0x0000004a05700000)]
  0x00000191670dcaa0 JavaThread "Unconstrained build operations Thread 49" [_thread_blocked, id=11764, stack(0x0000004a05700000,0x0000004a05800000)]
  0x00000191670dcfb0 JavaThread "Unconstrained build operations Thread 50" [_thread_blocked, id=8408, stack(0x0000004a05800000,0x0000004a05900000)]
  0x00000191670d9d10 JavaThread "Unconstrained build operations Thread 51" [_thread_blocked, id=20952, stack(0x0000004a05900000,0x0000004a05a00000)]
  0x00000191670dee10 JavaThread "Unconstrained build operations Thread 52" [_thread_blocked, id=5800, stack(0x0000004a05a00000,0x0000004a05b00000)]
  0x00000191670dd9d0 JavaThread "Unconstrained build operations Thread 53" [_thread_blocked, id=18744, stack(0x0000004a05b00000,0x0000004a05c00000)]
  0x00000191670de3f0 JavaThread "Unconstrained build operations Thread 54" [_thread_blocked, id=11488, stack(0x0000004a05c00000,0x0000004a05d00000)]
  0x00000191670ddee0 JavaThread "Unconstrained build operations Thread 55" [_thread_blocked, id=13260, stack(0x0000004a05d00000,0x0000004a05e00000)]
  0x00000191670de900 JavaThread "Unconstrained build operations Thread 56" [_thread_blocked, id=20520, stack(0x0000004a05e00000,0x0000004a05f00000)]
  0x00000191670df320 JavaThread "Unconstrained build operations Thread 57" [_thread_blocked, id=11188, stack(0x0000004a05f00000,0x0000004a06000000)]
  0x00000191670e0250 JavaThread "Unconstrained build operations Thread 58" [_thread_blocked, id=25156, stack(0x0000004a06000000,0x0000004a06100000)]
  0x00000191670dfd40 JavaThread "Unconstrained build operations Thread 59" [_thread_blocked, id=21060, stack(0x0000004a06100000,0x0000004a06200000)]
  0x00000191670df830 JavaThread "Unconstrained build operations Thread 60" [_thread_blocked, id=20220, stack(0x0000004a06200000,0x0000004a06300000)]
  0x00000191670e0760 JavaThread "Unconstrained build operations Thread 61" [_thread_blocked, id=22572, stack(0x0000004a06300000,0x0000004a06400000)]
  0x0000019167831d20 JavaThread "Unconstrained build operations Thread 62" [_thread_blocked, id=10180, stack(0x0000004a06400000,0x0000004a06500000)]
  0x0000019167832c50 JavaThread "Unconstrained build operations Thread 63" [_thread_blocked, id=11092, stack(0x0000004a06500000,0x0000004a06600000)]
  0x0000019167832740 JavaThread "Unconstrained build operations Thread 64" [_thread_blocked, id=11076, stack(0x0000004a06600000,0x0000004a06700000)]
  0x0000019167831300 JavaThread "Unconstrained build operations Thread 65" [_thread_blocked, id=27440, stack(0x0000004a06700000,0x0000004a06800000)]
  0x0000019167831810 JavaThread "Unconstrained build operations Thread 66" [_thread_blocked, id=6680, stack(0x0000004a06800000,0x0000004a06900000)]
  0x0000019167833160 JavaThread "Unconstrained build operations Thread 67" [_thread_blocked, id=2664, stack(0x0000004a06900000,0x0000004a06a00000)]
  0x00000191678345a0 JavaThread "Unconstrained build operations Thread 68" [_thread_blocked, id=5144, stack(0x0000004a06a00000,0x0000004a06b00000)]
  0x0000019167833670 JavaThread "Problems report writer" [_thread_blocked, id=13140, stack(0x0000004a06b00000,0x0000004a06c00000)]
  0x0000019167834ab0 JavaThread "Unconstrained build operations Thread 69" [_thread_blocked, id=24208, stack(0x0000004a06c00000,0x0000004a06d00000)]
  0x00000191678359e0 JavaThread "Unconstrained build operations Thread 70" [_thread_blocked, id=23480, stack(0x0000004a06d00000,0x0000004a06e00000)]
  0x0000019167834090 JavaThread "Unconstrained build operations Thread 71" [_thread_blocked, id=23312, stack(0x0000004a06e00000,0x0000004a06f00000)]
  0x00000191678354d0 JavaThread "Unconstrained build operations Thread 72" [_thread_blocked, id=16208, stack(0x0000004a06f00000,0x0000004a07000000)]
  0x0000019167835ef0 JavaThread "Unconstrained build operations Thread 73" [_thread_blocked, id=23400, stack(0x0000004a07000000,0x0000004a07100000)]
  0x00000191690c0f90 JavaThread "Unconstrained build operations Thread 74" [_thread_blocked, id=24828, stack(0x0000004a07100000,0x0000004a07200000)]
  0x00000191690be200 JavaThread "Unconstrained build operations Thread 75" [_thread_blocked, id=13600, stack(0x0000004a07200000,0x0000004a07300000)]
  0x00000191690c0060 JavaThread "Unconstrained build operations Thread 76" [_thread_blocked, id=5296, stack(0x0000004a07300000,0x0000004a07400000)]
  0x00000191690be710 JavaThread "Unconstrained build operations Thread 77" [_thread_blocked, id=19232, stack(0x0000004a07400000,0x0000004a07500000)]
  0x00000191690bf130 JavaThread "Unconstrained build operations Thread 78" [_thread_blocked, id=26920, stack(0x0000004a07500000,0x0000004a07600000)]
  0x00000191690bf640 JavaThread "Unconstrained build operations Thread 79" [_thread_blocked, id=26384, stack(0x0000004a07600000,0x0000004a07700000)]
  0x0000019165806df0 JavaThread "Unconstrained build operations Thread 80" [_thread_blocked, id=1348, stack(0x0000004a07700000,0x0000004a07800000)]
  0x0000019165807810 JavaThread "Unconstrained build operations Thread 81" [_thread_blocked, id=13488, stack(0x0000004a07800000,0x0000004a07900000)]
  0x0000019165807300 JavaThread "Unconstrained build operations Thread 82" [_thread_blocked, id=27164, stack(0x0000004a07900000,0x0000004a07a00000)]
  0x0000019165807d20 JavaThread "Unconstrained build operations Thread 83" [_thread_blocked, id=10924, stack(0x0000004a07a00000,0x0000004a07b00000)]
  0x0000019165808740 JavaThread "Unconstrained build operations Thread 84" [_thread_blocked, id=17832, stack(0x0000004a07b00000,0x0000004a07c00000)]
  0x0000019167ef44a0 JavaThread "Unconstrained build operations Thread 85" [_thread_blocked, id=15252, stack(0x0000004a07c00000,0x0000004a07d00000)]
  0x0000019167ef3060 JavaThread "Unconstrained build operations Thread 86" [_thread_blocked, id=2464, stack(0x0000004a07d00000,0x0000004a07e00000)]
  0x0000019165808230 JavaThread "Unconstrained build operations Thread 87" [_thread_blocked, id=16832, stack(0x0000004a07e00000,0x0000004a07f00000)]
  0x00000191690bfb50 JavaThread "Unconstrained build operations Thread 88" [_thread_blocked, id=3688, stack(0x0000004a07f00000,0x0000004a08000000)]
  0x00000191696c99a0 JavaThread "Unconstrained build operations Thread 89" [_thread_blocked, id=27416, stack(0x0000004a08000000,0x0000004a08100000)]
  0x00000191696c9eb0 JavaThread "Unconstrained build operations Thread 90" [_thread_blocked, id=18056, stack(0x0000004a08100000,0x0000004a08200000)]
  0x00000191696ca3c0 JavaThread "Unconstrained build operations Thread 91" [_thread_blocked, id=25088, stack(0x0000004a08200000,0x0000004a08300000)]
  0x00000191696cb2f0 JavaThread "Unconstrained build operations Thread 92" [_thread_blocked, id=27036, stack(0x0000004a08300000,0x0000004a08400000)]
  0x00000191696c8560 JavaThread "Unconstrained build operations Thread 93" [_thread_blocked, id=11404, stack(0x0000004a08400000,0x0000004a08500000)]
  0x00000191696c8a70 JavaThread "Unconstrained build operations Thread 94" [_thread_blocked, id=14984, stack(0x0000004a08500000,0x0000004a08600000)]
  0x00000191696c9490 JavaThread "Unconstrained build operations Thread 95" [_thread_blocked, id=21340, stack(0x0000004a08600000,0x0000004a08700000)]
  0x00000191696cade0 JavaThread "Unconstrained build operations Thread 96" [_thread_blocked, id=12136, stack(0x0000004a08700000,0x0000004a08800000)]
  0x00000191696c8f80 JavaThread "Unconstrained build operations Thread 97" [_thread_blocked, id=17372, stack(0x0000004a08800000,0x0000004a08900000)]
  0x00000191696ca8d0 JavaThread "Unconstrained build operations Thread 98" [_thread_blocked, id=18976, stack(0x0000004a08900000,0x0000004a08a00000)]
  0x00000191696cb800 JavaThread "Unconstrained build operations Thread 99" [_thread_blocked, id=22816, stack(0x0000004a08a00000,0x0000004a08b00000)]
  0x00000191696c8050 JavaThread "Unconstrained build operations Thread 100" [_thread_blocked, id=13344, stack(0x0000004a08b00000,0x0000004a08c00000)]
  0x00000191696cf4c0 JavaThread "build event listener" [_thread_blocked, id=26044, stack(0x0000004a08c00000,0x0000004a08d00000)]
  0x00000191696cefb0 JavaThread "Unconstrained build operations Thread 101" [_thread_blocked, id=26104, stack(0x0000004a08d00000,0x0000004a08e00000)]
  0x00000191696ceaa0 JavaThread "Unconstrained build operations Thread 102" [_thread_blocked, id=15372, stack(0x0000004a08e00000,0x0000004a08f00000)]
  0x00000191696ccc40 JavaThread "Unconstrained build operations Thread 103" [_thread_blocked, id=6880, stack(0x0000004a08f00000,0x0000004a09000000)]
  0x00000191696cbd10 JavaThread "Unconstrained build operations Thread 104" [_thread_blocked, id=2636, stack(0x0000004a09000000,0x0000004a09100000)]
  0x00000191696cd150 JavaThread "Unconstrained build operations Thread 105" [_thread_blocked, id=27408, stack(0x0000004a09100000,0x0000004a09200000)]
  0x00000191696cc220 JavaThread "Unconstrained build operations Thread 106" [_thread_blocked, id=2300, stack(0x0000004a09200000,0x0000004a09300000)]
  0x00000191696cdb70 JavaThread "Unconstrained build operations Thread 107" [_thread_blocked, id=10888, stack(0x0000004a09300000,0x0000004a09400000)]
  0x00000191696cd660 JavaThread "Unconstrained build operations Thread 108" [_thread_blocked, id=20556, stack(0x0000004a09400000,0x0000004a09500000)]
  0x00000191696cf9d0 JavaThread "Unconstrained build operations Thread 109" [_thread_blocked, id=18644, stack(0x0000004a09500000,0x0000004a09600000)]
  0x00000191696cc730 JavaThread "Unconstrained build operations Thread 110" [_thread_blocked, id=26768, stack(0x0000004a09600000,0x0000004a09700000)]
  0x00000191696ce080 JavaThread "Unconstrained build operations Thread 111" [_thread_blocked, id=25980, stack(0x0000004a09700000,0x0000004a09800000)]
  0x0000019167838260 JavaThread "Unconstrained build operations Thread 112" [_thread_blocked, id=18564, stack(0x0000004a09800000,0x0000004a09900000)]
  0x00000191690ba540 JavaThread "Unconstrained build operations Thread 113" [_thread_blocked, id=6952, stack(0x0000004a09900000,0x0000004a09a00000)]
  0x000001916f0d58d0 JavaThread "Unconstrained build operations Thread 114" [_thread_blocked, id=1728, stack(0x0000004a09a00000,0x0000004a09b00000)]
  0x000001916f0d7220 JavaThread "Unconstrained build operations Thread 115" [_thread_blocked, id=16636, stack(0x0000004a09b00000,0x0000004a09c00000)]
  0x000001916f0d62f0 JavaThread "Unconstrained build operations Thread 116" [_thread_blocked, id=11792, stack(0x0000004a09c00000,0x0000004a09d00000)]
  0x000001916f0d7730 JavaThread "Unconstrained build operations Thread 117" [_thread_blocked, id=3628, stack(0x0000004a09d00000,0x0000004a09e00000)]
  0x000001916f0d7c40 JavaThread "Unconstrained build operations Thread 118" [_thread_blocked, id=6092, stack(0x0000004a09e00000,0x0000004a09f00000)]
  0x000001916f0d53c0 JavaThread "Unconstrained build operations Thread 119" [_thread_blocked, id=12800, stack(0x0000004a09f00000,0x0000004a0a000000)]
  0x000001916f0d5de0 JavaThread "Unconstrained build operations Thread 120" [_thread_blocked, id=9188, stack(0x0000004a0a000000,0x0000004a0a100000)]
  0x000001916f0dbe10 JavaThread "Cache worker for execution history cache (C:\Users\asepr\mobile-app\mobile\android\.gradle\9.0.0\executionHistory)" [_thread_blocked, id=18008, stack(0x0000004a03b00000,0x0000004a03c00000)]
  0x000001916f0d9080 JavaThread "WorkerExecutor Queue" [_thread_in_native, id=2188, stack(0x0000004a0a400000,0x0000004a0a500000)]
  0x000001916f0d9aa0 JavaThread "WorkerExecutor Queue Thread 3" [_thread_in_native, id=14144, stack(0x0000004a0a600000,0x0000004a0a700000)]
  0x000001916f0daee0 JavaThread "WorkerExecutor Queue Thread 5" [_thread_blocked, id=13360, stack(0x0000004a0a800000,0x0000004a0a900000)]
  0x00000191690b9610 JavaThread "WorkerExecutor Queue Thread 7" [_thread_blocked, id=10348, stack(0x0000004a0ac00000,0x0000004a0ad00000)]
  0x000001916807d300 JavaThread "WorkerExecutor Queue Thread 8" [_thread_blocked, id=15560, stack(0x0000004a0b300000,0x0000004a0b400000)]
  0x000001916f85e290 JavaThread "WorkerExecutor Queue Thread 10" [_thread_blocked, id=2420, stack(0x0000004a0b500000,0x0000004a0b600000)]
  0x000001916f85bf20 JavaThread "WorkerExecutor Queue Thread 11" [_thread_blocked, id=10956, stack(0x0000004a0b600000,0x0000004a0b700000)]
  0x000001916f85ce50 JavaThread "WorkerExecutor Queue Thread 12" [_thread_blocked, id=20356, stack(0x0000004a0b700000,0x0000004a0b800000)]
  0x000001916f85b500 JavaThread "WorkerExecutor Queue Thread 13" [_thread_in_native, id=26936, stack(0x0000004a0a900000,0x0000004a0aa00000)]
  0x000001916f860b10 JavaThread "WorkerExecutor Queue Thread 14" [_thread_blocked, id=19396, stack(0x0000004a0ba00000,0x0000004a0bb00000)]
  0x000001916f861020 JavaThread "pool-5-thread-1" [_thread_blocked, id=20604, stack(0x0000004a0a700000,0x0000004a0a800000)]
  0x000001916f862970 JavaThread "Cache worker for Java compile cache (C:\Users\asepr\.gradle\caches\9.0.0\javaCompile)" [_thread_blocked, id=23908, stack(0x0000004a0ad00000,0x0000004a0ae00000)]
  0x000001916f85c430 JavaThread "stderr" [_thread_in_native, id=26072, stack(0x0000004a0b800000,0x0000004a0b900000)]
  0x000001916f862e80 JavaThread "stdout" [_thread_in_native, id=12984, stack(0x0000004a0b900000,0x0000004a0ba00000)]
  0x000001916f8638a0 JavaThread "Build operations" [_thread_blocked, id=18064, stack(0x0000004a0bb00000,0x0000004a0bc00000)]
  0x000001916f8600f0 JavaThread "Build operations Thread 2" [_thread_blocked, id=18320, stack(0x0000004a0bc00000,0x0000004a0bd00000)]
  0x000001916f863db0 JavaThread "Build operations Thread 3" [_thread_blocked, id=8624, stack(0x0000004a0bd00000,0x0000004a0be00000)]
  0x000001916f860600 JavaThread "Build operations Thread 4" [_thread_blocked, id=19536, stack(0x0000004a0be00000,0x0000004a0bf00000)]
  0x000001916f866630 JavaThread "Build operations Thread 5" [_thread_blocked, id=14104, stack(0x0000004a0bf00000,0x0000004a0c000000)]
  0x000001916f867560 JavaThread "Build operations Thread 6" [_thread_blocked, id=20816, stack(0x0000004a0c000000,0x0000004a0c100000)]
  0x000001916f864ce0 JavaThread "Build operations Thread 7" [_thread_blocked, id=20328, stack(0x0000004a0c100000,0x0000004a0c200000)]
  0x000001916f866120 JavaThread "Build operations Thread 8" [_thread_blocked, id=3100, stack(0x0000004a0c200000,0x0000004a0c300000)]
  0x000001916f866b40 JavaThread "Build operations Thread 9" [_thread_blocked, id=16912, stack(0x0000004a0c300000,0x0000004a0c400000)]
  0x000001916f867050 JavaThread "Build operations Thread 10" [_thread_blocked, id=14044, stack(0x0000004a0c400000,0x0000004a0c500000)]
  0x000001916f865c10 JavaThread "Build operations Thread 11" [_thread_blocked, id=4844, stack(0x0000004a0c500000,0x0000004a0c600000)]
  0x000001916f8651f0 JavaThread "RMI Scheduler(0)" daemon [_thread_blocked, id=25940, stack(0x0000004a0c600000,0x0000004a0c700000)]
  0x000001916f8642c0 JavaThread "RMI RenewClean-[127.0.0.1:17957,org.jetbrains.kotlin.daemon.common.LoopbackNetworkInterface$ClientLoopbackSocketFactory@60d49fbd]" daemon [_thread_blocked, id=21420, stack(0x0000004a0c700000,0x0000004a0c800000)]
  0x000001916f868490 JavaThread "RMI GC Daemon" daemon [_thread_blocked, id=26844, stack(0x0000004a0c800000,0x0000004a0c900000)]
  0x000001916f867f80 JavaThread "RMI TCP Accept-0" daemon [_thread_in_native, id=6936, stack(0x0000004a0c900000,0x0000004a0ca00000)]
  0x000001916f865700 JavaThread "RMI Reaper" [_thread_blocked, id=5432, stack(0x0000004a0ca00000,0x0000004a0cb00000)]
  0x000001916f86a800 JavaThread "Build operations Thread 12" [_thread_blocked, id=22888, stack(0x0000004a0cb00000,0x0000004a0cc00000)]
  0x000001916f8689a0 JavaThread "RMI TCP Connection(1)-127.0.0.1" daemon [_thread_in_native, id=7288, stack(0x0000004a0ce00000,0x0000004a0cf00000)]
  0x000001916f8693c0 JavaThread "RMI RenewClean-[127.0.0.1:17957,org.jetbrains.kotlin.daemon.common.LoopbackNetworkInterface$ClientLoopbackSocketFactory@51708260]" daemon [_thread_blocked, id=3824, stack(0x0000004a0cf00000,0x0000004a0d000000)]
  0x000001916f8698d0 JavaThread "RMI TCP Connection(2)-127.0.0.1" daemon [_thread_in_native, id=18236, stack(0x0000004a0d000000,0x0000004a0d100000)]
  0x000001916f869de0 JavaThread "RMI RenewClean-[127.0.0.1:17957,org.jetbrains.kotlin.daemon.common.LoopbackNetworkInterface$ClientLoopbackSocketFactory@7b16aefe]" daemon [_thread_blocked, id=21468, stack(0x0000004a0d100000,0x0000004a0d200000)]
  0x000001916f86a2f0 JavaThread "RMI TCP Connection(3)-127.0.0.1" daemon [_thread_in_native, id=20940, stack(0x0000004a0d200000,0x0000004a0d300000)]
  0x000001916f0db3f0 JavaThread "WorkerExecutor Queue Thread 15" [_thread_blocked, id=13016, stack(0x0000004a0a100000,0x0000004a0a200000)]
  0x000001916f0da4c0 JavaThread "WorkerExecutor Queue Thread 16" [_thread_blocked, id=23692, stack(0x0000004a0a200000,0x0000004a0a300000)]

Other Threads:
  0x0000019143d34010 VMThread "VM Thread" [stack: 0x0000004a78000000,0x0000004a78100000] [id=19260]
  0x0000019125c98b70 WatcherThread [stack: 0x0000004a78c00000,0x0000004a78d00000] [id=10228]
  0x0000019123b0d8d0 GCTaskThread "GC Thread#0" [stack: 0x0000004a77b00000,0x0000004a77c00000] [id=18752]
  0x000001916403a0e0 GCTaskThread "GC Thread#1" [stack: 0x0000004a78d00000,0x0000004a78e00000] [id=8524]
  0x00000191640e8560 GCTaskThread "GC Thread#2" [stack: 0x0000004a78e00000,0x0000004a78f00000] [id=5400]
  0x00000191643d47b0 GCTaskThread "GC Thread#3" [stack: 0x0000004a78f00000,0x0000004a79000000] [id=19492]
  0x000001916475a390 GCTaskThread "GC Thread#4" [stack: 0x0000004a79000000,0x0000004a79100000] [id=11320]
  0x000001916574d3d0 GCTaskThread "GC Thread#5" [stack: 0x0000004a79b00000,0x0000004a79c00000] [id=22220]
  0x00000191648dda10 GCTaskThread "GC Thread#6" [stack: 0x0000004a79c00000,0x0000004a79d00000] [id=11528]
  0x0000019164be2840 GCTaskThread "GC Thread#7" [stack: 0x0000004a79d00000,0x0000004a79e00000] [id=3496]
  0x0000019165763680 GCTaskThread "GC Thread#8" [stack: 0x0000004a79e00000,0x0000004a79f00000] [id=18312]
  0x00000191659093c0 GCTaskThread "GC Thread#9" [stack: 0x0000004a79f00000,0x0000004a7a000000] [id=23136]
  0x0000019123b0e860 ConcurrentGCThread "G1 Main Marker" [stack: 0x0000004a77c00000,0x0000004a77d00000] [id=13892]
  0x0000019125d042e0 ConcurrentGCThread "G1 Conc#0" [stack: 0x0000004a77d00000,0x0000004a77e00000] [id=3148]
  0x0000019165db9d10 ConcurrentGCThread "G1 Conc#1" [stack: 0x0000004a7a300000,0x0000004a7a400000] [id=3092]
  0x0000019165db9fd0 ConcurrentGCThread "G1 Conc#2" [stack: 0x0000004a7a400000,0x0000004a7a500000] [id=10452]
  0x0000019125d3d0f0 ConcurrentGCThread "G1 Refine#0" [stack: 0x0000004a77e00000,0x0000004a77f00000] [id=19240]
  0x0000019169396670 ConcurrentGCThread "G1 Refine#1" [stack: 0x0000004a0ae00000,0x0000004a0af00000] [id=19880]
  0x0000019168c6bc20 ConcurrentGCThread "G1 Refine#2" [stack: 0x0000004a0af00000,0x0000004a0b000000] [id=12396]
  0x000001916f325350 ConcurrentGCThread "G1 Refine#3" [stack: 0x0000004a0b000000,0x0000004a0b100000] [id=15832]
  0x000001917016d910 ConcurrentGCThread "G1 Refine#4" [stack: 0x0000004a0b100000,0x0000004a0b200000] [id=2476]
  0x00000191676e9d00 ConcurrentGCThread "G1 Refine#5" [stack: 0x0000004a0b200000,0x0000004a0b300000] [id=21536]
  0x0000019143be9960 ConcurrentGCThread "G1 Service" [stack: 0x0000004a77f00000,0x0000004a78000000] [id=9868]

Threads with active compile tasks:
C2 CompilerThread0  258038 29343       4       com.sun.org.apache.xerces.internal.impl.XMLNSDocumentScannerImpl::scanAttribute (834 bytes)

VM state: not at safepoint (normal execution)

VM Mutex/Monitor currently owned by a thread: None

Heap address: 0x0000000080000000, size: 2048 MB, Compressed Oops mode: 32-bit

CDS archive(s) mapped at: [0x0000019145000000-0x0000019145bb0000-0x0000019145bb0000), size 12255232, SharedBaseAddress: 0x0000019145000000, ArchiveRelocationMode: 1.
Compressed class space mapped at: 0x0000019146000000-0x0000019160000000, reserved size: 436207616
Narrow klass base: 0x0000019145000000, Narrow klass shift: 0, Narrow klass range: 0x100000000

GC Precious Log:
 CPUs: 12 total, 12 available
 Memory: 6005M
 Large Page Support: Disabled
 NUMA Support: Disabled
 Compressed Oops: Enabled (32-bit)
 Heap Region Size: 1M
 Heap Min Capacity: 8M
 Heap Initial Capacity: 94M
 Heap Max Capacity: 2G
 Pre-touch: Disabled
 Parallel Workers: 10
 Concurrent Workers: 3
 Concurrent Refinement Workers: 10
 Periodic GC: Disabled

Heap:
 garbage-first heap   total 766976K, used 508686K [0x0000000080000000, 0x0000000100000000)
  region size 1024K, 199 young (203776K), 5 survivors (5120K)
 Metaspace       used 149873K, committed 152000K, reserved 557056K
  class space    used 20116K, committed 21120K, reserved 425984K

Heap Regions: E=young(eden), S=young(survivor), O=old, HS=humongous(starts), HC=humongous(continues), CS=collection set, F=free, OA=open archive, CA=closed archive, TAMS=top-at-mark-start (previous, next)
|   0|0x0000000080000000, 0x0000000080100000, 0x0000000080100000|100%|HS|  |TAMS 0x0000000080100000, 0x0000000080000000| Complete 
|   1|0x0000000080100000, 0x0000000080200000, 0x0000000080200000|100%|HC|  |TAMS 0x0000000080200000, 0x0000000080100000| Complete 
|   2|0x0000000080200000, 0x0000000080300000, 0x0000000080300000|100%|HC|  |TAMS 0x0000000080300000, 0x0000000080200000| Complete 
|   3|0x0000000080300000, 0x0000000080400000, 0x0000000080400000|100%| O|  |TAMS 0x0000000080400000, 0x0000000080300000| Untracked 
|   4|0x0000000080400000, 0x0000000080500000, 0x0000000080500000|100%| O|  |TAMS 0x0000000080500000, 0x0000000080400000| Untracked 
|   5|0x0000000080500000, 0x0000000080600000, 0x0000000080600000|100%| O|  |TAMS 0x0000000080600000, 0x0000000080500000| Untracked 
|   6|0x0000000080600000, 0x0000000080700000, 0x0000000080700000|100%|HS|  |TAMS 0x0000000080700000, 0x0000000080600000| Complete 
|   7|0x0000000080700000, 0x0000000080800000, 0x0000000080800000|100%| O|  |TAMS 0x0000000080800000, 0x0000000080700000| Untracked 
|   8|0x0000000080800000, 0x0000000080900000, 0x0000000080900000|100%| O|  |TAMS 0x0000000080900000, 0x0000000080800000| Untracked 
|   9|0x0000000080900000, 0x0000000080a00000, 0x0000000080a00000|100%| O|  |TAMS 0x0000000080a00000, 0x0000000080900000| Untracked 
|  10|0x0000000080a00000, 0x0000000080b00000, 0x0000000080b00000|100%| O|  |TAMS 0x0000000080b00000, 0x0000000080a00000| Untracked 
|  11|0x0000000080b00000, 0x0000000080c00000, 0x0000000080c00000|100%| O|  |TAMS 0x0000000080c00000, 0x0000000080b00000| Untracked 
|  12|0x0000000080c00000, 0x0000000080d00000, 0x0000000080d00000|100%| O|  |TAMS 0x0000000080d00000, 0x0000000080c00000| Untracked 
|  13|0x0000000080d00000, 0x0000000080e00000, 0x0000000080e00000|100%| O|  |TAMS 0x0000000080e00000, 0x0000000080d00000| Untracked 
|  14|0x0000000080e00000, 0x0000000080f00000, 0x0000000080f00000|100%| O|  |TAMS 0x0000000080f00000, 0x0000000080e00000| Untracked 
|  15|0x0000000080f00000, 0x0000000081000000, 0x0000000081000000|100%| O|  |TAMS 0x0000000081000000, 0x0000000080f00000| Untracked 
|  16|0x0000000081000000, 0x0000000081100000, 0x0000000081100000|100%| O|  |TAMS 0x0000000081100000, 0x0000000081000000| Untracked 
|  17|0x0000000081100000, 0x0000000081200000, 0x0000000081200000|100%| O|  |TAMS 0x0000000081200000, 0x0000000081100000| Untracked 
|  18|0x0000000081200000, 0x0000000081300000, 0x0000000081300000|100%| O|  |TAMS 0x0000000081300000, 0x0000000081200000| Untracked 
|  19|0x0000000081300000, 0x0000000081400000, 0x0000000081400000|100%| O|  |TAMS 0x0000000081400000, 0x0000000081300000| Untracked 
|  20|0x0000000081400000, 0x0000000081500000, 0x0000000081500000|100%| O|  |TAMS 0x0000000081500000, 0x0000000081400000| Untracked 
|  21|0x0000000081500000, 0x0000000081600000, 0x0000000081600000|100%| O|  |TAMS 0x0000000081600000, 0x0000000081500000| Untracked 
|  22|0x0000000081600000, 0x0000000081700000, 0x0000000081700000|100%| O|  |TAMS 0x0000000081700000, 0x0000000081600000| Untracked 
|  23|0x0000000081700000, 0x0000000081800000, 0x0000000081800000|100%| O|  |TAMS 0x0000000081800000, 0x0000000081700000| Untracked 
|  24|0x0000000081800000, 0x0000000081900000, 0x0000000081900000|100%| O|  |TAMS 0x0000000081900000, 0x0000000081800000| Untracked 
|  25|0x0000000081900000, 0x0000000081a00000, 0x0000000081a00000|100%| O|  |TAMS 0x0000000081a00000, 0x0000000081900000| Untracked 
|  26|0x0000000081a00000, 0x0000000081b00000, 0x0000000081b00000|100%| O|  |TAMS 0x0000000081b00000, 0x0000000081a00000| Untracked 
|  27|0x0000000081b00000, 0x0000000081c00000, 0x0000000081c00000|100%| O|  |TAMS 0x0000000081c00000, 0x0000000081b00000| Untracked 
|  28|0x0000000081c00000, 0x0000000081d00000, 0x0000000081d00000|100%| O|  |TAMS 0x0000000081d00000, 0x0000000081c00000| Untracked 
|  29|0x0000000081d00000, 0x0000000081e00000, 0x0000000081e00000|100%| O|  |TAMS 0x0000000081e00000, 0x0000000081d00000| Untracked 
|  30|0x0000000081e00000, 0x0000000081f00000, 0x0000000081f00000|100%| O|  |TAMS 0x0000000081f00000, 0x0000000081e00000| Untracked 
|  31|0x0000000081f00000, 0x0000000082000000, 0x0000000082000000|100%|HS|  |TAMS 0x0000000082000000, 0x0000000081f00000| Complete 
|  32|0x0000000082000000, 0x0000000082100000, 0x0000000082100000|100%|HC|  |TAMS 0x0000000082100000, 0x0000000082000000| Complete 
|  33|0x0000000082100000, 0x0000000082200000, 0x0000000082200000|100%|HC|  |TAMS 0x0000000082200000, 0x0000000082100000| Complete 
|  34|0x0000000082200000, 0x0000000082300000, 0x0000000082300000|100%|HS|  |TAMS 0x0000000082300000, 0x0000000082200000| Complete 
|  35|0x0000000082300000, 0x0000000082400000, 0x0000000082400000|100%|HC|  |TAMS 0x0000000082400000, 0x0000000082300000| Complete 
|  36|0x0000000082400000, 0x0000000082500000, 0x0000000082500000|100%|HC|  |TAMS 0x0000000082500000, 0x0000000082400000| Complete 
|  37|0x0000000082500000, 0x0000000082600000, 0x0000000082600000|100%| O|  |TAMS 0x0000000082600000, 0x0000000082500000| Untracked 
|  38|0x0000000082600000, 0x0000000082700000, 0x0000000082700000|100%| O|  |TAMS 0x0000000082700000, 0x0000000082600000| Untracked 
|  39|0x0000000082700000, 0x0000000082800000, 0x0000000082800000|100%| O|  |TAMS 0x0000000082800000, 0x0000000082700000| Untracked 
|  40|0x0000000082800000, 0x0000000082900000, 0x0000000082900000|100%| O|  |TAMS 0x0000000082900000, 0x0000000082800000| Untracked 
|  41|0x0000000082900000, 0x0000000082a00000, 0x0000000082a00000|100%| O|  |TAMS 0x0000000082a00000, 0x0000000082900000| Untracked 
|  42|0x0000000082a00000, 0x0000000082b00000, 0x0000000082b00000|100%| O|  |TAMS 0x0000000082b00000, 0x0000000082a00000| Untracked 
|  43|0x0000000082b00000, 0x0000000082c00000, 0x0000000082c00000|100%| O|  |TAMS 0x0000000082c00000, 0x0000000082b00000| Untracked 
|  44|0x0000000082c00000, 0x0000000082d00000, 0x0000000082d00000|100%| O|  |TAMS 0x0000000082d00000, 0x0000000082c00000| Untracked 
|  45|0x0000000082d00000, 0x0000000082e00000, 0x0000000082e00000|100%| O|  |TAMS 0x0000000082e00000, 0x0000000082d00000| Untracked 
|  46|0x0000000082e00000, 0x0000000082f00000, 0x0000000082f00000|100%| O|  |TAMS 0x0000000082f00000, 0x0000000082e00000| Untracked 
|  47|0x0000000082f00000, 0x0000000083000000, 0x0000000083000000|100%| O|  |TAMS 0x0000000083000000, 0x0000000082f00000| Untracked 
|  48|0x0000000083000000, 0x0000000083100000, 0x0000000083100000|100%| O|  |TAMS 0x0000000083100000, 0x0000000083000000| Untracked 
|  49|0x0000000083100000, 0x0000000083200000, 0x0000000083200000|100%| O|  |TAMS 0x0000000083200000, 0x0000000083100000| Untracked 
|  50|0x0000000083200000, 0x0000000083300000, 0x0000000083300000|100%| O|  |TAMS 0x0000000083300000, 0x0000000083200000| Untracked 
|  51|0x0000000083300000, 0x0000000083400000, 0x0000000083400000|100%| O|  |TAMS 0x0000000083400000, 0x0000000083300000| Untracked 
|  52|0x0000000083400000, 0x0000000083500000, 0x0000000083500000|100%| O|  |TAMS 0x0000000083500000, 0x0000000083400000| Untracked 
|  53|0x0000000083500000, 0x0000000083600000, 0x0000000083600000|100%| O|  |TAMS 0x0000000083600000, 0x0000000083500000| Untracked 
|  54|0x0000000083600000, 0x0000000083700000, 0x0000000083700000|100%| O|  |TAMS 0x0000000083700000, 0x0000000083600000| Untracked 
|  55|0x0000000083700000, 0x0000000083800000, 0x0000000083800000|100%| O|  |TAMS 0x0000000083800000, 0x0000000083700000| Untracked 
|  56|0x0000000083800000, 0x0000000083900000, 0x0000000083900000|100%| O|  |TAMS 0x0000000083900000, 0x0000000083800000| Untracked 
|  57|0x0000000083900000, 0x0000000083a00000, 0x0000000083a00000|100%| O|  |TAMS 0x0000000083a00000, 0x0000000083900000| Untracked 
|  58|0x0000000083a00000, 0x0000000083b00000, 0x0000000083b00000|100%| O|  |TAMS 0x0000000083b00000, 0x0000000083a00000| Untracked 
|  59|0x0000000083b00000, 0x0000000083c00000, 0x0000000083c00000|100%| O|  |TAMS 0x0000000083c00000, 0x0000000083b00000| Untracked 
|  60|0x0000000083c00000, 0x0000000083d00000, 0x0000000083d00000|100%| O|  |TAMS 0x0000000083d00000, 0x0000000083c00000| Untracked 
|  61|0x0000000083d00000, 0x0000000083e00000, 0x0000000083e00000|100%| O|  |TAMS 0x0000000083e00000, 0x0000000083d00000| Untracked 
|  62|0x0000000083e00000, 0x0000000083f00000, 0x0000000083f00000|100%| O|  |TAMS 0x0000000083e00000, 0x0000000083e00000| Untracked 
|  63|0x0000000083f00000, 0x0000000084000000, 0x0000000084000000|100%| O|  |TAMS 0x0000000083f00000, 0x0000000083f00000| Untracked 
|  64|0x0000000084000000, 0x0000000084100000, 0x0000000084100000|100%| O|  |TAMS 0x0000000084000000, 0x0000000084000000| Untracked 
|  65|0x0000000084100000, 0x0000000084200000, 0x0000000084200000|100%| O|  |TAMS 0x0000000084200000, 0x0000000084100000| Untracked 
|  66|0x0000000084200000, 0x0000000084300000, 0x0000000084300000|100%| O|  |TAMS 0x0000000084300000, 0x0000000084200000| Untracked 
|  67|0x0000000084300000, 0x0000000084400000, 0x0000000084400000|100%| O|  |TAMS 0x0000000084400000, 0x0000000084300000| Untracked 
|  68|0x0000000084400000, 0x0000000084500000, 0x0000000084500000|100%| O|  |TAMS 0x0000000084400000, 0x0000000084400000| Untracked 
|  69|0x0000000084500000, 0x0000000084600000, 0x0000000084600000|100%| O|  |TAMS 0x0000000084500000, 0x0000000084500000| Untracked 
|  70|0x0000000084600000, 0x0000000084700000, 0x0000000084700000|100%| O|  |TAMS 0x0000000084700000, 0x0000000084600000| Untracked 
|  71|0x0000000084700000, 0x0000000084800000, 0x0000000084800000|100%| O|  |TAMS 0x0000000084800000, 0x0000000084700000| Untracked 
|  72|0x0000000084800000, 0x0000000084900000, 0x0000000084900000|100%| O|  |TAMS 0x0000000084900000, 0x0000000084800000| Untracked 
|  73|0x0000000084900000, 0x0000000084a00000, 0x0000000084a00000|100%| O|  |TAMS 0x0000000084900000, 0x0000000084900000| Untracked 
|  74|0x0000000084a00000, 0x0000000084b00000, 0x0000000084b00000|100%|HS|  |TAMS 0x0000000084b00000, 0x0000000084a00000| Complete 
|  75|0x0000000084b00000, 0x0000000084c00000, 0x0000000084c00000|100%|HS|  |TAMS 0x0000000084c00000, 0x0000000084b00000| Complete 
|  76|0x0000000084c00000, 0x0000000084d00000, 0x0000000084d00000|100%|HS|  |TAMS 0x0000000084d00000, 0x0000000084c00000| Complete 
|  77|0x0000000084d00000, 0x0000000084e00000, 0x0000000084e00000|100%|HS|  |TAMS 0x0000000084e00000, 0x0000000084d00000| Complete 
|  78|0x0000000084e00000, 0x0000000084f00000, 0x0000000084f00000|100%| O|  |TAMS 0x0000000084f00000, 0x0000000084e00000| Untracked 
|  79|0x0000000084f00000, 0x0000000085000000, 0x0000000085000000|100%|HS|  |TAMS 0x0000000085000000, 0x0000000084f00000| Complete 
|  80|0x0000000085000000, 0x0000000085100000, 0x0000000085100000|100%|HS|  |TAMS 0x0000000085100000, 0x0000000085000000| Complete 
|  81|0x0000000085100000, 0x0000000085200000, 0x0000000085200000|100%| O|  |TAMS 0x0000000085200000, 0x0000000085100000| Untracked 
|  82|0x0000000085200000, 0x0000000085300000, 0x0000000085300000|100%| O|  |TAMS 0x0000000085300000, 0x0000000085200000| Untracked 
|  83|0x0000000085300000, 0x0000000085400000, 0x0000000085400000|100%| O|  |TAMS 0x0000000085400000, 0x0000000085300000| Complete 
|  84|0x0000000085400000, 0x0000000085500000, 0x0000000085500000|100%| O|  |TAMS 0x0000000085500000, 0x0000000085400000| Untracked 
|  85|0x0000000085500000, 0x0000000085600000, 0x0000000085600000|100%| O|  |TAMS 0x0000000085600000, 0x0000000085500000| Untracked 
|  86|0x0000000085600000, 0x0000000085700000, 0x0000000085700000|100%| O|  |TAMS 0x0000000085700000, 0x0000000085600000| Untracked 
|  87|0x0000000085700000, 0x0000000085800000, 0x0000000085800000|100%| O|  |TAMS 0x0000000085800000, 0x0000000085700000| Untracked 
|  88|0x0000000085800000, 0x0000000085900000, 0x0000000085900000|100%| O|  |TAMS 0x0000000085900000, 0x0000000085800000| Complete 
|  89|0x0000000085900000, 0x0000000085a00000, 0x0000000085a00000|100%| O|  |TAMS 0x0000000085a00000, 0x0000000085900000| Untracked 
|  90|0x0000000085a00000, 0x0000000085b00000, 0x0000000085b00000|100%| O|  |TAMS 0x0000000085b00000, 0x0000000085a00000| Untracked 
|  91|0x0000000085b00000, 0x0000000085c00000, 0x0000000085c00000|100%| O|  |TAMS 0x0000000085c00000, 0x0000000085b00000| Untracked 
|  92|0x0000000085c00000, 0x0000000085d00000, 0x0000000085d00000|100%| O|  |TAMS 0x0000000085d00000, 0x0000000085c00000| Untracked 
|  93|0x0000000085d00000, 0x0000000085e00000, 0x0000000085e00000|100%|HS|  |TAMS 0x0000000085e00000, 0x0000000085d00000| Complete 
|  94|0x0000000085e00000, 0x0000000085f00000, 0x0000000085f00000|100%| O|  |TAMS 0x0000000085f00000, 0x0000000085e00000| Untracked 
|  95|0x0000000085f00000, 0x0000000086000000, 0x0000000086000000|100%| O|  |TAMS 0x0000000086000000, 0x0000000085f00000| Untracked 
|  96|0x0000000086000000, 0x0000000086100000, 0x0000000086100000|100%|HS|  |TAMS 0x0000000086100000, 0x0000000086000000| Complete 
|  97|0x0000000086100000, 0x0000000086200000, 0x0000000086200000|100%|HC|  |TAMS 0x0000000086200000, 0x0000000086100000| Complete 
|  98|0x0000000086200000, 0x0000000086300000, 0x0000000086300000|100%|HC|  |TAMS 0x0000000086300000, 0x0000000086200000| Complete 
|  99|0x0000000086300000, 0x0000000086400000, 0x0000000086400000|100%| O|  |TAMS 0x0000000086400000, 0x0000000086300000| Untracked 
| 100|0x0000000086400000, 0x0000000086500000, 0x0000000086500000|100%| O|  |TAMS 0x0000000086500000, 0x0000000086400000| Untracked 
| 101|0x0000000086500000, 0x0000000086600000, 0x0000000086600000|100%| O|  |TAMS 0x0000000086600000, 0x0000000086500000| Untracked 
| 102|0x0000000086600000, 0x0000000086700000, 0x0000000086700000|100%| O|  |TAMS 0x0000000086700000, 0x0000000086600000| Untracked 
| 103|0x0000000086700000, 0x0000000086800000, 0x0000000086800000|100%| O|  |TAMS 0x0000000086800000, 0x0000000086700000| Untracked 
| 104|0x0000000086800000, 0x0000000086900000, 0x0000000086900000|100%| O|  |TAMS 0x0000000086900000, 0x0000000086800000| Untracked 
| 105|0x0000000086900000, 0x0000000086a00000, 0x0000000086a00000|100%| O|  |TAMS 0x0000000086a00000, 0x0000000086900000| Untracked 
| 106|0x0000000086a00000, 0x0000000086b00000, 0x0000000086b00000|100%| O|  |TAMS 0x0000000086b00000, 0x0000000086a00000| Untracked 
| 107|0x0000000086b00000, 0x0000000086c00000, 0x0000000086c00000|100%| O|  |TAMS 0x0000000086c00000, 0x0000000086b00000| Untracked 
| 108|0x0000000086c00000, 0x0000000086d00000, 0x0000000086d00000|100%| O|  |TAMS 0x0000000086d00000, 0x0000000086c00000| Untracked 
| 109|0x0000000086d00000, 0x0000000086e00000, 0x0000000086e00000|100%| O|  |TAMS 0x0000000086e00000, 0x0000000086d00000| Untracked 
| 110|0x0000000086e00000, 0x0000000086f00000, 0x0000000086f00000|100%| O|  |TAMS 0x0000000086f00000, 0x0000000086e00000| Untracked 
| 111|0x0000000086f00000, 0x0000000087000000, 0x0000000087000000|100%| O|  |TAMS 0x0000000087000000, 0x0000000086f00000| Untracked 
| 112|0x0000000087000000, 0x0000000087100000, 0x0000000087100000|100%| O|  |TAMS 0x0000000087100000, 0x0000000087000000| Untracked 
| 113|0x0000000087100000, 0x0000000087200000, 0x0000000087200000|100%| O|  |TAMS 0x0000000087200000, 0x0000000087100000| Untracked 
| 114|0x0000000087200000, 0x0000000087300000, 0x0000000087300000|100%| O|  |TAMS 0x0000000087300000, 0x0000000087200000| Untracked 
| 115|0x0000000087300000, 0x0000000087400000, 0x0000000087400000|100%| O|  |TAMS 0x0000000087400000, 0x0000000087300000| Untracked 
| 116|0x0000000087400000, 0x0000000087500000, 0x0000000087500000|100%| O|  |TAMS 0x0000000087500000, 0x0000000087400000| Untracked 
| 117|0x0000000087500000, 0x0000000087600000, 0x0000000087600000|100%| O|  |TAMS 0x0000000087600000, 0x0000000087500000| Untracked 
| 118|0x0000000087600000, 0x0000000087700000, 0x0000000087700000|100%| O|  |TAMS 0x0000000087700000, 0x0000000087600000| Untracked 
| 119|0x0000000087700000, 0x0000000087800000, 0x0000000087800000|100%| O|  |TAMS 0x0000000087800000, 0x0000000087700000| Untracked 
| 120|0x0000000087800000, 0x0000000087900000, 0x0000000087900000|100%| O|  |TAMS 0x0000000087900000, 0x0000000087800000| Untracked 
| 121|0x0000000087900000, 0x0000000087a00000, 0x0000000087a00000|100%| O|  |TAMS 0x0000000087a00000, 0x0000000087900000| Untracked 
| 122|0x0000000087a00000, 0x0000000087b00000, 0x0000000087b00000|100%| O|  |TAMS 0x0000000087b00000, 0x0000000087a00000| Untracked 
| 123|0x0000000087b00000, 0x0000000087c00000, 0x0000000087c00000|100%|HS|  |TAMS 0x0000000087b00000, 0x0000000087b00000| Complete 
| 124|0x0000000087c00000, 0x0000000087d00000, 0x0000000087d00000|100%|HC|  |TAMS 0x0000000087c00000, 0x0000000087c00000| Complete 
| 125|0x0000000087d00000, 0x0000000087e00000, 0x0000000087e00000|100%| O|  |TAMS 0x0000000087d00000, 0x0000000087d00000| Untracked 
| 126|0x0000000087e00000, 0x0000000087f00000, 0x0000000087f00000|100%| O|  |TAMS 0x0000000087e00000, 0x0000000087e00000| Untracked 
| 127|0x0000000087f00000, 0x0000000088000000, 0x0000000088000000|100%| O|  |TAMS 0x0000000088000000, 0x0000000087f00000| Untracked 
| 128|0x0000000088000000, 0x0000000088100000, 0x0000000088100000|100%| O|  |TAMS 0x0000000088100000, 0x0000000088000000| Untracked 
| 129|0x0000000088100000, 0x0000000088200000, 0x0000000088200000|100%| O|  |TAMS 0x0000000088100000, 0x0000000088100000| Untracked 
| 130|0x0000000088200000, 0x0000000088300000, 0x0000000088300000|100%| O|  |TAMS 0x0000000088200000, 0x0000000088200000| Untracked 
| 131|0x0000000088300000, 0x0000000088400000, 0x0000000088400000|100%|HS|  |TAMS 0x0000000088300000, 0x0000000088300000| Complete 
| 132|0x0000000088400000, 0x0000000088500000, 0x0000000088500000|100%|HC|  |TAMS 0x0000000088400000, 0x0000000088400000| Complete 
| 133|0x0000000088500000, 0x0000000088600000, 0x0000000088600000|100%| O|  |TAMS 0x0000000088600000, 0x0000000088500000| Untracked 
| 134|0x0000000088600000, 0x0000000088700000, 0x0000000088700000|100%| O|  |TAMS 0x0000000088700000, 0x0000000088600000| Untracked 
| 135|0x0000000088700000, 0x0000000088800000, 0x0000000088800000|100%| O|  |TAMS 0x0000000088800000, 0x0000000088700000| Untracked 
| 136|0x0000000088800000, 0x0000000088900000, 0x0000000088900000|100%| O|  |TAMS 0x0000000088800000, 0x0000000088800000| Untracked 
| 137|0x0000000088900000, 0x0000000088a00000, 0x0000000088a00000|100%|HS|  |TAMS 0x0000000088a00000, 0x0000000088900000| Complete 
| 138|0x0000000088a00000, 0x0000000088b00000, 0x0000000088b00000|100%|HS|  |TAMS 0x0000000088b00000, 0x0000000088a00000| Complete 
| 139|0x0000000088b00000, 0x0000000088c00000, 0x0000000088c00000|100%| O|  |TAMS 0x0000000088c00000, 0x0000000088b00000| Untracked 
| 140|0x0000000088c00000, 0x0000000088d00000, 0x0000000088d00000|100%|HS|  |TAMS 0x0000000088d00000, 0x0000000088c00000| Complete 
| 141|0x0000000088d00000, 0x0000000088e00000, 0x0000000088e00000|100%|HC|  |TAMS 0x0000000088e00000, 0x0000000088d00000| Complete 
| 142|0x0000000088e00000, 0x0000000088f00000, 0x0000000088f00000|100%| O|  |TAMS 0x0000000088e00000, 0x0000000088e00000| Untracked 
| 143|0x0000000088f00000, 0x0000000089000000, 0x0000000089000000|100%| O|  |TAMS 0x0000000088f00000, 0x0000000088f00000| Untracked 
| 144|0x0000000089000000, 0x0000000089100000, 0x0000000089100000|100%| O|  |TAMS 0x0000000089000000, 0x0000000089000000| Untracked 
| 145|0x0000000089100000, 0x0000000089200000, 0x0000000089200000|100%| O|  |TAMS 0x0000000089100000, 0x0000000089100000| Untracked 
| 146|0x0000000089200000, 0x0000000089300000, 0x0000000089300000|100%| O|  |TAMS 0x0000000089300000, 0x0000000089200000| Untracked 
| 147|0x0000000089300000, 0x0000000089400000, 0x0000000089400000|100%| O|  |TAMS 0x0000000089400000, 0x0000000089300000| Untracked 
| 148|0x0000000089400000, 0x0000000089500000, 0x0000000089500000|100%| O|  |TAMS 0x0000000089500000, 0x0000000089400000| Untracked 
| 149|0x0000000089500000, 0x0000000089600000, 0x0000000089600000|100%| O|  |TAMS 0x0000000089600000, 0x0000000089500000| Untracked 
| 150|0x0000000089600000, 0x0000000089700000, 0x0000000089700000|100%| O|  |TAMS 0x0000000089700000, 0x0000000089600000| Untracked 
| 151|0x0000000089700000, 0x0000000089800000, 0x0000000089800000|100%| O|  |TAMS 0x0000000089800000, 0x0000000089700000| Untracked 
| 152|0x0000000089800000, 0x0000000089900000, 0x0000000089900000|100%| O|  |TAMS 0x0000000089900000, 0x0000000089800000| Complete 
| 153|0x0000000089900000, 0x0000000089a00000, 0x0000000089a00000|100%| O|  |TAMS 0x0000000089a00000, 0x0000000089900000| Untracked 
| 154|0x0000000089a00000, 0x0000000089b00000, 0x0000000089b00000|100%| O|  |TAMS 0x0000000089b00000, 0x0000000089a00000| Untracked 
| 155|0x0000000089b00000, 0x0000000089c00000, 0x0000000089c00000|100%| O|  |TAMS 0x0000000089c00000, 0x0000000089b00000| Untracked 
| 156|0x0000000089c00000, 0x0000000089d00000, 0x0000000089d00000|100%| O|  |TAMS 0x0000000089c00000, 0x0000000089c00000| Untracked 
| 157|0x0000000089d00000, 0x0000000089e00000, 0x0000000089e00000|100%|HS|  |TAMS 0x0000000089e00000, 0x0000000089d00000| Complete 
| 158|0x0000000089e00000, 0x0000000089f00000, 0x0000000089f00000|100%|HS|  |TAMS 0x0000000089f00000, 0x0000000089e00000| Complete 
| 159|0x0000000089f00000, 0x000000008a000000, 0x000000008a000000|100%|HS|  |TAMS 0x000000008a000000, 0x0000000089f00000| Complete 
| 160|0x000000008a000000, 0x000000008a100000, 0x000000008a100000|100%| O|  |TAMS 0x000000008a100000, 0x000000008a000000| Untracked 
| 161|0x000000008a100000, 0x000000008a1c3a00, 0x000000008a200000| 76%| O|  |TAMS 0x000000008a100000, 0x000000008a100000| Untracked 
| 162|0x000000008a200000, 0x000000008a300000, 0x000000008a300000|100%| O|  |TAMS 0x000000008a300000, 0x000000008a200000| Untracked 
| 163|0x000000008a300000, 0x000000008a400000, 0x000000008a400000|100%| O|  |TAMS 0x000000008a400000, 0x000000008a300000| Untracked 
| 164|0x000000008a400000, 0x000000008a500000, 0x000000008a500000|100%| O|  |TAMS 0x000000008a500000, 0x000000008a400000| Untracked 
| 165|0x000000008a500000, 0x000000008a600000, 0x000000008a600000|100%| O|  |TAMS 0x000000008a600000, 0x000000008a500000| Untracked 
| 166|0x000000008a600000, 0x000000008a700000, 0x000000008a700000|100%| O|  |TAMS 0x000000008a700000, 0x000000008a600000| Untracked 
| 167|0x000000008a700000, 0x000000008a800000, 0x000000008a800000|100%| O|  |TAMS 0x000000008a800000, 0x000000008a700000| Untracked 
| 168|0x000000008a800000, 0x000000008a900000, 0x000000008a900000|100%|HS|  |TAMS 0x000000008a800000, 0x000000008a800000| Complete 
| 169|0x000000008a900000, 0x000000008aa00000, 0x000000008aa00000|100%|HC|  |TAMS 0x000000008a900000, 0x000000008a900000| Complete 
| 170|0x000000008aa00000, 0x000000008aa00000, 0x000000008ab00000|  0%| F|  |TAMS 0x000000008aa00000, 0x000000008aa00000| Untracked 
| 171|0x000000008ab00000, 0x000000008ac00000, 0x000000008ac00000|100%| O|  |TAMS 0x000000008ac00000, 0x000000008ab00000| Untracked 
| 172|0x000000008ac00000, 0x000000008ad00000, 0x000000008ad00000|100%|HS|  |TAMS 0x000000008ad00000, 0x000000008ac00000| Complete 
| 173|0x000000008ad00000, 0x000000008ae00000, 0x000000008ae00000|100%|HS|  |TAMS 0x000000008ae00000, 0x000000008ad00000| Complete 
| 174|0x000000008ae00000, 0x000000008af00000, 0x000000008af00000|100%| O|  |TAMS 0x000000008af00000, 0x000000008ae00000| Untracked 
| 175|0x000000008af00000, 0x000000008af00000, 0x000000008b000000|  0%| F|  |TAMS 0x000000008af00000, 0x000000008af00000| Untracked 
| 176|0x000000008b000000, 0x000000008b100000, 0x000000008b100000|100%| O|  |TAMS 0x000000008b100000, 0x000000008b000000| Untracked 
| 177|0x000000008b100000, 0x000000008b200000, 0x000000008b200000|100%| O|  |TAMS 0x000000008b200000, 0x000000008b100000| Untracked 
| 178|0x000000008b200000, 0x000000008b300000, 0x000000008b300000|100%| O|  |TAMS 0x000000008b300000, 0x000000008b200000| Untracked 
| 179|0x000000008b300000, 0x000000008b400000, 0x000000008b400000|100%| O|  |TAMS 0x000000008b400000, 0x000000008b300000| Untracked 
| 180|0x000000008b400000, 0x000000008b500000, 0x000000008b500000|100%| O|  |TAMS 0x000000008b500000, 0x000000008b400000| Untracked 
| 181|0x000000008b500000, 0x000000008b600000, 0x000000008b600000|100%| O|  |TAMS 0x000000008b600000, 0x000000008b500000| Untracked 
| 182|0x000000008b600000, 0x000000008b700000, 0x000000008b700000|100%| O|  |TAMS 0x000000008b700000, 0x000000008b600000| Untracked 
| 183|0x000000008b700000, 0x000000008b800000, 0x000000008b800000|100%| O|  |TAMS 0x000000008b800000, 0x000000008b700000| Untracked 
| 184|0x000000008b800000, 0x000000008b900000, 0x000000008b900000|100%| O|  |TAMS 0x000000008b900000, 0x000000008b800000| Untracked 
| 185|0x000000008b900000, 0x000000008b900000, 0x000000008ba00000|  0%| F|  |TAMS 0x000000008b900000, 0x000000008b900000| Untracked 
| 186|0x000000008ba00000, 0x000000008bb00000, 0x000000008bb00000|100%| O|  |TAMS 0x000000008bb00000, 0x000000008ba00000| Untracked 
| 187|0x000000008bb00000, 0x000000008bb00000, 0x000000008bc00000|  0%| F|  |TAMS 0x000000008bb00000, 0x000000008bb00000| Untracked 
| 188|0x000000008bc00000, 0x000000008bc00000, 0x000000008bd00000|  0%| F|  |TAMS 0x000000008bc00000, 0x000000008bc00000| Untracked 
| 189|0x000000008bd00000, 0x000000008be00000, 0x000000008be00000|100%| O|  |TAMS 0x000000008be00000, 0x000000008bd00000| Untracked 
| 190|0x000000008be00000, 0x000000008bf00000, 0x000000008bf00000|100%| O|  |TAMS 0x000000008bf00000, 0x000000008be00000| Untracked 
| 191|0x000000008bf00000, 0x000000008c000000, 0x000000008c000000|100%| O|  |TAMS 0x000000008c000000, 0x000000008bf00000| Untracked 
| 192|0x000000008c000000, 0x000000008c100000, 0x000000008c100000|100%| O|  |TAMS 0x000000008c100000, 0x000000008c000000| Untracked 
| 193|0x000000008c100000, 0x000000008c200000, 0x000000008c200000|100%| O|  |TAMS 0x000000008c200000, 0x000000008c100000| Untracked 
| 194|0x000000008c200000, 0x000000008c300000, 0x000000008c300000|100%| O|  |TAMS 0x000000008c300000, 0x000000008c200000| Untracked 
| 195|0x000000008c300000, 0x000000008c400000, 0x000000008c400000|100%| O|  |TAMS 0x000000008c400000, 0x000000008c300000| Untracked 
| 196|0x000000008c400000, 0x000000008c500000, 0x000000008c500000|100%| O|  |TAMS 0x000000008c500000, 0x000000008c400000| Untracked 
| 197|0x000000008c500000, 0x000000008c600000, 0x000000008c600000|100%| O|  |TAMS 0x000000008c600000, 0x000000008c500000| Untracked 
| 198|0x000000008c600000, 0x000000008c700000, 0x000000008c700000|100%| O|  |TAMS 0x000000008c700000, 0x000000008c600000| Untracked 
| 199|0x000000008c700000, 0x000000008c800000, 0x000000008c800000|100%| O|  |TAMS 0x000000008c800000, 0x000000008c700000| Complete 
| 200|0x000000008c800000, 0x000000008c900000, 0x000000008c900000|100%| O|  |TAMS 0x000000008c900000, 0x000000008c800000| Untracked 
| 201|0x000000008c900000, 0x000000008ca00000, 0x000000008ca00000|100%| O|  |TAMS 0x000000008ca00000, 0x000000008c900000| Untracked 
| 202|0x000000008ca00000, 0x000000008cb00000, 0x000000008cb00000|100%| O|  |TAMS 0x000000008cb00000, 0x000000008ca00000| Untracked 
| 203|0x000000008cb00000, 0x000000008cc00000, 0x000000008cc00000|100%| O|  |TAMS 0x000000008cc00000, 0x000000008cb00000| Untracked 
| 204|0x000000008cc00000, 0x000000008cc00000, 0x000000008cd00000|  0%| F|  |TAMS 0x000000008cc00000, 0x000000008cc00000| Untracked 
| 205|0x000000008cd00000, 0x000000008ce00000, 0x000000008ce00000|100%| O|  |TAMS 0x000000008ce00000, 0x000000008cd00000| Untracked 
| 206|0x000000008ce00000, 0x000000008cf00000, 0x000000008cf00000|100%| O|  |TAMS 0x000000008cf00000, 0x000000008ce00000| Untracked 
| 207|0x000000008cf00000, 0x000000008d000000, 0x000000008d000000|100%| O|  |TAMS 0x000000008d000000, 0x000000008cf00000| Untracked 
| 208|0x000000008d000000, 0x000000008d000000, 0x000000008d100000|  0%| F|  |TAMS 0x000000008d000000, 0x000000008d000000| Untracked 
| 209|0x000000008d100000, 0x000000008d200000, 0x000000008d200000|100%| O|  |TAMS 0x000000008d200000, 0x000000008d100000| Untracked 
| 210|0x000000008d200000, 0x000000008d300000, 0x000000008d300000|100%| O|  |TAMS 0x000000008d300000, 0x000000008d200000| Untracked 
| 211|0x000000008d300000, 0x000000008d400000, 0x000000008d400000|100%| O|  |TAMS 0x000000008d400000, 0x000000008d300000| Untracked 
| 212|0x000000008d400000, 0x000000008d500000, 0x000000008d500000|100%| O|  |TAMS 0x000000008d500000, 0x000000008d400000| Untracked 
| 213|0x000000008d500000, 0x000000008d600000, 0x000000008d600000|100%| O|  |TAMS 0x000000008d600000, 0x000000008d500000| Untracked 
| 214|0x000000008d600000, 0x000000008d700000, 0x000000008d700000|100%| O|  |TAMS 0x000000008d700000, 0x000000008d600000| Untracked 
| 215|0x000000008d700000, 0x000000008d800000, 0x000000008d800000|100%| O|  |TAMS 0x000000008d800000, 0x000000008d700000| Untracked 
| 216|0x000000008d800000, 0x000000008d900000, 0x000000008d900000|100%| O|  |TAMS 0x000000008d900000, 0x000000008d800000| Untracked 
| 217|0x000000008d900000, 0x000000008da00000, 0x000000008da00000|100%| O|  |TAMS 0x000000008da00000, 0x000000008d900000| Untracked 
| 218|0x000000008da00000, 0x000000008db00000, 0x000000008db00000|100%| O|  |TAMS 0x000000008db00000, 0x000000008da00000| Untracked 
| 219|0x000000008db00000, 0x000000008dc00000, 0x000000008dc00000|100%| O|  |TAMS 0x000000008dc00000, 0x000000008db00000| Untracked 
| 220|0x000000008dc00000, 0x000000008dd00000, 0x000000008dd00000|100%| O|  |TAMS 0x000000008dd00000, 0x000000008dc00000| Untracked 
| 221|0x000000008dd00000, 0x000000008de00000, 0x000000008de00000|100%| O|  |TAMS 0x000000008de00000, 0x000000008dd00000| Untracked 
| 222|0x000000008de00000, 0x000000008df00000, 0x000000008df00000|100%| O|  |TAMS 0x000000008df00000, 0x000000008de00000| Untracked 
| 223|0x000000008df00000, 0x000000008e000000, 0x000000008e000000|100%| O|  |TAMS 0x000000008e000000, 0x000000008df00000| Untracked 
| 224|0x000000008e000000, 0x000000008e100000, 0x000000008e100000|100%| O|  |TAMS 0x000000008e100000, 0x000000008e000000| Untracked 
| 225|0x000000008e100000, 0x000000008e200000, 0x000000008e200000|100%| O|  |TAMS 0x000000008e200000, 0x000000008e100000| Untracked 
| 226|0x000000008e200000, 0x000000008e300000, 0x000000008e300000|100%| O|  |TAMS 0x000000008e300000, 0x000000008e200000| Untracked 
| 227|0x000000008e300000, 0x000000008e400000, 0x000000008e400000|100%| O|  |TAMS 0x000000008e400000, 0x000000008e300000| Untracked 
| 228|0x000000008e400000, 0x000000008e500000, 0x000000008e500000|100%| O|  |TAMS 0x000000008e500000, 0x000000008e400000| Untracked 
| 229|0x000000008e500000, 0x000000008e600000, 0x000000008e600000|100%| O|  |TAMS 0x000000008e600000, 0x000000008e500000| Untracked 
| 230|0x000000008e600000, 0x000000008e700000, 0x000000008e700000|100%| O|  |TAMS 0x000000008e700000, 0x000000008e600000| Untracked 
| 231|0x000000008e700000, 0x000000008e800000, 0x000000008e800000|100%| O|  |TAMS 0x000000008e800000, 0x000000008e700000| Untracked 
| 232|0x000000008e800000, 0x000000008e900000, 0x000000008e900000|100%| O|  |TAMS 0x000000008e900000, 0x000000008e800000| Untracked 
| 233|0x000000008e900000, 0x000000008ea00000, 0x000000008ea00000|100%| O|  |TAMS 0x000000008ea00000, 0x000000008e900000| Untracked 
| 234|0x000000008ea00000, 0x000000008eb00000, 0x000000008eb00000|100%| O|  |TAMS 0x000000008eb00000, 0x000000008ea00000| Untracked 
| 235|0x000000008eb00000, 0x000000008ec00000, 0x000000008ec00000|100%| O|  |TAMS 0x000000008ec00000, 0x000000008eb00000| Untracked 
| 236|0x000000008ec00000, 0x000000008ed00000, 0x000000008ed00000|100%| O|  |TAMS 0x000000008ed00000, 0x000000008ec00000| Untracked 
| 237|0x000000008ed00000, 0x000000008ee00000, 0x000000008ee00000|100%| O|  |TAMS 0x000000008ee00000, 0x000000008ed00000| Untracked 
| 238|0x000000008ee00000, 0x000000008ef00000, 0x000000008ef00000|100%| O|  |TAMS 0x000000008ef00000, 0x000000008ee00000| Untracked 
| 239|0x000000008ef00000, 0x000000008f000000, 0x000000008f000000|100%| O|  |TAMS 0x000000008f000000, 0x000000008ef00000| Untracked 
| 240|0x000000008f000000, 0x000000008f100000, 0x000000008f100000|100%| O|  |TAMS 0x000000008f100000, 0x000000008f000000| Untracked 
| 241|0x000000008f100000, 0x000000008f100000, 0x000000008f200000|  0%| F|  |TAMS 0x000000008f100000, 0x000000008f100000| Untracked 
| 242|0x000000008f200000, 0x000000008f300000, 0x000000008f300000|100%| O|  |TAMS 0x000000008f300000, 0x000000008f200000| Untracked 
| 243|0x000000008f300000, 0x000000008f400000, 0x000000008f400000|100%| O|  |TAMS 0x000000008f400000, 0x000000008f300000| Untracked 
| 244|0x000000008f400000, 0x000000008f500000, 0x000000008f500000|100%| O|  |TAMS 0x000000008f500000, 0x000000008f400000| Untracked 
| 245|0x000000008f500000, 0x000000008f600000, 0x000000008f600000|100%| O|  |TAMS 0x000000008f600000, 0x000000008f500000| Complete 
| 246|0x000000008f600000, 0x000000008f700000, 0x000000008f700000|100%| O|  |TAMS 0x000000008f700000, 0x000000008f600000| Complete 
| 247|0x000000008f700000, 0x000000008f800000, 0x000000008f800000|100%| O|  |TAMS 0x000000008f800000, 0x000000008f700000| Complete 
| 248|0x000000008f800000, 0x000000008f900000, 0x000000008f900000|100%| O|  |TAMS 0x000000008f900000, 0x000000008f800000| Complete 
| 249|0x000000008f900000, 0x000000008fa00000, 0x000000008fa00000|100%| O|  |TAMS 0x000000008fa00000, 0x000000008f900000| Complete 
| 250|0x000000008fa00000, 0x000000008fb00000, 0x000000008fb00000|100%| O|  |TAMS 0x000000008fb00000, 0x000000008fa00000| Complete 
| 251|0x000000008fb00000, 0x000000008fb00000, 0x000000008fc00000|  0%| F|  |TAMS 0x000000008fb00000, 0x000000008fb00000| Untracked 
| 252|0x000000008fc00000, 0x000000008fc00000, 0x000000008fd00000|  0%| F|  |TAMS 0x000000008fc00000, 0x000000008fc00000| Untracked 
| 253|0x000000008fd00000, 0x000000008fe00000, 0x000000008fe00000|100%| O|  |TAMS 0x000000008fe00000, 0x000000008fd00000| Untracked 
| 254|0x000000008fe00000, 0x000000008ff00000, 0x000000008ff00000|100%| O|  |TAMS 0x000000008ff00000, 0x000000008fe00000| Complete 
| 255|0x000000008ff00000, 0x0000000090000000, 0x0000000090000000|100%| O|  |TAMS 0x0000000090000000, 0x000000008ff00000| Complete 
| 256|0x0000000090000000, 0x0000000090100000, 0x0000000090100000|100%| O|  |TAMS 0x0000000090100000, 0x0000000090000000| Complete 
| 257|0x0000000090100000, 0x0000000090200000, 0x0000000090200000|100%| O|  |TAMS 0x0000000090200000, 0x0000000090100000| Complete 
| 258|0x0000000090200000, 0x0000000090200000, 0x0000000090300000|  0%| F|  |TAMS 0x0000000090200000, 0x0000000090200000| Untracked 
| 259|0x0000000090300000, 0x0000000090300000, 0x0000000090400000|  0%| F|  |TAMS 0x0000000090300000, 0x0000000090300000| Untracked 
| 260|0x0000000090400000, 0x0000000090500000, 0x0000000090500000|100%| O|  |TAMS 0x0000000090500000, 0x0000000090400000| Complete 
| 261|0x0000000090500000, 0x0000000090500000, 0x0000000090600000|  0%| F|  |TAMS 0x0000000090500000, 0x0000000090500000| Untracked 
| 262|0x0000000090600000, 0x0000000090600000, 0x0000000090700000|  0%| F|  |TAMS 0x0000000090600000, 0x0000000090600000| Untracked 
| 263|0x0000000090700000, 0x0000000090700000, 0x0000000090800000|  0%| F|  |TAMS 0x0000000090700000, 0x0000000090700000| Untracked 
| 264|0x0000000090800000, 0x0000000090800000, 0x0000000090900000|  0%| F|  |TAMS 0x0000000090800000, 0x0000000090800000| Untracked 
| 265|0x0000000090900000, 0x0000000090900000, 0x0000000090a00000|  0%| F|  |TAMS 0x0000000090900000, 0x0000000090900000| Untracked 
| 266|0x0000000090a00000, 0x0000000090a00000, 0x0000000090b00000|  0%| F|  |TAMS 0x0000000090a00000, 0x0000000090a00000| Untracked 
| 267|0x0000000090b00000, 0x0000000090b00000, 0x0000000090c00000|  0%| F|  |TAMS 0x0000000090b00000, 0x0000000090b00000| Untracked 
| 268|0x0000000090c00000, 0x0000000090d00000, 0x0000000090d00000|100%| O|  |TAMS 0x0000000090d00000, 0x0000000090c00000| Untracked 
| 269|0x0000000090d00000, 0x0000000090e00000, 0x0000000090e00000|100%| O|  |TAMS 0x0000000090e00000, 0x0000000090d00000| Complete 
| 270|0x0000000090e00000, 0x0000000090f00000, 0x0000000090f00000|100%| O|  |TAMS 0x0000000090f00000, 0x0000000090e00000| Complete 
| 271|0x0000000090f00000, 0x0000000091000000, 0x0000000091000000|100%| O|  |TAMS 0x0000000091000000, 0x0000000090f00000| Complete 
| 272|0x0000000091000000, 0x0000000091100000, 0x0000000091100000|100%| O|  |TAMS 0x0000000091100000, 0x0000000091000000| Complete 
| 273|0x0000000091100000, 0x0000000091100000, 0x0000000091200000|  0%| F|  |TAMS 0x0000000091100000, 0x0000000091100000| Untracked 
| 274|0x0000000091200000, 0x0000000091300000, 0x0000000091300000|100%| O|  |TAMS 0x0000000091300000, 0x0000000091200000| Complete 
| 275|0x0000000091300000, 0x0000000091400000, 0x0000000091400000|100%| O|  |TAMS 0x0000000091400000, 0x0000000091300000| Complete 
| 276|0x0000000091400000, 0x0000000091500000, 0x0000000091500000|100%| O|  |TAMS 0x0000000091500000, 0x0000000091400000| Complete 
| 277|0x0000000091500000, 0x0000000091500000, 0x0000000091600000|  0%| F|  |TAMS 0x0000000091500000, 0x0000000091500000| Untracked 
| 278|0x0000000091600000, 0x0000000091700000, 0x0000000091700000|100%| O|  |TAMS 0x0000000091700000, 0x0000000091600000| Untracked 
| 279|0x0000000091700000, 0x0000000091700000, 0x0000000091800000|  0%| F|  |TAMS 0x0000000091700000, 0x0000000091700000| Untracked 
| 280|0x0000000091800000, 0x0000000091900000, 0x0000000091900000|100%| O|  |TAMS 0x0000000091900000, 0x0000000091800000| Complete 
| 281|0x0000000091900000, 0x0000000091a00000, 0x0000000091a00000|100%| O|  |TAMS 0x0000000091a00000, 0x0000000091900000| Complete 
| 282|0x0000000091a00000, 0x0000000091b00000, 0x0000000091b00000|100%| O|  |TAMS 0x0000000091b00000, 0x0000000091a00000| Complete 
| 283|0x0000000091b00000, 0x0000000091c00000, 0x0000000091c00000|100%| O|  |TAMS 0x0000000091c00000, 0x0000000091b00000| Complete 
| 284|0x0000000091c00000, 0x0000000091d00000, 0x0000000091d00000|100%| O|  |TAMS 0x0000000091d00000, 0x0000000091c00000| Complete 
| 285|0x0000000091d00000, 0x0000000091e00000, 0x0000000091e00000|100%| O|  |TAMS 0x0000000091e00000, 0x0000000091d00000| Complete 
| 286|0x0000000091e00000, 0x0000000091e00000, 0x0000000091f00000|  0%| F|  |TAMS 0x0000000091e00000, 0x0000000091e00000| Untracked 
| 287|0x0000000091f00000, 0x0000000091f00000, 0x0000000092000000|  0%| F|  |TAMS 0x0000000091f00000, 0x0000000091f00000| Untracked 
| 288|0x0000000092000000, 0x0000000092100000, 0x0000000092100000|100%| O|  |TAMS 0x0000000092100000, 0x0000000092000000| Complete 
| 289|0x0000000092100000, 0x0000000092100000, 0x0000000092200000|  0%| F|  |TAMS 0x0000000092100000, 0x0000000092100000| Untracked 
| 290|0x0000000092200000, 0x0000000092300000, 0x0000000092300000|100%| O|  |TAMS 0x0000000092300000, 0x0000000092200000| Complete 
| 291|0x0000000092300000, 0x0000000092300000, 0x0000000092400000|  0%| F|  |TAMS 0x0000000092300000, 0x0000000092300000| Untracked 
| 292|0x0000000092400000, 0x0000000092500000, 0x0000000092500000|100%| O|  |TAMS 0x0000000092500000, 0x0000000092400000| Complete 
| 293|0x0000000092500000, 0x0000000092500000, 0x0000000092600000|  0%| F|  |TAMS 0x0000000092500000, 0x0000000092500000| Untracked 
| 294|0x0000000092600000, 0x0000000092700000, 0x0000000092700000|100%| O|  |TAMS 0x0000000092700000, 0x0000000092600000| Complete 
| 295|0x0000000092700000, 0x0000000092700000, 0x0000000092800000|  0%| F|  |TAMS 0x0000000092700000, 0x0000000092700000| Untracked 
| 296|0x0000000092800000, 0x0000000092800000, 0x0000000092900000|  0%| F|  |TAMS 0x0000000092800000, 0x0000000092800000| Untracked 
| 297|0x0000000092900000, 0x0000000092a00000, 0x0000000092a00000|100%| O|  |TAMS 0x0000000092a00000, 0x0000000092900000| Complete 
| 298|0x0000000092a00000, 0x0000000092b00000, 0x0000000092b00000|100%| O|  |TAMS 0x0000000092b00000, 0x0000000092a00000| Complete 
| 299|0x0000000092b00000, 0x0000000092c00000, 0x0000000092c00000|100%| O|  |TAMS 0x0000000092c00000, 0x0000000092b00000| Complete 
| 300|0x0000000092c00000, 0x0000000092d00000, 0x0000000092d00000|100%| O|  |TAMS 0x0000000092d00000, 0x0000000092c00000| Complete 
| 301|0x0000000092d00000, 0x0000000092e00000, 0x0000000092e00000|100%| O|  |TAMS 0x0000000092e00000, 0x0000000092d00000| Complete 
| 302|0x0000000092e00000, 0x0000000092f00000, 0x0000000092f00000|100%| O|  |TAMS 0x0000000092f00000, 0x0000000092e00000| Complete 
| 303|0x0000000092f00000, 0x0000000093000000, 0x0000000093000000|100%| O|  |TAMS 0x0000000093000000, 0x0000000092f00000| Complete 
| 304|0x0000000093000000, 0x0000000093100000, 0x0000000093100000|100%| O|  |TAMS 0x0000000093100000, 0x0000000093000000| Complete 
| 305|0x0000000093100000, 0x0000000093200000, 0x0000000093200000|100%| O|  |TAMS 0x0000000093200000, 0x0000000093100000| Complete 
| 306|0x0000000093200000, 0x0000000093300000, 0x0000000093300000|100%| O|  |TAMS 0x0000000093300000, 0x0000000093200000| Complete 
| 307|0x0000000093300000, 0x0000000093400000, 0x0000000093400000|100%| O|  |TAMS 0x0000000093400000, 0x0000000093300000| Complete 
| 308|0x0000000093400000, 0x0000000093500000, 0x0000000093500000|100%| O|  |TAMS 0x0000000093500000, 0x0000000093400000| Complete 
| 309|0x0000000093500000, 0x0000000093600000, 0x0000000093600000|100%| O|  |TAMS 0x0000000093600000, 0x0000000093500000| Complete 
| 310|0x0000000093600000, 0x0000000093700000, 0x0000000093700000|100%| O|  |TAMS 0x0000000093700000, 0x0000000093600000| Complete 
| 311|0x0000000093700000, 0x0000000093800000, 0x0000000093800000|100%| O|  |TAMS 0x0000000093800000, 0x0000000093700000| Untracked 
| 312|0x0000000093800000, 0x0000000093900000, 0x0000000093900000|100%| O|  |TAMS 0x0000000093900000, 0x0000000093800000| Untracked 
| 313|0x0000000093900000, 0x0000000093a00000, 0x0000000093a00000|100%| O|  |TAMS 0x0000000093a00000, 0x0000000093900000| Untracked 
| 314|0x0000000093a00000, 0x0000000093b00000, 0x0000000093b00000|100%| O|  |TAMS 0x0000000093b00000, 0x0000000093a00000| Untracked 
| 315|0x0000000093b00000, 0x0000000093c00000, 0x0000000093c00000|100%| O|  |TAMS 0x0000000093c00000, 0x0000000093b00000| Complete 
| 316|0x0000000093c00000, 0x0000000093c00000, 0x0000000093d00000|  0%| F|  |TAMS 0x0000000093c00000, 0x0000000093c00000| Untracked 
| 317|0x0000000093d00000, 0x0000000093e00000, 0x0000000093e00000|100%| O|  |TAMS 0x0000000093e00000, 0x0000000093d00000| Complete 
| 318|0x0000000093e00000, 0x0000000093e00000, 0x0000000093f00000|  0%| F|  |TAMS 0x0000000093e00000, 0x0000000093e00000| Untracked 
| 319|0x0000000093f00000, 0x0000000094000000, 0x0000000094000000|100%| O|  |TAMS 0x0000000094000000, 0x0000000093f00000| Untracked 
| 320|0x0000000094000000, 0x0000000094100000, 0x0000000094100000|100%| O|  |TAMS 0x0000000094100000, 0x0000000094000000| Untracked 
| 321|0x0000000094100000, 0x0000000094200000, 0x0000000094200000|100%| O|  |TAMS 0x0000000094200000, 0x0000000094100000| Untracked 
| 322|0x0000000094200000, 0x0000000094300000, 0x0000000094300000|100%| O|  |TAMS 0x0000000094300000, 0x0000000094200000| Untracked 
| 323|0x0000000094300000, 0x0000000094400000, 0x0000000094400000|100%| O|  |TAMS 0x0000000094400000, 0x0000000094300000| Untracked 
| 324|0x0000000094400000, 0x0000000094500000, 0x0000000094500000|100%| O|  |TAMS 0x0000000094500000, 0x0000000094400000| Untracked 
| 325|0x0000000094500000, 0x0000000094600000, 0x0000000094600000|100%| O|  |TAMS 0x0000000094600000, 0x0000000094500000| Untracked 
| 326|0x0000000094600000, 0x0000000094700000, 0x0000000094700000|100%| O|  |TAMS 0x0000000094700000, 0x0000000094600000| Untracked 
| 327|0x0000000094700000, 0x0000000094800000, 0x0000000094800000|100%| O|  |TAMS 0x0000000094800000, 0x0000000094700000| Untracked 
| 328|0x0000000094800000, 0x0000000094900000, 0x0000000094900000|100%| O|  |TAMS 0x0000000094900000, 0x0000000094800000| Untracked 
| 329|0x0000000094900000, 0x0000000094a00000, 0x0000000094a00000|100%| O|  |TAMS 0x0000000094a00000, 0x0000000094900000| Complete 
| 330|0x0000000094a00000, 0x0000000094b00000, 0x0000000094b00000|100%| O|  |TAMS 0x0000000094a8a200, 0x0000000094a00000| Untracked 
| 331|0x0000000094b00000, 0x0000000094b00000, 0x0000000094c00000|  0%| F|  |TAMS 0x0000000094b00000, 0x0000000094b00000| Untracked 
| 332|0x0000000094c00000, 0x0000000094c00000, 0x0000000094d00000|  0%| F|  |TAMS 0x0000000094c00000, 0x0000000094c00000| Untracked 
| 333|0x0000000094d00000, 0x0000000094d00000, 0x0000000094e00000|  0%| F|  |TAMS 0x0000000094d00000, 0x0000000094d00000| Untracked 
| 334|0x0000000094e00000, 0x0000000094e00000, 0x0000000094f00000|  0%| F|  |TAMS 0x0000000094e00000, 0x0000000094e00000| Untracked 
| 335|0x0000000094f00000, 0x0000000094f00000, 0x0000000095000000|  0%| F|  |TAMS 0x0000000094f00000, 0x0000000094f00000| Untracked 
| 336|0x0000000095000000, 0x0000000095000000, 0x0000000095100000|  0%| F|  |TAMS 0x0000000095000000, 0x0000000095000000| Untracked 
| 337|0x0000000095100000, 0x0000000095100000, 0x0000000095200000|  0%| F|  |TAMS 0x0000000095100000, 0x0000000095100000| Untracked 
| 338|0x0000000095200000, 0x0000000095200000, 0x0000000095300000|  0%| F|  |TAMS 0x0000000095200000, 0x0000000095200000| Untracked 
| 339|0x0000000095300000, 0x0000000095300000, 0x0000000095400000|  0%| F|  |TAMS 0x0000000095300000, 0x0000000095300000| Untracked 
| 340|0x0000000095400000, 0x0000000095400000, 0x0000000095500000|  0%| F|  |TAMS 0x0000000095400000, 0x0000000095400000| Untracked 
| 341|0x0000000095500000, 0x0000000095500000, 0x0000000095600000|  0%| F|  |TAMS 0x0000000095500000, 0x0000000095500000| Untracked 
| 342|0x0000000095600000, 0x0000000095600000, 0x0000000095700000|  0%| F|  |TAMS 0x0000000095600000, 0x0000000095600000| Untracked 
| 343|0x0000000095700000, 0x0000000095700000, 0x0000000095800000|  0%| F|  |TAMS 0x0000000095700000, 0x0000000095700000| Untracked 
| 344|0x0000000095800000, 0x0000000095800000, 0x0000000095900000|  0%| F|  |TAMS 0x0000000095800000, 0x0000000095800000| Untracked 
| 345|0x0000000095900000, 0x0000000095900000, 0x0000000095a00000|  0%| F|  |TAMS 0x0000000095900000, 0x0000000095900000| Untracked 
| 346|0x0000000095a00000, 0x0000000095a00000, 0x0000000095b00000|  0%| F|  |TAMS 0x0000000095a00000, 0x0000000095a00000| Untracked 
| 347|0x0000000095b00000, 0x0000000095b00000, 0x0000000095c00000|  0%| F|  |TAMS 0x0000000095b00000, 0x0000000095b00000| Untracked 
| 348|0x0000000095c00000, 0x0000000095c00000, 0x0000000095d00000|  0%| F|  |TAMS 0x0000000095c00000, 0x0000000095c00000| Untracked 
| 349|0x0000000095d00000, 0x0000000095d00000, 0x0000000095e00000|  0%| F|  |TAMS 0x0000000095d00000, 0x0000000095d00000| Untracked 
| 350|0x0000000095e00000, 0x0000000095e00000, 0x0000000095f00000|  0%| F|  |TAMS 0x0000000095e00000, 0x0000000095e00000| Untracked 
| 351|0x0000000095f00000, 0x0000000095f00000, 0x0000000096000000|  0%| F|  |TAMS 0x0000000095f00000, 0x0000000095f00000| Untracked 
| 352|0x0000000096000000, 0x0000000096000000, 0x0000000096100000|  0%| F|  |TAMS 0x0000000096000000, 0x0000000096000000| Untracked 
| 353|0x0000000096100000, 0x0000000096100000, 0x0000000096200000|  0%| F|  |TAMS 0x0000000096100000, 0x0000000096100000| Untracked 
| 354|0x0000000096200000, 0x0000000096200000, 0x0000000096300000|  0%| F|  |TAMS 0x0000000096200000, 0x0000000096200000| Untracked 
| 355|0x0000000096300000, 0x0000000096300000, 0x0000000096400000|  0%| F|  |TAMS 0x0000000096300000, 0x0000000096300000| Untracked 
| 356|0x0000000096400000, 0x0000000096400000, 0x0000000096500000|  0%| F|  |TAMS 0x0000000096400000, 0x0000000096400000| Untracked 
| 357|0x0000000096500000, 0x0000000096500000, 0x0000000096600000|  0%| F|  |TAMS 0x0000000096500000, 0x0000000096500000| Untracked 
| 358|0x0000000096600000, 0x0000000096600000, 0x0000000096700000|  0%| F|  |TAMS 0x0000000096600000, 0x0000000096600000| Untracked 
| 359|0x0000000096700000, 0x0000000096700000, 0x0000000096800000|  0%| F|  |TAMS 0x0000000096700000, 0x0000000096700000| Untracked 
| 360|0x0000000096800000, 0x0000000096800000, 0x0000000096900000|  0%| F|  |TAMS 0x0000000096800000, 0x0000000096800000| Untracked 
| 361|0x0000000096900000, 0x0000000096900000, 0x0000000096a00000|  0%| F|  |TAMS 0x0000000096900000, 0x0000000096900000| Untracked 
| 362|0x0000000096a00000, 0x0000000096a00000, 0x0000000096b00000|  0%| F|  |TAMS 0x0000000096a00000, 0x0000000096a00000| Untracked 
| 363|0x0000000096b00000, 0x0000000096b00000, 0x0000000096c00000|  0%| F|  |TAMS 0x0000000096b00000, 0x0000000096b00000| Untracked 
| 364|0x0000000096c00000, 0x0000000096c00000, 0x0000000096d00000|  0%| F|  |TAMS 0x0000000096c00000, 0x0000000096c00000| Untracked 
| 365|0x0000000096d00000, 0x0000000096d00000, 0x0000000096e00000|  0%| F|  |TAMS 0x0000000096d00000, 0x0000000096d00000| Untracked 
| 366|0x0000000096e00000, 0x0000000096e00000, 0x0000000096f00000|  0%| F|  |TAMS 0x0000000096e00000, 0x0000000096e00000| Untracked 
| 367|0x0000000096f00000, 0x0000000096f00000, 0x0000000097000000|  0%| F|  |TAMS 0x0000000096f00000, 0x0000000096f00000| Untracked 
| 368|0x0000000097000000, 0x0000000097000000, 0x0000000097100000|  0%| F|  |TAMS 0x0000000097000000, 0x0000000097000000| Untracked 
| 369|0x0000000097100000, 0x0000000097100000, 0x0000000097200000|  0%| F|  |TAMS 0x0000000097100000, 0x0000000097100000| Untracked 
| 370|0x0000000097200000, 0x0000000097200000, 0x0000000097300000|  0%| F|  |TAMS 0x0000000097200000, 0x0000000097200000| Untracked 
| 371|0x0000000097300000, 0x0000000097300000, 0x0000000097400000|  0%| F|  |TAMS 0x0000000097300000, 0x0000000097300000| Untracked 
| 372|0x0000000097400000, 0x0000000097400000, 0x0000000097500000|  0%| F|  |TAMS 0x0000000097400000, 0x0000000097400000| Untracked 
| 373|0x0000000097500000, 0x0000000097500000, 0x0000000097600000|  0%| F|  |TAMS 0x0000000097500000, 0x0000000097500000| Untracked 
| 374|0x0000000097600000, 0x0000000097600000, 0x0000000097700000|  0%| F|  |TAMS 0x0000000097600000, 0x0000000097600000| Untracked 
| 375|0x0000000097700000, 0x0000000097700000, 0x0000000097800000|  0%| F|  |TAMS 0x0000000097700000, 0x0000000097700000| Untracked 
| 376|0x0000000097800000, 0x0000000097800000, 0x0000000097900000|  0%| F|  |TAMS 0x0000000097800000, 0x0000000097800000| Untracked 
| 377|0x0000000097900000, 0x0000000097900000, 0x0000000097a00000|  0%| F|  |TAMS 0x0000000097900000, 0x0000000097900000| Untracked 
| 378|0x0000000097a00000, 0x0000000097a00000, 0x0000000097b00000|  0%| F|  |TAMS 0x0000000097a00000, 0x0000000097a00000| Untracked 
| 379|0x0000000097b00000, 0x0000000097b00000, 0x0000000097c00000|  0%| F|  |TAMS 0x0000000097b00000, 0x0000000097b00000| Untracked 
| 380|0x0000000097c00000, 0x0000000097c00000, 0x0000000097d00000|  0%| F|  |TAMS 0x0000000097c00000, 0x0000000097c00000| Untracked 
| 381|0x0000000097d00000, 0x0000000097d00000, 0x0000000097e00000|  0%| F|  |TAMS 0x0000000097d00000, 0x0000000097d00000| Untracked 
| 382|0x0000000097e00000, 0x0000000097e00000, 0x0000000097f00000|  0%| F|  |TAMS 0x0000000097e00000, 0x0000000097e00000| Untracked 
| 383|0x0000000097f00000, 0x0000000097f00000, 0x0000000098000000|  0%| F|  |TAMS 0x0000000097f00000, 0x0000000097f00000| Untracked 
| 384|0x0000000098000000, 0x0000000098000000, 0x0000000098100000|  0%| F|  |TAMS 0x0000000098000000, 0x0000000098000000| Untracked 
| 385|0x0000000098100000, 0x0000000098100000, 0x0000000098200000|  0%| F|  |TAMS 0x0000000098100000, 0x0000000098100000| Untracked 
| 386|0x0000000098200000, 0x0000000098200000, 0x0000000098300000|  0%| F|  |TAMS 0x0000000098200000, 0x0000000098200000| Untracked 
| 387|0x0000000098300000, 0x0000000098300000, 0x0000000098400000|  0%| F|  |TAMS 0x0000000098300000, 0x0000000098300000| Untracked 
| 388|0x0000000098400000, 0x0000000098400000, 0x0000000098500000|  0%| F|  |TAMS 0x0000000098400000, 0x0000000098400000| Untracked 
| 389|0x0000000098500000, 0x0000000098500000, 0x0000000098600000|  0%| F|  |TAMS 0x0000000098500000, 0x0000000098500000| Untracked 
| 390|0x0000000098600000, 0x0000000098600000, 0x0000000098700000|  0%| F|  |TAMS 0x0000000098600000, 0x0000000098600000| Untracked 
| 391|0x0000000098700000, 0x0000000098700000, 0x0000000098800000|  0%| F|  |TAMS 0x0000000098700000, 0x0000000098700000| Untracked 
| 392|0x0000000098800000, 0x0000000098800000, 0x0000000098900000|  0%| F|  |TAMS 0x0000000098800000, 0x0000000098800000| Untracked 
| 393|0x0000000098900000, 0x0000000098900000, 0x0000000098a00000|  0%| F|  |TAMS 0x0000000098900000, 0x0000000098900000| Untracked 
| 394|0x0000000098a00000, 0x0000000098a00000, 0x0000000098b00000|  0%| F|  |TAMS 0x0000000098a00000, 0x0000000098a00000| Untracked 
| 395|0x0000000098b00000, 0x0000000098b00000, 0x0000000098c00000|  0%| F|  |TAMS 0x0000000098b00000, 0x0000000098b00000| Untracked 
| 396|0x0000000098c00000, 0x0000000098c00000, 0x0000000098d00000|  0%| F|  |TAMS 0x0000000098c00000, 0x0000000098c00000| Untracked 
| 397|0x0000000098d00000, 0x0000000098d00000, 0x0000000098e00000|  0%| F|  |TAMS 0x0000000098d00000, 0x0000000098d00000| Untracked 
| 398|0x0000000098e00000, 0x0000000098e00000, 0x0000000098f00000|  0%| F|  |TAMS 0x0000000098e00000, 0x0000000098e00000| Untracked 
| 399|0x0000000098f00000, 0x0000000098f00000, 0x0000000099000000|  0%| F|  |TAMS 0x0000000098f00000, 0x0000000098f00000| Untracked 
| 400|0x0000000099000000, 0x0000000099000000, 0x0000000099100000|  0%| F|  |TAMS 0x0000000099000000, 0x0000000099000000| Untracked 
| 401|0x0000000099100000, 0x0000000099100000, 0x0000000099200000|  0%| F|  |TAMS 0x0000000099100000, 0x0000000099100000| Untracked 
| 402|0x0000000099200000, 0x0000000099200000, 0x0000000099300000|  0%| F|  |TAMS 0x0000000099200000, 0x0000000099200000| Untracked 
| 403|0x0000000099300000, 0x0000000099300000, 0x0000000099400000|  0%| F|  |TAMS 0x0000000099300000, 0x0000000099300000| Untracked 
| 404|0x0000000099400000, 0x0000000099400000, 0x0000000099500000|  0%| F|  |TAMS 0x0000000099400000, 0x0000000099400000| Untracked 
| 405|0x0000000099500000, 0x0000000099500000, 0x0000000099600000|  0%| F|  |TAMS 0x0000000099500000, 0x0000000099500000| Untracked 
| 406|0x0000000099600000, 0x0000000099600000, 0x0000000099700000|  0%| F|  |TAMS 0x0000000099600000, 0x0000000099600000| Untracked 
| 407|0x0000000099700000, 0x0000000099700000, 0x0000000099800000|  0%| F|  |TAMS 0x0000000099700000, 0x0000000099700000| Untracked 
| 408|0x0000000099800000, 0x0000000099800000, 0x0000000099900000|  0%| F|  |TAMS 0x0000000099800000, 0x0000000099800000| Untracked 
| 409|0x0000000099900000, 0x0000000099900000, 0x0000000099a00000|  0%| F|  |TAMS 0x0000000099900000, 0x0000000099900000| Untracked 
| 410|0x0000000099a00000, 0x0000000099a00000, 0x0000000099b00000|  0%| F|  |TAMS 0x0000000099a00000, 0x0000000099a00000| Untracked 
| 411|0x0000000099b00000, 0x0000000099b00000, 0x0000000099c00000|  0%| F|  |TAMS 0x0000000099b00000, 0x0000000099b00000| Untracked 
| 412|0x0000000099c00000, 0x0000000099c00000, 0x0000000099d00000|  0%| F|  |TAMS 0x0000000099c00000, 0x0000000099c00000| Untracked 
| 413|0x0000000099d00000, 0x0000000099d00000, 0x0000000099e00000|  0%| F|  |TAMS 0x0000000099d00000, 0x0000000099d00000| Untracked 
| 414|0x0000000099e00000, 0x0000000099e00000, 0x0000000099f00000|  0%| F|  |TAMS 0x0000000099e00000, 0x0000000099e00000| Untracked 
| 415|0x0000000099f00000, 0x0000000099f00000, 0x000000009a000000|  0%| F|  |TAMS 0x0000000099f00000, 0x0000000099f00000| Untracked 
| 416|0x000000009a000000, 0x000000009a000000, 0x000000009a100000|  0%| F|  |TAMS 0x000000009a000000, 0x000000009a000000| Untracked 
| 417|0x000000009a100000, 0x000000009a100000, 0x000000009a200000|  0%| F|  |TAMS 0x000000009a100000, 0x000000009a100000| Untracked 
| 418|0x000000009a200000, 0x000000009a200000, 0x000000009a300000|  0%| F|  |TAMS 0x000000009a200000, 0x000000009a200000| Untracked 
| 419|0x000000009a300000, 0x000000009a300000, 0x000000009a400000|  0%| F|  |TAMS 0x000000009a300000, 0x000000009a300000| Untracked 
| 420|0x000000009a400000, 0x000000009a400000, 0x000000009a500000|  0%| F|  |TAMS 0x000000009a400000, 0x000000009a400000| Untracked 
| 421|0x000000009a500000, 0x000000009a500000, 0x000000009a600000|  0%| F|  |TAMS 0x000000009a500000, 0x000000009a500000| Untracked 
| 422|0x000000009a600000, 0x000000009a600000, 0x000000009a700000|  0%| F|  |TAMS 0x000000009a600000, 0x000000009a600000| Untracked 
| 423|0x000000009a700000, 0x000000009a700000, 0x000000009a800000|  0%| F|  |TAMS 0x000000009a700000, 0x000000009a700000| Untracked 
| 424|0x000000009a800000, 0x000000009a800000, 0x000000009a900000|  0%| F|  |TAMS 0x000000009a800000, 0x000000009a800000| Untracked 
| 425|0x000000009a900000, 0x000000009a900000, 0x000000009aa00000|  0%| F|  |TAMS 0x000000009a900000, 0x000000009a900000| Untracked 
| 426|0x000000009aa00000, 0x000000009aa00000, 0x000000009ab00000|  0%| F|  |TAMS 0x000000009aa00000, 0x000000009aa00000| Untracked 
| 427|0x000000009ab00000, 0x000000009ab00000, 0x000000009ac00000|  0%| F|  |TAMS 0x000000009ab00000, 0x000000009ab00000| Untracked 
| 428|0x000000009ac00000, 0x000000009ac00000, 0x000000009ad00000|  0%| F|  |TAMS 0x000000009ac00000, 0x000000009ac00000| Untracked 
| 429|0x000000009ad00000, 0x000000009ad00000, 0x000000009ae00000|  0%| F|  |TAMS 0x000000009ad00000, 0x000000009ad00000| Untracked 
| 430|0x000000009ae00000, 0x000000009ae00000, 0x000000009af00000|  0%| F|  |TAMS 0x000000009ae00000, 0x000000009ae00000| Untracked 
| 431|0x000000009af00000, 0x000000009af00000, 0x000000009b000000|  0%| F|  |TAMS 0x000000009af00000, 0x000000009af00000| Untracked 
| 432|0x000000009b000000, 0x000000009b000000, 0x000000009b100000|  0%| F|  |TAMS 0x000000009b000000, 0x000000009b000000| Untracked 
| 433|0x000000009b100000, 0x000000009b100000, 0x000000009b200000|  0%| F|  |TAMS 0x000000009b100000, 0x000000009b100000| Untracked 
| 434|0x000000009b200000, 0x000000009b200000, 0x000000009b300000|  0%| F|  |TAMS 0x000000009b200000, 0x000000009b200000| Untracked 
| 435|0x000000009b300000, 0x000000009b300000, 0x000000009b400000|  0%| F|  |TAMS 0x000000009b300000, 0x000000009b300000| Untracked 
| 436|0x000000009b400000, 0x000000009b400000, 0x000000009b500000|  0%| F|  |TAMS 0x000000009b400000, 0x000000009b400000| Untracked 
| 437|0x000000009b500000, 0x000000009b500000, 0x000000009b600000|  0%| F|  |TAMS 0x000000009b500000, 0x000000009b500000| Untracked 
| 438|0x000000009b600000, 0x000000009b600000, 0x000000009b700000|  0%| F|  |TAMS 0x000000009b600000, 0x000000009b600000| Untracked 
| 439|0x000000009b700000, 0x000000009b700000, 0x000000009b800000|  0%| F|  |TAMS 0x000000009b700000, 0x000000009b700000| Untracked 
| 440|0x000000009b800000, 0x000000009b800000, 0x000000009b900000|  0%| F|  |TAMS 0x000000009b800000, 0x000000009b800000| Untracked 
| 441|0x000000009b900000, 0x000000009b900000, 0x000000009ba00000|  0%| F|  |TAMS 0x000000009b900000, 0x000000009b900000| Untracked 
| 442|0x000000009ba00000, 0x000000009ba00000, 0x000000009bb00000|  0%| F|  |TAMS 0x000000009ba00000, 0x000000009ba00000| Untracked 
| 443|0x000000009bb00000, 0x000000009bb00000, 0x000000009bc00000|  0%| F|  |TAMS 0x000000009bb00000, 0x000000009bb00000| Untracked 
| 444|0x000000009bc00000, 0x000000009bc00000, 0x000000009bd00000|  0%| F|  |TAMS 0x000000009bc00000, 0x000000009bc00000| Untracked 
| 445|0x000000009bd00000, 0x000000009bd00000, 0x000000009be00000|  0%| F|  |TAMS 0x000000009bd00000, 0x000000009bd00000| Untracked 
| 446|0x000000009be00000, 0x000000009be00000, 0x000000009bf00000|  0%| F|  |TAMS 0x000000009be00000, 0x000000009be00000| Untracked 
| 447|0x000000009bf00000, 0x000000009bf00000, 0x000000009c000000|  0%| F|  |TAMS 0x000000009bf00000, 0x000000009bf00000| Untracked 
| 448|0x000000009c000000, 0x000000009c000000, 0x000000009c100000|  0%| F|  |TAMS 0x000000009c000000, 0x000000009c000000| Untracked 
| 449|0x000000009c100000, 0x000000009c100000, 0x000000009c200000|  0%| F|  |TAMS 0x000000009c100000, 0x000000009c100000| Untracked 
| 450|0x000000009c200000, 0x000000009c200000, 0x000000009c300000|  0%| F|  |TAMS 0x000000009c200000, 0x000000009c200000| Untracked 
| 451|0x000000009c300000, 0x000000009c300000, 0x000000009c400000|  0%| F|  |TAMS 0x000000009c300000, 0x000000009c300000| Untracked 
| 452|0x000000009c400000, 0x000000009c400000, 0x000000009c500000|  0%| F|  |TAMS 0x000000009c400000, 0x000000009c400000| Untracked 
| 453|0x000000009c500000, 0x000000009c500000, 0x000000009c600000|  0%| F|  |TAMS 0x000000009c500000, 0x000000009c500000| Untracked 
| 454|0x000000009c600000, 0x000000009c600000, 0x000000009c700000|  0%| F|  |TAMS 0x000000009c600000, 0x000000009c600000| Untracked 
| 455|0x000000009c700000, 0x000000009c700000, 0x000000009c800000|  0%| F|  |TAMS 0x000000009c700000, 0x000000009c700000| Untracked 
| 456|0x000000009c800000, 0x000000009c800000, 0x000000009c900000|  0%| F|  |TAMS 0x000000009c800000, 0x000000009c800000| Untracked 
| 457|0x000000009c900000, 0x000000009c900000, 0x000000009ca00000|  0%| F|  |TAMS 0x000000009c900000, 0x000000009c900000| Untracked 
| 458|0x000000009ca00000, 0x000000009ca00000, 0x000000009cb00000|  0%| F|  |TAMS 0x000000009ca00000, 0x000000009ca00000| Untracked 
| 459|0x000000009cb00000, 0x000000009cb00000, 0x000000009cc00000|  0%| F|  |TAMS 0x000000009cb00000, 0x000000009cb00000| Untracked 
| 460|0x000000009cc00000, 0x000000009cc00000, 0x000000009cd00000|  0%| F|  |TAMS 0x000000009cc00000, 0x000000009cc00000| Untracked 
| 461|0x000000009cd00000, 0x000000009cd00000, 0x000000009ce00000|  0%| F|  |TAMS 0x000000009cd00000, 0x000000009cd00000| Untracked 
| 462|0x000000009ce00000, 0x000000009ce00000, 0x000000009cf00000|  0%| F|  |TAMS 0x000000009ce00000, 0x000000009ce00000| Untracked 
| 463|0x000000009cf00000, 0x000000009cf00000, 0x000000009d000000|  0%| F|  |TAMS 0x000000009cf00000, 0x000000009cf00000| Untracked 
| 464|0x000000009d000000, 0x000000009d000000, 0x000000009d100000|  0%| F|  |TAMS 0x000000009d000000, 0x000000009d000000| Untracked 
| 465|0x000000009d100000, 0x000000009d100000, 0x000000009d200000|  0%| F|  |TAMS 0x000000009d100000, 0x000000009d100000| Untracked 
| 466|0x000000009d200000, 0x000000009d200000, 0x000000009d300000|  0%| F|  |TAMS 0x000000009d200000, 0x000000009d200000| Untracked 
| 467|0x000000009d300000, 0x000000009d300000, 0x000000009d400000|  0%| F|  |TAMS 0x000000009d300000, 0x000000009d300000| Untracked 
| 468|0x000000009d400000, 0x000000009d400000, 0x000000009d500000|  0%| F|  |TAMS 0x000000009d400000, 0x000000009d400000| Untracked 
| 469|0x000000009d500000, 0x000000009d500000, 0x000000009d600000|  0%| F|  |TAMS 0x000000009d500000, 0x000000009d500000| Untracked 
| 470|0x000000009d600000, 0x000000009d600000, 0x000000009d700000|  0%| F|  |TAMS 0x000000009d600000, 0x000000009d600000| Untracked 
| 471|0x000000009d700000, 0x000000009d700000, 0x000000009d800000|  0%| F|  |TAMS 0x000000009d700000, 0x000000009d700000| Untracked 
| 472|0x000000009d800000, 0x000000009d800000, 0x000000009d900000|  0%| F|  |TAMS 0x000000009d800000, 0x000000009d800000| Untracked 
| 473|0x000000009d900000, 0x000000009d900000, 0x000000009da00000|  0%| F|  |TAMS 0x000000009d900000, 0x000000009d900000| Untracked 
| 474|0x000000009da00000, 0x000000009da00000, 0x000000009db00000|  0%| F|  |TAMS 0x000000009da00000, 0x000000009da00000| Untracked 
| 475|0x000000009db00000, 0x000000009db00000, 0x000000009dc00000|  0%| F|  |TAMS 0x000000009db00000, 0x000000009db00000| Untracked 
| 476|0x000000009dc00000, 0x000000009dc00000, 0x000000009dd00000|  0%| F|  |TAMS 0x000000009dc00000, 0x000000009dc00000| Untracked 
| 477|0x000000009dd00000, 0x000000009dd00000, 0x000000009de00000|  0%| F|  |TAMS 0x000000009dd00000, 0x000000009dd00000| Untracked 
| 478|0x000000009de00000, 0x000000009de00000, 0x000000009df00000|  0%| F|  |TAMS 0x000000009de00000, 0x000000009de00000| Untracked 
| 479|0x000000009df00000, 0x000000009df00000, 0x000000009e000000|  0%| F|  |TAMS 0x000000009df00000, 0x000000009df00000| Untracked 
| 480|0x000000009e000000, 0x000000009e000000, 0x000000009e100000|  0%| F|  |TAMS 0x000000009e000000, 0x000000009e000000| Untracked 
| 481|0x000000009e100000, 0x000000009e100000, 0x000000009e200000|  0%| F|  |TAMS 0x000000009e100000, 0x000000009e100000| Untracked 
| 482|0x000000009e200000, 0x000000009e200000, 0x000000009e300000|  0%| F|  |TAMS 0x000000009e200000, 0x000000009e200000| Untracked 
| 483|0x000000009e300000, 0x000000009e300000, 0x000000009e400000|  0%| F|  |TAMS 0x000000009e300000, 0x000000009e300000| Untracked 
| 484|0x000000009e400000, 0x000000009e400000, 0x000000009e500000|  0%| F|  |TAMS 0x000000009e400000, 0x000000009e400000| Untracked 
| 485|0x000000009e500000, 0x000000009e500000, 0x000000009e600000|  0%| F|  |TAMS 0x000000009e500000, 0x000000009e500000| Untracked 
| 486|0x000000009e600000, 0x000000009e600000, 0x000000009e700000|  0%| F|  |TAMS 0x000000009e600000, 0x000000009e600000| Untracked 
| 487|0x000000009e700000, 0x000000009e700000, 0x000000009e800000|  0%| F|  |TAMS 0x000000009e700000, 0x000000009e700000| Untracked 
| 488|0x000000009e800000, 0x000000009e800000, 0x000000009e900000|  0%| F|  |TAMS 0x000000009e800000, 0x000000009e800000| Untracked 
| 489|0x000000009e900000, 0x000000009e900000, 0x000000009ea00000|  0%| F|  |TAMS 0x000000009e900000, 0x000000009e900000| Untracked 
| 490|0x000000009ea00000, 0x000000009ea00000, 0x000000009eb00000|  0%| F|  |TAMS 0x000000009ea00000, 0x000000009ea00000| Untracked 
| 491|0x000000009eb00000, 0x000000009eb00000, 0x000000009ec00000|  0%| F|  |TAMS 0x000000009eb00000, 0x000000009eb00000| Untracked 
| 492|0x000000009ec00000, 0x000000009ec00000, 0x000000009ed00000|  0%| F|  |TAMS 0x000000009ec00000, 0x000000009ec00000| Untracked 
| 493|0x000000009ed00000, 0x000000009ed00000, 0x000000009ee00000|  0%| F|  |TAMS 0x000000009ed00000, 0x000000009ed00000| Untracked 
| 494|0x000000009ee00000, 0x000000009ee00000, 0x000000009ef00000|  0%| F|  |TAMS 0x000000009ee00000, 0x000000009ee00000| Untracked 
| 495|0x000000009ef00000, 0x000000009ef00000, 0x000000009f000000|  0%| F|  |TAMS 0x000000009ef00000, 0x000000009ef00000| Untracked 
| 496|0x000000009f000000, 0x000000009f000000, 0x000000009f100000|  0%| F|  |TAMS 0x000000009f000000, 0x000000009f000000| Untracked 
| 497|0x000000009f100000, 0x000000009f100000, 0x000000009f200000|  0%| F|  |TAMS 0x000000009f100000, 0x000000009f100000| Untracked 
| 498|0x000000009f200000, 0x000000009f200000, 0x000000009f300000|  0%| F|  |TAMS 0x000000009f200000, 0x000000009f200000| Untracked 
| 499|0x000000009f300000, 0x000000009f300000, 0x000000009f400000|  0%| F|  |TAMS 0x000000009f300000, 0x000000009f300000| Untracked 
| 500|0x000000009f400000, 0x000000009f400000, 0x000000009f500000|  0%| F|  |TAMS 0x000000009f400000, 0x000000009f400000| Untracked 
| 501|0x000000009f500000, 0x000000009f500000, 0x000000009f600000|  0%| F|  |TAMS 0x000000009f500000, 0x000000009f500000| Untracked 
| 502|0x000000009f600000, 0x000000009f600000, 0x000000009f700000|  0%| F|  |TAMS 0x000000009f600000, 0x000000009f600000| Untracked 
| 503|0x000000009f700000, 0x000000009f700000, 0x000000009f800000|  0%| F|  |TAMS 0x000000009f700000, 0x000000009f700000| Untracked 
| 504|0x000000009f800000, 0x000000009f800000, 0x000000009f900000|  0%| F|  |TAMS 0x000000009f800000, 0x000000009f800000| Untracked 
| 505|0x000000009f900000, 0x000000009f900000, 0x000000009fa00000|  0%| F|  |TAMS 0x000000009f900000, 0x000000009f900000| Untracked 
| 506|0x000000009fa00000, 0x000000009fa00000, 0x000000009fb00000|  0%| F|  |TAMS 0x000000009fa00000, 0x000000009fa00000| Untracked 
| 507|0x000000009fb00000, 0x000000009fb00000, 0x000000009fc00000|  0%| F|  |TAMS 0x000000009fb00000, 0x000000009fb00000| Untracked 
| 508|0x000000009fc00000, 0x000000009fc00000, 0x000000009fd00000|  0%| F|  |TAMS 0x000000009fc00000, 0x000000009fc00000| Untracked 
| 509|0x000000009fd00000, 0x000000009fd00000, 0x000000009fe00000|  0%| F|  |TAMS 0x000000009fd00000, 0x000000009fd00000| Untracked 
| 510|0x000000009fe00000, 0x000000009fe00000, 0x000000009ff00000|  0%| F|  |TAMS 0x000000009fe00000, 0x000000009fe00000| Untracked 
| 511|0x000000009ff00000, 0x000000009ff00000, 0x00000000a0000000|  0%| F|  |TAMS 0x000000009ff00000, 0x000000009ff00000| Untracked 
| 512|0x00000000a0000000, 0x00000000a0000000, 0x00000000a0100000|  0%| F|  |TAMS 0x00000000a0000000, 0x00000000a0000000| Untracked 
| 513|0x00000000a0100000, 0x00000000a0100000, 0x00000000a0200000|  0%| F|  |TAMS 0x00000000a0100000, 0x00000000a0100000| Untracked 
| 514|0x00000000a0200000, 0x00000000a0200000, 0x00000000a0300000|  0%| F|  |TAMS 0x00000000a0200000, 0x00000000a0200000| Untracked 
| 515|0x00000000a0300000, 0x00000000a0300000, 0x00000000a0400000|  0%| F|  |TAMS 0x00000000a0300000, 0x00000000a0300000| Untracked 
| 516|0x00000000a0400000, 0x00000000a0400000, 0x00000000a0500000|  0%| F|  |TAMS 0x00000000a0400000, 0x00000000a0400000| Untracked 
| 517|0x00000000a0500000, 0x00000000a0500000, 0x00000000a0600000|  0%| F|  |TAMS 0x00000000a0500000, 0x00000000a0500000| Untracked 
| 518|0x00000000a0600000, 0x00000000a0600000, 0x00000000a0700000|  0%| F|  |TAMS 0x00000000a0600000, 0x00000000a0600000| Untracked 
| 519|0x00000000a0700000, 0x00000000a0700000, 0x00000000a0800000|  0%| F|  |TAMS 0x00000000a0700000, 0x00000000a0700000| Untracked 
| 520|0x00000000a0800000, 0x00000000a0800000, 0x00000000a0900000|  0%| F|  |TAMS 0x00000000a0800000, 0x00000000a0800000| Untracked 
| 521|0x00000000a0900000, 0x00000000a0900000, 0x00000000a0a00000|  0%| F|  |TAMS 0x00000000a0900000, 0x00000000a0900000| Untracked 
| 522|0x00000000a0a00000, 0x00000000a0a00000, 0x00000000a0b00000|  0%| F|  |TAMS 0x00000000a0a00000, 0x00000000a0a00000| Untracked 
| 523|0x00000000a0b00000, 0x00000000a0b00000, 0x00000000a0c00000|  0%| F|  |TAMS 0x00000000a0b00000, 0x00000000a0b00000| Untracked 
| 524|0x00000000a0c00000, 0x00000000a0c00000, 0x00000000a0d00000|  0%| F|  |TAMS 0x00000000a0c00000, 0x00000000a0c00000| Untracked 
| 525|0x00000000a0d00000, 0x00000000a0d00000, 0x00000000a0e00000|  0%| F|  |TAMS 0x00000000a0d00000, 0x00000000a0d00000| Untracked 
| 526|0x00000000a0e00000, 0x00000000a0e00000, 0x00000000a0f00000|  0%| F|  |TAMS 0x00000000a0e00000, 0x00000000a0e00000| Untracked 
| 527|0x00000000a0f00000, 0x00000000a0f00000, 0x00000000a1000000|  0%| F|  |TAMS 0x00000000a0f00000, 0x00000000a0f00000| Untracked 
| 528|0x00000000a1000000, 0x00000000a1000000, 0x00000000a1100000|  0%| F|  |TAMS 0x00000000a1000000, 0x00000000a1000000| Untracked 
| 529|0x00000000a1100000, 0x00000000a1100000, 0x00000000a1200000|  0%| F|  |TAMS 0x00000000a1100000, 0x00000000a1100000| Untracked 
| 530|0x00000000a1200000, 0x00000000a1200000, 0x00000000a1300000|  0%| F|  |TAMS 0x00000000a1200000, 0x00000000a1200000| Untracked 
| 531|0x00000000a1300000, 0x00000000a1300000, 0x00000000a1400000|  0%| F|  |TAMS 0x00000000a1300000, 0x00000000a1300000| Untracked 
| 532|0x00000000a1400000, 0x00000000a1400000, 0x00000000a1500000|  0%| F|  |TAMS 0x00000000a1400000, 0x00000000a1400000| Untracked 
| 533|0x00000000a1500000, 0x00000000a1500000, 0x00000000a1600000|  0%| F|  |TAMS 0x00000000a1500000, 0x00000000a1500000| Untracked 
| 534|0x00000000a1600000, 0x00000000a1600000, 0x00000000a1700000|  0%| F|  |TAMS 0x00000000a1600000, 0x00000000a1600000| Untracked 
| 535|0x00000000a1700000, 0x00000000a1700000, 0x00000000a1800000|  0%| F|  |TAMS 0x00000000a1700000, 0x00000000a1700000| Untracked 
| 536|0x00000000a1800000, 0x00000000a1800000, 0x00000000a1900000|  0%| F|  |TAMS 0x00000000a1800000, 0x00000000a1800000| Untracked 
| 537|0x00000000a1900000, 0x00000000a1900000, 0x00000000a1a00000|  0%| F|  |TAMS 0x00000000a1900000, 0x00000000a1900000| Untracked 
| 538|0x00000000a1a00000, 0x00000000a1a00000, 0x00000000a1b00000|  0%| F|  |TAMS 0x00000000a1a00000, 0x00000000a1a00000| Untracked 
| 539|0x00000000a1b00000, 0x00000000a1b00000, 0x00000000a1c00000|  0%| F|  |TAMS 0x00000000a1b00000, 0x00000000a1b00000| Untracked 
| 540|0x00000000a1c00000, 0x00000000a1c00000, 0x00000000a1d00000|  0%| F|  |TAMS 0x00000000a1c00000, 0x00000000a1c00000| Untracked 
| 541|0x00000000a1d00000, 0x00000000a1d00000, 0x00000000a1e00000|  0%| F|  |TAMS 0x00000000a1d00000, 0x00000000a1d00000| Untracked 
| 542|0x00000000a1e00000, 0x00000000a1e00000, 0x00000000a1f00000|  0%| F|  |TAMS 0x00000000a1e00000, 0x00000000a1e00000| Untracked 
| 543|0x00000000a1f00000, 0x00000000a1f00000, 0x00000000a2000000|  0%| F|  |TAMS 0x00000000a1f00000, 0x00000000a1f00000| Untracked 
| 544|0x00000000a2000000, 0x00000000a2000000, 0x00000000a2100000|  0%| F|  |TAMS 0x00000000a2000000, 0x00000000a2000000| Untracked 
| 545|0x00000000a2100000, 0x00000000a2100000, 0x00000000a2200000|  0%| F|  |TAMS 0x00000000a2100000, 0x00000000a2100000| Untracked 
| 546|0x00000000a2200000, 0x00000000a2200000, 0x00000000a2300000|  0%| F|  |TAMS 0x00000000a2200000, 0x00000000a2200000| Untracked 
| 547|0x00000000a2300000, 0x00000000a2300000, 0x00000000a2400000|  0%| F|  |TAMS 0x00000000a2300000, 0x00000000a2300000| Untracked 
| 548|0x00000000a2400000, 0x00000000a2400000, 0x00000000a2500000|  0%| F|  |TAMS 0x00000000a2400000, 0x00000000a2400000| Untracked 
| 549|0x00000000a2500000, 0x00000000a2500000, 0x00000000a2600000|  0%| F|  |TAMS 0x00000000a2500000, 0x00000000a2500000| Untracked 
| 550|0x00000000a2600000, 0x00000000a26fd518, 0x00000000a2700000| 98%| E|  |TAMS 0x00000000a2600000, 0x00000000a2600000| Complete 
| 551|0x00000000a2700000, 0x00000000a2800000, 0x00000000a2800000|100%| E|CS|TAMS 0x00000000a2700000, 0x00000000a2700000| Complete 
| 552|0x00000000a2800000, 0x00000000a2900000, 0x00000000a2900000|100%| E|CS|TAMS 0x00000000a2800000, 0x00000000a2800000| Complete 
| 553|0x00000000a2900000, 0x00000000a2a00000, 0x00000000a2a00000|100%| E|CS|TAMS 0x00000000a2900000, 0x00000000a2900000| Complete 
| 554|0x00000000a2a00000, 0x00000000a2b00000, 0x00000000a2b00000|100%| E|  |TAMS 0x00000000a2a00000, 0x00000000a2a00000| Complete 
| 555|0x00000000a2b00000, 0x00000000a2c00000, 0x00000000a2c00000|100%| E|CS|TAMS 0x00000000a2b00000, 0x00000000a2b00000| Complete 
| 556|0x00000000a2c00000, 0x00000000a2d00000, 0x00000000a2d00000|100%| E|CS|TAMS 0x00000000a2c00000, 0x00000000a2c00000| Complete 
| 557|0x00000000a2d00000, 0x00000000a2e00000, 0x00000000a2e00000|100%| E|CS|TAMS 0x00000000a2d00000, 0x00000000a2d00000| Complete 
| 558|0x00000000a2e00000, 0x00000000a2f00000, 0x00000000a2f00000|100%| E|CS|TAMS 0x00000000a2e00000, 0x00000000a2e00000| Complete 
| 559|0x00000000a2f00000, 0x00000000a3000000, 0x00000000a3000000|100%| E|CS|TAMS 0x00000000a2f00000, 0x00000000a2f00000| Complete 
| 560|0x00000000a3000000, 0x00000000a3100000, 0x00000000a3100000|100%| E|CS|TAMS 0x00000000a3000000, 0x00000000a3000000| Complete 
| 561|0x00000000a3100000, 0x00000000a3200000, 0x00000000a3200000|100%| E|CS|TAMS 0x00000000a3100000, 0x00000000a3100000| Complete 
| 562|0x00000000a3200000, 0x00000000a3300000, 0x00000000a3300000|100%| E|CS|TAMS 0x00000000a3200000, 0x00000000a3200000| Complete 
| 563|0x00000000a3300000, 0x00000000a3400000, 0x00000000a3400000|100%| E|CS|TAMS 0x00000000a3300000, 0x00000000a3300000| Complete 
| 564|0x00000000a3400000, 0x00000000a3500000, 0x00000000a3500000|100%| E|CS|TAMS 0x00000000a3400000, 0x00000000a3400000| Complete 
| 565|0x00000000a3500000, 0x00000000a3600000, 0x00000000a3600000|100%| E|CS|TAMS 0x00000000a3500000, 0x00000000a3500000| Complete 
| 566|0x00000000a3600000, 0x00000000a3700000, 0x00000000a3700000|100%| E|CS|TAMS 0x00000000a3600000, 0x00000000a3600000| Complete 
| 567|0x00000000a3700000, 0x00000000a3800000, 0x00000000a3800000|100%| E|CS|TAMS 0x00000000a3700000, 0x00000000a3700000| Complete 
| 568|0x00000000a3800000, 0x00000000a3900000, 0x00000000a3900000|100%| E|CS|TAMS 0x00000000a3800000, 0x00000000a3800000| Complete 
| 569|0x00000000a3900000, 0x00000000a3a00000, 0x00000000a3a00000|100%| E|CS|TAMS 0x00000000a3900000, 0x00000000a3900000| Complete 
| 570|0x00000000a3a00000, 0x00000000a3b00000, 0x00000000a3b00000|100%| E|CS|TAMS 0x00000000a3a00000, 0x00000000a3a00000| Complete 
| 571|0x00000000a3b00000, 0x00000000a3c00000, 0x00000000a3c00000|100%| E|CS|TAMS 0x00000000a3b00000, 0x00000000a3b00000| Complete 
| 572|0x00000000a3c00000, 0x00000000a3d00000, 0x00000000a3d00000|100%| E|CS|TAMS 0x00000000a3c00000, 0x00000000a3c00000| Complete 
| 573|0x00000000a3d00000, 0x00000000a3e00000, 0x00000000a3e00000|100%| E|CS|TAMS 0x00000000a3d00000, 0x00000000a3d00000| Complete 
| 574|0x00000000a3e00000, 0x00000000a3f00000, 0x00000000a3f00000|100%| E|CS|TAMS 0x00000000a3e00000, 0x00000000a3e00000| Complete 
| 575|0x00000000a3f00000, 0x00000000a4000000, 0x00000000a4000000|100%| E|CS|TAMS 0x00000000a3f00000, 0x00000000a3f00000| Complete 
| 576|0x00000000a4000000, 0x00000000a4100000, 0x00000000a4100000|100%| E|CS|TAMS 0x00000000a4000000, 0x00000000a4000000| Complete 
| 577|0x00000000a4100000, 0x00000000a4200000, 0x00000000a4200000|100%| E|CS|TAMS 0x00000000a4100000, 0x00000000a4100000| Complete 
| 578|0x00000000a4200000, 0x00000000a4300000, 0x00000000a4300000|100%| E|CS|TAMS 0x00000000a4200000, 0x00000000a4200000| Complete 
| 579|0x00000000a4300000, 0x00000000a4400000, 0x00000000a4400000|100%| E|CS|TAMS 0x00000000a4300000, 0x00000000a4300000| Complete 
| 580|0x00000000a4400000, 0x00000000a4500000, 0x00000000a4500000|100%| E|CS|TAMS 0x00000000a4400000, 0x00000000a4400000| Complete 
| 581|0x00000000a4500000, 0x00000000a4600000, 0x00000000a4600000|100%| E|CS|TAMS 0x00000000a4500000, 0x00000000a4500000| Complete 
| 582|0x00000000a4600000, 0x00000000a4700000, 0x00000000a4700000|100%| E|CS|TAMS 0x00000000a4600000, 0x00000000a4600000| Complete 
| 583|0x00000000a4700000, 0x00000000a4800000, 0x00000000a4800000|100%| E|CS|TAMS 0x00000000a4700000, 0x00000000a4700000| Complete 
| 584|0x00000000a4800000, 0x00000000a4900000, 0x00000000a4900000|100%| E|CS|TAMS 0x00000000a4800000, 0x00000000a4800000| Complete 
| 585|0x00000000a4900000, 0x00000000a4a00000, 0x00000000a4a00000|100%| E|CS|TAMS 0x00000000a4900000, 0x00000000a4900000| Complete 
| 586|0x00000000a4a00000, 0x00000000a4b00000, 0x00000000a4b00000|100%| E|CS|TAMS 0x00000000a4a00000, 0x00000000a4a00000| Complete 
| 587|0x00000000a4b00000, 0x00000000a4c00000, 0x00000000a4c00000|100%| E|CS|TAMS 0x00000000a4b00000, 0x00000000a4b00000| Complete 
| 588|0x00000000a4c00000, 0x00000000a4d00000, 0x00000000a4d00000|100%| E|CS|TAMS 0x00000000a4c00000, 0x00000000a4c00000| Complete 
| 589|0x00000000a4d00000, 0x00000000a4e00000, 0x00000000a4e00000|100%| E|CS|TAMS 0x00000000a4d00000, 0x00000000a4d00000| Complete 
| 590|0x00000000a4e00000, 0x00000000a4f00000, 0x00000000a4f00000|100%| E|CS|TAMS 0x00000000a4e00000, 0x00000000a4e00000| Complete 
| 591|0x00000000a4f00000, 0x00000000a5000000, 0x00000000a5000000|100%| E|CS|TAMS 0x00000000a4f00000, 0x00000000a4f00000| Complete 
| 592|0x00000000a5000000, 0x00000000a5100000, 0x00000000a5100000|100%| E|CS|TAMS 0x00000000a5000000, 0x00000000a5000000| Complete 
| 593|0x00000000a5100000, 0x00000000a5200000, 0x00000000a5200000|100%| E|CS|TAMS 0x00000000a5100000, 0x00000000a5100000| Complete 
| 594|0x00000000a5200000, 0x00000000a5300000, 0x00000000a5300000|100%| E|CS|TAMS 0x00000000a5200000, 0x00000000a5200000| Complete 
| 595|0x00000000a5300000, 0x00000000a5400000, 0x00000000a5400000|100%| E|CS|TAMS 0x00000000a5300000, 0x00000000a5300000| Complete 
| 596|0x00000000a5400000, 0x00000000a5500000, 0x00000000a5500000|100%| E|CS|TAMS 0x00000000a5400000, 0x00000000a5400000| Complete 
| 597|0x00000000a5500000, 0x00000000a5600000, 0x00000000a5600000|100%| E|CS|TAMS 0x00000000a5500000, 0x00000000a5500000| Complete 
| 598|0x00000000a5600000, 0x00000000a5700000, 0x00000000a5700000|100%| E|CS|TAMS 0x00000000a5600000, 0x00000000a5600000| Complete 
| 599|0x00000000a5700000, 0x00000000a5800000, 0x00000000a5800000|100%| E|CS|TAMS 0x00000000a5700000, 0x00000000a5700000| Complete 
| 600|0x00000000a5800000, 0x00000000a5900000, 0x00000000a5900000|100%| E|CS|TAMS 0x00000000a5800000, 0x00000000a5800000| Complete 
| 601|0x00000000a5900000, 0x00000000a5a00000, 0x00000000a5a00000|100%| E|CS|TAMS 0x00000000a5900000, 0x00000000a5900000| Complete 
| 602|0x00000000a5a00000, 0x00000000a5b00000, 0x00000000a5b00000|100%| E|CS|TAMS 0x00000000a5a00000, 0x00000000a5a00000| Complete 
| 603|0x00000000a5b00000, 0x00000000a5c00000, 0x00000000a5c00000|100%| E|CS|TAMS 0x00000000a5b00000, 0x00000000a5b00000| Complete 
| 604|0x00000000a5c00000, 0x00000000a5d00000, 0x00000000a5d00000|100%| E|CS|TAMS 0x00000000a5c00000, 0x00000000a5c00000| Complete 
| 605|0x00000000a5d00000, 0x00000000a5e00000, 0x00000000a5e00000|100%| E|CS|TAMS 0x00000000a5d00000, 0x00000000a5d00000| Complete 
| 606|0x00000000a5e00000, 0x00000000a5f00000, 0x00000000a5f00000|100%| E|CS|TAMS 0x00000000a5e00000, 0x00000000a5e00000| Complete 
| 607|0x00000000a5f00000, 0x00000000a6000000, 0x00000000a6000000|100%| E|CS|TAMS 0x00000000a5f00000, 0x00000000a5f00000| Complete 
| 608|0x00000000a6000000, 0x00000000a6100000, 0x00000000a6100000|100%| E|CS|TAMS 0x00000000a6000000, 0x00000000a6000000| Complete 
| 609|0x00000000a6100000, 0x00000000a6200000, 0x00000000a6200000|100%| E|CS|TAMS 0x00000000a6100000, 0x00000000a6100000| Complete 
| 610|0x00000000a6200000, 0x00000000a6300000, 0x00000000a6300000|100%| E|CS|TAMS 0x00000000a6200000, 0x00000000a6200000| Complete 
| 611|0x00000000a6300000, 0x00000000a6400000, 0x00000000a6400000|100%| E|CS|TAMS 0x00000000a6300000, 0x00000000a6300000| Complete 
| 612|0x00000000a6400000, 0x00000000a6500000, 0x00000000a6500000|100%| E|CS|TAMS 0x00000000a6400000, 0x00000000a6400000| Complete 
| 613|0x00000000a6500000, 0x00000000a6600000, 0x00000000a6600000|100%| E|CS|TAMS 0x00000000a6500000, 0x00000000a6500000| Complete 
| 614|0x00000000a6600000, 0x00000000a6700000, 0x00000000a6700000|100%| E|CS|TAMS 0x00000000a6600000, 0x00000000a6600000| Complete 
| 615|0x00000000a6700000, 0x00000000a6800000, 0x00000000a6800000|100%| E|CS|TAMS 0x00000000a6700000, 0x00000000a6700000| Complete 
| 616|0x00000000a6800000, 0x00000000a6900000, 0x00000000a6900000|100%| E|CS|TAMS 0x00000000a6800000, 0x00000000a6800000| Complete 
| 617|0x00000000a6900000, 0x00000000a6a00000, 0x00000000a6a00000|100%| E|CS|TAMS 0x00000000a6900000, 0x00000000a6900000| Complete 
| 618|0x00000000a6a00000, 0x00000000a6b00000, 0x00000000a6b00000|100%| E|CS|TAMS 0x00000000a6a00000, 0x00000000a6a00000| Complete 
| 619|0x00000000a6b00000, 0x00000000a6c00000, 0x00000000a6c00000|100%| E|CS|TAMS 0x00000000a6b00000, 0x00000000a6b00000| Complete 
| 620|0x00000000a6c00000, 0x00000000a6d00000, 0x00000000a6d00000|100%| E|CS|TAMS 0x00000000a6c00000, 0x00000000a6c00000| Complete 
| 621|0x00000000a6d00000, 0x00000000a6e00000, 0x00000000a6e00000|100%| E|CS|TAMS 0x00000000a6d00000, 0x00000000a6d00000| Complete 
| 622|0x00000000a6e00000, 0x00000000a6f00000, 0x00000000a6f00000|100%| E|CS|TAMS 0x00000000a6e00000, 0x00000000a6e00000| Complete 
| 623|0x00000000a6f00000, 0x00000000a7000000, 0x00000000a7000000|100%| E|CS|TAMS 0x00000000a6f00000, 0x00000000a6f00000| Complete 
| 624|0x00000000a7000000, 0x00000000a7100000, 0x00000000a7100000|100%| E|CS|TAMS 0x00000000a7000000, 0x00000000a7000000| Complete 
| 625|0x00000000a7100000, 0x00000000a7200000, 0x00000000a7200000|100%| E|CS|TAMS 0x00000000a7100000, 0x00000000a7100000| Complete 
| 626|0x00000000a7200000, 0x00000000a7300000, 0x00000000a7300000|100%| E|CS|TAMS 0x00000000a7200000, 0x00000000a7200000| Complete 
| 627|0x00000000a7300000, 0x00000000a7400000, 0x00000000a7400000|100%| E|CS|TAMS 0x00000000a7300000, 0x00000000a7300000| Complete 
| 628|0x00000000a7400000, 0x00000000a7500000, 0x00000000a7500000|100%| E|CS|TAMS 0x00000000a7400000, 0x00000000a7400000| Complete 
| 629|0x00000000a7500000, 0x00000000a7600000, 0x00000000a7600000|100%| E|CS|TAMS 0x00000000a7500000, 0x00000000a7500000| Complete 
| 630|0x00000000a7600000, 0x00000000a7700000, 0x00000000a7700000|100%| E|CS|TAMS 0x00000000a7600000, 0x00000000a7600000| Complete 
| 631|0x00000000a7700000, 0x00000000a7800000, 0x00000000a7800000|100%| E|CS|TAMS 0x00000000a7700000, 0x00000000a7700000| Complete 
| 632|0x00000000a7800000, 0x00000000a7900000, 0x00000000a7900000|100%| E|CS|TAMS 0x00000000a7800000, 0x00000000a7800000| Complete 
| 633|0x00000000a7900000, 0x00000000a7a00000, 0x00000000a7a00000|100%| E|CS|TAMS 0x00000000a7900000, 0x00000000a7900000| Complete 
| 634|0x00000000a7a00000, 0x00000000a7b00000, 0x00000000a7b00000|100%| E|CS|TAMS 0x00000000a7a00000, 0x00000000a7a00000| Complete 
| 635|0x00000000a7b00000, 0x00000000a7c00000, 0x00000000a7c00000|100%| E|CS|TAMS 0x00000000a7b00000, 0x00000000a7b00000| Complete 
| 636|0x00000000a7c00000, 0x00000000a7d00000, 0x00000000a7d00000|100%| E|CS|TAMS 0x00000000a7c00000, 0x00000000a7c00000| Complete 
| 637|0x00000000a7d00000, 0x00000000a7e00000, 0x00000000a7e00000|100%| E|CS|TAMS 0x00000000a7d00000, 0x00000000a7d00000| Complete 
| 638|0x00000000a7e00000, 0x00000000a7f00000, 0x00000000a7f00000|100%| E|CS|TAMS 0x00000000a7e00000, 0x00000000a7e00000| Complete 
| 639|0x00000000a7f00000, 0x00000000a8000000, 0x00000000a8000000|100%| E|CS|TAMS 0x00000000a7f00000, 0x00000000a7f00000| Complete 
| 640|0x00000000a8000000, 0x00000000a8100000, 0x00000000a8100000|100%| E|CS|TAMS 0x00000000a8000000, 0x00000000a8000000| Complete 
| 641|0x00000000a8100000, 0x00000000a8200000, 0x00000000a8200000|100%| E|CS|TAMS 0x00000000a8100000, 0x00000000a8100000| Complete 
| 642|0x00000000a8200000, 0x00000000a8300000, 0x00000000a8300000|100%| E|CS|TAMS 0x00000000a8200000, 0x00000000a8200000| Complete 
| 643|0x00000000a8300000, 0x00000000a8400000, 0x00000000a8400000|100%| E|CS|TAMS 0x00000000a8300000, 0x00000000a8300000| Complete 
| 644|0x00000000a8400000, 0x00000000a8500000, 0x00000000a8500000|100%| E|CS|TAMS 0x00000000a8400000, 0x00000000a8400000| Complete 
| 645|0x00000000a8500000, 0x00000000a8600000, 0x00000000a8600000|100%| E|CS|TAMS 0x00000000a8500000, 0x00000000a8500000| Complete 
| 646|0x00000000a8600000, 0x00000000a8700000, 0x00000000a8700000|100%| E|CS|TAMS 0x00000000a8600000, 0x00000000a8600000| Complete 
| 647|0x00000000a8700000, 0x00000000a8800000, 0x00000000a8800000|100%| E|CS|TAMS 0x00000000a8700000, 0x00000000a8700000| Complete 
| 648|0x00000000a8800000, 0x00000000a8900000, 0x00000000a8900000|100%| E|CS|TAMS 0x00000000a8800000, 0x00000000a8800000| Complete 
| 649|0x00000000a8900000, 0x00000000a8a00000, 0x00000000a8a00000|100%| E|CS|TAMS 0x00000000a8900000, 0x00000000a8900000| Complete 
| 650|0x00000000a8a00000, 0x00000000a8b00000, 0x00000000a8b00000|100%| E|CS|TAMS 0x00000000a8a00000, 0x00000000a8a00000| Complete 
| 651|0x00000000a8b00000, 0x00000000a8c00000, 0x00000000a8c00000|100%| E|CS|TAMS 0x00000000a8b00000, 0x00000000a8b00000| Complete 
| 652|0x00000000a8c00000, 0x00000000a8d00000, 0x00000000a8d00000|100%| E|CS|TAMS 0x00000000a8c00000, 0x00000000a8c00000| Complete 
| 653|0x00000000a8d00000, 0x00000000a8e00000, 0x00000000a8e00000|100%| E|CS|TAMS 0x00000000a8d00000, 0x00000000a8d00000| Complete 
| 654|0x00000000a8e00000, 0x00000000a8f00000, 0x00000000a8f00000|100%| E|CS|TAMS 0x00000000a8e00000, 0x00000000a8e00000| Complete 
| 655|0x00000000a8f00000, 0x00000000a9000000, 0x00000000a9000000|100%| E|CS|TAMS 0x00000000a8f00000, 0x00000000a8f00000| Complete 
| 656|0x00000000a9000000, 0x00000000a9100000, 0x00000000a9100000|100%| E|CS|TAMS 0x00000000a9000000, 0x00000000a9000000| Complete 
| 657|0x00000000a9100000, 0x00000000a9200000, 0x00000000a9200000|100%| E|CS|TAMS 0x00000000a9100000, 0x00000000a9100000| Complete 
| 658|0x00000000a9200000, 0x00000000a9300000, 0x00000000a9300000|100%| E|CS|TAMS 0x00000000a9200000, 0x00000000a9200000| Complete 
| 659|0x00000000a9300000, 0x00000000a9400000, 0x00000000a9400000|100%| E|CS|TAMS 0x00000000a9300000, 0x00000000a9300000| Complete 
| 660|0x00000000a9400000, 0x00000000a9500000, 0x00000000a9500000|100%| E|CS|TAMS 0x00000000a9400000, 0x00000000a9400000| Complete 
| 661|0x00000000a9500000, 0x00000000a9600000, 0x00000000a9600000|100%| E|CS|TAMS 0x00000000a9500000, 0x00000000a9500000| Complete 
| 662|0x00000000a9600000, 0x00000000a9700000, 0x00000000a9700000|100%| E|CS|TAMS 0x00000000a9600000, 0x00000000a9600000| Complete 
| 663|0x00000000a9700000, 0x00000000a9800000, 0x00000000a9800000|100%| E|CS|TAMS 0x00000000a9700000, 0x00000000a9700000| Complete 
| 664|0x00000000a9800000, 0x00000000a9900000, 0x00000000a9900000|100%| E|CS|TAMS 0x00000000a9800000, 0x00000000a9800000| Complete 
| 665|0x00000000a9900000, 0x00000000a9a00000, 0x00000000a9a00000|100%| E|CS|TAMS 0x00000000a9900000, 0x00000000a9900000| Complete 
| 666|0x00000000a9a00000, 0x00000000a9b00000, 0x00000000a9b00000|100%| E|CS|TAMS 0x00000000a9a00000, 0x00000000a9a00000| Complete 
| 667|0x00000000a9b00000, 0x00000000a9c00000, 0x00000000a9c00000|100%| E|CS|TAMS 0x00000000a9b00000, 0x00000000a9b00000| Complete 
| 668|0x00000000a9c00000, 0x00000000a9d00000, 0x00000000a9d00000|100%| E|CS|TAMS 0x00000000a9c00000, 0x00000000a9c00000| Complete 
| 669|0x00000000a9d00000, 0x00000000a9e00000, 0x00000000a9e00000|100%| E|CS|TAMS 0x00000000a9d00000, 0x00000000a9d00000| Complete 
| 670|0x00000000a9e00000, 0x00000000a9f00000, 0x00000000a9f00000|100%| E|CS|TAMS 0x00000000a9e00000, 0x00000000a9e00000| Complete 
| 671|0x00000000a9f00000, 0x00000000aa000000, 0x00000000aa000000|100%| E|CS|TAMS 0x00000000a9f00000, 0x00000000a9f00000| Complete 
| 672|0x00000000aa000000, 0x00000000aa100000, 0x00000000aa100000|100%| E|CS|TAMS 0x00000000aa000000, 0x00000000aa000000| Complete 
| 673|0x00000000aa100000, 0x00000000aa200000, 0x00000000aa200000|100%| E|CS|TAMS 0x00000000aa100000, 0x00000000aa100000| Complete 
| 674|0x00000000aa200000, 0x00000000aa300000, 0x00000000aa300000|100%| E|CS|TAMS 0x00000000aa200000, 0x00000000aa200000| Complete 
| 675|0x00000000aa300000, 0x00000000aa400000, 0x00000000aa400000|100%| E|CS|TAMS 0x00000000aa300000, 0x00000000aa300000| Complete 
| 676|0x00000000aa400000, 0x00000000aa500000, 0x00000000aa500000|100%| E|CS|TAMS 0x00000000aa400000, 0x00000000aa400000| Complete 
| 677|0x00000000aa500000, 0x00000000aa600000, 0x00000000aa600000|100%| E|CS|TAMS 0x00000000aa500000, 0x00000000aa500000| Complete 
| 678|0x00000000aa600000, 0x00000000aa700000, 0x00000000aa700000|100%| E|CS|TAMS 0x00000000aa600000, 0x00000000aa600000| Complete 
| 679|0x00000000aa700000, 0x00000000aa800000, 0x00000000aa800000|100%| E|CS|TAMS 0x00000000aa700000, 0x00000000aa700000| Complete 
| 680|0x00000000aa800000, 0x00000000aa900000, 0x00000000aa900000|100%| E|CS|TAMS 0x00000000aa800000, 0x00000000aa800000| Complete 
| 681|0x00000000aa900000, 0x00000000aaa00000, 0x00000000aaa00000|100%| E|CS|TAMS 0x00000000aa900000, 0x00000000aa900000| Complete 
| 682|0x00000000aaa00000, 0x00000000aab00000, 0x00000000aab00000|100%| E|CS|TAMS 0x00000000aaa00000, 0x00000000aaa00000| Complete 
| 683|0x00000000aab00000, 0x00000000aac00000, 0x00000000aac00000|100%| E|CS|TAMS 0x00000000aab00000, 0x00000000aab00000| Complete 
| 684|0x00000000aac00000, 0x00000000aad00000, 0x00000000aad00000|100%| E|CS|TAMS 0x00000000aac00000, 0x00000000aac00000| Complete 
| 685|0x00000000aad00000, 0x00000000aae00000, 0x00000000aae00000|100%| E|CS|TAMS 0x00000000aad00000, 0x00000000aad00000| Complete 
| 686|0x00000000aae00000, 0x00000000aaf00000, 0x00000000aaf00000|100%| E|CS|TAMS 0x00000000aae00000, 0x00000000aae00000| Complete 
| 687|0x00000000aaf00000, 0x00000000ab000000, 0x00000000ab000000|100%| E|CS|TAMS 0x00000000aaf00000, 0x00000000aaf00000| Complete 
| 688|0x00000000ab000000, 0x00000000ab100000, 0x00000000ab100000|100%| E|CS|TAMS 0x00000000ab000000, 0x00000000ab000000| Complete 
| 689|0x00000000ab100000, 0x00000000ab200000, 0x00000000ab200000|100%| E|CS|TAMS 0x00000000ab100000, 0x00000000ab100000| Complete 
| 690|0x00000000ab200000, 0x00000000ab300000, 0x00000000ab300000|100%| E|CS|TAMS 0x00000000ab200000, 0x00000000ab200000| Complete 
| 691|0x00000000ab300000, 0x00000000ab400000, 0x00000000ab400000|100%| E|CS|TAMS 0x00000000ab300000, 0x00000000ab300000| Complete 
| 692|0x00000000ab400000, 0x00000000ab500000, 0x00000000ab500000|100%| E|CS|TAMS 0x00000000ab400000, 0x00000000ab400000| Complete 
| 693|0x00000000ab500000, 0x00000000ab600000, 0x00000000ab600000|100%| E|CS|TAMS 0x00000000ab500000, 0x00000000ab500000| Complete 
| 694|0x00000000ab600000, 0x00000000ab700000, 0x00000000ab700000|100%| S|CS|TAMS 0x00000000ab600000, 0x00000000ab600000| Complete 
| 695|0x00000000ab700000, 0x00000000ab800000, 0x00000000ab800000|100%| S|CS|TAMS 0x00000000ab700000, 0x00000000ab700000| Complete 
| 696|0x00000000ab800000, 0x00000000ab900000, 0x00000000ab900000|100%| S|CS|TAMS 0x00000000ab800000, 0x00000000ab800000| Complete 
| 697|0x00000000ab900000, 0x00000000aba00000, 0x00000000aba00000|100%| S|CS|TAMS 0x00000000ab900000, 0x00000000ab900000| Complete 
| 698|0x00000000aba00000, 0x00000000abb00000, 0x00000000abb00000|100%| S|CS|TAMS 0x00000000aba00000, 0x00000000aba00000| Complete 
| 699|0x00000000abb00000, 0x00000000abc00000, 0x00000000abc00000|100%| E|CS|TAMS 0x00000000abb00000, 0x00000000abb00000| Complete 
| 700|0x00000000abc00000, 0x00000000abd00000, 0x00000000abd00000|100%| E|CS|TAMS 0x00000000abc00000, 0x00000000abc00000| Complete 
| 701|0x00000000abd00000, 0x00000000abe00000, 0x00000000abe00000|100%| E|CS|TAMS 0x00000000abd00000, 0x00000000abd00000| Complete 
| 702|0x00000000abe00000, 0x00000000abf00000, 0x00000000abf00000|100%| E|CS|TAMS 0x00000000abe00000, 0x00000000abe00000| Complete 
| 703|0x00000000abf00000, 0x00000000ac000000, 0x00000000ac000000|100%| E|CS|TAMS 0x00000000abf00000, 0x00000000abf00000| Complete 
| 704|0x00000000ac000000, 0x00000000ac100000, 0x00000000ac100000|100%| E|CS|TAMS 0x00000000ac000000, 0x00000000ac000000| Complete 
| 705|0x00000000ac100000, 0x00000000ac200000, 0x00000000ac200000|100%| E|CS|TAMS 0x00000000ac100000, 0x00000000ac100000| Complete 
| 706|0x00000000ac200000, 0x00000000ac300000, 0x00000000ac300000|100%| E|CS|TAMS 0x00000000ac200000, 0x00000000ac200000| Complete 
| 707|0x00000000ac300000, 0x00000000ac400000, 0x00000000ac400000|100%| E|CS|TAMS 0x00000000ac300000, 0x00000000ac300000| Complete 
| 708|0x00000000ac400000, 0x00000000ac500000, 0x00000000ac500000|100%| E|CS|TAMS 0x00000000ac400000, 0x00000000ac400000| Complete 
| 709|0x00000000ac500000, 0x00000000ac600000, 0x00000000ac600000|100%| E|CS|TAMS 0x00000000ac500000, 0x00000000ac500000| Complete 
| 710|0x00000000ac600000, 0x00000000ac700000, 0x00000000ac700000|100%| E|CS|TAMS 0x00000000ac600000, 0x00000000ac600000| Complete 
| 711|0x00000000ac700000, 0x00000000ac800000, 0x00000000ac800000|100%| E|CS|TAMS 0x00000000ac700000, 0x00000000ac700000| Complete 
| 712|0x00000000ac800000, 0x00000000ac900000, 0x00000000ac900000|100%| E|CS|TAMS 0x00000000ac800000, 0x00000000ac800000| Complete 
| 713|0x00000000ac900000, 0x00000000aca00000, 0x00000000aca00000|100%| E|CS|TAMS 0x00000000ac900000, 0x00000000ac900000| Complete 
| 714|0x00000000aca00000, 0x00000000acb00000, 0x00000000acb00000|100%| E|CS|TAMS 0x00000000aca00000, 0x00000000aca00000| Complete 
| 715|0x00000000acb00000, 0x00000000acc00000, 0x00000000acc00000|100%| E|CS|TAMS 0x00000000acb00000, 0x00000000acb00000| Complete 
| 716|0x00000000acc00000, 0x00000000acd00000, 0x00000000acd00000|100%| E|CS|TAMS 0x00000000acc00000, 0x00000000acc00000| Complete 
| 717|0x00000000acd00000, 0x00000000ace00000, 0x00000000ace00000|100%| E|CS|TAMS 0x00000000acd00000, 0x00000000acd00000| Complete 
| 718|0x00000000ace00000, 0x00000000acf00000, 0x00000000acf00000|100%| E|CS|TAMS 0x00000000ace00000, 0x00000000ace00000| Complete 
| 719|0x00000000acf00000, 0x00000000ad000000, 0x00000000ad000000|100%| E|CS|TAMS 0x00000000acf00000, 0x00000000acf00000| Complete 
| 720|0x00000000ad000000, 0x00000000ad100000, 0x00000000ad100000|100%| E|CS|TAMS 0x00000000ad000000, 0x00000000ad000000| Complete 
| 721|0x00000000ad100000, 0x00000000ad200000, 0x00000000ad200000|100%| E|CS|TAMS 0x00000000ad100000, 0x00000000ad100000| Complete 
| 722|0x00000000ad200000, 0x00000000ad300000, 0x00000000ad300000|100%| E|CS|TAMS 0x00000000ad200000, 0x00000000ad200000| Complete 
| 723|0x00000000ad300000, 0x00000000ad400000, 0x00000000ad400000|100%| E|CS|TAMS 0x00000000ad300000, 0x00000000ad300000| Complete 
| 724|0x00000000ad400000, 0x00000000ad500000, 0x00000000ad500000|100%| E|CS|TAMS 0x00000000ad400000, 0x00000000ad400000| Complete 
| 725|0x00000000ad500000, 0x00000000ad600000, 0x00000000ad600000|100%| E|CS|TAMS 0x00000000ad500000, 0x00000000ad500000| Complete 
| 726|0x00000000ad600000, 0x00000000ad700000, 0x00000000ad700000|100%| E|CS|TAMS 0x00000000ad600000, 0x00000000ad600000| Complete 
| 727|0x00000000ad700000, 0x00000000ad800000, 0x00000000ad800000|100%| E|CS|TAMS 0x00000000ad700000, 0x00000000ad700000| Complete 
| 728|0x00000000ad800000, 0x00000000ad900000, 0x00000000ad900000|100%| E|CS|TAMS 0x00000000ad800000, 0x00000000ad800000| Complete 
| 729|0x00000000ad900000, 0x00000000ada00000, 0x00000000ada00000|100%| E|CS|TAMS 0x00000000ad900000, 0x00000000ad900000| Complete 
| 730|0x00000000ada00000, 0x00000000adb00000, 0x00000000adb00000|100%| E|CS|TAMS 0x00000000ada00000, 0x00000000ada00000| Complete 
| 731|0x00000000adb00000, 0x00000000adc00000, 0x00000000adc00000|100%| E|CS|TAMS 0x00000000adb00000, 0x00000000adb00000| Complete 
| 732|0x00000000adc00000, 0x00000000add00000, 0x00000000add00000|100%| E|CS|TAMS 0x00000000adc00000, 0x00000000adc00000| Complete 
| 733|0x00000000add00000, 0x00000000ade00000, 0x00000000ade00000|100%| E|CS|TAMS 0x00000000add00000, 0x00000000add00000| Complete 
| 734|0x00000000ade00000, 0x00000000adf00000, 0x00000000adf00000|100%| E|CS|TAMS 0x00000000ade00000, 0x00000000ade00000| Complete 
| 735|0x00000000adf00000, 0x00000000ae000000, 0x00000000ae000000|100%| E|CS|TAMS 0x00000000adf00000, 0x00000000adf00000| Complete 
| 736|0x00000000ae000000, 0x00000000ae100000, 0x00000000ae100000|100%| E|CS|TAMS 0x00000000ae000000, 0x00000000ae000000| Complete 
| 737|0x00000000ae100000, 0x00000000ae200000, 0x00000000ae200000|100%| E|CS|TAMS 0x00000000ae100000, 0x00000000ae100000| Complete 
| 738|0x00000000ae200000, 0x00000000ae300000, 0x00000000ae300000|100%| E|CS|TAMS 0x00000000ae200000, 0x00000000ae200000| Complete 
| 739|0x00000000ae300000, 0x00000000ae400000, 0x00000000ae400000|100%| E|CS|TAMS 0x00000000ae300000, 0x00000000ae300000| Complete 
| 740|0x00000000ae400000, 0x00000000ae500000, 0x00000000ae500000|100%| E|CS|TAMS 0x00000000ae400000, 0x00000000ae400000| Complete 
| 741|0x00000000ae500000, 0x00000000ae600000, 0x00000000ae600000|100%| E|CS|TAMS 0x00000000ae500000, 0x00000000ae500000| Complete 
| 742|0x00000000ae600000, 0x00000000ae700000, 0x00000000ae700000|100%| E|CS|TAMS 0x00000000ae600000, 0x00000000ae600000| Complete 
| 743|0x00000000ae700000, 0x00000000ae800000, 0x00000000ae800000|100%| E|CS|TAMS 0x00000000ae700000, 0x00000000ae700000| Complete 
| 744|0x00000000ae800000, 0x00000000ae900000, 0x00000000ae900000|100%| E|CS|TAMS 0x00000000ae800000, 0x00000000ae800000| Complete 
| 745|0x00000000ae900000, 0x00000000aea00000, 0x00000000aea00000|100%| E|CS|TAMS 0x00000000ae900000, 0x00000000ae900000| Complete 
| 746|0x00000000aea00000, 0x00000000aeb00000, 0x00000000aeb00000|100%| E|CS|TAMS 0x00000000aea00000, 0x00000000aea00000| Complete 
| 747|0x00000000aeb00000, 0x00000000aec00000, 0x00000000aec00000|100%| E|CS|TAMS 0x00000000aeb00000, 0x00000000aeb00000| Complete 
| 748|0x00000000aec00000, 0x00000000aed00000, 0x00000000aed00000|100%| E|CS|TAMS 0x00000000aec00000, 0x00000000aec00000| Complete 

Card table byte_map: [0x000001913d160000,0x000001913d560000] _byte_map_base: 0x000001913cd60000

Marking Bits (Prev, Next): (CMBitMap*) 0x0000019123b0de00, (CMBitMap*) 0x0000019123b0de40
 Prev Bits: [0x000001913d960000, 0x000001913f960000)
 Next Bits: [0x000001913f960000, 0x0000019141960000)

Polling page: 0x0000019123c00000

Metaspace:

Usage:
  Non-class:    126.76 MB used.
      Class:     19.65 MB used.
       Both:    146.40 MB used.

Virtual space:
  Non-class space:      128.00 MB reserved,     127.81 MB (>99%) committed,  2 nodes.
      Class space:      416.00 MB reserved,      20.62 MB (  5%) committed,  1 nodes.
             Both:      544.00 MB reserved,     148.44 MB ( 27%) committed. 

Chunk freelists:
   Non-Class:  16.00 KB
       Class:  11.32 MB
        Both:  11.33 MB

MaxMetaspaceSize: 512.00 MB
CompressedClassSpaceSize: 416.00 MB
Initial GC threshold: 21.00 MB
Current GC threshold: 237.62 MB
CDS: on
MetaspaceReclaimPolicy: balanced
 - commit_granule_bytes: 65536.
 - commit_granule_words: 8192.
 - virtual_space_node_default_size: 8388608.
 - enlarge_chunks_in_place: 1.
 - new_chunks_are_fully_committed: 0.
 - uncommit_free_chunks: 1.
 - use_allocation_guard: 0.
 - handle_deallocations: 1.


Internal statistics:

num_allocs_failed_limit: 12.
num_arena_births: 3358.
num_arena_deaths: 0.
num_vsnodes_births: 3.
num_vsnodes_deaths: 0.
num_space_committed: 2373.
num_space_uncommitted: 0.
num_chunks_returned_to_freelist: 12.
num_chunks_taken_from_freelist: 10748.
num_chunk_merges: 12.
num_chunk_splits: 6655.
num_chunks_enlarged: 3733.
num_inconsistent_stats: 0.

CodeHeap 'non-profiled nmethods': size=120000Kb used=16219Kb max_used=16473Kb free=103780Kb
 bounds [0x00000191352d0000, 0x00000191362f0000, 0x000001913c800000]
CodeHeap 'profiled nmethods': size=120000Kb used=45025Kb max_used=45025Kb free=74974Kb
 bounds [0x000001912d800000, 0x0000019130420000, 0x0000019134d30000]
CodeHeap 'non-nmethods': size=5760Kb used=1859Kb max_used=1891Kb free=3901Kb
 bounds [0x0000019134d30000, 0x0000019134fa0000, 0x00000191352d0000]
 total_blobs=23712 nmethods=22739 adapters=884
 compilation: enabled
              stopped_count=0, restarted_count=0
 full_count=0

Compilation events (20 events):
Event: 256.856 Thread 0x0000019143d597b0 nmethod 29368 0x000001913625d610 code [0x000001913625d7a0, 0x000001913625d878]
Event: 256.859 Thread 0x0000019143d597b0 29369       3       com.sun.xml.bind.v2.runtime.unmarshaller.Scope::<init> (10 bytes)
Event: 256.859 Thread 0x0000019143d597b0 nmethod 29369 0x000001912fed0090 code [0x000001912fed0240, 0x000001912fed03f8]
Event: 256.862 Thread 0x0000019143d597b0 29371       3       com.sun.xml.bind.v2.runtime.unmarshaller.UnmarshallingContext$State::setLoader (35 bytes)
Event: 256.862 Thread 0x0000019143d597b0 nmethod 29371 0x00000191300e9690 code [0x00000191300e9860, 0x00000191300e9d38]
Event: 256.875 Thread 0x0000019143d597b0 29372   !   3       com.sun.xml.bind.v2.runtime.reflect.Accessor$FieldReflection::set (43 bytes)
Event: 256.876 Thread 0x0000019143d597b0 nmethod 29372 0x00000191300e8990 code [0x00000191300e8bc0, 0x00000191300e92e8]
Event: 256.885 Thread 0x0000019143d597b0 29373       3       com.sun.xml.bind.v2.runtime.JaxBeanInfo::lookForLifecycleMethods (17 bytes)
Event: 256.886 Thread 0x0000019143d597b0 nmethod 29373 0x000001912e369490 code [0x000001912e369620, 0x000001912e369798]
Event: 256.908 Thread 0x0000019143d597b0 29374       3       sun.invoke.util.Wrapper::hashWrap (63 bytes)
Event: 256.909 Thread 0x0000019143d597b0 nmethod 29374 0x000001912f294190 code [0x000001912f294440, 0x000001912f295108]
Event: 256.909 Thread 0x0000019143d597b0 29375       3       com.sun.xml.bind.v2.runtime.unmarshaller.UnmarshallingContext::access$102 (7 bytes)
Event: 256.910 Thread 0x0000019143d597b0 nmethod 29375 0x000001912e69da90 code [0x000001912e69dc20, 0x000001912e69dd58]
Event: 256.910 Thread 0x0000019143d597b0 29376       3       com.android.tools.r8.internal.le::a (157 bytes)
Event: 256.910 Thread 0x0000019143d597b0 nmethod 29376 0x000001912fb3ec10 code [0x000001912fb3ee00, 0x000001912fb3f308]
Event: 256.912 Thread 0x0000019143d597b0 29377       3       com.android.tools.r8.internal.Pl::E (90 bytes)
Event: 256.913 Thread 0x0000019143d597b0 nmethod 29377 0x000001912ffdec10 code [0x000001912ffdef00, 0x000001912ffdfee8]
Event: 256.914 Thread 0x0000019143d597b0 29378       3       com.android.tools.r8.internal.aK$f::b (11 bytes)
Event: 256.915 Thread 0x0000019143d597b0 nmethod 29378 0x000001912fedab90 code [0x000001912fedad40, 0x000001912fedaeb8]
Event: 256.928 Thread 0x0000019143d597b0 29381       3       java.util.ServiceLoader::load (20 bytes)

GC Heap History (20 events):
Event: 211.960 GC heap before
{Heap before GC invocations=90 (full 0):
 garbage-first heap   total 371712K, used 326623K [0x0000000080000000, 0x0000000100000000)
  region size 1024K, 18 young (18432K), 3 survivors (3072K)
 Metaspace       used 120846K, committed 122688K, reserved 557056K
  class space    used 16625K, committed 17536K, reserved 425984K
}
Event: 211.964 GC heap after
{Heap after GC invocations=91 (full 0):
 garbage-first heap   total 371712K, used 314268K [0x0000000080000000, 0x0000000100000000)
  region size 1024K, 3 young (3072K), 3 survivors (3072K)
 Metaspace       used 120846K, committed 122688K, reserved 557056K
  class space    used 16625K, committed 17536K, reserved 425984K
}
Event: 212.057 GC heap before
{Heap before GC invocations=91 (full 0):
 garbage-first heap   total 371712K, used 328604K [0x0000000080000000, 0x0000000100000000)
  region size 1024K, 18 young (18432K), 3 survivors (3072K)
 Metaspace       used 121004K, committed 122816K, reserved 557056K
  class space    used 16635K, committed 17536K, reserved 425984K
}
Event: 212.060 GC heap after
{Heap after GC invocations=92 (full 0):
 garbage-first heap   total 371712K, used 317198K [0x0000000080000000, 0x0000000100000000)
  region size 1024K, 3 young (3072K), 3 survivors (3072K)
 Metaspace       used 121004K, committed 122816K, reserved 557056K
  class space    used 16635K, committed 17536K, reserved 425984K
}
Event: 212.328 GC heap before
{Heap before GC invocations=92 (full 0):
 garbage-first heap   total 371712K, used 331534K [0x0000000080000000, 0x0000000100000000)
  region size 1024K, 18 young (18432K), 3 survivors (3072K)
 Metaspace       used 122170K, committed 123968K, reserved 557056K
  class space    used 16734K, committed 17600K, reserved 425984K
}
Event: 212.333 GC heap after
{Heap after GC invocations=93 (full 0):
 garbage-first heap   total 371712K, used 319171K [0x0000000080000000, 0x0000000100000000)
  region size 1024K, 3 young (3072K), 3 survivors (3072K)
 Metaspace       used 122170K, committed 123968K, reserved 557056K
  class space    used 16734K, committed 17600K, reserved 425984K
}
Event: 212.536 GC heap before
{Heap before GC invocations=93 (full 0):
 garbage-first heap   total 371712K, used 333507K [0x0000000080000000, 0x0000000100000000)
  region size 1024K, 18 young (18432K), 3 survivors (3072K)
 Metaspace       used 122924K, committed 124800K, reserved 557056K
  class space    used 16811K, committed 17728K, reserved 425984K
}
Event: 212.540 GC heap after
{Heap after GC invocations=94 (full 0):
 garbage-first heap   total 371712K, used 321087K [0x0000000080000000, 0x0000000100000000)
  region size 1024K, 2 young (2048K), 2 survivors (2048K)
 Metaspace       used 122924K, committed 124800K, reserved 557056K
  class space    used 16811K, committed 17728K, reserved 425984K
}
Event: 212.722 GC heap before
{Heap before GC invocations=94 (full 0):
 garbage-first heap   total 371712K, used 336447K [0x0000000080000000, 0x0000000100000000)
  region size 1024K, 18 young (18432K), 2 survivors (2048K)
 Metaspace       used 124024K, committed 125824K, reserved 557056K
  class space    used 16931K, committed 17792K, reserved 425984K
}
Event: 212.728 GC heap after
{Heap after GC invocations=95 (full 0):
 garbage-first heap   total 371712K, used 323156K [0x0000000080000000, 0x0000000100000000)
  region size 1024K, 2 young (2048K), 2 survivors (2048K)
 Metaspace       used 124024K, committed 125824K, reserved 557056K
  class space    used 16931K, committed 17792K, reserved 425984K
}
Event: 212.832 GC heap before
{Heap before GC invocations=95 (full 0):
 garbage-first heap   total 371712K, used 338516K [0x0000000080000000, 0x0000000100000000)
  region size 1024K, 18 young (18432K), 2 survivors (2048K)
 Metaspace       used 124159K, committed 125952K, reserved 557056K
  class space    used 16931K, committed 17792K, reserved 425984K
}
Event: 212.845 GC heap after
{Heap after GC invocations=96 (full 0):
 garbage-first heap   total 766976K, used 324139K [0x0000000080000000, 0x0000000100000000)
  region size 1024K, 2 young (2048K), 2 survivors (2048K)
 Metaspace       used 124159K, committed 125952K, reserved 557056K
  class space    used 16931K, committed 17792K, reserved 425984K
}
Event: 235.215 GC heap before
{Heap before GC invocations=97 (full 0):
 garbage-first heap   total 766976K, used 544299K [0x0000000080000000, 0x0000000100000000)
  region size 1024K, 220 young (225280K), 2 survivors (2048K)
 Metaspace       used 128274K, committed 130048K, reserved 557056K
  class space    used 17439K, committed 18304K, reserved 425984K
}
Event: 235.263 GC heap after
{Heap after GC invocations=98 (full 0):
 garbage-first heap   total 766976K, used 330422K [0x0000000080000000, 0x0000000100000000)
  region size 1024K, 10 young (10240K), 10 survivors (10240K)
 Metaspace       used 128274K, committed 130048K, reserved 557056K
  class space    used 17439K, committed 18304K, reserved 425984K
}
Event: 235.869 GC heap before
{Heap before GC invocations=98 (full 0):
 garbage-first heap   total 766976K, used 357046K [0x0000000080000000, 0x0000000100000000)
  region size 1024K, 37 young (37888K), 10 survivors (10240K)
 Metaspace       used 128402K, committed 130304K, reserved 557056K
  class space    used 17457K, committed 18368K, reserved 425984K
}
Event: 236.024 GC heap after
{Heap after GC invocations=99 (full 0):
 garbage-first heap   total 766976K, used 306463K [0x0000000080000000, 0x0000000100000000)
  region size 1024K, 4 young (4096K), 4 survivors (4096K)
 Metaspace       used 128402K, committed 130304K, reserved 557056K
  class space    used 17457K, committed 18368K, reserved 425984K
}
Event: 247.166 GC heap before
{Heap before GC invocations=99 (full 0):
 garbage-first heap   total 766976K, used 647455K [0x0000000080000000, 0x0000000100000000)
  region size 1024K, 326 young (333824K), 4 survivors (4096K)
 Metaspace       used 143478K, committed 145536K, reserved 557056K
  class space    used 19237K, committed 20224K, reserved 425984K
}
Event: 247.202 GC heap after
{Heap after GC invocations=100 (full 0):
 garbage-first heap   total 766976K, used 328315K [0x0000000080000000, 0x0000000100000000)
  region size 1024K, 22 young (22528K), 22 survivors (22528K)
 Metaspace       used 143478K, committed 145536K, reserved 557056K
  class space    used 19237K, committed 20224K, reserved 425984K
}
Event: 248.677 GC heap before
{Heap before GC invocations=100 (full 0):
 garbage-first heap   total 766976K, used 377467K [0x0000000080000000, 0x0000000100000000)
  region size 1024K, 72 young (73728K), 22 survivors (22528K)
 Metaspace       used 143601K, committed 145600K, reserved 557056K
  class space    used 19243K, committed 20224K, reserved 425984K
}
Event: 248.759 GC heap after
{Heap after GC invocations=101 (full 0):
 garbage-first heap   total 766976K, used 325390K [0x0000000080000000, 0x0000000100000000)
  region size 1024K, 5 young (5120K), 5 survivors (5120K)
 Metaspace       used 143601K, committed 145600K, reserved 557056K
  class space    used 19243K, committed 20224K, reserved 425984K
}

Dll operation events (16 events):
Event: 0.012 Loaded shared library C:\Program Files\Eclipse Adoptium\jdk-17.0.17.10-hotspot\bin\java.dll
Event: 0.028 Loaded shared library C:\Program Files\Eclipse Adoptium\jdk-17.0.17.10-hotspot\bin\jsvml.dll
Event: 0.073 Loaded shared library C:\Program Files\Eclipse Adoptium\jdk-17.0.17.10-hotspot\bin\zip.dll
Event: 0.076 Loaded shared library C:\Program Files\Eclipse Adoptium\jdk-17.0.17.10-hotspot\bin\instrument.dll
Event: 0.082 Loaded shared library C:\Program Files\Eclipse Adoptium\jdk-17.0.17.10-hotspot\bin\net.dll
Event: 0.084 Loaded shared library C:\Program Files\Eclipse Adoptium\jdk-17.0.17.10-hotspot\bin\nio.dll
Event: 0.086 Loaded shared library C:\Program Files\Eclipse Adoptium\jdk-17.0.17.10-hotspot\bin\zip.dll
Event: 0.340 Loaded shared library C:\Program Files\Eclipse Adoptium\jdk-17.0.17.10-hotspot\bin\jimage.dll
Event: 0.574 Loaded shared library C:\Program Files\Eclipse Adoptium\jdk-17.0.17.10-hotspot\bin\verify.dll
Event: 0.602 Loaded shared library C:\Users\asepr\.gradle\native\1def1411415f61bf3af743bc5b6707747c0891f09f0c88961ee8f79bc544acac\windows-amd64\native-platform.dll
Event: 0.620 Loaded shared library C:\Users\asepr\.gradle\native\0.2.8\x86_64-windows-gnu\gradle-fileevents.dll
Event: 2.064 Loaded shared library C:\Program Files\Eclipse Adoptium\jdk-17.0.17.10-hotspot\bin\management.dll
Event: 2.067 Loaded shared library C:\Program Files\Eclipse Adoptium\jdk-17.0.17.10-hotspot\bin\management_ext.dll
Event: 2.347 Loaded shared library C:\Program Files\Eclipse Adoptium\jdk-17.0.17.10-hotspot\bin\extnet.dll
Event: 2.593 Loaded shared library C:\Program Files\Eclipse Adoptium\jdk-17.0.17.10-hotspot\bin\sunmscapi.dll
Event: 246.675 Loaded shared library C:\Program Files\Eclipse Adoptium\jdk-17.0.17.10-hotspot\bin\rmi.dll

Deoptimization events (20 events):
Event: 256.579 Thread 0x0000019168b87000 Uncommon trap: trap_request=0xffffffde fr.pc=0x0000019136027758 relative=0x0000000000001678
Event: 256.579 Thread 0x0000019168b87000 Uncommon trap: reason=class_check action=maybe_recompile pc=0x0000019136027758 method=com.sun.org.apache.xerces.internal.parsers.AbstractSAXParser.endElement(Lcom/sun/org/apache/xerces/internal/xni/QName;Lcom/sun/org/apache/xerces/internal/xni/Augmentatio
Event: 256.579 Thread 0x0000019168b87000 DEOPT PACKING pc=0x0000019136027758 sp=0x0000004a02cf96c0
Event: 256.579 Thread 0x0000019168b87000 DEOPT UNPACKING pc=0x0000019134d869a3 sp=0x0000004a02cf9670 mode 2
Event: 256.592 Thread 0x0000019168b87000 Uncommon trap: trap_request=0xffffffde fr.pc=0x0000019135fc07f0 relative=0x00000000000002d0
Event: 256.593 Thread 0x0000019168b87000 Uncommon trap: reason=class_check action=maybe_recompile pc=0x0000019135fc07f0 method=com.sun.org.apache.xerces.internal.parsers.AbstractSAXParser.startNamespaceMapping()V @ 65 c2
Event: 256.593 Thread 0x0000019168b87000 DEOPT PACKING pc=0x0000019135fc07f0 sp=0x0000004a02cf9470
Event: 256.593 Thread 0x0000019168b87000 DEOPT UNPACKING pc=0x0000019134d869a3 sp=0x0000004a02cf93f0 mode 2
Event: 256.606 Thread 0x0000019168b87000 Uncommon trap: trap_request=0xffffffde fr.pc=0x0000019135fc07f0 relative=0x00000000000002d0
Event: 256.606 Thread 0x0000019168b87000 Uncommon trap: reason=class_check action=maybe_recompile pc=0x0000019135fc07f0 method=com.sun.org.apache.xerces.internal.parsers.AbstractSAXParser.startNamespaceMapping()V @ 65 c2
Event: 256.606 Thread 0x0000019168b87000 DEOPT PACKING pc=0x0000019135fc07f0 sp=0x0000004a02cf9520
Event: 256.606 Thread 0x0000019168b87000 DEOPT UNPACKING pc=0x0000019134d869a3 sp=0x0000004a02cf94a0 mode 2
Event: 256.620 Thread 0x000001916807a060 Uncommon trap: trap_request=0xffffff45 fr.pc=0x0000019135e48bac relative=0x0000000000000dcc
Event: 256.620 Thread 0x000001916807a060 Uncommon trap: reason=unstable_if action=reinterpret pc=0x0000019135e48bac method=java.util.zip.ZipFile$Source.getEntryPos(Ljava/lang/String;Z)I @ 120 c2
Event: 256.620 Thread 0x000001916807a060 DEOPT PACKING pc=0x0000019135e48bac sp=0x0000004a033f6000
Event: 256.621 Thread 0x000001916807a060 DEOPT UNPACKING pc=0x0000019134d869a3 sp=0x0000004a033f5fb8 mode 2
Event: 256.705 Thread 0x0000019168b87000 DEOPT PACKING pc=0x000001912fe15624 sp=0x0000004a02cf9290
Event: 256.707 Thread 0x0000019168b87000 DEOPT UNPACKING pc=0x0000019134d87143 sp=0x0000004a02cf8758 mode 0
Event: 256.879 Thread 0x0000019168b87000 DEOPT PACKING pc=0x000001912fe15624 sp=0x0000004a02cf9290
Event: 256.879 Thread 0x0000019168b87000 DEOPT UNPACKING pc=0x0000019134d87143 sp=0x0000004a02cf8758 mode 0

Classes loaded (20 events):
Event: 253.399 Loading class java/util/regex/Pattern$SliceU
Event: 253.401 Loading class java/util/regex/Pattern$SliceU done
Event: 253.402 Loading class sun/nio/fs/WindowsFileSystem$2
Event: 253.402 Loading class sun/nio/fs/WindowsFileSystem$2 done
Event: 255.562 Loading class java/util/Collections$UnmodifiableSortedSet
Event: 255.566 Loading class java/util/Collections$UnmodifiableSortedSet done
Event: 255.672 Loading class java/util/concurrent/RejectedExecutionException
Event: 255.674 Loading class java/util/concurrent/RejectedExecutionException done
Event: 255.717 Loading class java/util/concurrent/atomic/AtomicIntegerFieldUpdater
Event: 255.719 Loading class java/util/concurrent/atomic/AtomicIntegerFieldUpdater done
Event: 255.719 Loading class java/util/concurrent/atomic/AtomicIntegerFieldUpdater$AtomicIntegerFieldUpdaterImpl
Event: 255.721 Loading class java/util/concurrent/atomic/AtomicIntegerFieldUpdater$AtomicIntegerFieldUpdaterImpl done
Event: 255.721 Loading class java/util/concurrent/atomic/AtomicIntegerFieldUpdater$AtomicIntegerFieldUpdaterImpl$1
Event: 255.722 Loading class java/util/concurrent/atomic/AtomicIntegerFieldUpdater$AtomicIntegerFieldUpdaterImpl$1 done
Event: 255.763 Loading class java/util/concurrent/atomic/AtomicLongFieldUpdater
Event: 255.764 Loading class java/util/concurrent/atomic/AtomicLongFieldUpdater done
Event: 255.764 Loading class java/util/concurrent/atomic/AtomicLongFieldUpdater$CASUpdater
Event: 255.764 Loading class java/util/concurrent/atomic/AtomicLongFieldUpdater$CASUpdater done
Event: 255.764 Loading class java/util/concurrent/atomic/AtomicLongFieldUpdater$CASUpdater$1
Event: 255.765 Loading class java/util/concurrent/atomic/AtomicLongFieldUpdater$CASUpdater$1 done

Classes unloaded (0 events):
No events

Classes redefined (0 events):
No events

Internal exceptions (20 events):
Event: 256.190 Thread 0x0000019168b87000 Exception <a 'sun/nio/fs/WindowsException'{0x00000000a49f4000}> (0x00000000a49f4000) 
thrown [s\src\hotspot\share\prims\jni.cpp, line 516]
Event: 256.190 Thread 0x0000019168b87000 Exception <a 'sun/nio/fs/WindowsException'{0x00000000a48007c0}> (0x00000000a48007c0) 
thrown [s\src\hotspot\share\prims\jni.cpp, line 516]
Event: 256.195 Thread 0x0000019168b87000 Exception <a 'sun/nio/fs/WindowsException'{0x00000000a4856b10}> (0x00000000a4856b10) 
thrown [s\src\hotspot\share\prims\jni.cpp, line 516]
Event: 256.195 Thread 0x0000019168b87000 Exception <a 'sun/nio/fs/WindowsException'{0x00000000a48581e0}> (0x00000000a48581e0) 
thrown [s\src\hotspot\share\prims\jni.cpp, line 516]
Event: 256.197 Thread 0x0000019168b87000 Exception <a 'sun/nio/fs/WindowsException'{0x00000000a48669e0}> (0x00000000a48669e0) 
thrown [s\src\hotspot\share\prims\jni.cpp, line 516]
Event: 256.197 Thread 0x0000019168b87000 Exception <a 'sun/nio/fs/WindowsException'{0x00000000a48680e0}> (0x00000000a48680e0) 
thrown [s\src\hotspot\share\prims\jni.cpp, line 516]
Event: 256.200 Thread 0x0000019168b87000 Exception <a 'sun/nio/fs/WindowsException'{0x00000000a486b110}> (0x00000000a486b110) 
thrown [s\src\hotspot\share\prims\jni.cpp, line 516]
Event: 256.200 Thread 0x0000019168b87000 Exception <a 'sun/nio/fs/WindowsException'{0x00000000a486c808}> (0x00000000a486c808) 
thrown [s\src\hotspot\share\prims\jni.cpp, line 516]
Event: 256.202 Thread 0x0000019168b87000 Exception <a 'sun/nio/fs/WindowsException'{0x00000000a486f838}> (0x00000000a486f838) 
thrown [s\src\hotspot\share\prims\jni.cpp, line 516]
Event: 256.203 Thread 0x0000019168b87000 Exception <a 'sun/nio/fs/WindowsException'{0x00000000a4870f38}> (0x00000000a4870f38) 
thrown [s\src\hotspot\share\prims\jni.cpp, line 516]
Event: 256.205 Thread 0x0000019168b87000 Exception <a 'sun/nio/fs/WindowsException'{0x00000000a4873b58}> (0x00000000a4873b58) 
thrown [s\src\hotspot\share\prims\jni.cpp, line 516]
Event: 256.205 Thread 0x0000019168b87000 Exception <a 'sun/nio/fs/WindowsException'{0x00000000a48752e0}> (0x00000000a48752e0) 
thrown [s\src\hotspot\share\prims\jni.cpp, line 516]
Event: 256.208 Thread 0x0000019168b87000 Exception <a 'sun/nio/fs/WindowsException'{0x00000000a487ab20}> (0x00000000a487ab20) 
thrown [s\src\hotspot\share\prims\jni.cpp, line 516]
Event: 256.209 Thread 0x0000019168b87000 Exception <a 'sun/nio/fs/WindowsException'{0x00000000a487c2d0}> (0x00000000a487c2d0) 
thrown [s\src\hotspot\share\prims\jni.cpp, line 516]
Event: 256.313 Thread 0x000001916807a060 Exception <a 'java/lang/NoSuchMethodError'{0x00000000a466cfb8}: 'java.lang.Object java.lang.invoke.DirectMethodHandle$Holder.invokeStaticInit(java.lang.Object, java.lang.Object, java.lang.Object, java.lang.Object, java.lang.Object, java.lang.Object, java.lang.Object, java.lang.Object, java.lang.Object, java.lang.Object, java.lang.Object, java.lang.Object, java.lang.Object, java.lang.Object, java.lang.Object, java.lang.Object, java.lang.Object, java.lang.Object, java.lang.Object, java.lang.Object, int, java
Event: 256.320 Thread 0x000001916807a060 Exception <a 'java/lang/IncompatibleClassChangeError'{0x00000000a46ab4c0}: Found class java.lang.Object, but interface was expected> (0x00000000a46ab4c0) 
thrown [s\src\hotspot\share\interpreter\linkResolver.cpp, line 826]
Event: 256.324 Thread 0x000001916807a060 Exception <a 'java/lang/IncompatibleClassChangeError'{0x00000000a46b7118}: Found class java.lang.Object, but interface was expected> (0x00000000a46b7118) 
thrown [s\src\hotspot\share\interpreter\linkResolver.cpp, line 826]
Event: 256.495 Thread 0x0000019168b860d0 Exception <a 'java/lang/IncompatibleClassChangeError'{0x00000000a455fc38}: Found class java.lang.Object, but interface was expected> (0x00000000a455fc38) 
thrown [s\src\hotspot\share\interpreter\linkResolver.cpp, line 826]
Event: 256.495 Thread 0x0000019168079130 Exception <a 'java/lang/IncompatibleClassChangeError'{0x00000000a4114a38}: Found class java.lang.Object, but interface was expected> (0x00000000a4114a38) 
thrown [s\src\hotspot\share\interpreter\linkResolver.cpp, line 826]
Event: 256.495 Thread 0x000001916807a060 Exception <a 'java/lang/IncompatibleClassChangeError'{0x00000000a44b0f00}: Found class java.lang.Object, but interface was expected> (0x00000000a44b0f00) 
thrown [s\src\hotspot\share\interpreter\linkResolver.cpp, line 826]

VM Operations (20 events):
Event: 251.916 Executing VM operation: HandshakeAllThreads done
Event: 251.916 Executing VM operation: HandshakeAllThreads
Event: 251.917 Executing VM operation: HandshakeAllThreads done
Event: 251.920 Executing VM operation: HandshakeAllThreads
Event: 251.921 Executing VM operation: HandshakeAllThreads done
Event: 252.920 Executing VM operation: Cleanup
Event: 252.928 Executing VM operation: Cleanup done
Event: 253.929 Executing VM operation: Cleanup
Event: 253.929 Executing VM operation: Cleanup done
Event: 254.929 Executing VM operation: Cleanup
Event: 254.934 Executing VM operation: Cleanup done
Event: 255.428 Executing VM operation: HandshakeAllThreads
Event: 255.429 Executing VM operation: HandshakeAllThreads done
Event: 255.808 Executing VM operation: HandshakeAllThreads
Event: 255.809 Executing VM operation: HandshakeAllThreads done
Event: 256.364 Executing VM operation: HandshakeAllThreads
Event: 256.364 Executing VM operation: HandshakeAllThreads done
Event: 256.364 Executing VM operation: Cleanup
Event: 256.365 Executing VM operation: Cleanup done
Event: 257.365 Executing VM operation: Cleanup

Memory protections (0 events):
No events

Nmethod flushes (20 events):
Event: 252.375 Thread 0x0000019143d5a0c0 flushing  nmethod 0x000001912ffdd990
Event: 252.375 Thread 0x0000019143d5a0c0 flushing  nmethod 0x000001912ffde910
Event: 252.375 Thread 0x0000019143d5a0c0 flushing  nmethod 0x000001912ffdfa10
Event: 252.375 Thread 0x0000019143d5a0c0 flushing  nmethod 0x000001912ffe1f90
Event: 252.375 Thread 0x0000019143d5a0c0 flushing  nmethod 0x000001912ffefe90
Event: 252.375 Thread 0x0000019143d5a0c0 flushing  nmethod 0x000001912fff0690
Event: 252.375 Thread 0x0000019143d5a0c0 flushing  nmethod 0x000001912fff5110
Event: 252.376 Thread 0x0000019143d5a0c0 flushing  nmethod 0x00000191300e8410
Event: 252.376 Thread 0x0000019143d5a0c0 flushing  nmethod 0x0000019130108290
Event: 252.376 Thread 0x0000019143d5a0c0 flushing  nmethod 0x0000019130122d10
Event: 252.376 Thread 0x0000019143d5a0c0 flushing  nmethod 0x0000019130179490
Event: 252.377 Thread 0x0000019143d5a0c0 flushing  nmethod 0x0000019130193c90
Event: 252.377 Thread 0x0000019143d5a0c0 flushing  nmethod 0x0000019130194d90
Event: 252.377 Thread 0x0000019143d5a0c0 flushing  nmethod 0x0000019130197f90
Event: 252.377 Thread 0x0000019143d5a0c0 flushing  nmethod 0x0000019130198610
Event: 252.377 Thread 0x0000019143d5a0c0 flushing  nmethod 0x00000191301a2e90
Event: 252.377 Thread 0x0000019143d5a0c0 flushing  nmethod 0x00000191301a3410
Event: 252.377 Thread 0x0000019143d5a0c0 flushing  nmethod 0x00000191301c4510
Event: 252.377 Thread 0x0000019143d5a0c0 flushing  nmethod 0x00000191301c7890
Event: 252.377 Thread 0x0000019143d5a0c0 flushing  nmethod 0x00000191301e3b90

Events (20 events):
Event: 244.492 Thread 0x000001916807a060 Thread added: 0x000001916f867050
Event: 244.492 Thread 0x000001916807a060 Thread added: 0x000001916f865c10
Event: 246.652 Thread 0x000001916f85b500 Thread added: 0x000001916f8651f0
Event: 246.664 Thread 0x000001916f85b500 Thread added: 0x000001916f8642c0
Event: 246.679 Thread 0x000001916f85b500 Thread added: 0x000001916f868490
Event: 246.898 Thread 0x000001916f85b500 Thread added: 0x000001916f867f80
Event: 246.900 Thread 0x000001916f85b500 Thread added: 0x000001916f865700
Event: 247.047 Thread 0x0000019168079b50 Thread added: 0x000001916f86a800
Event: 247.062 Thread 0x000001916f867f80 Thread added: 0x000001916f8689a0
Event: 247.776 Thread 0x000001916f0d9080 Thread added: 0x000001916f8693c0
Event: 247.831 Thread 0x000001916f867f80 Thread added: 0x000001916f8698d0
Event: 248.520 Thread 0x000001916f0d9aa0 Thread added: 0x000001916f869de0
Event: 248.569 Thread 0x000001916f867f80 Thread added: 0x000001916f86a2f0
Event: 249.701 Thread 0x000001916f0da4c0 Thread exited: 0x000001916f0da4c0
Event: 249.704 Thread 0x000001916f0dc320 Thread exited: 0x000001916f0dc320
Event: 249.704 Thread 0x000001916f0da9d0 Thread exited: 0x000001916f0da9d0
Event: 249.784 Thread 0x000001916f85d360 Thread exited: 0x000001916f85d360
Event: 250.543 Thread 0x0000019168b86af0 Thread added: 0x000001916f0db3f0
Event: 251.138 Thread 0x0000019168b87000 Thread added: 0x000001916f0da4c0
Event: 253.990 Thread 0x000001916f0d9590 Thread exited: 0x000001916f0d9590


Dynamic libraries:
0x00007ff744060000 - 0x00007ff74406e000 	C:\Program Files\Eclipse Adoptium\jdk-17.0.17.10-hotspot\bin\java.exe
0x00007ffa78da0000 - 0x00007ffa79007000 	C:\WINDOWS\SYSTEM32\ntdll.dll
0x00007ffa77450000 - 0x00007ffa77519000 	C:\WINDOWS\System32\KERNEL32.DLL
0x00007ffa75c80000 - 0x00007ffa76074000 	C:\WINDOWS\System32\KERNELBASE.dll
0x00007ffa75670000 - 0x00007ffa757bb000 	C:\WINDOWS\System32\ucrtbase.dll
0x00007ffa09910000 - 0x00007ffa09928000 	C:\Program Files\Eclipse Adoptium\jdk-17.0.17.10-hotspot\bin\jli.dll
0x00007ffa098f0000 - 0x00007ffa0990e000 	C:\Program Files\Eclipse Adoptium\jdk-17.0.17.10-hotspot\bin\VCRUNTIME140.dll
0x00007ffa78640000 - 0x00007ffa78805000 	C:\WINDOWS\System32\USER32.dll
0x00007ffa76290000 - 0x00007ffa762b7000 	C:\WINDOWS\System32\win32u.dll
0x00007ffa78810000 - 0x00007ffa7883b000 	C:\WINDOWS\System32\GDI32.dll
0x00007ffa586f0000 - 0x00007ffa58983000 	C:\WINDOWS\WinSxS\amd64_microsoft.windows.common-controls_6595b64144ccf1df_6.0.26100.8115_none_3e075c82e3354f9c\COMCTL32.dll
0x00007ffa759f0000 - 0x00007ffa75b1a000 	C:\WINDOWS\System32\gdi32full.dll
0x00007ffa76c20000 - 0x00007ffa76cc9000 	C:\WINDOWS\System32\msvcrt.dll
0x00007ffa75bd0000 - 0x00007ffa75c73000 	C:\WINDOWS\System32\msvcp_win.dll
0x00007ffa76b80000 - 0x00007ffa76bb2000 	C:\WINDOWS\System32\IMM32.DLL
0x00007ffa737d0000 - 0x00007ffa737dc000 	C:\Program Files\Eclipse Adoptium\jdk-17.0.17.10-hotspot\bin\vcruntime140_1.dll
0x00007ffa09440000 - 0x00007ffa094cd000 	C:\Program Files\Eclipse Adoptium\jdk-17.0.17.10-hotspot\bin\msvcp140.dll
0x00007ffa087d0000 - 0x00007ffa0943b000 	C:\Program Files\Eclipse Adoptium\jdk-17.0.17.10-hotspot\bin\server\jvm.dll
0x00007ffa78ca0000 - 0x00007ffa78d56000 	C:\WINDOWS\System32\ADVAPI32.dll
0x00007ffa76df0000 - 0x00007ffa76e97000 	C:\WINDOWS\System32\sechost.dll
0x00007ffa76cd0000 - 0x00007ffa76de8000 	C:\WINDOWS\System32\RPCRT4.dll
0x00007ffa76fd0000 - 0x00007ffa77050000 	C:\WINDOWS\System32\WS2_32.dll
0x00007ffa754d0000 - 0x00007ffa7552e000 	C:\WINDOWS\SYSTEM32\POWRPROF.dll
0x00007ffa73780000 - 0x00007ffa7378b000 	C:\WINDOWS\SYSTEM32\VERSION.dll
0x00007ffa632e0000 - 0x00007ffa63316000 	C:\WINDOWS\SYSTEM32\WINMM.dll
0x00007ffa754b0000 - 0x00007ffa754c4000 	C:\WINDOWS\SYSTEM32\UMPDC.dll
0x00007ffa74400000 - 0x00007ffa7441b000 	C:\WINDOWS\SYSTEM32\kernel.appcore.dll
0x00007ffa70680000 - 0x00007ffa7068a000 	C:\Program Files\Eclipse Adoptium\jdk-17.0.17.10-hotspot\bin\jimage.dll
0x00007ffa72960000 - 0x00007ffa72ba2000 	C:\WINDOWS\SYSTEM32\DBGHELP.DLL
0x00007ffa78910000 - 0x00007ffa78c92000 	C:\WINDOWS\System32\combase.dll
0x00007ffa78560000 - 0x00007ffa78637000 	C:\WINDOWS\System32\OLEAUT32.dll
0x00007ffa56840000 - 0x00007ffa5687b000 	C:\WINDOWS\SYSTEM32\dbgcore.DLL
0x00007ffa75b20000 - 0x00007ffa75bc5000 	C:\WINDOWS\System32\bcryptPrimitives.dll
0x00007ffa70b10000 - 0x00007ffa70b1e000 	C:\Program Files\Eclipse Adoptium\jdk-17.0.17.10-hotspot\bin\instrument.dll
0x00007ffa09840000 - 0x00007ffa09865000 	C:\Program Files\Eclipse Adoptium\jdk-17.0.17.10-hotspot\bin\java.dll
0x00007ffa09500000 - 0x00007ffa095d7000 	C:\Program Files\Eclipse Adoptium\jdk-17.0.17.10-hotspot\bin\jsvml.dll
0x00007ffa77df0000 - 0x00007ffa78556000 	C:\WINDOWS\System32\SHELL32.dll
0x00007ffa757c0000 - 0x00007ffa7592a000 	C:\WINDOWS\System32\wintypes.dll
0x00007ffa762c0000 - 0x00007ffa76b25000 	C:\WINDOWS\System32\windows.storage.dll
0x00007ffa77a30000 - 0x00007ffa77b27000 	C:\WINDOWS\System32\SHCORE.dll
0x00007ffa76f60000 - 0x00007ffa76fc6000 	C:\WINDOWS\System32\shlwapi.dll
0x00007ffa75590000 - 0x00007ffa755b9000 	C:\WINDOWS\SYSTEM32\profapi.dll
0x00007ffa09870000 - 0x00007ffa09888000 	C:\Program Files\Eclipse Adoptium\jdk-17.0.17.10-hotspot\bin\zip.dll
0x00007ffa09820000 - 0x00007ffa0983a000 	C:\Program Files\Eclipse Adoptium\jdk-17.0.17.10-hotspot\bin\net.dll
0x00007ffa6dcb0000 - 0x00007ffa6dddd000 	C:\WINDOWS\SYSTEM32\WINHTTP.dll
0x00007ffa74970000 - 0x00007ffa749dc000 	C:\WINDOWS\system32\mswsock.dll
0x00007ffa09800000 - 0x00007ffa09816000 	C:\Program Files\Eclipse Adoptium\jdk-17.0.17.10-hotspot\bin\nio.dll
0x00007ffa3a1a0000 - 0x00007ffa3a1b0000 	C:\Program Files\Eclipse Adoptium\jdk-17.0.17.10-hotspot\bin\verify.dll
0x00007ffa73120000 - 0x00007ffa73147000 	C:\Users\asepr\.gradle\native\1def1411415f61bf3af743bc5b6707747c0891f09f0c88961ee8f79bc544acac\windows-amd64\native-platform.dll
0x00007ffa6bc60000 - 0x00007ffa6bcd7000 	C:\Users\asepr\.gradle\native\0.2.8\x86_64-windows-gnu\gradle-fileevents.dll
0x00007ffa70640000 - 0x00007ffa7064a000 	C:\Program Files\Eclipse Adoptium\jdk-17.0.17.10-hotspot\bin\management.dll
0x00007ffa6b5b0000 - 0x00007ffa6b5bc000 	C:\Program Files\Eclipse Adoptium\jdk-17.0.17.10-hotspot\bin\management_ext.dll
0x00007ffa77ce0000 - 0x00007ffa77ce8000 	C:\WINDOWS\System32\PSAPI.DLL
0x00007ffa73cd0000 - 0x00007ffa73d02000 	C:\WINDOWS\SYSTEM32\IPHLPAPI.DLL
0x00007ffa77440000 - 0x00007ffa7744a000 	C:\WINDOWS\System32\NSI.dll
0x00007ffa6e950000 - 0x00007ffa6e96d000 	C:\WINDOWS\SYSTEM32\dhcpcsvc6.DLL
0x00007ffa6e550000 - 0x00007ffa6e575000 	C:\WINDOWS\SYSTEM32\dhcpcsvc.DLL
0x00007ffa73e50000 - 0x00007ffa73f82000 	C:\WINDOWS\SYSTEM32\DNSAPI.dll
0x00007ffa679f0000 - 0x00007ffa679f9000 	C:\Program Files\Eclipse Adoptium\jdk-17.0.17.10-hotspot\bin\extnet.dll
0x00007ffa74c50000 - 0x00007ffa74c6b000 	C:\WINDOWS\SYSTEM32\CRYPTSP.dll
0x00007ffa74360000 - 0x00007ffa74399000 	C:\WINDOWS\system32\rsaenh.dll
0x00007ffa74a20000 - 0x00007ffa74a53000 	C:\WINDOWS\SYSTEM32\USERENV.dll
0x00007ffa75560000 - 0x00007ffa7558a000 	C:\WINDOWS\SYSTEM32\bcrypt.dll
0x00007ffa74c70000 - 0x00007ffa74c7c000 	C:\WINDOWS\SYSTEM32\CRYPTBASE.dll
0x00007ffa67d70000 - 0x00007ffa67d7e000 	C:\Program Files\Eclipse Adoptium\jdk-17.0.17.10-hotspot\bin\sunmscapi.dll
0x00007ffa76110000 - 0x00007ffa76287000 	C:\WINDOWS\System32\CRYPT32.dll
0x00007ffa74e70000 - 0x00007ffa74ea0000 	C:\WINDOWS\SYSTEM32\ncrypt.dll
0x00007ffa74e20000 - 0x00007ffa74e5f000 	C:\WINDOWS\SYSTEM32\NTASN1.dll
0x00007ffa657e0000 - 0x00007ffa657e8000 	C:\WINDOWS\system32\wshunix.dll
0x00007ffa74520000 - 0x00007ffa74556000 	C:\WINDOWS\SYSTEM32\ntmarta.dll
0x00007ffa73790000 - 0x00007ffa73797000 	C:\Program Files\Eclipse Adoptium\jdk-17.0.17.10-hotspot\bin\rmi.dll

dbghelp: loaded successfully - version: 4.0.5 - missing functions: none
symbol engine: initialized successfully - sym options: 0x614 - pdb path: .;C:\Program Files\Eclipse Adoptium\jdk-17.0.17.10-hotspot\bin;C:\WINDOWS\SYSTEM32;C:\WINDOWS\WinSxS\amd64_microsoft.windows.common-controls_6595b64144ccf1df_6.0.26100.8115_none_3e075c82e3354f9c;C:\Program Files\Eclipse Adoptium\jdk-17.0.17.10-hotspot\bin\server;C:\Users\asepr\.gradle\native\1def1411415f61bf3af743bc5b6707747c0891f09f0c88961ee8f79bc544acac\windows-amd64;C:\Users\asepr\.gradle\native\0.2.8\x86_64-windows-gnu

VM Arguments:
jvm_args: --add-opens=java.base/java.lang=ALL-UNNAMED --add-opens=java.base/java.lang.invoke=ALL-UNNAMED --add-opens=java.base/java.util=ALL-UNNAMED --add-opens=java.prefs/java.util.prefs=ALL-UNNAMED --add-exports=jdk.compiler/com.sun.tools.javac.api=ALL-UNNAMED --add-exports=jdk.compiler/com.sun.tools.javac.util=ALL-UNNAMED --add-opens=java.base/java.util=ALL-UNNAMED --add-opens=java.prefs/java.util.prefs=ALL-UNNAMED --add-opens=java.base/java.nio.charset=ALL-UNNAMED --add-opens=java.base/java.net=ALL-UNNAMED --add-opens=java.base/java.util.concurrent=ALL-UNNAMED --add-opens=java.base/java.util.concurrent.atomic=ALL-UNNAMED --add-opens=java.xml/javax.xml.namespace=ALL-UNNAMED -XX:MaxMetaspaceSize=512m -Xmx2048m -Dfile.encoding=windows-1252 -Duser.country=ID -Duser.language=en -Duser.variant -javaagent:C:\Users\asepr\.gradle\wrapper\dists\gradle-9.0.0-bin\d6wjpkvcgsg3oed0qlfss3wgl\gradle-9.0.0\lib\agents\gradle-instrumentation-agent-9.0.0.jar 
java_command: org.gradle.launcher.daemon.bootstrap.GradleDaemon 9.0.0
java_class_path (initial): C:\Users\asepr\.gradle\wrapper\dists\gradle-9.0.0-bin\d6wjpkvcgsg3oed0qlfss3wgl\gradle-9.0.0\lib\gradle-daemon-main-9.0.0.jar
Launcher Type: SUN_STANDARD

[Global flags]
     intx CICompilerCount                          = 4                                         {product} {ergonomic}
   size_t CompressedClassSpaceSize                 = 436207616                                 {product} {ergonomic}
     uint ConcGCThreads                            = 3                                         {product} {ergonomic}
     uint G1ConcRefinementThreads                  = 10                                        {product} {ergonomic}
   size_t G1HeapRegionSize                         = 1048576                                   {product} {ergonomic}
    uintx GCDrainStackTargetSize                   = 64                                        {product} {ergonomic}
   size_t InitialHeapSize                          = 98566144                                  {product} {ergonomic}
   size_t MarkStackSize                            = 4194304                                   {product} {ergonomic}
   size_t MaxHeapSize                              = 2147483648                                {product} {command line}
   size_t MaxMetaspaceSize                         = 536870912                                 {product} {command line}
   size_t MaxNewSize                               = 1287651328                                {product} {ergonomic}
   size_t MinHeapDeltaBytes                        = 1048576                                   {product} {ergonomic}
   size_t MinHeapSize                              = 8388608                                   {product} {ergonomic}
    uintx NonNMethodCodeHeapSize                   = 5839372                                {pd product} {ergonomic}
    uintx NonProfiledCodeHeapSize                  = 122909434                              {pd product} {ergonomic}
    uintx ProfiledCodeHeapSize                     = 122909434                              {pd product} {ergonomic}
    uintx ReservedCodeCacheSize                    = 251658240                              {pd product} {ergonomic}
     bool SegmentedCodeCache                       = true                                      {product} {ergonomic}
   size_t SoftMaxHeapSize                          = 2147483648                             {manageable} {ergonomic}
     bool UseCompressedClassPointers               = true                           {product lp64_product} {ergonomic}
     bool UseCompressedOops                        = true                           {product lp64_product} {ergonomic}
     bool UseG1GC                                  = true                                      {product} {ergonomic}
     bool UseLargePagesIndividualAllocation        = false                                  {pd product} {ergonomic}

Logging:
Log output configuration:
 #0: stdout all=warning uptime,level,tags
 #1: stderr all=off uptime,level,tags

Environment Variables:
JAVA_HOME=C:\Program Files\Eclipse Adoptium\jdk-17.0.17.10-hotspot
PATH=C:\Users\asepr\bin;C:\Program Files\Git\mingw64\bin;C:\Program Files\Git\usr\local\bin;C:\Program Files\Git\usr\bin;C:\Program Files\Git\usr\bin;C:\Program Files\Git\mingw64\bin;C:\Program Files\Git\usr\bin;C:\Users\asepr\bin;C:\Users\asepr\AppData\Roaming\Code\User\globalStorage\github.copilot-chat\debugCommand;C:\Users\asepr\AppData\Roaming\Code\User\globalStorage\github.copilot-chat\copilotCli;C:\Users\asepr\AppData\Local\Programs\Microsoft VS Code;C:\Program Files\Eclipse Adoptium\jdk-17.0.17.10-hotspot\bin;C:\WINDOWS\system32;C:\WINDOWS;C:\WINDOWS\System32\Wbem;C:\WINDOWS\System32\WindowsPowerShell\v1.0;C:\WINDOWS\System32\OpenSSH;C:\Program Files\Git\cmd;C:\Program Files\Redis;C:\xampp\php;C:\Program Files\apache-maven-3.8.3\bin;C:\instantclient_21_3;C:\curl-7.81.0-win64-mingw\bin;C:\Program Files\Go\bin;C:\ProgramData\ComposerSetup\bin;C:\Program Files\PuTTY;C:\Program Files\nodejs;%JAVA_HOME%\bin;C:\Android\platform-tools;C:\WINDOWS\system32;C:\WINDOWS;C:\WINDOWS\System32\Wbem;C:\WINDOWS\System32\WindowsPowerShell\v1.0;C:\WINDOWS\System32\OpenSSH;C:\Program Files\Git\cmd;C:\Program Files\Redis;C:\xampp\php;C:\Program Files\apache-maven-3.8.3\bin;C:\instantclient_21_3;C:\curl-7.81.0-win64-mingw\bin;C:\Program Files\Go\bin;C:\ProgramData\ComposerSetup\bin;C:\Program Files\PuTTY;C:\Program Files\Docker\Docker\resources\bin;C:\Program Files\nodejs;C:\Program Files\dotnet;C:\;C:\Users\asepr\AppData\Local\Programs\Microsoft VS Code\bin;C:\Users\asepr\AppData\Local\Microsoft\WindowsApps;C:\Users\asepr\.dotnet\tools;C:\Program Files\Git\usr\bin\vendor_perl;C:\Program Files\Git\usr\bin\core_perl
USERNAME=asepr
SHELL=C:\Program Files\Git\usr\bin\bash.exe
DISPLAY=needs-to-be-defined
LANG=en_US.UTF-8
TERM=xterm-256color
TMPDIR=C:\Users\asepr\AppData\Local\Temp
OS=Windows_NT
PROCESSOR_IDENTIFIER=AMD64 Family 23 Model 104 Stepping 1, AuthenticAMD
TMP=C:\Users\asepr\AppData\Local\Temp
TEMP=C:\Users\asepr\AppData\Local\Temp



Periodic native trim disabled


---------------  S Y S T E M  ---------------

OS:
 Windows 11 , 64 bit Build 26100 (10.0.26100.8115)
OS uptime: 1 days 0:10 hours
Hyper-V role detected

CPU: total 12 (initial active 12) (12 cores per cpu, 2 threads per core) family 23 model 104 stepping 1 microcode 0x8608103, cx8, cmov, fxsr, ht, mmx, 3dnowpref, sse, sse2, sse3, ssse3, sse4a, sse4.1, sse4.2, popcnt, lzcnt, tsc, tscinvbit, avx, avx2, aes, clmul, bmi1, bmi2, adx, sha, fma, vzeroupper, clflush, clflushopt, hv
Processor Information for processor 0
  Max Mhz: 2100, Current Mhz: 2100, Mhz Limit: 2100
Processor Information for processor 1
  Max Mhz: 2100, Current Mhz: 2100, Mhz Limit: 2100
Processor Information for processor 2
  Max Mhz: 2100, Current Mhz: 2100, Mhz Limit: 2100
Processor Information for processor 3
  Max Mhz: 2100, Current Mhz: 2100, Mhz Limit: 2100
Processor Information for processor 4
  Max Mhz: 2100, Current Mhz: 2100, Mhz Limit: 2100
Processor Information for processor 5
  Max Mhz: 2100, Current Mhz: 2100, Mhz Limit: 2100
Processor Information for processor 6
  Max Mhz: 2100, Current Mhz: 2100, Mhz Limit: 2100
Processor Information for processor 7
  Max Mhz: 2100, Current Mhz: 2100, Mhz Limit: 2100
Processor Information for processor 8
  Max Mhz: 2100, Current Mhz: 2100, Mhz Limit: 2100
Processor Information for processor 9
  Max Mhz: 2100, Current Mhz: 2100, Mhz Limit: 2100
Processor Information for processor 10
  Max Mhz: 2100, Current Mhz: 2100, Mhz Limit: 2100
Processor Information for processor 11
  Max Mhz: 2100, Current Mhz: 1988, Mhz Limit: 2100

Memory: 4k page, system-wide physical 6005M (216M free)
TotalPageFile size 24437M (AvailPageFile size 1M)
current process WorkingSet (physical memory assigned to process): 380M, peak: 573M
current process commit charge ("private bytes"): 1240M, peak: 1241M

vm_info: OpenJDK 64-Bit Server VM (17.0.17+10) for windows-amd64 JRE (17.0.17+10), built on Oct 21 2025 23:25:32 by "admin" with unknown MS VC++:1942

END.
