#
# There is insufficient memory for the Java Runtime Environment to continue.
# Native memory allocation (mmap) failed to map 322961408 bytes. Error detail: G1 virtual space
# Possible reasons:
#   The system is out of physical RAM or swap space
#   This process is running with CompressedOops enabled, and the Java Heap may be blocking the growth of the native heap
# Possible solutions:
#   Reduce memory load on the system
#   Increase physical memory or swap space
#   Check if swap backing store is full
#   Decrease Java heap size (-Xmx/-Xms)
#   Decrease number of Java threads
#   Decrease Java thread stack sizes (-Xss)
#   Set larger code cache with -XX:ReservedCodeCacheSize=
#   JVM is running with Unscaled Compressed Oops mode in which the Java heap is
#     placed in the first 4GB address space. The Java Heap base address is the
#     maximum limit for the native heap growth. Please use -XX:HeapBaseMinAddress
#     to set the Java Heap base and to place the Java Heap above 4GB virtual address.
# This output file may be truncated or incomplete.
#
#  Out of Memory Error (os_windows.cpp:3618), pid=22792, tid=13416
#
# JRE version: OpenJDK Runtime Environment Temurin-17.0.17+10 (17.0.17+10) (build 17.0.17+10)
# Java VM: OpenJDK 64-Bit Server VM Temurin-17.0.17+10 (17.0.17+10, mixed mode, sharing, tiered, compressed oops, compressed class ptrs, g1 gc, windows-amd64)
# No core dump will be written. Minidumps are not enabled by default on client versions of Windows
#

---------------  S U M M A R Y ------------

Command Line: --add-opens=java.base/java.lang=ALL-UNNAMED --add-opens=java.base/java.lang.invoke=ALL-UNNAMED --add-opens=java.base/java.util=ALL-UNNAMED --add-opens=java.prefs/java.util.prefs=ALL-UNNAMED --add-exports=jdk.compiler/com.sun.tools.javac.api=ALL-UNNAMED --add-exports=jdk.compiler/com.sun.tools.javac.util=ALL-UNNAMED --add-opens=java.base/java.util=ALL-UNNAMED --add-opens=java.prefs/java.util.prefs=ALL-UNNAMED --add-opens=java.base/java.nio.charset=ALL-UNNAMED --add-opens=java.base/java.net=ALL-UNNAMED --add-opens=java.base/java.util.concurrent=ALL-UNNAMED --add-opens=java.base/java.util.concurrent.atomic=ALL-UNNAMED --add-opens=java.xml/javax.xml.namespace=ALL-UNNAMED -XX:MaxMetaspaceSize=512m -Xmx2048m -Dfile.encoding=windows-1252 -Duser.country=ID -Duser.language=en -Duser.variant -javaagent:C:\Users\asepr\.gradle\wrapper\dists\gradle-9.0.0-bin\d6wjpkvcgsg3oed0qlfss3wgl\gradle-9.0.0\lib\agents\gradle-instrumentation-agent-9.0.0.jar org.gradle.launcher.daemon.bootstrap.GradleDaemon 9.0.0

Host: AMD Ryzen 5 5500U with Radeon Graphics         , 12 cores, 5G,  Windows 11 , 64 bit Build 26100 (10.0.26100.8115)
Time: Thu Apr  2 13:51:59 2026 SE Asia Standard Time elapsed time: 79.869913 seconds (0d 0h 1m 19s)

---------------  T H R E A D  ---------------

Current thread (0x0000017847cc8ad0):  VMThread "VM Thread" [stack: 0x00000060bad00000,0x00000060bae00000] [id=13416]

Stack: [0x00000060bad00000,0x00000060bae00000]
Native frames: (J=compiled Java code, j=interpreted, Vv=VM code, C=native code)
V  [jvm.dll+0x683fb9]
V  [jvm.dll+0x83a1b5]
V  [jvm.dll+0x83bc2e]
V  [jvm.dll+0x83c2b3]
V  [jvm.dll+0x248eff]
V  [jvm.dll+0x680d79]
V  [jvm.dll+0x675b7a]
V  [jvm.dll+0x3091a7]
V  [jvm.dll+0x310776]
V  [jvm.dll+0x360bbe]
V  [jvm.dll+0x360dfd]
V  [jvm.dll+0x2e022c]
V  [jvm.dll+0x2de602]
V  [jvm.dll+0x2ddd9c]
V  [jvm.dll+0x320a3b]
V  [jvm.dll+0x840acd]
V  [jvm.dll+0x841803]
V  [jvm.dll+0x841d2f]
V  [jvm.dll+0x842115]
V  [jvm.dll+0x8421de]
V  [jvm.dll+0x7ea44c]
V  [jvm.dll+0x682e87]
C  [ucrtbase.dll+0x37b0]
C  [KERNEL32.DLL+0x2e8d7]
C  [ntdll.dll+0x8c3fc]

VM_Operation (0x00000060be5fc010): G1CollectForAllocation, mode: safepoint, requested by thread 0x000001786c2fd470


---------------  P R O C E S S  ---------------

Threads class SMR info:
_java_thread_list=0x000001786fdf60a0, length=197, elements={
0x000001782a0b5a90, 0x0000017847ccda20, 0x0000017847cd0070, 0x0000017847ce9c70,
0x0000017847cec950, 0x0000017847cefda0, 0x0000017847cf1d50, 0x0000017847cfa960,
0x0000017847d04010, 0x0000017847d0cb60, 0x0000017847cb6630, 0x000001784aa6abe0,
0x000001786b763a00, 0x000001786b7c8950, 0x000001786b6c0790, 0x000001786a204270,
0x000001784aad0000, 0x000001786b7b9350, 0x000001786b7b7a00, 0x000001786b7b8420,
0x000001786b7b7f10, 0x000001786b7b9d70, 0x000001786b7b74f0, 0x000001786b7b8930,
0x000001786b7b8e40, 0x000001786b7b6fe0, 0x000001786b7b9860, 0x000001786b7ba280,
0x000001786b7b6ad0, 0x000001786c2fb610, 0x000001786c2f92a0, 0x000001786c2f97b0,
0x000001786c2f8880, 0x000001786c2fa6e0, 0x000001786c2f8370, 0x000001786c2f9cc0,
0x000001786c2fb100, 0x000001786c2fbb20, 0x000001786c2fa1d0, 0x000001786c2f8d90,
0x000001786c2fe8b0, 0x000001786c2fd470, 0x000001786c2ff2d0, 0x000001786c2fd980,
0x000001786c2fedc0, 0x000001786c2fde90, 0x000001786c2fe3a0, 0x000001786c2ff7e0,
0x000001786c2fca50, 0x000001786c2fc030, 0x000001786c2ffcf0, 0x000001786c2fc540,
0x000001786c2fcf60, 0x000001786acffd60, 0x000001786ad00c90, 0x000001786ad020d0,
0x000001786ad01bc0, 0x000001786ad016b0, 0x000001786acfee30, 0x000001786ad025e0,
0x000001786ad00780, 0x000001786ad011a0, 0x000001786ad02af0, 0x000001786acff340,
0x000001786ad03000, 0x000001786acff850, 0x000001786ad03510, 0x000001786ad00270,
0x000001786ad067b0, 0x000001786ad03a20, 0x000001786ad05880, 0x000001786ad03f30,
0x000001786ad04440, 0x000001786ad062a0, 0x000001786ad04950, 0x000001786ad04e60,
0x000001786bd6b5a0, 0x000001786bd6bfc0, 0x000001786bd6e330, 0x000001786bd6e840,
0x000001786bd6c4d0, 0x000001786bd6b090, 0x000001786bd6ed50, 0x000001786bd6f260,
0x000001786bd6bab0, 0x000001786bd6f770, 0x000001786bd6fc80, 0x000001786bd70190,
0x000001786bd6c9e0, 0x000001786bd706a0, 0x000001786bd6cef0, 0x000001786bd70bb0,
0x000001786bd710c0, 0x000001786bd71ae0, 0x000001786bd715d0, 0x000001786bd71ff0,
0x000001786bd72a10, 0x000001786bd72500, 0x000001786ca9c6c0, 0x000001786ca9e010,
0x000001786ca9a860, 0x000001786ca9b790, 0x000001786ca9cbd0, 0x000001786ca9e520,
0x000001786ca9d0e0, 0x000001786ca9c1b0, 0x000001786ca9d5f0, 0x000001786ca9ad70,
0x000001786ca9bca0, 0x000001786ca9db00, 0x000001786ca9ea30, 0x000001786ca9b280,
0x000001786caa0da0, 0x000001786ca9ef40, 0x000001786ca9f450, 0x000001786caa21e0,
0x000001786caa12b0, 0x000001786caa17c0, 0x000001786ca9f960, 0x000001786caa1cd0,
0x000001786ca9fe70, 0x000001786caa0380, 0x000001786caa0890, 0x000001786caa50f0,
0x000001786caa46d0, 0x000001786caa5600, 0x000001786caa41c0, 0x000001786caa5b10,
0x000001786caa6020, 0x000001786caa2870, 0x000001786caa2d80, 0x000001786caa4be0,
0x000001786caa3290, 0x000001786caa37a0, 0x000001786caa3cb0, 0x000001786c040f50,
0x000001786c040a40, 0x000001786c0428a0, 0x000001786c042db0, 0x000001786c041460,
0x000001786c040530, 0x000001786c041970, 0x000001786c041e80, 0x000001786c0432c0,
0x000001786c042390, 0x000001786c03fb10, 0x000001786c0437d0, 0x000001786c040020,
0x000001786c0441f0, 0x000001786c044700, 0x000001786c044c10, 0x000001786c046f80,
0x000001786c047490, 0x000001786c043ce0, 0x000001786c045120, 0x000001786c045630,
0x000001786c045b40, 0x000001786c046050, 0x000001786c046a70, 0x000001786f65a3b0,
0x000001786f659480, 0x000001786f65b2e0, 0x000001786f659ea0, 0x000001786f65b7f0,
0x000001786f659990, 0x000001786f65a8c0, 0x000001786f65cc30, 0x000001786f65bd00,
0x000001786f65c210, 0x000001786f65c720, 0x000001786f65add0, 0x000001786c046560,
0x000001786c6086d0, 0x000001786c6081c0, 0x000001786c606870, 0x000001786c609600,
0x000001786c608be0, 0x000001786c60a530, 0x000001786c6077a0, 0x000001786c6090f0,
0x000001786c60a020, 0x000001786c609b10, 0x000001786c606d80, 0x000001786c60aa40,
0x000001786c60af50, 0x000001786c60b460, 0x000001786c607cb0, 0x000001786c60cdb0,
0x000001786c60b970, 0x000001786c60dce0, 0x000001786c60d7d0, 0x000001786c60c8a0,
0x000001784ab6c2e0, 0x000001784ab6d210, 0x000001784ab6cd00, 0x000001784ab70ed0,
0x000001784ab6d720
}

Java Threads: ( => current thread )
  0x000001782a0b5a90 JavaThread "main" [_thread_blocked, id=11412, stack(0x00000060ba700000,0x00000060ba800000)]
  0x0000017847ccda20 JavaThread "Reference Handler" daemon [_thread_blocked, id=1488, stack(0x00000060bae00000,0x00000060baf00000)]
  0x0000017847cd0070 JavaThread "Finalizer" daemon [_thread_blocked, id=25684, stack(0x00000060baf00000,0x00000060bb000000)]
  0x0000017847ce9c70 JavaThread "Signal Dispatcher" daemon [_thread_blocked, id=10328, stack(0x00000060bb000000,0x00000060bb100000)]
  0x0000017847cec950 JavaThread "Attach Listener" daemon [_thread_blocked, id=16568, stack(0x00000060bb100000,0x00000060bb200000)]
  0x0000017847cefda0 JavaThread "Service Thread" daemon [_thread_blocked, id=20540, stack(0x00000060bb200000,0x00000060bb300000)]
  0x0000017847cf1d50 JavaThread "Monitor Deflation Thread" daemon [_thread_blocked, id=10600, stack(0x00000060bb300000,0x00000060bb400000)]
  0x0000017847cfa960 JavaThread "C2 CompilerThread0" daemon [_thread_blocked, id=3364, stack(0x00000060bb400000,0x00000060bb500000)]
  0x0000017847d04010 JavaThread "C1 CompilerThread0" daemon [_thread_blocked, id=11608, stack(0x00000060bb500000,0x00000060bb600000)]
  0x0000017847d0cb60 JavaThread "Sweeper thread" daemon [_thread_blocked, id=19588, stack(0x00000060bb600000,0x00000060bb700000)]
  0x0000017847cb6630 JavaThread "Common-Cleaner" daemon [_thread_blocked, id=21016, stack(0x00000060bb700000,0x00000060bb800000)]
  0x000001784aa6abe0 JavaThread "Notification Thread" daemon [_thread_blocked, id=20900, stack(0x00000060bb800000,0x00000060bb900000)]
  0x000001786b763a00 JavaThread "Daemon health stats" [_thread_blocked, id=11216, stack(0x00000060bbc00000,0x00000060bbd00000)]
  0x000001786b7c8950 JavaThread "Incoming local TCP Connector on port 53272" [_thread_in_native, id=8608, stack(0x00000060bbf00000,0x00000060bc000000)]
  0x000001786b6c0790 JavaThread "Daemon periodic checks" [_thread_blocked, id=26484, stack(0x00000060bc000000,0x00000060bc100000)]
  0x000001786a204270 JavaThread "Daemon" [_thread_blocked, id=22908, stack(0x00000060bc100000,0x00000060bc200000)]
  0x000001784aad0000 JavaThread "Handler for socket connection from /127.0.0.1:53272 to /127.0.0.1:53273" [_thread_in_native, id=8912, stack(0x00000060bc200000,0x00000060bc300000)]
  0x000001786b7b9350 JavaThread "Cancel handler" [_thread_blocked, id=18396, stack(0x00000060bc300000,0x00000060bc400000)]
  0x000001786b7b7a00 JavaThread "Daemon worker" [_thread_blocked, id=25072, stack(0x00000060bc400000,0x00000060bc500000)]
  0x000001786b7b8420 JavaThread "Asynchronous log dispatcher for DefaultDaemonConnection: socket connection from /127.0.0.1:53272 to /127.0.0.1:53273" [_thread_blocked, id=25688, stack(0x00000060bc500000,0x00000060bc600000)]
  0x000001786b7b7f10 JavaThread "Stdin handler" [_thread_blocked, id=24520, stack(0x00000060bc600000,0x00000060bc700000)]
  0x000001786b7b9d70 JavaThread "Daemon client event forwarder" [_thread_blocked, id=25368, stack(0x00000060bc700000,0x00000060bc800000)]
  0x000001786b7b74f0 JavaThread "Cache worker for journal cache (C:\Users\asepr\.gradle\caches\journal-1)" [_thread_blocked, id=11204, stack(0x00000060bcd00000,0x00000060bce00000)]
  0x000001786b7b8930 JavaThread "File lock request listener" [_thread_in_native, id=25128, stack(0x00000060bce00000,0x00000060bcf00000)]
  0x000001786b7b8e40 JavaThread "Cache worker for file hash cache (C:\Users\asepr\.gradle\caches\9.0.0\fileHashes)" [_thread_blocked, id=13264, stack(0x00000060bcf00000,0x00000060bd000000)]
  0x000001786b7b6fe0 JavaThread "Cache worker for file hash cache (C:\Users\asepr\mobile-app\mobile\android\.gradle\9.0.0\fileHashes)" [_thread_blocked, id=19864, stack(0x00000060bd300000,0x00000060bd400000)]
  0x000001786b7b9860 JavaThread "Cache worker for Build Output Cleanup Cache (C:\Users\asepr\mobile-app\mobile\android\.gradle\buildOutputCleanup)" [_thread_blocked, id=7708, stack(0x00000060bd400000,0x00000060bd500000)]
  0x000001786b7ba280 JavaThread "File watcher server" daemon [_thread_in_native, id=14056, stack(0x00000060bd500000,0x00000060bd600000)]
  0x000001786b7b6ad0 JavaThread "File watcher consumer" daemon [_thread_blocked, id=4180, stack(0x00000060bd600000,0x00000060bd700000)]
  0x000001786c2fb610 JavaThread "Cache worker for checksums cache (C:\Users\asepr\mobile-app\mobile\android\.gradle\9.0.0\checksums)" [_thread_blocked, id=23812, stack(0x00000060bd700000,0x00000060bd800000)]
  0x000001786c2f92a0 JavaThread "Cache worker for file content cache (C:\Users\asepr\.gradle\caches\9.0.0\fileContent)" [_thread_blocked, id=22144, stack(0x00000060bd800000,0x00000060bd900000)]
  0x000001786c2f97b0 JavaThread "Cache worker for cache directory md-supplier (C:\Users\asepr\.gradle\caches\9.0.0\md-supplier)" [_thread_blocked, id=25204, stack(0x00000060bd000000,0x00000060bd100000)]
  0x000001786c2f8880 JavaThread "Cache worker for cache directory md-rule (C:\Users\asepr\.gradle\caches\9.0.0\md-rule)" [_thread_blocked, id=19836, stack(0x00000060bd900000,0x00000060bda00000)]
  0x000001786c2fa6e0 JavaThread "jar transforms" [_thread_blocked, id=12944, stack(0x00000060bdd00000,0x00000060bde00000)]
  0x000001786c2f8370 JavaThread "Cache worker for Build Output Cleanup Cache (C:\Users\asepr\mobile-app\mobile\node_modules\@react-native\gradle-plugin\.gradle\buildOutputCleanup)" [_thread_blocked, id=9772, stack(0x00000060bda00000,0x00000060bdb00000)]
  0x000001786c2f9cc0 JavaThread "Unconstrained build operations" [_thread_blocked, id=20708, stack(0x00000060bdf00000,0x00000060be000000)]
  0x000001786c2fb100 JavaThread "Unconstrained build operations Thread 2" [_thread_blocked, id=3736, stack(0x00000060be000000,0x00000060be100000)]
  0x000001786c2fbb20 JavaThread "Unconstrained build operations Thread 3" [_thread_blocked, id=18380, stack(0x00000060be100000,0x00000060be200000)]
  0x000001786c2fa1d0 JavaThread "Unconstrained build operations Thread 4" [_thread_blocked, id=5084, stack(0x00000060be200000,0x00000060be300000)]
  0x000001786c2f8d90 JavaThread "Unconstrained build operations Thread 5" [_thread_blocked, id=6208, stack(0x00000060be300000,0x00000060be400000)]
  0x000001786c2fe8b0 JavaThread "Unconstrained build operations Thread 6" [_thread_blocked, id=6260, stack(0x00000060be400000,0x00000060be500000)]
  0x000001786c2fd470 JavaThread "Unconstrained build operations Thread 7" [_thread_blocked, id=7740, stack(0x00000060be500000,0x00000060be600000)]
  0x000001786c2ff2d0 JavaThread "Unconstrained build operations Thread 8" [_thread_blocked, id=24084, stack(0x00000060be600000,0x00000060be700000)]
  0x000001786c2fd980 JavaThread "Unconstrained build operations Thread 9" [_thread_blocked, id=13328, stack(0x00000060be700000,0x00000060be800000)]
  0x000001786c2fedc0 JavaThread "Unconstrained build operations Thread 10" [_thread_blocked, id=26000, stack(0x00000060be800000,0x00000060be900000)]
  0x000001786c2fde90 JavaThread "Unconstrained build operations Thread 11" [_thread_blocked, id=21692, stack(0x00000060be900000,0x00000060bea00000)]
  0x000001786c2fe3a0 JavaThread "Unconstrained build operations Thread 12" [_thread_blocked, id=13704, stack(0x00000060bea00000,0x00000060beb00000)]
  0x000001786c2ff7e0 JavaThread "Unconstrained build operations Thread 13" [_thread_blocked, id=14584, stack(0x00000060beb00000,0x00000060bec00000)]
  0x000001786c2fca50 JavaThread "Unconstrained build operations Thread 14" [_thread_blocked, id=24720, stack(0x00000060bec00000,0x00000060bed00000)]
  0x000001786c2fc030 JavaThread "Unconstrained build operations Thread 15" [_thread_blocked, id=25880, stack(0x00000060bed00000,0x00000060bee00000)]
  0x000001786c2ffcf0 JavaThread "Unconstrained build operations Thread 16" [_thread_blocked, id=24960, stack(0x00000060bee00000,0x00000060bef00000)]
  0x000001786c2fc540 JavaThread "Unconstrained build operations Thread 17" [_thread_blocked, id=21380, stack(0x00000060bef00000,0x00000060bf000000)]
  0x000001786c2fcf60 JavaThread "Unconstrained build operations Thread 18" [_thread_blocked, id=11932, stack(0x00000060bf000000,0x00000060bf100000)]
  0x000001786acffd60 JavaThread "Unconstrained build operations Thread 19" [_thread_blocked, id=20104, stack(0x00000060bf100000,0x00000060bf200000)]
  0x000001786ad00c90 JavaThread "Unconstrained build operations Thread 20" [_thread_blocked, id=20564, stack(0x00000060bf200000,0x00000060bf300000)]
  0x000001786ad020d0 JavaThread "Unconstrained build operations Thread 21" [_thread_blocked, id=23576, stack(0x00000060bf300000,0x00000060bf400000)]
  0x000001786ad01bc0 JavaThread "Unconstrained build operations Thread 22" [_thread_blocked, id=21232, stack(0x00000060bf400000,0x00000060bf500000)]
  0x000001786ad016b0 JavaThread "Unconstrained build operations Thread 23" [_thread_blocked, id=18708, stack(0x00000060bf500000,0x00000060bf600000)]
  0x000001786acfee30 JavaThread "Unconstrained build operations Thread 24" [_thread_blocked, id=23688, stack(0x00000060bf600000,0x00000060bf700000)]
  0x000001786ad025e0 JavaThread "Unconstrained build operations Thread 25" [_thread_blocked, id=19368, stack(0x00000060bf700000,0x00000060bf800000)]
  0x000001786ad00780 JavaThread "Unconstrained build operations Thread 26" [_thread_blocked, id=22768, stack(0x00000060bf800000,0x00000060bf900000)]
  0x000001786ad011a0 JavaThread "Unconstrained build operations Thread 27" [_thread_blocked, id=11352, stack(0x00000060bf900000,0x00000060bfa00000)]
  0x000001786ad02af0 JavaThread "Unconstrained build operations Thread 28" [_thread_blocked, id=24472, stack(0x00000060bfa00000,0x00000060bfb00000)]
  0x000001786acff340 JavaThread "Unconstrained build operations Thread 29" [_thread_blocked, id=22088, stack(0x00000060bfb00000,0x00000060bfc00000)]
  0x000001786ad03000 JavaThread "Unconstrained build operations Thread 30" [_thread_blocked, id=5396, stack(0x00000060bfc00000,0x00000060bfd00000)]
  0x000001786acff850 JavaThread "Unconstrained build operations Thread 31" [_thread_blocked, id=25008, stack(0x00000060bfd00000,0x00000060bfe00000)]
  0x000001786ad03510 JavaThread "Unconstrained build operations Thread 32" [_thread_blocked, id=1528, stack(0x00000060bfe00000,0x00000060bff00000)]
  0x000001786ad00270 JavaThread "Unconstrained build operations Thread 33" [_thread_blocked, id=8476, stack(0x00000060bff00000,0x00000060c0000000)]
  0x000001786ad067b0 JavaThread "Unconstrained build operations Thread 34" [_thread_blocked, id=19780, stack(0x00000060c0000000,0x00000060c0100000)]
  0x000001786ad03a20 JavaThread "Unconstrained build operations Thread 35" [_thread_blocked, id=16556, stack(0x00000060c0100000,0x00000060c0200000)]
  0x000001786ad05880 JavaThread "Unconstrained build operations Thread 36" [_thread_blocked, id=21660, stack(0x00000060c0200000,0x00000060c0300000)]
  0x000001786ad03f30 JavaThread "Unconstrained build operations Thread 37" [_thread_blocked, id=9180, stack(0x00000060c0300000,0x00000060c0400000)]
  0x000001786ad04440 JavaThread "Unconstrained build operations Thread 38" [_thread_blocked, id=24740, stack(0x00000060c0400000,0x00000060c0500000)]
  0x000001786ad062a0 JavaThread "Unconstrained build operations Thread 39" [_thread_blocked, id=23516, stack(0x00000060c0500000,0x00000060c0600000)]
  0x000001786ad04950 JavaThread "build event listener" [_thread_blocked, id=5040, stack(0x00000060c0600000,0x00000060c0700000)]
  0x000001786ad04e60 JavaThread "Memory manager" [_thread_blocked, id=20388, stack(0x00000060bde00000,0x00000060bdf00000)]
  0x000001786bd6b5a0 JavaThread "ForkJoinPool.commonPool-worker-1" daemon [_thread_blocked, id=13608, stack(0x00000060c0a00000,0x00000060c0b00000)]
  0x000001786bd6bfc0 JavaThread "ForkJoinPool.commonPool-worker-2" daemon [_thread_blocked, id=17000, stack(0x00000060c0b00000,0x00000060c0c00000)]
  0x000001786bd6e330 JavaThread "ForkJoinPool.commonPool-worker-3" daemon [_thread_blocked, id=14220, stack(0x00000060c0c00000,0x00000060c0d00000)]
  0x000001786bd6e840 JavaThread "ForkJoinPool.commonPool-worker-4" daemon [_thread_blocked, id=24976, stack(0x00000060c0d00000,0x00000060c0e00000)]
  0x000001786bd6c4d0 JavaThread "ForkJoinPool.commonPool-worker-5" daemon [_thread_blocked, id=24732, stack(0x00000060c0e00000,0x00000060c0f00000)]
  0x000001786bd6b090 JavaThread "ForkJoinPool.commonPool-worker-6" daemon [_thread_blocked, id=3704, stack(0x00000060c0f00000,0x00000060c1000000)]
  0x000001786bd6ed50 JavaThread "ForkJoinPool.commonPool-worker-7" daemon [_thread_blocked, id=26208, stack(0x00000060c1000000,0x00000060c1100000)]
  0x000001786bd6f260 JavaThread "ForkJoinPool.commonPool-worker-8" daemon [_thread_blocked, id=4892, stack(0x00000060c1100000,0x00000060c1200000)]
  0x000001786bd6bab0 JavaThread "ForkJoinPool.commonPool-worker-9" daemon [_thread_blocked, id=20076, stack(0x00000060c1200000,0x00000060c1300000)]
  0x000001786bd6f770 JavaThread "ForkJoinPool.commonPool-worker-10" daemon [_thread_blocked, id=25744, stack(0x00000060c1300000,0x00000060c1400000)]
  0x000001786bd6fc80 JavaThread "ForkJoinPool.commonPool-worker-11" daemon [_thread_blocked, id=21252, stack(0x00000060c1400000,0x00000060c1500000)]
  0x000001786bd70190 JavaThread "Exec process" daemon [_thread_blocked, id=11760, stack(0x00000060c1500000,0x00000060c1600000)]
  0x000001786bd6c9e0 JavaThread "Exec process Thread 2" daemon [_thread_blocked, id=11624, stack(0x00000060c1600000,0x00000060c1700000)]
  0x000001786bd706a0 JavaThread "Exec process Thread 3" daemon [_thread_blocked, id=25820, stack(0x00000060c1700000,0x00000060c1800000)]
  0x000001786bd6cef0 JavaThread "included builds" [_thread_blocked, id=9324, stack(0x00000060c1800000,0x00000060c1900000)]
  0x000001786bd70bb0 JavaThread "Execution worker" [_thread_blocked, id=19044, stack(0x00000060c1900000,0x00000060c1a00000)]
  0x000001786bd710c0 JavaThread "Execution worker Thread 2" [_thread_blocked, id=19544, stack(0x00000060c1a00000,0x00000060c1b00000)]
  0x000001786bd71ae0 JavaThread "Execution worker Thread 3" [_thread_blocked, id=21000, stack(0x00000060c1b00000,0x00000060c1c00000)]
  0x000001786bd715d0 JavaThread "Execution worker Thread 4" [_thread_blocked, id=4248, stack(0x00000060c1c00000,0x00000060c1d00000)]
  0x000001786bd71ff0 JavaThread "Execution worker Thread 5" [_thread_blocked, id=24356, stack(0x00000060c1d00000,0x00000060c1e00000)]
  0x000001786bd72a10 JavaThread "Execution worker Thread 6" [_thread_blocked, id=3712, stack(0x00000060c1e00000,0x00000060c1f00000)]
  0x000001786bd72500 JavaThread "Execution worker Thread 7" [_thread_blocked, id=16908, stack(0x00000060c1f00000,0x00000060c2000000)]
  0x000001786ca9c6c0 JavaThread "Execution worker Thread 8" [_thread_blocked, id=16856, stack(0x00000060c2000000,0x00000060c2100000)]
  0x000001786ca9e010 JavaThread "Execution worker Thread 9" [_thread_blocked, id=18844, stack(0x00000060c2100000,0x00000060c2200000)]
  0x000001786ca9a860 JavaThread "Execution worker Thread 10" [_thread_blocked, id=21540, stack(0x00000060c2200000,0x00000060c2300000)]
  0x000001786ca9b790 JavaThread "Execution worker Thread 11" [_thread_blocked, id=24372, stack(0x00000060c2300000,0x00000060c2400000)]
  0x000001786ca9cbd0 JavaThread "Cache worker for execution history cache (C:\Users\asepr\mobile-app\mobile\node_modules\@react-native\gradle-plugin\.gradle\9.0.0\executionHistory)" [_thread_blocked, id=4856, stack(0x00000060c2400000,0x00000060c2500000)]
  0x000001786ca9e520 JavaThread "Unconstrained build operations Thread 40" [_thread_blocked, id=11468, stack(0x00000060c2500000,0x00000060c2600000)]
  0x000001786ca9d0e0 JavaThread "Unconstrained build operations Thread 41" [_thread_blocked, id=26412, stack(0x00000060c2600000,0x00000060c2700000)]
  0x000001786ca9c1b0 JavaThread "Unconstrained build operations Thread 42" [_thread_blocked, id=20220, stack(0x00000060c2700000,0x00000060c2800000)]
  0x000001786ca9d5f0 JavaThread "Unconstrained build operations Thread 43" [_thread_blocked, id=13004, stack(0x00000060c2800000,0x00000060c2900000)]
  0x000001786ca9ad70 JavaThread "Unconstrained build operations Thread 44" [_thread_blocked, id=19524, stack(0x00000060c2900000,0x00000060c2a00000)]
  0x000001786ca9bca0 JavaThread "Unconstrained build operations Thread 45" [_thread_blocked, id=26464, stack(0x00000060c2a00000,0x00000060c2b00000)]
  0x000001786ca9db00 JavaThread "Unconstrained build operations Thread 46" [_thread_blocked, id=8348, stack(0x00000060c2b00000,0x00000060c2c00000)]
  0x000001786ca9ea30 JavaThread "Unconstrained build operations Thread 47" [_thread_blocked, id=22616, stack(0x00000060c2c00000,0x00000060c2d00000)]
  0x000001786ca9b280 JavaThread "Unconstrained build operations Thread 48" [_thread_blocked, id=22148, stack(0x00000060c2d00000,0x00000060c2e00000)]
  0x000001786caa0da0 JavaThread "Unconstrained build operations Thread 49" [_thread_blocked, id=7376, stack(0x00000060c0700000,0x00000060c0800000)]
  0x000001786ca9ef40 JavaThread "Unconstrained build operations Thread 50" [_thread_blocked, id=20020, stack(0x00000060c2e00000,0x00000060c2f00000)]
  0x000001786ca9f450 JavaThread "Unconstrained build operations Thread 51" [_thread_blocked, id=25996, stack(0x00000060c2f00000,0x00000060c3000000)]
  0x000001786caa21e0 JavaThread "Unconstrained build operations Thread 52" [_thread_blocked, id=25352, stack(0x00000060c3000000,0x00000060c3100000)]
  0x000001786caa12b0 JavaThread "Unconstrained build operations Thread 53" [_thread_blocked, id=17060, stack(0x00000060c3100000,0x00000060c3200000)]
  0x000001786caa17c0 JavaThread "Unconstrained build operations Thread 54" [_thread_blocked, id=22420, stack(0x00000060c3200000,0x00000060c3300000)]
  0x000001786ca9f960 JavaThread "Unconstrained build operations Thread 55" [_thread_blocked, id=24268, stack(0x00000060c3300000,0x00000060c3400000)]
  0x000001786caa1cd0 JavaThread "Unconstrained build operations Thread 56" [_thread_blocked, id=20616, stack(0x00000060c3400000,0x00000060c3500000)]
  0x000001786ca9fe70 JavaThread "Unconstrained build operations Thread 57" [_thread_blocked, id=18640, stack(0x00000060c3500000,0x00000060c3600000)]
  0x000001786caa0380 JavaThread "Unconstrained build operations Thread 58" [_thread_blocked, id=26140, stack(0x00000060c3600000,0x00000060c3700000)]
  0x000001786caa0890 JavaThread "Unconstrained build operations Thread 59" [_thread_blocked, id=25056, stack(0x00000060c3800000,0x00000060c3900000)]
  0x000001786caa50f0 JavaThread "Unconstrained build operations Thread 60" [_thread_blocked, id=7004, stack(0x00000060c3900000,0x00000060c3a00000)]
  0x000001786caa46d0 JavaThread "Unconstrained build operations Thread 61" [_thread_blocked, id=17672, stack(0x00000060c3a00000,0x00000060c3b00000)]
  0x000001786caa5600 JavaThread "Unconstrained build operations Thread 62" [_thread_blocked, id=1788, stack(0x00000060c3b00000,0x00000060c3c00000)]
  0x000001786caa41c0 JavaThread "Unconstrained build operations Thread 63" [_thread_blocked, id=22164, stack(0x00000060c3c00000,0x00000060c3d00000)]
  0x000001786caa5b10 JavaThread "Unconstrained build operations Thread 64" [_thread_blocked, id=22912, stack(0x00000060c3d00000,0x00000060c3e00000)]
  0x000001786caa6020 JavaThread "Unconstrained build operations Thread 65" [_thread_blocked, id=5576, stack(0x00000060c3e00000,0x00000060c3f00000)]
  0x000001786caa2870 JavaThread "Unconstrained build operations Thread 66" [_thread_blocked, id=17072, stack(0x00000060c3f00000,0x00000060c4000000)]
  0x000001786caa2d80 JavaThread "Unconstrained build operations Thread 67" [_thread_blocked, id=17216, stack(0x00000060c4000000,0x00000060c4100000)]
  0x000001786caa4be0 JavaThread "Unconstrained build operations Thread 68" [_thread_blocked, id=928, stack(0x00000060c4100000,0x00000060c4200000)]
  0x000001786caa3290 JavaThread "Unconstrained build operations Thread 69" [_thread_blocked, id=25412, stack(0x00000060c4200000,0x00000060c4300000)]
  0x000001786caa37a0 JavaThread "Unconstrained build operations Thread 70" [_thread_blocked, id=25084, stack(0x00000060c4300000,0x00000060c4400000)]
  0x000001786caa3cb0 JavaThread "Unconstrained build operations Thread 71" [_thread_blocked, id=8996, stack(0x00000060c4400000,0x00000060c4500000)]
  0x000001786c040f50 JavaThread "Unconstrained build operations Thread 72" [_thread_blocked, id=6772, stack(0x00000060c4500000,0x00000060c4600000)]
  0x000001786c040a40 JavaThread "Unconstrained build operations Thread 73" [_thread_blocked, id=16772, stack(0x00000060c4600000,0x00000060c4700000)]
  0x000001786c0428a0 JavaThread "Unconstrained build operations Thread 74" [_thread_blocked, id=23740, stack(0x00000060c4700000,0x00000060c4800000)]
  0x000001786c042db0 JavaThread "Unconstrained build operations Thread 75" [_thread_blocked, id=21532, stack(0x00000060c4800000,0x00000060c4900000)]
  0x000001786c041460 JavaThread "Unconstrained build operations Thread 76" [_thread_blocked, id=23612, stack(0x00000060c4900000,0x00000060c4a00000)]
  0x000001786c040530 JavaThread "Unconstrained build operations Thread 77" [_thread_blocked, id=25636, stack(0x00000060c4a00000,0x00000060c4b00000)]
  0x000001786c041970 JavaThread "Unconstrained build operations Thread 78" [_thread_blocked, id=26276, stack(0x00000060c4b00000,0x00000060c4c00000)]
  0x000001786c041e80 JavaThread "Unconstrained build operations Thread 79" [_thread_blocked, id=17648, stack(0x00000060c4c00000,0x00000060c4d00000)]
  0x000001786c0432c0 JavaThread "Unconstrained build operations Thread 80" [_thread_blocked, id=21768, stack(0x00000060c4d00000,0x00000060c4e00000)]
  0x000001786c042390 JavaThread "Unconstrained build operations Thread 81" [_thread_blocked, id=1748, stack(0x00000060c4e00000,0x00000060c4f00000)]
  0x000001786c03fb10 JavaThread "Unconstrained build operations Thread 82" [_thread_blocked, id=2220, stack(0x00000060c4f00000,0x00000060c5000000)]
  0x000001786c0437d0 JavaThread "Unconstrained build operations Thread 83" [_thread_blocked, id=19592, stack(0x00000060c5000000,0x00000060c5100000)]
  0x000001786c040020 JavaThread "Unconstrained build operations Thread 84" [_thread_blocked, id=11672, stack(0x00000060c5100000,0x00000060c5200000)]
  0x000001786c0441f0 JavaThread "Unconstrained build operations Thread 85" [_thread_blocked, id=24580, stack(0x00000060c5200000,0x00000060c5300000)]
  0x000001786c044700 JavaThread "Unconstrained build operations Thread 86" [_thread_blocked, id=22996, stack(0x00000060c5300000,0x00000060c5400000)]
  0x000001786c044c10 JavaThread "Unconstrained build operations Thread 87" [_thread_blocked, id=2900, stack(0x00000060c5400000,0x00000060c5500000)]
  0x000001786c046f80 JavaThread "Unconstrained build operations Thread 88" [_thread_blocked, id=19024, stack(0x00000060c5500000,0x00000060c5600000)]
  0x000001786c047490 JavaThread "Unconstrained build operations Thread 89" [_thread_blocked, id=26388, stack(0x00000060c5600000,0x00000060c5700000)]
  0x000001786c043ce0 JavaThread "Unconstrained build operations Thread 90" [_thread_blocked, id=9760, stack(0x00000060c5700000,0x00000060c5800000)]
  0x000001786c045120 JavaThread "Unconstrained build operations Thread 91" [_thread_blocked, id=2604, stack(0x00000060c5800000,0x00000060c5900000)]
  0x000001786c045630 JavaThread "Unconstrained build operations Thread 92" [_thread_blocked, id=20196, stack(0x00000060c5900000,0x00000060c5a00000)]
  0x000001786c045b40 JavaThread "Unconstrained build operations Thread 93" [_thread_blocked, id=7404, stack(0x00000060c5a00000,0x00000060c5b00000)]
  0x000001786c046050 JavaThread "Unconstrained build operations Thread 94" [_thread_blocked, id=25404, stack(0x00000060c5b00000,0x00000060c5c00000)]
  0x000001786c046a70 JavaThread "Unconstrained build operations Thread 95" [_thread_blocked, id=25268, stack(0x00000060c5c00000,0x00000060c5d00000)]
  0x000001786f65a3b0 JavaThread "Unconstrained build operations Thread 96" [_thread_blocked, id=21044, stack(0x00000060c5d00000,0x00000060c5e00000)]
  0x000001786f659480 JavaThread "Unconstrained build operations Thread 97" [_thread_blocked, id=25512, stack(0x00000060c5e00000,0x00000060c5f00000)]
  0x000001786f65b2e0 JavaThread "Unconstrained build operations Thread 98" [_thread_blocked, id=12076, stack(0x00000060c5f00000,0x00000060c6000000)]
  0x000001786f659ea0 JavaThread "Unconstrained build operations Thread 99" [_thread_blocked, id=20796, stack(0x00000060c6000000,0x00000060c6100000)]
  0x000001786f65b7f0 JavaThread "Unconstrained build operations Thread 100" [_thread_blocked, id=800, stack(0x00000060c6100000,0x00000060c6200000)]
  0x000001786f659990 JavaThread "Unconstrained build operations Thread 101" [_thread_blocked, id=18556, stack(0x00000060c6200000,0x00000060c6300000)]
  0x000001786f65a8c0 JavaThread "Unconstrained build operations Thread 102" [_thread_blocked, id=24076, stack(0x00000060c6300000,0x00000060c6400000)]
  0x000001786f65cc30 JavaThread "Unconstrained build operations Thread 103" [_thread_blocked, id=25256, stack(0x00000060c6400000,0x00000060c6500000)]
  0x000001786f65bd00 JavaThread "Unconstrained build operations Thread 104" [_thread_blocked, id=24988, stack(0x00000060c6500000,0x00000060c6600000)]
  0x000001786f65c210 JavaThread "Unconstrained build operations Thread 105" [_thread_blocked, id=3044, stack(0x00000060c6600000,0x00000060c6700000)]
  0x000001786f65c720 JavaThread "Unconstrained build operations Thread 106" [_thread_blocked, id=26396, stack(0x00000060c6700000,0x00000060c6800000)]
  0x000001786f65add0 JavaThread "Unconstrained build operations Thread 107" [_thread_blocked, id=25828, stack(0x00000060c6800000,0x00000060c6900000)]
  0x000001786c046560 JavaThread "Unconstrained build operations Thread 108" [_thread_blocked, id=20428, stack(0x00000060c6900000,0x00000060c6a00000)]
  0x000001786c6086d0 JavaThread "Unconstrained build operations Thread 109" [_thread_blocked, id=804, stack(0x00000060c6a00000,0x00000060c6b00000)]
  0x000001786c6081c0 JavaThread "Unconstrained build operations Thread 110" [_thread_blocked, id=13320, stack(0x00000060c6b00000,0x00000060c6c00000)]
  0x000001786c606870 JavaThread "Unconstrained build operations Thread 111" [_thread_blocked, id=1868, stack(0x00000060c6c00000,0x00000060c6d00000)]
  0x000001786c609600 JavaThread "Unconstrained build operations Thread 112" [_thread_blocked, id=6016, stack(0x00000060c6d00000,0x00000060c6e00000)]
  0x000001786c608be0 JavaThread "jar transforms Thread 2" [_thread_blocked, id=11440, stack(0x00000060c6e00000,0x00000060c6f00000)]
  0x000001786c60a530 JavaThread "jar transforms Thread 3" [_thread_blocked, id=15916, stack(0x00000060c6f00000,0x00000060c7000000)]
  0x000001786c6077a0 JavaThread "Unconstrained build operations Thread 113" [_thread_blocked, id=11972, stack(0x00000060c7000000,0x00000060c7100000)]
  0x000001786c6090f0 JavaThread "Unconstrained build operations Thread 114" [_thread_blocked, id=17916, stack(0x00000060c7100000,0x00000060c7200000)]
  0x000001786c60a020 JavaThread "Unconstrained build operations Thread 115" [_thread_blocked, id=13724, stack(0x00000060c7200000,0x00000060c7300000)]
  0x000001786c609b10 JavaThread "Unconstrained build operations Thread 116" [_thread_blocked, id=22260, stack(0x00000060c7300000,0x00000060c7400000)]
  0x000001786c606d80 JavaThread "Unconstrained build operations Thread 117" [_thread_blocked, id=13140, stack(0x00000060c7400000,0x00000060c7500000)]
  0x000001786c60aa40 JavaThread "Unconstrained build operations Thread 118" [_thread_blocked, id=9800, stack(0x00000060c7500000,0x00000060c7600000)]
  0x000001786c60af50 JavaThread "Unconstrained build operations Thread 119" [_thread_blocked, id=9012, stack(0x00000060c7600000,0x00000060c7700000)]
  0x000001786c60b460 JavaThread "Unconstrained build operations Thread 120" [_thread_blocked, id=16000, stack(0x00000060c7700000,0x00000060c7800000)]
  0x000001786c607cb0 JavaThread "jar transforms Thread 4" [_thread_blocked, id=24184, stack(0x00000060c7800000,0x00000060c7900000)]
  0x000001786c60cdb0 JavaThread "jar transforms Thread 5" [_thread_blocked, id=2140, stack(0x00000060c3700000,0x00000060c3800000)]
  0x000001786c60b970 JavaThread "jar transforms Thread 6" [_thread_blocked, id=9356, stack(0x00000060c7900000,0x00000060c7a00000)]
  0x000001786c60dce0 JavaThread "build event listener" [_thread_blocked, id=4336, stack(0x00000060c7a00000,0x00000060c7b00000)]
  0x000001786c60d7d0 JavaThread "Problems report writer" [_thread_blocked, id=25976, stack(0x00000060c7b00000,0x00000060c7c00000)]
  0x000001786c60c8a0 JavaThread "jar transforms Thread 7" [_thread_blocked, id=24420, stack(0x00000060c7c00000,0x00000060c7d00000)]
  0x000001784ab6c2e0 JavaThread "jar transforms Thread 8" [_thread_blocked, id=21848, stack(0x00000060c7d00000,0x00000060c7e00000)]
  0x000001784ab6d210 JavaThread "jar transforms Thread 9" [_thread_blocked, id=25844, stack(0x00000060ba400000,0x00000060ba500000)]
  0x000001784ab6cd00 JavaThread "jar transforms Thread 10" [_thread_blocked, id=22984, stack(0x00000060ba500000,0x00000060ba600000)]
  0x000001784ab70ed0 JavaThread "jar transforms Thread 11" [_thread_blocked, id=24928, stack(0x00000060ba600000,0x00000060ba700000)]
  0x000001784ab6d720 JavaThread "jar transforms Thread 12" [_thread_blocked, id=24924, stack(0x00000060c7e00000,0x00000060c7f00000)]

Other Threads:
=>0x0000017847cc8ad0 VMThread "VM Thread" [stack: 0x00000060bad00000,0x00000060bae00000] [id=13416]
  0x000001782a0b6820 WatcherThread [stack: 0x00000060bb900000,0x00000060bba00000] [id=23856]
  0x000001782a115d50 GCTaskThread "GC Thread#0" [stack: 0x00000060ba800000,0x00000060ba900000] [id=22136]
  0x000001786a1fcae0 GCTaskThread "GC Thread#1" [stack: 0x00000060bba00000,0x00000060bbb00000] [id=10840]
  0x000001786a268e70 GCTaskThread "GC Thread#2" [stack: 0x00000060bbb00000,0x00000060bbc00000] [id=9904]
  0x000001784ac54d50 GCTaskThread "GC Thread#3" [stack: 0x00000060bbd00000,0x00000060bbe00000] [id=5068]
  0x000001786a8ad060 GCTaskThread "GC Thread#4" [stack: 0x00000060bbe00000,0x00000060bbf00000] [id=20880]
  0x000001786a0b6990 GCTaskThread "GC Thread#5" [stack: 0x00000060bc800000,0x00000060bc900000] [id=19988]
  0x000001784abe6a60 GCTaskThread "GC Thread#6" [stack: 0x00000060bc900000,0x00000060bca00000] [id=23468]
  0x000001786a0bbcd0 GCTaskThread "GC Thread#7" [stack: 0x00000060bca00000,0x00000060bcb00000] [id=21572]
  0x000001786ad51ad0 GCTaskThread "GC Thread#8" [stack: 0x00000060bcb00000,0x00000060bcc00000] [id=26568]
  0x000001786acfeb20 GCTaskThread "GC Thread#9" [stack: 0x00000060bcc00000,0x00000060bcd00000] [id=21112]
  0x000001782a124010 ConcurrentGCThread "G1 Main Marker" [stack: 0x00000060ba900000,0x00000060baa00000] [id=18668]
  0x000001782a124940 ConcurrentGCThread "G1 Conc#0" [stack: 0x00000060baa00000,0x00000060bab00000] [id=11072]
  0x000001786d096c80 ConcurrentGCThread "G1 Conc#1" [stack: 0x00000060bd100000,0x00000060bd200000] [id=5344]
  0x000001786d097200 ConcurrentGCThread "G1 Conc#2" [stack: 0x00000060bd200000,0x00000060bd300000] [id=18752]
  0x0000017847b85380 ConcurrentGCThread "G1 Refine#0" [stack: 0x00000060bab00000,0x00000060bac00000] [id=23600]
  0x000001786e1d1c50 ConcurrentGCThread "G1 Refine#1" [stack: 0x00000060bdb00000,0x00000060bdc00000] [id=20668]
  0x000001786e1d1090 ConcurrentGCThread "G1 Refine#2" [stack: 0x00000060bdc00000,0x00000060bdd00000] [id=7908]
  0x000001782a15ad70 ConcurrentGCThread "G1 Service" [stack: 0x00000060bac00000,0x00000060bad00000] [id=19000]

Threads with active compile tasks:
C2 CompilerThread0  79978 14869       4       org.gradle.internal.operations.DefaultBuildOperationListenerManager$1::progress (47 bytes)

VM state: at safepoint (normal execution)

VM Mutex/Monitor currently owned by a thread:  ([mutex/lock_event])
[0x000001782a0b29c0] Threads_lock - owner thread: 0x0000017847cc8ad0
[0x000001782a0b1cd0] Heap_lock - owner thread: 0x000001786c2fd470

Heap address: 0x0000000080000000, size: 2048 MB, Compressed Oops mode: 32-bit

CDS archive(s) mapped at: [0x000001784b000000-0x000001784bbb0000-0x000001784bbb0000), size 12255232, SharedBaseAddress: 0x000001784b000000, ArchiveRelocationMode: 1.
Compressed class space mapped at: 0x000001784c000000-0x0000017866000000, reserved size: 436207616
Narrow klass base: 0x000001784b000000, Narrow klass shift: 0, Narrow klass range: 0x100000000

GC Precious Log:
 CPUs: 12 total, 12 available
 Memory: 6005M
 Large Page Support: Disabled
 NUMA Support: Disabled
 Compressed Oops: Enabled (32-bit)
 Heap Region Size: 1M
 Heap Min Capacity: 8M
 Heap Initial Capacity: 94M
 Heap Max Capacity: 2G
 Pre-touch: Disabled
 Parallel Workers: 10
 Concurrent Workers: 3
 Concurrent Refinement Workers: 10
 Periodic GC: Disabled

Heap:
 garbage-first heap   total 254976K, used 159711K [0x0000000080000000, 0x0000000100000000)
  region size 1024K, 4 young (4096K), 4 survivors (4096K)
 Metaspace       used 105219K, committed 106560K, reserved 557056K
  class space    used 14784K, committed 15424K, reserved 425984K

Heap Regions: E=young(eden), S=young(survivor), O=old, HS=humongous(starts), HC=humongous(continues), CS=collection set, F=free, OA=open archive, CA=closed archive, TAMS=top-at-mark-start (previous, next)
|   0|0x0000000080000000, 0x0000000080100000, 0x0000000080100000|100%|HS|  |TAMS 0x0000000080100000, 0x0000000080100000| Complete 
|   1|0x0000000080100000, 0x0000000080200000, 0x0000000080200000|100%|HC|  |TAMS 0x0000000080200000, 0x0000000080200000| Complete 
|   2|0x0000000080200000, 0x0000000080300000, 0x0000000080300000|100%|HC|  |TAMS 0x0000000080300000, 0x0000000080300000| Complete 
|   3|0x0000000080300000, 0x0000000080400000, 0x0000000080400000|100%| O|  |TAMS 0x0000000080400000, 0x0000000080400000| Untracked 
|   4|0x0000000080400000, 0x0000000080500000, 0x0000000080500000|100%| O|  |TAMS 0x0000000080500000, 0x0000000080500000| Untracked 
|   5|0x0000000080500000, 0x0000000080600000, 0x0000000080600000|100%| O|  |TAMS 0x0000000080600000, 0x0000000080600000| Untracked 
|   6|0x0000000080600000, 0x0000000080700000, 0x0000000080700000|100%|HS|  |TAMS 0x0000000080700000, 0x0000000080700000| Complete 
|   7|0x0000000080700000, 0x0000000080800000, 0x0000000080800000|100%| O|  |TAMS 0x0000000080800000, 0x0000000080800000| Untracked 
|   8|0x0000000080800000, 0x0000000080900000, 0x0000000080900000|100%| O|  |TAMS 0x0000000080900000, 0x0000000080900000| Untracked 
|   9|0x0000000080900000, 0x0000000080a00000, 0x0000000080a00000|100%| O|  |TAMS 0x0000000080a00000, 0x0000000080a00000| Untracked 
|  10|0x0000000080a00000, 0x0000000080b00000, 0x0000000080b00000|100%| O|  |TAMS 0x0000000080b00000, 0x0000000080b00000| Untracked 
|  11|0x0000000080b00000, 0x0000000080c00000, 0x0000000080c00000|100%| O|  |TAMS 0x0000000080c00000, 0x0000000080c00000| Untracked 
|  12|0x0000000080c00000, 0x0000000080d00000, 0x0000000080d00000|100%| O|  |TAMS 0x0000000080d00000, 0x0000000080d00000| Untracked 
|  13|0x0000000080d00000, 0x0000000080e00000, 0x0000000080e00000|100%| O|  |TAMS 0x0000000080e00000, 0x0000000080e00000| Untracked 
|  14|0x0000000080e00000, 0x0000000080f00000, 0x0000000080f00000|100%| O|  |TAMS 0x0000000080f00000, 0x0000000080f00000| Untracked 
|  15|0x0000000080f00000, 0x0000000081000000, 0x0000000081000000|100%| O|  |TAMS 0x0000000081000000, 0x0000000081000000| Untracked 
|  16|0x0000000081000000, 0x0000000081100000, 0x0000000081100000|100%| O|  |TAMS 0x0000000081100000, 0x0000000081100000| Untracked 
|  17|0x0000000081100000, 0x0000000081200000, 0x0000000081200000|100%| O|  |TAMS 0x0000000081200000, 0x0000000081200000| Untracked 
|  18|0x0000000081200000, 0x0000000081300000, 0x0000000081300000|100%| O|  |TAMS 0x0000000081300000, 0x0000000081300000| Untracked 
|  19|0x0000000081300000, 0x0000000081400000, 0x0000000081400000|100%| O|  |TAMS 0x0000000081400000, 0x0000000081400000| Untracked 
|  20|0x0000000081400000, 0x0000000081500000, 0x0000000081500000|100%| O|  |TAMS 0x0000000081500000, 0x0000000081500000| Untracked 
|  21|0x0000000081500000, 0x0000000081600000, 0x0000000081600000|100%| O|  |TAMS 0x0000000081600000, 0x0000000081600000| Untracked 
|  22|0x0000000081600000, 0x0000000081700000, 0x0000000081700000|100%| O|  |TAMS 0x0000000081700000, 0x0000000081700000| Untracked 
|  23|0x0000000081700000, 0x0000000081800000, 0x0000000081800000|100%| O|  |TAMS 0x0000000081800000, 0x0000000081800000| Untracked 
|  24|0x0000000081800000, 0x0000000081900000, 0x0000000081900000|100%| O|  |TAMS 0x0000000081900000, 0x0000000081900000| Untracked 
|  25|0x0000000081900000, 0x0000000081a00000, 0x0000000081a00000|100%| O|  |TAMS 0x0000000081a00000, 0x0000000081a00000| Untracked 
|  26|0x0000000081a00000, 0x0000000081b00000, 0x0000000081b00000|100%| O|  |TAMS 0x0000000081b00000, 0x0000000081b00000| Untracked 
|  27|0x0000000081b00000, 0x0000000081c00000, 0x0000000081c00000|100%| O|  |TAMS 0x0000000081c00000, 0x0000000081c00000| Untracked 
|  28|0x0000000081c00000, 0x0000000081d00000, 0x0000000081d00000|100%| O|  |TAMS 0x0000000081d00000, 0x0000000081d00000| Untracked 
|  29|0x0000000081d00000, 0x0000000081e00000, 0x0000000081e00000|100%| O|  |TAMS 0x0000000081e00000, 0x0000000081e00000| Untracked 
|  30|0x0000000081e00000, 0x0000000081f00000, 0x0000000081f00000|100%| O|  |TAMS 0x0000000081f00000, 0x0000000081f00000| Untracked 
|  31|0x0000000081f00000, 0x0000000082000000, 0x0000000082000000|100%| O|  |TAMS 0x0000000082000000, 0x0000000082000000| Untracked 
|  32|0x0000000082000000, 0x0000000082100000, 0x0000000082100000|100%| O|  |TAMS 0x0000000082100000, 0x0000000082100000| Untracked 
|  33|0x0000000082100000, 0x0000000082200000, 0x0000000082200000|100%| O|  |TAMS 0x0000000082200000, 0x0000000082200000| Untracked 
|  34|0x0000000082200000, 0x0000000082300000, 0x0000000082300000|100%| O|  |TAMS 0x0000000082300000, 0x0000000082300000| Untracked 
|  35|0x0000000082300000, 0x0000000082400000, 0x0000000082400000|100%| O|  |TAMS 0x0000000082400000, 0x0000000082400000| Untracked 
|  36|0x0000000082400000, 0x0000000082500000, 0x0000000082500000|100%| O|  |TAMS 0x0000000082500000, 0x0000000082500000| Untracked 
|  37|0x0000000082500000, 0x0000000082600000, 0x0000000082600000|100%| O|  |TAMS 0x0000000082600000, 0x0000000082600000| Untracked 
|  38|0x0000000082600000, 0x0000000082700000, 0x0000000082700000|100%| O|  |TAMS 0x0000000082700000, 0x0000000082700000| Untracked 
|  39|0x0000000082700000, 0x0000000082800000, 0x0000000082800000|100%| O|  |TAMS 0x0000000082800000, 0x0000000082800000| Untracked 
|  40|0x0000000082800000, 0x0000000082900000, 0x0000000082900000|100%| O|  |TAMS 0x0000000082900000, 0x0000000082900000| Untracked 
|  41|0x0000000082900000, 0x0000000082a00000, 0x0000000082a00000|100%|HS|  |TAMS 0x0000000082a00000, 0x0000000082a00000| Complete 
|  42|0x0000000082a00000, 0x0000000082b00000, 0x0000000082b00000|100%|HC|  |TAMS 0x0000000082b00000, 0x0000000082b00000| Complete 
|  43|0x0000000082b00000, 0x0000000082c00000, 0x0000000082c00000|100%|HC|  |TAMS 0x0000000082c00000, 0x0000000082c00000| Complete 
|  44|0x0000000082c00000, 0x0000000082d00000, 0x0000000082d00000|100%|HS|  |TAMS 0x0000000082d00000, 0x0000000082d00000| Complete 
|  45|0x0000000082d00000, 0x0000000082e00000, 0x0000000082e00000|100%|HC|  |TAMS 0x0000000082e00000, 0x0000000082e00000| Complete 
|  46|0x0000000082e00000, 0x0000000082f00000, 0x0000000082f00000|100%|HC|  |TAMS 0x0000000082f00000, 0x0000000082f00000| Complete 
|  47|0x0000000082f00000, 0x0000000083000000, 0x0000000083000000|100%| O|  |TAMS 0x0000000083000000, 0x0000000083000000| Untracked 
|  48|0x0000000083000000, 0x0000000083100000, 0x0000000083100000|100%| O|  |TAMS 0x0000000083100000, 0x0000000083100000| Untracked 
|  49|0x0000000083100000, 0x0000000083200000, 0x0000000083200000|100%| O|  |TAMS 0x0000000083200000, 0x0000000083200000| Untracked 
|  50|0x0000000083200000, 0x0000000083300000, 0x0000000083300000|100%| O|  |TAMS 0x0000000083300000, 0x0000000083300000| Untracked 
|  51|0x0000000083300000, 0x0000000083300000, 0x0000000083400000|  0%| F|  |TAMS 0x0000000083300000, 0x0000000083300000| Untracked 
|  52|0x0000000083400000, 0x0000000083500000, 0x0000000083500000|100%| O|  |TAMS 0x0000000083500000, 0x0000000083500000| Untracked 
|  53|0x0000000083500000, 0x0000000083600000, 0x0000000083600000|100%| O|  |TAMS 0x0000000083600000, 0x0000000083600000| Untracked 
|  54|0x0000000083600000, 0x0000000083700000, 0x0000000083700000|100%| O|  |TAMS 0x0000000083700000, 0x0000000083700000| Untracked 
|  55|0x0000000083700000, 0x0000000083700000, 0x0000000083800000|  0%| F|  |TAMS 0x0000000083700000, 0x0000000083700000| Untracked 
|  56|0x0000000083800000, 0x0000000083900000, 0x0000000083900000|100%|HS|  |TAMS 0x0000000083800000, 0x0000000083900000| Complete 
|  57|0x0000000083900000, 0x0000000083900000, 0x0000000083a00000|  0%| F|  |TAMS 0x0000000083900000, 0x0000000083900000| Untracked 
|  58|0x0000000083a00000, 0x0000000083b00000, 0x0000000083b00000|100%|HS|  |TAMS 0x0000000083a00000, 0x0000000083b00000| Complete 
|  59|0x0000000083b00000, 0x0000000083c00000, 0x0000000083c00000|100%| O|  |TAMS 0x0000000083c00000, 0x0000000083c00000| Untracked 
|  60|0x0000000083c00000, 0x0000000083d00000, 0x0000000083d00000|100%| O|  |TAMS 0x0000000083d00000, 0x0000000083d00000| Untracked 
|  61|0x0000000083d00000, 0x0000000083e00000, 0x0000000083e00000|100%| O|  |TAMS 0x0000000083e00000, 0x0000000083e00000| Untracked 
|  62|0x0000000083e00000, 0x0000000083f00000, 0x0000000083f00000|100%| O|  |TAMS 0x0000000083f00000, 0x0000000083f00000| Untracked 
|  63|0x0000000083f00000, 0x0000000084000000, 0x0000000084000000|100%| O|  |TAMS 0x0000000084000000, 0x0000000084000000| Untracked 
|  64|0x0000000084000000, 0x0000000084100000, 0x0000000084100000|100%| O|  |TAMS 0x0000000084100000, 0x0000000084100000| Untracked 
|  65|0x0000000084100000, 0x0000000084200000, 0x0000000084200000|100%| O|  |TAMS 0x0000000084200000, 0x0000000084200000| Untracked 
|  66|0x0000000084200000, 0x0000000084300000, 0x0000000084300000|100%| O|  |TAMS 0x0000000084300000, 0x0000000084300000| Untracked 
|  67|0x0000000084300000, 0x0000000084400000, 0x0000000084400000|100%| O|  |TAMS 0x0000000084400000, 0x0000000084400000| Untracked 
|  68|0x0000000084400000, 0x0000000084500000, 0x0000000084500000|100%| O|  |TAMS 0x0000000084500000, 0x0000000084500000| Untracked 
|  69|0x0000000084500000, 0x0000000084600000, 0x0000000084600000|100%| O|  |TAMS 0x0000000084600000, 0x0000000084600000| Untracked 
|  70|0x0000000084600000, 0x0000000084700000, 0x0000000084700000|100%| O|  |TAMS 0x0000000084700000, 0x0000000084700000| Untracked 
|  71|0x0000000084700000, 0x0000000084800000, 0x0000000084800000|100%| O|  |TAMS 0x0000000084800000, 0x0000000084800000| Untracked 
|  72|0x0000000084800000, 0x0000000084900000, 0x0000000084900000|100%| O|  |TAMS 0x0000000084900000, 0x0000000084900000| Untracked 
|  73|0x0000000084900000, 0x0000000084a00000, 0x0000000084a00000|100%| O|  |TAMS 0x0000000084a00000, 0x0000000084a00000| Untracked 
|  74|0x0000000084a00000, 0x0000000084b00000, 0x0000000084b00000|100%| O|  |TAMS 0x0000000084b00000, 0x0000000084b00000| Untracked 
|  75|0x0000000084b00000, 0x0000000084c00000, 0x0000000084c00000|100%|HS|  |TAMS 0x0000000084c00000, 0x0000000084c00000| Complete 
|  76|0x0000000084c00000, 0x0000000084d00000, 0x0000000084d00000|100%|HS|  |TAMS 0x0000000084d00000, 0x0000000084d00000| Complete 
|  77|0x0000000084d00000, 0x0000000084e00000, 0x0000000084e00000|100%|HS|  |TAMS 0x0000000084e00000, 0x0000000084e00000| Complete 
|  78|0x0000000084e00000, 0x0000000084f00000, 0x0000000084f00000|100%| O|  |TAMS 0x0000000084f00000, 0x0000000084f00000| Untracked 
|  79|0x0000000084f00000, 0x0000000085000000, 0x0000000085000000|100%| O|  |TAMS 0x0000000085000000, 0x0000000085000000| Untracked 
|  80|0x0000000085000000, 0x0000000085100000, 0x0000000085100000|100%|HS|  |TAMS 0x0000000085100000, 0x0000000085100000| Complete 
|  81|0x0000000085100000, 0x0000000085200000, 0x0000000085200000|100%| O|  |TAMS 0x0000000085200000, 0x0000000085200000| Untracked 
|  82|0x0000000085200000, 0x0000000085300000, 0x0000000085300000|100%|HS|  |TAMS 0x0000000085300000, 0x0000000085300000| Complete 
|  83|0x0000000085300000, 0x0000000085400000, 0x0000000085400000|100%|HS|  |TAMS 0x0000000085400000, 0x0000000085400000| Complete 
|  84|0x0000000085400000, 0x0000000085500000, 0x0000000085500000|100%| O|  |TAMS 0x0000000085500000, 0x0000000085500000| Untracked 
|  85|0x0000000085500000, 0x0000000085600000, 0x0000000085600000|100%| O|  |TAMS 0x0000000085500000, 0x0000000085600000| Untracked 
|  86|0x0000000085600000, 0x0000000085700000, 0x0000000085700000|100%| O|  |TAMS 0x0000000085700000, 0x0000000085700000| Untracked 
|  87|0x0000000085700000, 0x0000000085800000, 0x0000000085800000|100%| O|  |TAMS 0x0000000085800000, 0x0000000085800000| Untracked 
|  88|0x0000000085800000, 0x0000000085900000, 0x0000000085900000|100%| O|  |TAMS 0x0000000085900000, 0x0000000085900000| Untracked 
|  89|0x0000000085900000, 0x0000000085a00000, 0x0000000085a00000|100%| O|  |TAMS 0x0000000085a00000, 0x0000000085a00000| Untracked 
|  90|0x0000000085a00000, 0x0000000085b00000, 0x0000000085b00000|100%| O|  |TAMS 0x0000000085b00000, 0x0000000085b00000| Untracked 
|  91|0x0000000085b00000, 0x0000000085c00000, 0x0000000085c00000|100%| O|  |TAMS 0x0000000085c00000, 0x0000000085c00000| Untracked 
|  92|0x0000000085c00000, 0x0000000085d00000, 0x0000000085d00000|100%| O|  |TAMS 0x0000000085d00000, 0x0000000085d00000| Untracked 
|  93|0x0000000085d00000, 0x0000000085e00000, 0x0000000085e00000|100%| O|  |TAMS 0x0000000085e00000, 0x0000000085e00000| Untracked 
|  94|0x0000000085e00000, 0x0000000085f00000, 0x0000000085f00000|100%| O|  |TAMS 0x0000000085f00000, 0x0000000085f00000| Untracked 
|  95|0x0000000085f00000, 0x0000000086000000, 0x0000000086000000|100%| O|  |TAMS 0x0000000086000000, 0x0000000086000000| Untracked 
|  96|0x0000000086000000, 0x0000000086100000, 0x0000000086100000|100%| O|  |TAMS 0x0000000086100000, 0x0000000086100000| Untracked 
|  97|0x0000000086100000, 0x0000000086200000, 0x0000000086200000|100%|HS|  |TAMS 0x0000000086200000, 0x0000000086200000| Complete 
|  98|0x0000000086200000, 0x0000000086300000, 0x0000000086300000|100%| O|  |TAMS 0x0000000086300000, 0x0000000086300000| Untracked 
|  99|0x0000000086300000, 0x0000000086400000, 0x0000000086400000|100%|HS|  |TAMS 0x0000000086400000, 0x0000000086400000| Complete 
| 100|0x0000000086400000, 0x0000000086500000, 0x0000000086500000|100%|HC|  |TAMS 0x0000000086500000, 0x0000000086500000| Complete 
| 101|0x0000000086500000, 0x0000000086600000, 0x0000000086600000|100%|HC|  |TAMS 0x0000000086600000, 0x0000000086600000| Complete 
| 102|0x0000000086600000, 0x0000000086700000, 0x0000000086700000|100%| O|  |TAMS 0x0000000086700000, 0x0000000086700000| Untracked 
| 103|0x0000000086700000, 0x0000000086800000, 0x0000000086800000|100%| O|  |TAMS 0x0000000086800000, 0x0000000086800000| Untracked 
| 104|0x0000000086800000, 0x0000000086900000, 0x0000000086900000|100%| O|  |TAMS 0x0000000086900000, 0x0000000086900000| Untracked 
| 105|0x0000000086900000, 0x0000000086a00000, 0x0000000086a00000|100%| O|  |TAMS 0x0000000086a00000, 0x0000000086a00000| Untracked 
| 106|0x0000000086a00000, 0x0000000086b00000, 0x0000000086b00000|100%| O|  |TAMS 0x0000000086b00000, 0x0000000086b00000| Untracked 
| 107|0x0000000086b00000, 0x0000000086c00000, 0x0000000086c00000|100%| O|  |TAMS 0x0000000086c00000, 0x0000000086c00000| Untracked 
| 108|0x0000000086c00000, 0x0000000086d00000, 0x0000000086d00000|100%| O|  |TAMS 0x0000000086d00000, 0x0000000086d00000| Untracked 
| 109|0x0000000086d00000, 0x0000000086e00000, 0x0000000086e00000|100%| O|  |TAMS 0x0000000086e00000, 0x0000000086e00000| Untracked 
| 110|0x0000000086e00000, 0x0000000086f00000, 0x0000000086f00000|100%| O|  |TAMS 0x0000000086f00000, 0x0000000086f00000| Untracked 
| 111|0x0000000086f00000, 0x0000000087000000, 0x0000000087000000|100%| O|  |TAMS 0x0000000087000000, 0x0000000087000000| Untracked 
| 112|0x0000000087000000, 0x0000000087100000, 0x0000000087100000|100%| O|  |TAMS 0x0000000087100000, 0x0000000087100000| Untracked 
| 113|0x0000000087100000, 0x0000000087200000, 0x0000000087200000|100%| O|  |TAMS 0x0000000087200000, 0x0000000087200000| Untracked 
| 114|0x0000000087200000, 0x0000000087300000, 0x0000000087300000|100%| O|  |TAMS 0x0000000087300000, 0x0000000087300000| Untracked 
| 115|0x0000000087300000, 0x0000000087400000, 0x0000000087400000|100%| O|  |TAMS 0x0000000087400000, 0x0000000087400000| Untracked 
| 116|0x0000000087400000, 0x0000000087500000, 0x0000000087500000|100%| O|  |TAMS 0x0000000087500000, 0x0000000087500000| Untracked 
| 117|0x0000000087500000, 0x0000000087600000, 0x0000000087600000|100%| O|  |TAMS 0x0000000087600000, 0x0000000087600000| Untracked 
| 118|0x0000000087600000, 0x0000000087700000, 0x0000000087700000|100%| O|  |TAMS 0x0000000087700000, 0x0000000087700000| Untracked 
| 119|0x0000000087700000, 0x0000000087800000, 0x0000000087800000|100%| O|  |TAMS 0x0000000087800000, 0x0000000087800000| Untracked 
| 120|0x0000000087800000, 0x0000000087900000, 0x0000000087900000|100%| O|  |TAMS 0x0000000087900000, 0x0000000087900000| Untracked 
| 121|0x0000000087900000, 0x0000000087a00000, 0x0000000087a00000|100%| O|  |TAMS 0x0000000087a00000, 0x0000000087a00000| Untracked 
| 122|0x0000000087a00000, 0x0000000087b00000, 0x0000000087b00000|100%| O|  |TAMS 0x0000000087b00000, 0x0000000087b00000| Untracked 
| 123|0x0000000087b00000, 0x0000000087c00000, 0x0000000087c00000|100%| O|  |TAMS 0x0000000087c00000, 0x0000000087c00000| Untracked 
| 124|0x0000000087c00000, 0x0000000087d00000, 0x0000000087d00000|100%| O|  |TAMS 0x0000000087d00000, 0x0000000087d00000| Untracked 
| 125|0x0000000087d00000, 0x0000000087e00000, 0x0000000087e00000|100%| O|  |TAMS 0x0000000087e00000, 0x0000000087e00000| Untracked 
| 126|0x0000000087e00000, 0x0000000087e00000, 0x0000000087f00000|  0%| F|  |TAMS 0x0000000087e00000, 0x0000000087e00000| Untracked 
| 127|0x0000000087f00000, 0x0000000088000000, 0x0000000088000000|100%| O|  |TAMS 0x0000000087f00000, 0x0000000088000000| Untracked 
| 128|0x0000000088000000, 0x0000000088100000, 0x0000000088100000|100%| O|  |TAMS 0x0000000088100000, 0x0000000088100000| Untracked 
| 129|0x0000000088100000, 0x0000000088200000, 0x0000000088200000|100%| O|  |TAMS 0x0000000088200000, 0x0000000088200000| Untracked 
| 130|0x0000000088200000, 0x0000000088300000, 0x0000000088300000|100%| O|  |TAMS 0x0000000088300000, 0x0000000088300000| Untracked 
| 131|0x0000000088300000, 0x0000000088400000, 0x0000000088400000|100%| O|  |TAMS 0x0000000088400000, 0x0000000088400000| Untracked 
| 132|0x0000000088400000, 0x0000000088500000, 0x0000000088500000|100%| O|  |TAMS 0x0000000088500000, 0x0000000088500000| Untracked 
| 133|0x0000000088500000, 0x0000000088600000, 0x0000000088600000|100%| O|  |TAMS 0x0000000088600000, 0x0000000088600000| Untracked 
| 134|0x0000000088600000, 0x0000000088700000, 0x0000000088700000|100%| O|  |TAMS 0x0000000088700000, 0x0000000088700000| Untracked 
| 135|0x0000000088700000, 0x0000000088800000, 0x0000000088800000|100%| O|  |TAMS 0x0000000088800000, 0x0000000088800000| Untracked 
| 136|0x0000000088800000, 0x0000000088900000, 0x0000000088900000|100%| O|  |TAMS 0x0000000088900000, 0x0000000088900000| Untracked 
| 137|0x0000000088900000, 0x0000000088a00000, 0x0000000088a00000|100%| O|  |TAMS 0x0000000088a00000, 0x0000000088a00000| Untracked 
| 138|0x0000000088a00000, 0x0000000088b00000, 0x0000000088b00000|100%| O|  |TAMS 0x0000000088a7fc00, 0x0000000088b00000| Untracked 
| 139|0x0000000088b00000, 0x0000000088c00000, 0x0000000088c00000|100%|HS|  |TAMS 0x0000000088b00000, 0x0000000088c00000| Complete 
| 140|0x0000000088c00000, 0x0000000088d00000, 0x0000000088d00000|100%|HC|  |TAMS 0x0000000088c00000, 0x0000000088d00000| Complete 
| 141|0x0000000088d00000, 0x0000000088e00000, 0x0000000088e00000|100%| O|  |TAMS 0x0000000088d00000, 0x0000000088e00000| Untracked 
| 142|0x0000000088e00000, 0x0000000088f00000, 0x0000000088f00000|100%| O|  |TAMS 0x0000000088e00000, 0x0000000088f00000| Untracked 
| 143|0x0000000088f00000, 0x0000000089000000, 0x0000000089000000|100%| O|  |TAMS 0x0000000088f00000, 0x0000000089000000| Untracked 
| 144|0x0000000089000000, 0x0000000089100000, 0x0000000089100000|100%| O|  |TAMS 0x0000000089000000, 0x0000000089100000| Untracked 
| 145|0x0000000089100000, 0x0000000089200000, 0x0000000089200000|100%| O|  |TAMS 0x0000000089100000, 0x0000000089200000| Untracked 
| 146|0x0000000089200000, 0x0000000089300000, 0x0000000089300000|100%| O|  |TAMS 0x0000000089200000, 0x0000000089300000| Untracked 
| 147|0x0000000089300000, 0x0000000089400000, 0x0000000089400000|100%| O|  |TAMS 0x0000000089300000, 0x0000000089400000| Untracked 
| 148|0x0000000089400000, 0x0000000089500000, 0x0000000089500000|100%| O|  |TAMS 0x0000000089400000, 0x0000000089500000| Untracked 
| 149|0x0000000089500000, 0x0000000089600000, 0x0000000089600000|100%| O|  |TAMS 0x0000000089500000, 0x0000000089600000| Untracked 
| 150|0x0000000089600000, 0x0000000089700000, 0x0000000089700000|100%| O|  |TAMS 0x0000000089600000, 0x0000000089700000| Untracked 
| 151|0x0000000089700000, 0x0000000089800000, 0x0000000089800000|100%| O|  |TAMS 0x0000000089700000, 0x0000000089800000| Untracked 
| 152|0x0000000089800000, 0x0000000089900000, 0x0000000089900000|100%| O|  |TAMS 0x0000000089800000, 0x0000000089900000| Untracked 
| 153|0x0000000089900000, 0x0000000089a00000, 0x0000000089a00000|100%| O|  |TAMS 0x0000000089900000, 0x0000000089a00000| Untracked 
| 154|0x0000000089a00000, 0x0000000089b00000, 0x0000000089b00000|100%| O|  |TAMS 0x0000000089a00000, 0x0000000089b00000| Untracked 
| 155|0x0000000089b00000, 0x0000000089c00000, 0x0000000089c00000|100%| O|  |TAMS 0x0000000089b00000, 0x0000000089c00000| Untracked 
| 156|0x0000000089c00000, 0x0000000089c8fe00, 0x0000000089d00000| 56%| O|  |TAMS 0x0000000089c00000, 0x0000000089c8fe00| Untracked 
| 157|0x0000000089d00000, 0x0000000089d00000, 0x0000000089e00000|  0%| F|  |TAMS 0x0000000089d00000, 0x0000000089d00000| Untracked 
| 158|0x0000000089e00000, 0x0000000089e00000, 0x0000000089f00000|  0%| F|  |TAMS 0x0000000089e00000, 0x0000000089e00000| Untracked 
| 159|0x0000000089f00000, 0x0000000089f00000, 0x000000008a000000|  0%| F|  |TAMS 0x0000000089f00000, 0x0000000089f00000| Untracked 
| 160|0x000000008a000000, 0x000000008a000000, 0x000000008a100000|  0%| F|  |TAMS 0x000000008a000000, 0x000000008a000000| Untracked 
| 161|0x000000008a100000, 0x000000008a100000, 0x000000008a200000|  0%| F|  |TAMS 0x000000008a100000, 0x000000008a100000| Untracked 
| 162|0x000000008a200000, 0x000000008a200000, 0x000000008a300000|  0%| F|  |TAMS 0x000000008a200000, 0x000000008a200000| Untracked 
| 163|0x000000008a300000, 0x000000008a300000, 0x000000008a400000|  0%| F|  |TAMS 0x000000008a300000, 0x000000008a300000| Untracked 
| 164|0x000000008a400000, 0x000000008a400000, 0x000000008a500000|  0%| F|  |TAMS 0x000000008a400000, 0x000000008a400000| Untracked 
| 165|0x000000008a500000, 0x000000008a500000, 0x000000008a600000|  0%| F|  |TAMS 0x000000008a500000, 0x000000008a500000| Untracked 
| 166|0x000000008a600000, 0x000000008a600000, 0x000000008a700000|  0%| F|  |TAMS 0x000000008a600000, 0x000000008a600000| Untracked 
| 167|0x000000008a700000, 0x000000008a700000, 0x000000008a800000|  0%| F|  |TAMS 0x000000008a700000, 0x000000008a700000| Untracked 
| 168|0x000000008a800000, 0x000000008a800000, 0x000000008a900000|  0%| F|  |TAMS 0x000000008a800000, 0x000000008a800000| Untracked 
| 169|0x000000008a900000, 0x000000008a900000, 0x000000008aa00000|  0%| F|  |TAMS 0x000000008a900000, 0x000000008a900000| Untracked 
| 170|0x000000008aa00000, 0x000000008aa00000, 0x000000008ab00000|  0%| F|  |TAMS 0x000000008aa00000, 0x000000008aa00000| Untracked 
| 171|0x000000008ab00000, 0x000000008ab00000, 0x000000008ac00000|  0%| F|  |TAMS 0x000000008ab00000, 0x000000008ab00000| Untracked 
| 172|0x000000008ac00000, 0x000000008ac00000, 0x000000008ad00000|  0%| F|  |TAMS 0x000000008ac00000, 0x000000008ac00000| Untracked 
| 173|0x000000008ad00000, 0x000000008ad00000, 0x000000008ae00000|  0%| F|  |TAMS 0x000000008ad00000, 0x000000008ad00000| Untracked 
| 174|0x000000008ae00000, 0x000000008ae00000, 0x000000008af00000|  0%| F|  |TAMS 0x000000008ae00000, 0x000000008ae00000| Untracked 
| 175|0x000000008af00000, 0x000000008af00000, 0x000000008b000000|  0%| F|  |TAMS 0x000000008af00000, 0x000000008af00000| Untracked 
| 176|0x000000008b000000, 0x000000008b000000, 0x000000008b100000|  0%| F|  |TAMS 0x000000008b000000, 0x000000008b000000| Untracked 
| 177|0x000000008b100000, 0x000000008b100000, 0x000000008b200000|  0%| F|  |TAMS 0x000000008b100000, 0x000000008b100000| Untracked 
| 178|0x000000008b200000, 0x000000008b200000, 0x000000008b300000|  0%| F|  |TAMS 0x000000008b200000, 0x000000008b200000| Untracked 
| 179|0x000000008b300000, 0x000000008b300000, 0x000000008b400000|  0%| F|  |TAMS 0x000000008b300000, 0x000000008b300000| Untracked 
| 180|0x000000008b400000, 0x000000008b400000, 0x000000008b500000|  0%| F|  |TAMS 0x000000008b400000, 0x000000008b400000| Untracked 
| 181|0x000000008b500000, 0x000000008b500000, 0x000000008b600000|  0%| F|  |TAMS 0x000000008b500000, 0x000000008b500000| Untracked 
| 182|0x000000008b600000, 0x000000008b600000, 0x000000008b700000|  0%| F|  |TAMS 0x000000008b600000, 0x000000008b600000| Untracked 
| 183|0x000000008b700000, 0x000000008b700000, 0x000000008b800000|  0%| F|  |TAMS 0x000000008b700000, 0x000000008b700000| Untracked 
| 184|0x000000008b800000, 0x000000008b800000, 0x000000008b900000|  0%| F|  |TAMS 0x000000008b800000, 0x000000008b800000| Untracked 
| 185|0x000000008b900000, 0x000000008b900000, 0x000000008ba00000|  0%| F|  |TAMS 0x000000008b900000, 0x000000008b900000| Untracked 
| 186|0x000000008ba00000, 0x000000008ba00000, 0x000000008bb00000|  0%| F|  |TAMS 0x000000008ba00000, 0x000000008ba00000| Untracked 
| 187|0x000000008bb00000, 0x000000008bb00000, 0x000000008bc00000|  0%| F|  |TAMS 0x000000008bb00000, 0x000000008bb00000| Untracked 
| 188|0x000000008bc00000, 0x000000008bc00000, 0x000000008bd00000|  0%| F|  |TAMS 0x000000008bc00000, 0x000000008bc00000| Untracked 
| 189|0x000000008bd00000, 0x000000008bd00000, 0x000000008be00000|  0%| F|  |TAMS 0x000000008bd00000, 0x000000008bd00000| Untracked 
| 190|0x000000008be00000, 0x000000008be00000, 0x000000008bf00000|  0%| F|  |TAMS 0x000000008be00000, 0x000000008be00000| Untracked 
| 191|0x000000008bf00000, 0x000000008bf68100, 0x000000008c000000| 40%| S|CS|TAMS 0x000000008bf00000, 0x000000008bf00000| Complete 
| 192|0x000000008c000000, 0x000000008c100000, 0x000000008c100000|100%| S|CS|TAMS 0x000000008c000000, 0x000000008c000000| Complete 
| 193|0x000000008c100000, 0x000000008c200000, 0x000000008c200000|100%| S|CS|TAMS 0x000000008c100000, 0x000000008c100000| Complete 
| 194|0x000000008c200000, 0x000000008c300000, 0x000000008c300000|100%| S|CS|TAMS 0x000000008c200000, 0x000000008c200000| Complete 
| 195|0x000000008c300000, 0x000000008c300000, 0x000000008c400000|  0%| F|  |TAMS 0x000000008c300000, 0x000000008c300000| Untracked 
| 196|0x000000008c400000, 0x000000008c400000, 0x000000008c500000|  0%| F|  |TAMS 0x000000008c400000, 0x000000008c400000| Untracked 
| 197|0x000000008c500000, 0x000000008c500000, 0x000000008c600000|  0%| F|  |TAMS 0x000000008c500000, 0x000000008c500000| Untracked 
| 198|0x000000008c600000, 0x000000008c600000, 0x000000008c700000|  0%| F|  |TAMS 0x000000008c600000, 0x000000008c600000| Untracked 
| 199|0x000000008c700000, 0x000000008c700000, 0x000000008c800000|  0%| F|  |TAMS 0x000000008c700000, 0x000000008c700000| Untracked 
| 200|0x000000008c800000, 0x000000008c800000, 0x000000008c900000|  0%| F|  |TAMS 0x000000008c800000, 0x000000008c800000| Untracked 
| 201|0x000000008c900000, 0x000000008c900000, 0x000000008ca00000|  0%| F|  |TAMS 0x000000008c900000, 0x000000008c900000| Untracked 
| 202|0x000000008ca00000, 0x000000008ca00000, 0x000000008cb00000|  0%| F|  |TAMS 0x000000008ca00000, 0x000000008ca00000| Untracked 
| 203|0x000000008cb00000, 0x000000008cb00000, 0x000000008cc00000|  0%| F|  |TAMS 0x000000008cb00000, 0x000000008cb00000| Untracked 
| 204|0x000000008cc00000, 0x000000008cc00000, 0x000000008cd00000|  0%| F|  |TAMS 0x000000008cc00000, 0x000000008cc00000| Untracked 
| 205|0x000000008cd00000, 0x000000008cd00000, 0x000000008ce00000|  0%| F|  |TAMS 0x000000008cd00000, 0x000000008cd00000| Untracked 
| 206|0x000000008ce00000, 0x000000008ce00000, 0x000000008cf00000|  0%| F|  |TAMS 0x000000008ce00000, 0x000000008ce00000| Untracked 
| 207|0x000000008cf00000, 0x000000008cf00000, 0x000000008d000000|  0%| F|  |TAMS 0x000000008cf00000, 0x000000008cf00000| Untracked 
| 208|0x000000008d000000, 0x000000008d000000, 0x000000008d100000|  0%| F|  |TAMS 0x000000008d000000, 0x000000008d000000| Untracked 
| 209|0x000000008d100000, 0x000000008d100000, 0x000000008d200000|  0%| F|  |TAMS 0x000000008d100000, 0x000000008d100000| Untracked 
| 210|0x000000008d200000, 0x000000008d200000, 0x000000008d300000|  0%| F|  |TAMS 0x000000008d200000, 0x000000008d200000| Untracked 
| 211|0x000000008d300000, 0x000000008d300000, 0x000000008d400000|  0%| F|  |TAMS 0x000000008d300000, 0x000000008d300000| Untracked 
| 212|0x000000008d400000, 0x000000008d400000, 0x000000008d500000|  0%| F|  |TAMS 0x000000008d400000, 0x000000008d400000| Untracked 
| 213|0x000000008d500000, 0x000000008d500000, 0x000000008d600000|  0%| F|  |TAMS 0x000000008d500000, 0x000000008d500000| Untracked 
| 214|0x000000008d600000, 0x000000008d600000, 0x000000008d700000|  0%| F|  |TAMS 0x000000008d600000, 0x000000008d600000| Untracked 
| 215|0x000000008d700000, 0x000000008d700000, 0x000000008d800000|  0%| F|  |TAMS 0x000000008d700000, 0x000000008d700000| Untracked 
| 216|0x000000008d800000, 0x000000008d800000, 0x000000008d900000|  0%| F|  |TAMS 0x000000008d800000, 0x000000008d800000| Untracked 
| 217|0x000000008d900000, 0x000000008d900000, 0x000000008da00000|  0%| F|  |TAMS 0x000000008d900000, 0x000000008d900000| Untracked 
| 218|0x000000008da00000, 0x000000008da00000, 0x000000008db00000|  0%| F|  |TAMS 0x000000008da00000, 0x000000008da00000| Untracked 
| 219|0x000000008db00000, 0x000000008db00000, 0x000000008dc00000|  0%| F|  |TAMS 0x000000008db00000, 0x000000008db00000| Untracked 
| 220|0x000000008dc00000, 0x000000008dc00000, 0x000000008dd00000|  0%| F|  |TAMS 0x000000008dc00000, 0x000000008dc00000| Untracked 
| 221|0x000000008dd00000, 0x000000008dd00000, 0x000000008de00000|  0%| F|  |TAMS 0x000000008dd00000, 0x000000008dd00000| Untracked 
| 222|0x000000008de00000, 0x000000008de00000, 0x000000008df00000|  0%| F|  |TAMS 0x000000008de00000, 0x000000008de00000| Untracked 
| 223|0x000000008df00000, 0x000000008df00000, 0x000000008e000000|  0%| F|  |TAMS 0x000000008df00000, 0x000000008df00000| Untracked 
| 224|0x000000008e000000, 0x000000008e000000, 0x000000008e100000|  0%| F|  |TAMS 0x000000008e000000, 0x000000008e000000| Untracked 
| 225|0x000000008e100000, 0x000000008e100000, 0x000000008e200000|  0%| F|  |TAMS 0x000000008e100000, 0x000000008e100000| Untracked 
| 226|0x000000008e200000, 0x000000008e200000, 0x000000008e300000|  0%| F|  |TAMS 0x000000008e200000, 0x000000008e200000| Untracked 
| 227|0x000000008e300000, 0x000000008e300000, 0x000000008e400000|  0%| F|  |TAMS 0x000000008e300000, 0x000000008e300000| Untracked 
| 228|0x000000008e400000, 0x000000008e400000, 0x000000008e500000|  0%| F|  |TAMS 0x000000008e400000, 0x000000008e400000| Untracked 
| 229|0x000000008e500000, 0x000000008e500000, 0x000000008e600000|  0%| F|  |TAMS 0x000000008e500000, 0x000000008e500000| Untracked 
| 230|0x000000008e600000, 0x000000008e600000, 0x000000008e700000|  0%| F|  |TAMS 0x000000008e600000, 0x000000008e600000| Untracked 
| 231|0x000000008e700000, 0x000000008e700000, 0x000000008e800000|  0%| F|  |TAMS 0x000000008e700000, 0x000000008e700000| Untracked 
| 232|0x000000008e800000, 0x000000008e800000, 0x000000008e900000|  0%| F|  |TAMS 0x000000008e800000, 0x000000008e800000| Untracked 
| 233|0x000000008e900000, 0x000000008e900000, 0x000000008ea00000|  0%| F|  |TAMS 0x000000008e900000, 0x000000008e900000| Untracked 
| 234|0x000000008ea00000, 0x000000008ea00000, 0x000000008eb00000|  0%| F|  |TAMS 0x000000008ea00000, 0x000000008ea00000| Untracked 
| 235|0x000000008eb00000, 0x000000008eb00000, 0x000000008ec00000|  0%| F|  |TAMS 0x000000008eb00000, 0x000000008eb00000| Untracked 
| 236|0x000000008ec00000, 0x000000008ec00000, 0x000000008ed00000|  0%| F|  |TAMS 0x000000008ec00000, 0x000000008ec00000| Untracked 
| 237|0x000000008ed00000, 0x000000008ed00000, 0x000000008ee00000|  0%| F|  |TAMS 0x000000008ed00000, 0x000000008ed00000| Untracked 
| 238|0x000000008ee00000, 0x000000008ee00000, 0x000000008ef00000|  0%| F|  |TAMS 0x000000008ee00000, 0x000000008ee00000| Untracked 
| 239|0x000000008ef00000, 0x000000008ef00000, 0x000000008f000000|  0%| F|  |TAMS 0x000000008ef00000, 0x000000008ef00000| Untracked 
| 240|0x000000008f000000, 0x000000008f000000, 0x000000008f100000|  0%| F|  |TAMS 0x000000008f000000, 0x000000008f000000| Untracked 
| 241|0x000000008f100000, 0x000000008f100000, 0x000000008f200000|  0%| F|  |TAMS 0x000000008f100000, 0x000000008f100000| Untracked 
| 242|0x000000008f200000, 0x000000008f200000, 0x000000008f300000|  0%| F|  |TAMS 0x000000008f200000, 0x000000008f200000| Untracked 
| 243|0x000000008f300000, 0x000000008f300000, 0x000000008f400000|  0%| F|  |TAMS 0x000000008f300000, 0x000000008f300000| Untracked 
| 244|0x000000008f400000, 0x000000008f400000, 0x000000008f500000|  0%| F|  |TAMS 0x000000008f400000, 0x000000008f400000| Untracked 
| 245|0x000000008f500000, 0x000000008f500000, 0x000000008f600000|  0%| F|  |TAMS 0x000000008f500000, 0x000000008f500000| Untracked 
| 246|0x000000008f600000, 0x000000008f600000, 0x000000008f700000|  0%| F|  |TAMS 0x000000008f600000, 0x000000008f600000| Untracked 
| 247|0x000000008f700000, 0x000000008f700000, 0x000000008f800000|  0%| F|  |TAMS 0x000000008f700000, 0x000000008f700000| Untracked 
| 248|0x000000008f800000, 0x000000008f800000, 0x000000008f900000|  0%| F|  |TAMS 0x000000008f800000, 0x000000008f800000| Untracked 

Card table byte_map: [0x0000017843290000,0x0000017843690000] _byte_map_base: 0x0000017842e90000

Marking Bits (Prev, Next): (CMBitMap*) 0x000001782a1162c0, (CMBitMap*) 0x000001782a116280
 Prev Bits: [0x0000017845a90000, 0x0000017847a90000)
 Next Bits: [0x0000017843a90000, 0x0000017845a90000)

Polling page: 0x0000017829df0000

Metaspace:

Usage:
  Non-class:     88.31 MB used.
      Class:     14.44 MB used.
       Both:    102.75 MB used.

Virtual space:
  Non-class space:      128.00 MB reserved,      89.00 MB ( 70%) committed,  2 nodes.
      Class space:      416.00 MB reserved,      15.06 MB (  4%) committed,  1 nodes.
             Both:      544.00 MB reserved,     104.06 MB ( 19%) committed. 

Chunk freelists:
   Non-Class:  6.41 MB
       Class:  960.00 KB
        Both:  7.34 MB

MaxMetaspaceSize: 512.00 MB
CompressedClassSpaceSize: 416.00 MB
Initial GC threshold: 21.00 MB
Current GC threshold: 172.81 MB
CDS: on
MetaspaceReclaimPolicy: balanced
 - commit_granule_bytes: 65536.
 - commit_granule_words: 8192.
 - virtual_space_node_default_size: 8388608.
 - enlarge_chunks_in_place: 1.
 - new_chunks_are_fully_committed: 0.
 - uncommit_free_chunks: 1.
 - use_allocation_guard: 0.
 - handle_deallocations: 1.


Internal statistics:

num_allocs_failed_limit: 9.
num_arena_births: 2000.
num_arena_deaths: 0.
num_vsnodes_births: 3.
num_vsnodes_deaths: 0.
num_space_committed: 1665.
num_space_uncommitted: 0.
num_chunks_returned_to_freelist: 9.
num_chunks_taken_from_freelist: 6886.
num_chunk_merges: 9.
num_chunk_splits: 4418.
num_chunks_enlarged: 2734.
num_inconsistent_stats: 0.

CodeHeap 'non-profiled nmethods': size=120000Kb used=7834Kb max_used=8591Kb free=112165Kb
 bounds [0x000001783acd0000, 0x000001783b540000, 0x0000017842200000]
CodeHeap 'profiled nmethods': size=120000Kb used=24685Kb max_used=26727Kb free=95314Kb
 bounds [0x0000017833200000, 0x0000017834c20000, 0x000001783a730000]
CodeHeap 'non-nmethods': size=5760Kb used=1775Kb max_used=1826Kb free=3984Kb
 bounds [0x000001783a730000, 0x000001783a9a0000, 0x000001783acd0000]
 total_blobs=13406 nmethods=12531 adapters=786
 compilation: enabled
              stopped_count=0, restarted_count=0
 full_count=0

Compilation events (20 events):
Event: 78.207 Thread 0x0000017847cfa960 nmethod 14836 0x000001783ad9b090 code [0x000001783ad9b220, 0x000001783ad9b5c8]
Event: 78.207 Thread 0x0000017847cfa960 14855       4       java.io.DataOutputStream::writeLong (118 bytes)
Event: 78.232 Thread 0x0000017847cfa960 nmethod 14855 0x000001783b118610 code [0x000001783b118800, 0x000001783b119788]
Event: 78.232 Thread 0x0000017847cfa960 14835       4       org.gradle.internal.resources.DefaultLease::doIsLockedByCurrentThread (16 bytes)
Event: 78.233 Thread 0x0000017847cfa960 nmethod 14835 0x000001783ae72910 code [0x000001783ae72a80, 0x000001783ae72b18]
Event: 78.233 Thread 0x0000017847cfa960 14820       4       java.util.concurrent.FutureTask::report (37 bytes)
Event: 78.234 Thread 0x0000017847cfa960 nmethod 14820 0x000001783b057910 code [0x000001783b057aa0, 0x000001783b057b38]
Event: 78.234 Thread 0x0000017847cfa960 14856       4       org.gradle.internal.snapshot.AbstractIncompleteFileSystemNode$$Lambda$1851/0x000001784ca34230::test (10 bytes)
Event: 78.235 Thread 0x0000017847cfa960 nmethod 14856 0x000001783ad41310 code [0x000001783ad414a0, 0x000001783ad41598]
Event: 78.235 Thread 0x0000017847cfa960 14834       4       org.gradle.api.internal.changedetection.state.CachingFileHasher::snapshot (122 bytes)
Event: 78.340 Thread 0x0000017847cfa960 nmethod 14834 0x000001783b319690 code [0x000001783b3199c0, 0x000001783b31b4e8]
Event: 78.340 Thread 0x0000017847cfa960 14863       4       sun.nio.fs.WindowsPathParser::parse (384 bytes)
Event: 78.413 Thread 0x0000017847cfa960 nmethod 14863 0x000001783ad17d10 code [0x000001783ad17f80, 0x000001783ad19890]
Event: 78.413 Thread 0x0000017847cfa960 14862       4       java.util.Spliterators$ArraySpliterator::forEachRemaining (68 bytes)
Event: 78.417 Thread 0x0000017847cfa960 nmethod 14862 0x000001783b37e610 code [0x000001783b37e7a0, 0x000001783b37e978]
Event: 78.417 Thread 0x0000017847cfa960 14864   !   4       java.util.concurrent.ArrayBlockingQueue::poll (83 bytes)
Event: 78.505 Thread 0x0000017847cfa960 nmethod 14864 0x000001783b1cd910 code [0x000001783b1cdb60, 0x000001783b1cf000]
Event: 78.505 Thread 0x0000017847cfa960 14858       4       sun.nio.fs.WindowsFileSystem::getPath (106 bytes)
Event: 78.529 Thread 0x0000017847cfa960 nmethod 14858 0x000001783aed9d90 code [0x000001783aed9f80, 0x000001783aeda720]
Event: 78.529 Thread 0x0000017847cfa960 14869       4       org.gradle.internal.operations.DefaultBuildOperationListenerManager$1::progress (47 bytes)

GC Heap History (20 events):
Event: 70.198 GC heap after
{Heap after GC invocations=67 (full 0):
 garbage-first heap   total 186368K, used 131630K [0x0000000080000000, 0x0000000100000000)
  region size 1024K, 5 young (5120K), 5 survivors (5120K)
 Metaspace       used 102166K, committed 103424K, reserved 557056K
  class space    used 14327K, committed 14976K, reserved 425984K
}
Event: 70.208 GC heap before
{Heap before GC invocations=67 (full 0):
 garbage-first heap   total 186368K, used 131630K [0x0000000080000000, 0x0000000100000000)
  region size 1024K, 6 young (6144K), 5 survivors (5120K)
 Metaspace       used 102174K, committed 103488K, reserved 557056K
  class space    used 14328K, committed 14976K, reserved 425984K
}
Event: 70.215 GC heap after
{Heap after GC invocations=68 (full 0):
 garbage-first heap   total 186368K, used 132395K [0x0000000080000000, 0x0000000100000000)
  region size 1024K, 1 young (1024K), 1 survivors (1024K)
 Metaspace       used 102174K, committed 103488K, reserved 557056K
  class space    used 14328K, committed 14976K, reserved 425984K
}
Event: 70.996 GC heap before
{Heap before GC invocations=69 (full 0):
 garbage-first heap   total 235520K, used 153899K [0x0000000080000000, 0x0000000100000000)
  region size 1024K, 22 young (22528K), 1 survivors (1024K)
 Metaspace       used 102820K, committed 104128K, reserved 557056K
  class space    used 14514K, committed 15168K, reserved 425984K
}
Event: 71.002 GC heap after
{Heap after GC invocations=70 (full 0):
 garbage-first heap   total 235520K, used 134675K [0x0000000080000000, 0x0000000100000000)
  region size 1024K, 3 young (3072K), 3 survivors (3072K)
 Metaspace       used 102820K, committed 104128K, reserved 557056K
  class space    used 14514K, committed 15168K, reserved 425984K
}
Event: 71.324 GC heap before
{Heap before GC invocations=70 (full 0):
 garbage-first heap   total 235520K, used 142867K [0x0000000080000000, 0x0000000100000000)
  region size 1024K, 11 young (11264K), 3 survivors (3072K)
 Metaspace       used 103236K, committed 104576K, reserved 557056K
  class space    used 14584K, committed 15232K, reserved 425984K
}
Event: 71.332 GC heap after
{Heap after GC invocations=71 (full 0):
 garbage-first heap   total 235520K, used 133439K [0x0000000080000000, 0x0000000100000000)
  region size 1024K, 2 young (2048K), 2 survivors (2048K)
 Metaspace       used 103236K, committed 104576K, reserved 557056K
  class space    used 14584K, committed 15232K, reserved 425984K
}
Event: 72.868 GC heap before
{Heap before GC invocations=71 (full 0):
 garbage-first heap   total 235520K, used 188735K [0x0000000080000000, 0x0000000100000000)
  region size 1024K, 57 young (58368K), 2 survivors (2048K)
 Metaspace       used 104686K, committed 105984K, reserved 557056K
  class space    used 14713K, committed 15360K, reserved 425984K
}
Event: 72.880 GC heap after
{Heap after GC invocations=72 (full 0):
 garbage-first heap   total 235520K, used 139754K [0x0000000080000000, 0x0000000100000000)
  region size 1024K, 8 young (8192K), 8 survivors (8192K)
 Metaspace       used 104686K, committed 105984K, reserved 557056K
  class space    used 14713K, committed 15360K, reserved 425984K
}
Event: 73.528 GC heap before
{Heap before GC invocations=73 (full 0):
 garbage-first heap   total 254976K, used 189930K [0x0000000080000000, 0x0000000100000000)
  region size 1024K, 58 young (59392K), 8 survivors (8192K)
 Metaspace       used 104687K, committed 105984K, reserved 557056K
  class space    used 14713K, committed 15360K, reserved 425984K
}
Event: 73.541 GC heap after
{Heap after GC invocations=74 (full 0):
 garbage-first heap   total 254976K, used 141463K [0x0000000080000000, 0x0000000100000000)
  region size 1024K, 4 young (4096K), 4 survivors (4096K)
 Metaspace       used 104687K, committed 105984K, reserved 557056K
  class space    used 14713K, committed 15360K, reserved 425984K
}
Event: 73.613 GC heap before
{Heap before GC invocations=74 (full 0):
 garbage-first heap   total 254976K, used 148631K [0x0000000080000000, 0x0000000100000000)
  region size 1024K, 12 young (12288K), 4 survivors (4096K)
 Metaspace       used 104687K, committed 105984K, reserved 557056K
  class space    used 14713K, committed 15360K, reserved 425984K
}
Event: 73.621 GC heap after
{Heap after GC invocations=75 (full 0):
 garbage-first heap   total 254976K, used 139775K [0x0000000080000000, 0x0000000100000000)
  region size 1024K, 2 young (2048K), 2 survivors (2048K)
 Metaspace       used 104687K, committed 105984K, reserved 557056K
  class space    used 14713K, committed 15360K, reserved 425984K
}
Event: 74.658 GC heap before
{Heap before GC invocations=75 (full 0):
 garbage-first heap   total 254976K, used 176639K [0x0000000080000000, 0x0000000100000000)
  region size 1024K, 40 young (40960K), 2 survivors (2048K)
 Metaspace       used 104781K, committed 106176K, reserved 557056K
  class space    used 14727K, committed 15424K, reserved 425984K
}
Event: 74.670 GC heap after
{Heap after GC invocations=76 (full 0):
 garbage-first heap   total 254976K, used 142454K [0x0000000080000000, 0x0000000100000000)
  region size 1024K, 5 young (5120K), 5 survivors (5120K)
 Metaspace       used 104781K, committed 106176K, reserved 557056K
  class space    used 14727K, committed 15424K, reserved 425984K
}
Event: 77.933 GC heap before
{Heap before GC invocations=77 (full 0):
 garbage-first heap   total 254976K, used 213110K [0x0000000080000000, 0x0000000100000000)
  region size 1024K, 70 young (71680K), 5 survivors (5120K)
 Metaspace       used 105219K, committed 106560K, reserved 557056K
  class space    used 14784K, committed 15424K, reserved 425984K
}
Event: 77.950 GC heap after
{Heap after GC invocations=78 (full 0):
 garbage-first heap   total 254976K, used 157534K [0x0000000080000000, 0x0000000100000000)
  region size 1024K, 9 young (9216K), 9 survivors (9216K)
 Metaspace       used 105219K, committed 106560K, reserved 557056K
  class space    used 14784K, committed 15424K, reserved 425984K
}
Event: 77.973 GC heap before
{Heap before GC invocations=78 (full 0):
 garbage-first heap   total 254976K, used 160606K [0x0000000080000000, 0x0000000100000000)
  region size 1024K, 12 young (12288K), 9 survivors (9216K)
 Metaspace       used 105219K, committed 106560K, reserved 557056K
  class space    used 14784K, committed 15424K, reserved 425984K
}
Event: 77.999 GC heap after
{Heap after GC invocations=79 (full 0):
 garbage-first heap   total 254976K, used 157322K [0x0000000080000000, 0x0000000100000000)
  region size 1024K, 2 young (2048K), 2 survivors (2048K)
 Metaspace       used 105219K, committed 106560K, reserved 557056K
  class space    used 14784K, committed 15424K, reserved 425984K
}
Event: 78.557 GC heap before
{Heap before GC invocations=79 (full 0):
 garbage-first heap   total 254976K, used 209546K [0x0000000080000000, 0x0000000100000000)
  region size 1024K, 54 young (55296K), 2 survivors (2048K)
 Metaspace       used 105219K, committed 106560K, reserved 557056K
  class space    used 14784K, committed 15424K, reserved 425984K
}

Dll operation events (15 events):
Event: 0.036 Loaded shared library C:\Program Files\Eclipse Adoptium\jdk-17.0.17.10-hotspot\bin\java.dll
Event: 0.096 Loaded shared library C:\Program Files\Eclipse Adoptium\jdk-17.0.17.10-hotspot\bin\jsvml.dll
Event: 0.332 Loaded shared library C:\Program Files\Eclipse Adoptium\jdk-17.0.17.10-hotspot\bin\zip.dll
Event: 0.345 Loaded shared library C:\Program Files\Eclipse Adoptium\jdk-17.0.17.10-hotspot\bin\instrument.dll
Event: 0.362 Loaded shared library C:\Program Files\Eclipse Adoptium\jdk-17.0.17.10-hotspot\bin\net.dll
Event: 0.367 Loaded shared library C:\Program Files\Eclipse Adoptium\jdk-17.0.17.10-hotspot\bin\nio.dll
Event: 0.375 Loaded shared library C:\Program Files\Eclipse Adoptium\jdk-17.0.17.10-hotspot\bin\zip.dll
Event: 1.091 Loaded shared library C:\Program Files\Eclipse Adoptium\jdk-17.0.17.10-hotspot\bin\jimage.dll
Event: 1.684 Loaded shared library C:\Program Files\Eclipse Adoptium\jdk-17.0.17.10-hotspot\bin\verify.dll
Event: 1.778 Loaded shared library C:\Users\asepr\.gradle\native\1def1411415f61bf3af743bc5b6707747c0891f09f0c88961ee8f79bc544acac\windows-amd64\native-platform.dll
Event: 1.816 Loaded shared library C:\Users\asepr\.gradle\native\0.2.8\x86_64-windows-gnu\gradle-fileevents.dll
Event: 4.968 Loaded shared library C:\Program Files\Eclipse Adoptium\jdk-17.0.17.10-hotspot\bin\management.dll
Event: 4.977 Loaded shared library C:\Program Files\Eclipse Adoptium\jdk-17.0.17.10-hotspot\bin\management_ext.dll
Event: 5.762 Loaded shared library C:\Program Files\Eclipse Adoptium\jdk-17.0.17.10-hotspot\bin\extnet.dll
Event: 6.969 Loaded shared library C:\Program Files\Eclipse Adoptium\jdk-17.0.17.10-hotspot\bin\sunmscapi.dll

Deoptimization events (20 events):
Event: 77.636 Thread 0x000001786b7b7a00 Uncommon trap: trap_request=0xffffffd6 fr.pc=0x000001783b531468 relative=0x0000000000001888
Event: 77.636 Thread 0x000001786b7b7a00 Uncommon trap: reason=array_check action=maybe_recompile pc=0x000001783b531468 method=java.util.TimSort.reverseRange([Ljava/lang/Object;II)V @ 20 c2
Event: 77.636 Thread 0x000001786b7b7a00 DEOPT PACKING pc=0x000001783b531468 sp=0x00000060bc4f5cd0
Event: 77.636 Thread 0x000001786b7b7a00 DEOPT UNPACKING pc=0x000001783a7869a3 sp=0x00000060bc4f5b88 mode 2
Event: 77.638 Thread 0x000001786b7b7a00 Uncommon trap: trap_request=0xffffffd6 fr.pc=0x000001783b531468 relative=0x0000000000001888
Event: 77.638 Thread 0x000001786b7b7a00 Uncommon trap: reason=array_check action=maybe_recompile pc=0x000001783b531468 method=java.util.TimSort.reverseRange([Ljava/lang/Object;II)V @ 20 c2
Event: 77.638 Thread 0x000001786b7b7a00 DEOPT PACKING pc=0x000001783b531468 sp=0x00000060bc4f5cd0
Event: 77.638 Thread 0x000001786b7b7a00 DEOPT UNPACKING pc=0x000001783a7869a3 sp=0x00000060bc4f5b88 mode 2
Event: 77.679 Thread 0x000001786b7b7a00 Uncommon trap: trap_request=0xffffffd6 fr.pc=0x000001783ad1f710 relative=0x00000000000007d0
Event: 77.679 Thread 0x000001786b7b7a00 Uncommon trap: reason=array_check action=maybe_recompile pc=0x000001783ad1f710 method=java.util.TimSort.reverseRange([Ljava/lang/Object;II)V @ 27 c2
Event: 77.679 Thread 0x000001786b7b7a00 DEOPT PACKING pc=0x000001783ad1f710 sp=0x00000060bc4f5c20
Event: 77.679 Thread 0x000001786b7b7a00 DEOPT UNPACKING pc=0x000001783a7869a3 sp=0x00000060bc4f5b80 mode 2
Event: 77.680 Thread 0x000001786b7b7a00 Uncommon trap: trap_request=0xffffffd6 fr.pc=0x000001783ad1f710 relative=0x00000000000007d0
Event: 77.680 Thread 0x000001786b7b7a00 Uncommon trap: reason=array_check action=maybe_recompile pc=0x000001783ad1f710 method=java.util.TimSort.reverseRange([Ljava/lang/Object;II)V @ 27 c2
Event: 77.680 Thread 0x000001786b7b7a00 DEOPT PACKING pc=0x000001783ad1f710 sp=0x00000060bc4f5c20
Event: 77.680 Thread 0x000001786b7b7a00 DEOPT UNPACKING pc=0x000001783a7869a3 sp=0x00000060bc4f5b80 mode 2
Event: 77.830 Thread 0x000001786b7b7a00 Uncommon trap: trap_request=0xffffffd6 fr.pc=0x000001783aefd904 relative=0x0000000000001ba4
Event: 77.830 Thread 0x000001786b7b7a00 Uncommon trap: reason=array_check action=maybe_recompile pc=0x000001783aefd904 method=java.util.TimSort.reverseRange([Ljava/lang/Object;II)V @ 27 c2
Event: 77.830 Thread 0x000001786b7b7a00 DEOPT PACKING pc=0x000001783aefd904 sp=0x00000060bc4f80e0
Event: 77.830 Thread 0x000001786b7b7a00 DEOPT UNPACKING pc=0x000001783a7869a3 sp=0x00000060bc4f7fa8 mode 2

Classes loaded (20 events):
Event: 71.513 Loading class com/sun/org/apache/xerces/internal/impl/Constants$ArrayEnumeration
Event: 71.514 Loading class com/sun/org/apache/xerces/internal/impl/Constants$ArrayEnumeration done
Event: 71.514 Loading class com/sun/org/apache/xerces/internal/impl/io/MalformedByteSequenceException
Event: 71.515 Loading class java/io/CharConversionException
Event: 71.515 Loading class java/io/CharConversionException done
Event: 71.515 Loading class com/sun/org/apache/xerces/internal/impl/io/MalformedByteSequenceException done
Event: 71.515 Loading class com/sun/org/apache/xerces/internal/dom/DeepNodeListImpl
Event: 71.516 Loading class com/sun/org/apache/xerces/internal/dom/DeepNodeListImpl done
Event: 71.516 Loading class com/sun/org/apache/xerces/internal/dom/DeferredElementImpl
Event: 71.517 Loading class com/sun/org/apache/xerces/internal/dom/DeferredElementImpl done
Event: 71.517 Loading class com/sun/org/apache/xerces/internal/dom/AttributeMap
Event: 71.518 Loading class com/sun/org/apache/xerces/internal/dom/NamedNodeMapImpl
Event: 71.518 Loading class com/sun/org/apache/xerces/internal/dom/NamedNodeMapImpl done
Event: 71.518 Loading class com/sun/org/apache/xerces/internal/dom/AttributeMap done
Event: 71.518 Loading class com/sun/org/apache/xerces/internal/dom/DeferredAttrImpl
Event: 71.519 Loading class com/sun/org/apache/xerces/internal/dom/AttrImpl
Event: 71.520 Loading class com/sun/org/apache/xerces/internal/dom/AttrImpl done
Event: 71.520 Loading class com/sun/org/apache/xerces/internal/dom/DeferredAttrImpl done
Event: 75.643 Loading class jdk/internal/reflect/UnsafeStaticBooleanFieldAccessorImpl
Event: 75.648 Loading class jdk/internal/reflect/UnsafeStaticBooleanFieldAccessorImpl done

Classes unloaded (0 events):
No events

Classes redefined (0 events):
No events

Internal exceptions (20 events):
Event: 71.631 Thread 0x000001786b7b7a00 Exception <a 'java/lang/ClassNotFoundException'{0x000000008dfbe738}: build_70959cfykg903cdt2m9qkcrc2BeanInfo> (0x000000008dfbe738) 
thrown [s\src\hotspot\share\classfile\systemDictionary.cpp, line 256]
Event: 71.631 Thread 0x000001786b7b7a00 Exception <a 'java/lang/ClassNotFoundException'{0x000000008dfc5de0}: build_70959cfykg903cdt2m9qkcrc2Customizer> (0x000000008dfc5de0) 
thrown [s\src\hotspot\share\classfile\systemDictionary.cpp, line 256]
Event: 74.123 Thread 0x000001786b7b7a00 Exception <a 'java/lang/ClassNotFoundException'{0x000000008d6b73c8}: build_70959cfykg903cdt2m9qkcrc2BeanInfo> (0x000000008d6b73c8) 
thrown [s\src\hotspot\share\classfile\systemDictionary.cpp, line 256]
Event: 74.124 Thread 0x000001786b7b7a00 Exception <a 'java/lang/ClassNotFoundException'{0x000000008d6bea08}: build_70959cfykg903cdt2m9qkcrc2Customizer> (0x000000008d6bea08) 
thrown [s\src\hotspot\share\classfile\systemDictionary.cpp, line 256]
Event: 75.464 Thread 0x000001786b7b7a00 Exception <a 'java/lang/ClassNotFoundException'{0x000000008f1fc7e0}: build_70959cfykg903cdt2m9qkcrc2$_run_closure1BeanInfo> (0x000000008f1fc7e0) 
thrown [s\src\hotspot\share\classfile\systemDictionary.cpp, line 256]
Event: 75.472 Thread 0x000001786b7b7a00 Exception <a 'java/lang/ClassNotFoundException'{0x000000008f080b48}: build_70959cfykg903cdt2m9qkcrc2$_run_closure1Customizer> (0x000000008f080b48) 
thrown [s\src\hotspot\share\classfile\systemDictionary.cpp, line 256]
Event: 75.520 Thread 0x000001786b7b7a00 Exception <a 'java/lang/ClassNotFoundException'{0x000000008f0f21d8}: com/android/build/gradle/internal/dsl/NdkOptions_DecoratedBeanInfo> (0x000000008f0f21d8) 
thrown [s\src\hotspot\share\classfile\systemDictionary.cpp, line 256]
Event: 75.526 Thread 0x000001786b7b7a00 Exception <a 'java/lang/ClassNotFoundException'{0x000000008ef063f0}: com/android/build/gradle/internal/dsl/NdkOptionsBeanInfo> (0x000000008ef063f0) 
thrown [s\src\hotspot\share\classfile\systemDictionary.cpp, line 256]
Event: 75.529 Thread 0x000001786b7b7a00 Exception <a 'java/lang/ClassNotFoundException'{0x000000008ef1a388}: com/android/build/gradle/internal/dsl/NdkOptionsCustomizer> (0x000000008ef1a388) 
thrown [s\src\hotspot\share\classfile\systemDictionary.cpp, line 256]
Event: 75.549 Thread 0x000001786b7b7a00 Exception <a 'java/lang/ClassNotFoundException'{0x000000008ef42448}: com/android/build/gradle/internal/dsl/NdkOptions_DecoratedCustomizer> (0x000000008ef42448) 
thrown [s\src\hotspot\share\classfile\systemDictionary.cpp, line 256]
Event: 75.796 Thread 0x000001786b7b7a00 Exception <a 'java/lang/ClassNotFoundException'{0x000000008ed5a240}: com/android/build/gradle/internal/dsl/PackagingOptions$AgpDecorated_DecoratedBeanInfo> (0x000000008ed5a240) 
thrown [s\src\hotspot\share\classfile\systemDictionary.cpp, line 256]
Event: 75.798 Thread 0x000001786b7b7a00 Exception <a 'java/lang/ClassNotFoundException'{0x000000008ed6cef0}: com/android/build/gradle/internal/dsl/PackagingOptions$AgpDecoratedBeanInfo> (0x000000008ed6cef0) 
thrown [s\src\hotspot\share\classfile\systemDictionary.cpp, line 256]
Event: 75.802 Thread 0x000001786b7b7a00 Exception <a 'java/lang/ClassNotFoundException'{0x000000008ed7f4a0}: com/android/build/gradle/internal/dsl/PackagingOptionsBeanInfo> (0x000000008ed7f4a0) 
thrown [s\src\hotspot\share\classfile\systemDictionary.cpp, line 256]
Event: 75.807 Thread 0x000001786b7b7a00 Exception <a 'java/lang/ClassNotFoundException'{0x000000008ed91b50}: com/android/build/gradle/internal/dsl/PackagingOptionsCustomizer> (0x000000008ed91b50) 
thrown [s\src\hotspot\share\classfile\systemDictionary.cpp, line 256]
Event: 75.813 Thread 0x000001786b7b7a00 Exception <a 'java/lang/ClassNotFoundException'{0x000000008edae030}: com/android/build/gradle/internal/dsl/PackagingOptions$AgpDecoratedCustomizer> (0x000000008edae030) 
thrown [s\src\hotspot\share\classfile\systemDictionary.cpp, line 256]
Event: 75.816 Thread 0x000001786b7b7a00 Exception <a 'java/lang/ClassNotFoundException'{0x000000008edd7090}: com/android/build/gradle/internal/dsl/PackagingOptions$AgpDecorated_DecoratedCustomizer> (0x000000008edd7090) 
thrown [s\src\hotspot\share\classfile\systemDictionary.cpp, line 256]
Event: 76.575 Thread 0x000001786b7b7a00 Exception <a 'java/lang/ClassNotFoundException'{0x000000008e252140}: build_6uxltstiq1p8lt1mb465fojmgBeanInfo> (0x000000008e252140) 
thrown [s\src\hotspot\share\classfile\systemDictionary.cpp, line 256]
Event: 76.577 Thread 0x000001786b7b7a00 Exception <a 'java/lang/ClassNotFoundException'{0x000000008e2597e8}: build_6uxltstiq1p8lt1mb465fojmgCustomizer> (0x000000008e2597e8) 
thrown [s\src\hotspot\share\classfile\systemDictionary.cpp, line 256]
Event: 76.643 Thread 0x000001786b7b7a00 Exception <a 'java/lang/ClassNotFoundException'{0x000000008e14a8a0}: build_6uxltstiq1p8lt1mb465fojmg$_run_closure1BeanInfo> (0x000000008e14a8a0) 
thrown [s\src\hotspot\share\classfile\systemDictionary.cpp, line 256]
Event: 76.644 Thread 0x000001786b7b7a00 Exception <a 'java/lang/ClassNotFoundException'{0x000000008e153458}: build_6uxltstiq1p8lt1mb465fojmg$_run_closure1Customizer> (0x000000008e153458) 
thrown [s\src\hotspot\share\classfile\systemDictionary.cpp, line 256]

VM Operations (20 events):
Event: 74.670 Executing VM operation: G1TryInitiateConcMark done
Event: 74.837 Executing VM operation: G1PauseRemark
Event: 74.851 Executing VM operation: G1PauseRemark done
Event: 74.933 Executing VM operation: G1PauseCleanup
Event: 74.934 Executing VM operation: G1PauseCleanup done
Event: 75.936 Executing VM operation: Cleanup
Event: 75.936 Executing VM operation: Cleanup done
Event: 76.939 Executing VM operation: Cleanup
Event: 76.939 Executing VM operation: Cleanup done
Event: 77.528 Executing VM operation: HandshakeAllThreads
Event: 77.544 Executing VM operation: HandshakeAllThreads done
Event: 77.638 Executing VM operation: HandshakeAllThreads
Event: 77.652 Executing VM operation: HandshakeAllThreads done
Event: 77.932 Executing VM operation: G1CollectForAllocation
Event: 77.950 Executing VM operation: G1CollectForAllocation done
Event: 77.973 Executing VM operation: G1CollectForAllocation
Event: 77.999 Executing VM operation: G1CollectForAllocation done
Event: 78.123 Executing VM operation: HandshakeAllThreads
Event: 78.124 Executing VM operation: HandshakeAllThreads done
Event: 78.540 Executing VM operation: G1CollectForAllocation

Memory protections (0 events):
No events

Nmethod flushes (20 events):
Event: 78.175 Thread 0x0000017847d0cb60 flushing  nmethod 0x00000178346f4c10
Event: 78.175 Thread 0x0000017847d0cb60 flushing  nmethod 0x00000178346f5290
Event: 78.175 Thread 0x0000017847d0cb60 flushing  nmethod 0x0000017834712710
Event: 78.176 Thread 0x0000017847d0cb60 flushing  nmethod 0x000001783477b890
Event: 78.176 Thread 0x0000017847d0cb60 flushing  nmethod 0x000001783477f290
Event: 78.176 Thread 0x0000017847d0cb60 flushing  nmethod 0x000001783477f610
Event: 78.176 Thread 0x0000017847d0cb60 flushing  nmethod 0x0000017834784d90
Event: 78.176 Thread 0x0000017847d0cb60 flushing  nmethod 0x000001783478c610
Event: 78.176 Thread 0x0000017847d0cb60 flushing  nmethod 0x000001783478cd90
Event: 78.176 Thread 0x0000017847d0cb60 flushing  nmethod 0x0000017834797490
Event: 78.176 Thread 0x0000017847d0cb60 flushing  nmethod 0x00000178347a6a90
Event: 78.177 Thread 0x0000017847d0cb60 flushing  nmethod 0x000001783483ef10
Event: 78.177 Thread 0x0000017847d0cb60 flushing  nmethod 0x000001783489f290
Event: 78.178 Thread 0x0000017847d0cb60 flushing  nmethod 0x000001783490cb10
Event: 78.178 Thread 0x0000017847d0cb60 flushing  nmethod 0x0000017834941490
Event: 78.178 Thread 0x0000017847d0cb60 flushing  nmethod 0x0000017834943110
Event: 78.179 Thread 0x0000017847d0cb60 flushing  nmethod 0x0000017834990c10
Event: 78.179 Thread 0x0000017847d0cb60 flushing  nmethod 0x000001783499be10
Event: 78.180 Thread 0x0000017847d0cb60 flushing  nmethod 0x0000017834a74490
Event: 78.181 Thread 0x0000017847d0cb60 flushing  nmethod 0x0000017834b0b690

Events (20 events):
Event: 46.764 Thread 0x000001786bd6cef0 Thread added: 0x000001786c60a020
Event: 46.764 Thread 0x000001786bd6cef0 Thread added: 0x000001786c609b10
Event: 46.764 Thread 0x000001786bd6cef0 Thread added: 0x000001786c606d80
Event: 46.765 Thread 0x000001786bd6cef0 Thread added: 0x000001786c60aa40
Event: 46.765 Thread 0x000001786bd6cef0 Thread added: 0x000001786c60af50
Event: 46.766 Thread 0x000001786bd6cef0 Thread added: 0x000001786c60b460
Event: 49.851 Thread 0x000001786b7b7a00 Thread added: 0x000001786c607cb0
Event: 50.042 Thread 0x000001786d7e3b80 Thread exited: 0x000001786d7e3b80
Event: 50.664 Thread 0x000001786b7b7a00 Thread added: 0x000001786c60cdb0
Event: 50.689 Thread 0x000001786b7b7a00 Thread added: 0x000001786c60b970
Event: 56.163 Thread 0x000001786b7b7a00 Thread added: 0x000001786c60dce0
Event: 58.644 Thread 0x000001786b7b7a00 Thread added: 0x000001786c60d7d0
Event: 59.482 Thread 0x000001786b7b7a00 Thread added: 0x000001786c60c8a0
Event: 59.508 Thread 0x000001786b7b7a00 Thread added: 0x000001784ab6c2e0
Event: 60.727 Thread 0x0000017847d04010 Thread added: 0x000001786ef8a360
Event: 63.307 Thread 0x000001786ef8a360 Thread exited: 0x000001786ef8a360
Event: 69.073 Thread 0x000001786b7b7a00 Thread added: 0x000001784ab6d210
Event: 69.134 Thread 0x000001786b7b7a00 Thread added: 0x000001784ab6cd00
Event: 69.162 Thread 0x000001786b7b7a00 Thread added: 0x000001784ab70ed0
Event: 69.864 Thread 0x000001786b7b7a00 Thread added: 0x000001784ab6d720


Dynamic libraries:
0x00007ff759f40000 - 0x00007ff759f4e000 	C:\Program Files\Eclipse Adoptium\jdk-17.0.17.10-hotspot\bin\java.exe
0x00007fffcff20000 - 0x00007fffd0187000 	C:\WINDOWS\SYSTEM32\ntdll.dll
0x00007fffcfd10000 - 0x00007fffcfdd9000 	C:\WINDOWS\System32\KERNEL32.DLL
0x00007fffcce20000 - 0x00007fffcd214000 	C:\WINDOWS\System32\KERNELBASE.dll
0x00007fffcccd0000 - 0x00007fffcce1b000 	C:\WINDOWS\System32\ucrtbase.dll
0x00007fffc1dc0000 - 0x00007fffc1dde000 	C:\Program Files\Eclipse Adoptium\jdk-17.0.17.10-hotspot\bin\VCRUNTIME140.dll
0x00007fffc22f0000 - 0x00007fffc2308000 	C:\Program Files\Eclipse Adoptium\jdk-17.0.17.10-hotspot\bin\jli.dll
0x00007fffb1840000 - 0x00007fffb1ad3000 	C:\WINDOWS\WinSxS\amd64_microsoft.windows.common-controls_6595b64144ccf1df_6.0.26100.8115_none_3e075c82e3354f9c\COMCTL32.dll
0x00007fffce5f0000 - 0x00007fffce7b5000 	C:\WINDOWS\System32\USER32.dll
0x00007fffcc880000 - 0x00007fffcc8a7000 	C:\WINDOWS\System32\win32u.dll
0x00007fffce440000 - 0x00007fffce4e9000 	C:\WINDOWS\System32\msvcrt.dll
0x00007fffce010000 - 0x00007fffce03b000 	C:\WINDOWS\System32\GDI32.dll
0x00007fffcc970000 - 0x00007fffcca9a000 	C:\WINDOWS\System32\gdi32full.dll
0x00007fffccc20000 - 0x00007fffcccc3000 	C:\WINDOWS\System32\msvcp_win.dll
0x00007fffcee60000 - 0x00007fffcee92000 	C:\WINDOWS\System32\IMM32.DLL
0x00007fffc2db0000 - 0x00007fffc2dbc000 	C:\Program Files\Eclipse Adoptium\jdk-17.0.17.10-hotspot\bin\vcruntime140_1.dll
0x00007fffc1d30000 - 0x00007fffc1dbd000 	C:\Program Files\Eclipse Adoptium\jdk-17.0.17.10-hotspot\bin\msvcp140.dll
0x00007fffc10c0000 - 0x00007fffc1d2b000 	C:\Program Files\Eclipse Adoptium\jdk-17.0.17.10-hotspot\bin\server\jvm.dll
0x00007fffcde90000 - 0x00007fffcdf46000 	C:\WINDOWS\System32\ADVAPI32.dll
0x00007fffcfb40000 - 0x00007fffcfbe7000 	C:\WINDOWS\System32\sechost.dll
0x00007fffced40000 - 0x00007fffcee58000 	C:\WINDOWS\System32\RPCRT4.dll
0x00007fffcfc80000 - 0x00007fffcfd00000 	C:\WINDOWS\System32\WS2_32.dll
0x00007fffcc650000 - 0x00007fffcc6ae000 	C:\WINDOWS\SYSTEM32\POWRPROF.dll
0x00007fffba450000 - 0x00007fffba486000 	C:\WINDOWS\SYSTEM32\WINMM.dll
0x00007fffcaac0000 - 0x00007fffcaacb000 	C:\WINDOWS\SYSTEM32\VERSION.dll
0x00007fffcc630000 - 0x00007fffcc644000 	C:\WINDOWS\SYSTEM32\UMPDC.dll
0x00007fffcb4e0000 - 0x00007fffcb4fb000 	C:\WINDOWS\SYSTEM32\kernel.appcore.dll
0x00007fffc2280000 - 0x00007fffc228a000 	C:\Program Files\Eclipse Adoptium\jdk-17.0.17.10-hotspot\bin\jimage.dll
0x00007fffc9ad0000 - 0x00007fffc9d12000 	C:\WINDOWS\SYSTEM32\DBGHELP.DLL
0x00007fffce7c0000 - 0x00007fffceb42000 	C:\WINDOWS\System32\combase.dll
0x00007fffcec60000 - 0x00007fffced37000 	C:\WINDOWS\System32\OLEAUT32.dll
0x00007fffaed20000 - 0x00007fffaed5b000 	C:\WINDOWS\SYSTEM32\dbgcore.DLL
0x00007fffcd220000 - 0x00007fffcd2c5000 	C:\WINDOWS\System32\bcryptPrimitives.dll
0x00007fffca4c0000 - 0x00007fffca4ce000 	C:\Program Files\Eclipse Adoptium\jdk-17.0.17.10-hotspot\bin\instrument.dll
0x00007fffc1090000 - 0x00007fffc10b5000 	C:\Program Files\Eclipse Adoptium\jdk-17.0.17.10-hotspot\bin\java.dll
0x00007fffc0fb0000 - 0x00007fffc1087000 	C:\Program Files\Eclipse Adoptium\jdk-17.0.17.10-hotspot\bin\jsvml.dll
0x00007fffceeb0000 - 0x00007fffcf616000 	C:\WINDOWS\System32\SHELL32.dll
0x00007fffcdb40000 - 0x00007fffcdcaa000 	C:\WINDOWS\System32\wintypes.dll
0x00007fffcd2d0000 - 0x00007fffcdb35000 	C:\WINDOWS\System32\windows.storage.dll
0x00007fffce1a0000 - 0x00007fffce297000 	C:\WINDOWS\System32\SHCORE.dll
0x00007fffcfde0000 - 0x00007fffcfe46000 	C:\WINDOWS\System32\shlwapi.dll
0x00007fffcc710000 - 0x00007fffcc739000 	C:\WINDOWS\SYSTEM32\profapi.dll
0x00007fffc2290000 - 0x00007fffc22a8000 	C:\Program Files\Eclipse Adoptium\jdk-17.0.17.10-hotspot\bin\zip.dll
0x00007fffc22d0000 - 0x00007fffc22ea000 	C:\Program Files\Eclipse Adoptium\jdk-17.0.17.10-hotspot\bin\net.dll
0x00007fffc50d0000 - 0x00007fffc51fd000 	C:\WINDOWS\SYSTEM32\WINHTTP.dll
0x00007fffcbaf0000 - 0x00007fffcbb5c000 	C:\WINDOWS\system32\mswsock.dll
0x00007fffc22b0000 - 0x00007fffc22c6000 	C:\Program Files\Eclipse Adoptium\jdk-17.0.17.10-hotspot\bin\nio.dll
0x00007fffca820000 - 0x00007fffca830000 	C:\Program Files\Eclipse Adoptium\jdk-17.0.17.10-hotspot\bin\verify.dll
0x00007fffc53e0000 - 0x00007fffc5407000 	C:\Users\asepr\.gradle\native\1def1411415f61bf3af743bc5b6707747c0891f09f0c88961ee8f79bc544acac\windows-amd64\native-platform.dll
0x00007fffc3960000 - 0x00007fffc39d7000 	C:\Users\asepr\.gradle\native\0.2.8\x86_64-windows-gnu\gradle-fileevents.dll
0x00007fffc1fc0000 - 0x00007fffc1fca000 	C:\Program Files\Eclipse Adoptium\jdk-17.0.17.10-hotspot\bin\management.dll
0x00007fffc1fb0000 - 0x00007fffc1fbc000 	C:\Program Files\Eclipse Adoptium\jdk-17.0.17.10-hotspot\bin\management_ext.dll
0x00007fffceea0000 - 0x00007fffceea8000 	C:\WINDOWS\System32\PSAPI.DLL
0x00007fffcae50000 - 0x00007fffcae82000 	C:\WINDOWS\SYSTEM32\IPHLPAPI.DLL
0x00007fffcf620000 - 0x00007fffcf62a000 	C:\WINDOWS\System32\NSI.dll
0x00007fffc5a30000 - 0x00007fffc5a4d000 	C:\WINDOWS\SYSTEM32\dhcpcsvc6.DLL
0x00007fffc4cf0000 - 0x00007fffc4d15000 	C:\WINDOWS\SYSTEM32\dhcpcsvc.DLL
0x00007fffcb020000 - 0x00007fffcb152000 	C:\WINDOWS\SYSTEM32\DNSAPI.dll
0x00007fffc1f10000 - 0x00007fffc1f19000 	C:\Program Files\Eclipse Adoptium\jdk-17.0.17.10-hotspot\bin\extnet.dll
0x00007fffcbde0000 - 0x00007fffcbdfb000 	C:\WINDOWS\SYSTEM32\CRYPTSP.dll
0x00007fffcb500000 - 0x00007fffcb539000 	C:\WINDOWS\system32\rsaenh.dll
0x00007fffcbba0000 - 0x00007fffcbbd3000 	C:\WINDOWS\SYSTEM32\USERENV.dll
0x00007fffcc6e0000 - 0x00007fffcc70a000 	C:\WINDOWS\SYSTEM32\bcrypt.dll
0x00007fffcbdd0000 - 0x00007fffcbddc000 	C:\WINDOWS\SYSTEM32\CRYPTBASE.dll
0x00007fffc1fa0000 - 0x00007fffc1fae000 	C:\Program Files\Eclipse Adoptium\jdk-17.0.17.10-hotspot\bin\sunmscapi.dll
0x00007fffccaa0000 - 0x00007fffccc17000 	C:\WINDOWS\System32\CRYPT32.dll
0x00007fffcbff0000 - 0x00007fffcc020000 	C:\WINDOWS\SYSTEM32\ncrypt.dll
0x00007fffcbfa0000 - 0x00007fffcbfdf000 	C:\WINDOWS\SYSTEM32\NTASN1.dll
0x00007fff7f460000 - 0x00007fff7f468000 	C:\WINDOWS\system32\wshunix.dll

dbghelp: loaded successfully - version: 4.0.5 - missing functions: none
symbol engine: initialized successfully - sym options: 0x614 - pdb path: .;C:\Program Files\Eclipse Adoptium\jdk-17.0.17.10-hotspot\bin;C:\WINDOWS\SYSTEM32;C:\WINDOWS\WinSxS\amd64_microsoft.windows.common-controls_6595b64144ccf1df_6.0.26100.8115_none_3e075c82e3354f9c;C:\Program Files\Eclipse Adoptium\jdk-17.0.17.10-hotspot\bin\server;C:\Users\asepr\.gradle\native\1def1411415f61bf3af743bc5b6707747c0891f09f0c88961ee8f79bc544acac\windows-amd64;C:\Users\asepr\.gradle\native\0.2.8\x86_64-windows-gnu

VM Arguments:
jvm_args: --add-opens=java.base/java.lang=ALL-UNNAMED --add-opens=java.base/java.lang.invoke=ALL-UNNAMED --add-opens=java.base/java.util=ALL-UNNAMED --add-opens=java.prefs/java.util.prefs=ALL-UNNAMED --add-exports=jdk.compiler/com.sun.tools.javac.api=ALL-UNNAMED --add-exports=jdk.compiler/com.sun.tools.javac.util=ALL-UNNAMED --add-opens=java.base/java.util=ALL-UNNAMED --add-opens=java.prefs/java.util.prefs=ALL-UNNAMED --add-opens=java.base/java.nio.charset=ALL-UNNAMED --add-opens=java.base/java.net=ALL-UNNAMED --add-opens=java.base/java.util.concurrent=ALL-UNNAMED --add-opens=java.base/java.util.concurrent.atomic=ALL-UNNAMED --add-opens=java.xml/javax.xml.namespace=ALL-UNNAMED -XX:MaxMetaspaceSize=512m -Xmx2048m -Dfile.encoding=windows-1252 -Duser.country=ID -Duser.language=en -Duser.variant -javaagent:C:\Users\asepr\.gradle\wrapper\dists\gradle-9.0.0-bin\d6wjpkvcgsg3oed0qlfss3wgl\gradle-9.0.0\lib\agents\gradle-instrumentation-agent-9.0.0.jar 
java_command: org.gradle.launcher.daemon.bootstrap.GradleDaemon 9.0.0
java_class_path (initial): C:\Users\asepr\.gradle\wrapper\dists\gradle-9.0.0-bin\d6wjpkvcgsg3oed0qlfss3wgl\gradle-9.0.0\lib\gradle-daemon-main-9.0.0.jar
Launcher Type: SUN_STANDARD

[Global flags]
     intx CICompilerCount                          = 4                                         {product} {ergonomic}
   size_t CompressedClassSpaceSize                 = 436207616                                 {product} {ergonomic}
     uint ConcGCThreads                            = 3                                         {product} {ergonomic}
     uint G1ConcRefinementThreads                  = 10                                        {product} {ergonomic}
   size_t G1HeapRegionSize                         = 1048576                                   {product} {ergonomic}
    uintx GCDrainStackTargetSize                   = 64                                        {product} {ergonomic}
   size_t InitialHeapSize                          = 98566144                                  {product} {ergonomic}
   size_t MarkStackSize                            = 4194304                                   {product} {ergonomic}
   size_t MaxHeapSize                              = 2147483648                                {product} {command line}
   size_t MaxMetaspaceSize                         = 536870912                                 {product} {command line}
   size_t MaxNewSize                               = 1287651328                                {product} {ergonomic}
   size_t MinHeapDeltaBytes                        = 1048576                                   {product} {ergonomic}
   size_t MinHeapSize                              = 8388608                                   {product} {ergonomic}
    uintx NonNMethodCodeHeapSize                   = 5839372                                {pd product} {ergonomic}
    uintx NonProfiledCodeHeapSize                  = 122909434                              {pd product} {ergonomic}
    uintx ProfiledCodeHeapSize                     = 122909434                              {pd product} {ergonomic}
    uintx ReservedCodeCacheSize                    = 251658240                              {pd product} {ergonomic}
     bool SegmentedCodeCache                       = true                                      {product} {ergonomic}
   size_t SoftMaxHeapSize                          = 2147483648                             {manageable} {ergonomic}
     bool UseCompressedClassPointers               = true                           {product lp64_product} {ergonomic}
     bool UseCompressedOops                        = true                           {product lp64_product} {ergonomic}
     bool UseG1GC                                  = true                                      {product} {ergonomic}
     bool UseLargePagesIndividualAllocation        = false                                  {pd product} {ergonomic}

Logging:
Log output configuration:
 #0: stdout all=warning uptime,level,tags
 #1: stderr all=off uptime,level,tags

Environment Variables:
JAVA_HOME=C:\Program Files\Eclipse Adoptium\jdk-17.0.17.10-hotspot
PATH=C:\Users\asepr\mobile-app\mobile\node_modules\.bin;C:\Users\asepr\mobile-app\mobile\node_modules\.bin;C:\Users\asepr\mobile-app\node_modules\.bin;C:\Users\asepr\node_modules\.bin;C:\Users\node_modules\.bin;C:\node_modules\.bin;C:\Users\asepr\AppData\Roaming\npm\node_modules\npm\node_modules\@npmcli\run-script\lib\node-gyp-bin;C:\Users\asepr\bin;C:\Program Files\Git\mingw64\bin;C:\Program Files\Git\usr\local\bin;C:\Program Files\Git\usr\bin;C:\Program Files\Git\usr\bin;C:\Program Files\Git\mingw64\bin;C:\Program Files\Git\usr\bin;C:\Users\asepr\bin;C:\Users\asepr\AppData\Roaming\Code\User\globalStorage\github.copilot-chat\debugCommand;C:\Users\asepr\AppData\Roaming\Code\User\globalStorage\github.copilot-chat\copilotCli;C:\Users\asepr\AppData\Local\Programs\Microsoft VS Code;C:\Program Files\Eclipse Adoptium\jdk-17.0.17.10-hotspot\bin;C:\WINDOWS\system32;C:\WINDOWS;C:\WINDOWS\System32\Wbem;C:\WINDOWS\System32\WindowsPowerShell\v1.0;C:\WINDOWS\System32\OpenSSH;C:\Program Files\Git\cmd;C:\Program Files\Redis;C:\xampp\php;C:\Program Files\apache-maven-3.8.3\bin;C:\instantclient_21_3;C:\curl-7.81.0-win64-mingw\bin;C:\Program Files\Go\bin;C:\ProgramData\ComposerSetup\bin;C:\Program Files\PuTTY;C:\Program Files\nodejs;%JAVA_HOME%\bin;C:\Android\platform-tools;C:\WINDOWS\system32;C:\WINDOWS;C:\WINDOWS\System32\Wbem;C:\WINDOWS\System32\WindowsPowerShell\v1.0;C:\WINDOWS\System32\OpenSSH;C:\Program Files\Git\cmd;C:\Program Files\Redis;C:\xampp\php;C:\Program Files\apache-maven-3.8.3\bin;C:\instantclient_21_3;C:\curl-7.81.0-win64-mingw\bin;C:\Program Files\Go\bin;C:\ProgramData\ComposerSetup\bin;C:\Program Files\PuTTY;C:\Program Files\Docker\Docker\resources\bin;C:\Program Files\nodejs;C:\Program Files\dotnet;C:\;C:\Users\asepr\AppData\Local\Programs\Microsoft VS Code\bin;C:\Users\asepr\AppData\Local\Microsoft\WindowsApps;C:\Users\asepr\.dotnet\tools;C:\Program Files\Git\usr\bin\vendor_perl;C:\Program Files\Git\usr\bin\core_perl
USERNAME=asepr
SHELL=C:\Program Files\Git\usr\bin\bash.exe
DISPLAY=needs-to-be-defined
LANG=en_US.UTF-8
TERM=xterm-256color
TMPDIR=C:\Users\asepr\AppData\Local\Temp
OS=Windows_NT
PROCESSOR_IDENTIFIER=AMD64 Family 23 Model 104 Stepping 1, AuthenticAMD
TMP=C:\Users\asepr\AppData\Local\Temp
TEMP=C:\Users\asepr\AppData\Local\Temp



Periodic native trim disabled


---------------  S Y S T E M  ---------------

OS:
 Windows 11 , 64 bit Build 26100 (10.0.26100.8115)
OS uptime: 0 days 3:09 hours
Hyper-V role detected

CPU: total 12 (initial active 12) (12 cores per cpu, 2 threads per core) family 23 model 104 stepping 1 microcode 0x8608103, cx8, cmov, fxsr, ht, mmx, 3dnowpref, sse, sse2, sse3, ssse3, sse4a, sse4.1, sse4.2, popcnt, lzcnt, tsc, tscinvbit, avx, avx2, aes, clmul, bmi1, bmi2, adx, sha, fma, vzeroupper, clflush, clflushopt, hv
Processor Information for processor 0
  Max Mhz: 2100, Current Mhz: 1893, Mhz Limit: 2100
Processor Information for processor 1
  Max Mhz: 2100, Current Mhz: 1893, Mhz Limit: 2100
Processor Information for processor 2
  Max Mhz: 2100, Current Mhz: 1893, Mhz Limit: 2100
Processor Information for processor 3
  Max Mhz: 2100, Current Mhz: 1893, Mhz Limit: 2100
Processor Information for processor 4
  Max Mhz: 2100, Current Mhz: 1893, Mhz Limit: 2100
Processor Information for processor 5
  Max Mhz: 2100, Current Mhz: 1893, Mhz Limit: 2100
Processor Information for processor 6
  Max Mhz: 2100, Current Mhz: 1813, Mhz Limit: 2100
Processor Information for processor 7
  Max Mhz: 2100, Current Mhz: 1893, Mhz Limit: 2100
Processor Information for processor 8
  Max Mhz: 2100, Current Mhz: 1893, Mhz Limit: 2100
Processor Information for processor 9
  Max Mhz: 2100, Current Mhz: 1893, Mhz Limit: 2100
Processor Information for processor 10
  Max Mhz: 2100, Current Mhz: 1893, Mhz Limit: 2100
Processor Information for processor 11
  Max Mhz: 2100, Current Mhz: 1893, Mhz Limit: 2100

Memory: 4k page, system-wide physical 6005M (347M free)
TotalPageFile size 24437M (AvailPageFile size 307M)
current process WorkingSet (physical memory assigned to process): 402M, peak: 413M
current process commit charge ("private bytes"): 592M, peak: 900M

vm_info: OpenJDK 64-Bit Server VM (17.0.17+10) for windows-amd64 JRE (17.0.17+10), built on Oct 21 2025 23:25:32 by "admin" with unknown MS VC++:1942

END.
