#
# There is insufficient memory for the Java Runtime Environment to continue.
# Native memory allocation (malloc) failed to allocate 1201616 bytes. Error detail: Chunk::new
# Possible reasons:
#   The system is out of physical RAM or swap space
#   This process is running with CompressedOops enabled, and the Java Heap may be blocking the growth of the native heap
# Possible solutions:
#   Reduce memory load on the system
#   Increase physical memory or swap space
#   Check if swap backing store is full
#   Decrease Java heap size (-Xmx/-Xms)
#   Decrease number of Java threads
#   Decrease Java thread stack sizes (-Xss)
#   Set larger code cache with -XX:ReservedCodeCacheSize=
#   JVM is running with Unscaled Compressed Oops mode in which the Java heap is
#     placed in the first 4GB address space. The Java Heap base address is the
#     maximum limit for the native heap growth. Please use -XX:HeapBaseMinAddress
#     to set the Java Heap base and to place the Java Heap above 4GB virtual address.
# This output file may be truncated or incomplete.
#
#  Out of Memory Error (arena.cpp:191), pid=8308, tid=16852
#
# JRE version: OpenJDK Runtime Environment Temurin-17.0.17+10 (17.0.17+10) (build 17.0.17+10)
# Java VM: OpenJDK 64-Bit Server VM Temurin-17.0.17+10 (17.0.17+10, mixed mode, sharing, tiered, compressed oops, compressed class ptrs, g1 gc, windows-amd64)
# No core dump will be written. Minidumps are not enabled by default on client versions of Windows
#

---------------  S U M M A R Y ------------

Command Line: --add-opens=java.base/java.lang=ALL-UNNAMED --add-opens=java.base/java.lang.invoke=ALL-UNNAMED --add-opens=java.base/java.util=ALL-UNNAMED --add-opens=java.prefs/java.util.prefs=ALL-UNNAMED --add-exports=jdk.compiler/com.sun.tools.javac.api=ALL-UNNAMED --add-exports=jdk.compiler/com.sun.tools.javac.util=ALL-UNNAMED --add-opens=java.base/java.util=ALL-UNNAMED --add-opens=java.prefs/java.util.prefs=ALL-UNNAMED --add-opens=java.base/java.nio.charset=ALL-UNNAMED --add-opens=java.base/java.net=ALL-UNNAMED --add-opens=java.base/java.util.concurrent=ALL-UNNAMED --add-opens=java.base/java.util.concurrent.atomic=ALL-UNNAMED --add-opens=java.xml/javax.xml.namespace=ALL-UNNAMED -XX:MaxMetaspaceSize=512m -Xmx2048m -Dfile.encoding=windows-1252 -Duser.country=ID -Duser.language=en -Duser.variant -javaagent:C:\Users\asepr\.gradle\wrapper\dists\gradle-9.0.0-bin\d6wjpkvcgsg3oed0qlfss3wgl\gradle-9.0.0\lib\agents\gradle-instrumentation-agent-9.0.0.jar org.gradle.launcher.daemon.bootstrap.GradleDaemon 9.0.0

Host: AMD Ryzen 5 5500U with Radeon Graphics         , 12 cores, 5G,  Windows 11 , 64 bit Build 26100 (10.0.26100.8246)
Time: Wed Apr 29 20:36:13 2026 SE Asia Standard Time elapsed time: 53.803418 seconds (0d 0h 0m 53s)

---------------  T H R E A D  ---------------

Current thread (0x00000209d54e3cc0):  JavaThread "C2 CompilerThread0" daemon [_thread_in_native, id=16852, stack(0x000000d77a200000,0x000000d77a300000)]


Current CompileTask:
C2:53803 30968 %     4       com.android.tools.r8.internal.s70::a @ 12 (500 bytes)

Stack: [0x000000d77a200000,0x000000d77a300000]
Native frames: (J=compiled Java code, j=interpreted, Vv=VM code, C=native code)
V  [jvm.dll+0x683fb9]
V  [jvm.dll+0x83a1b5]
V  [jvm.dll+0x83bc2e]
V  [jvm.dll+0x83c2b3]
V  [jvm.dll+0x248eff]
V  [jvm.dll+0xad496]
V  [jvm.dll+0xadb3c]
V  [jvm.dll+0x2b05df]
V  [jvm.dll+0x58a5b5]
V  [jvm.dll+0x222e84]
V  [jvm.dll+0x21b98f]
V  [jvm.dll+0x2190fe]
V  [jvm.dll+0x1a4920]
V  [jvm.dll+0x22989a]
V  [jvm.dll+0x227a4b]
V  [jvm.dll+0x7effb8]
V  [jvm.dll+0x7ea44c]
V  [jvm.dll+0x682e87]
C  [ucrtbase.dll+0x37b0]
C  [KERNEL32.DLL+0x2e8d7]
C  [ntdll.dll+0x8c3fc]


---------------  P R O C E S S  ---------------

Threads class SMR info:
_java_thread_list=0x00000209f61d49b0, length=237, elements={
0x00000209b5681190, 0x00000209d54c2fb0, 0x00000209d54c3a80, 0x00000209d54df630,
0x00000209d54e0f10, 0x00000209d54e17e0, 0x00000209d54e20b0, 0x00000209d54e3cc0,
0x00000209d54e45d0, 0x00000209d54e4ee0, 0x00000209f50f39a0, 0x00000209f526acf0,
0x00000209f66679b0, 0x00000209f726a170, 0x00000209f7175870, 0x00000209f71e1cc0,
0x00000209f71eb3e0, 0x00000209f713d820, 0x00000209f713afa0, 0x00000209f713c3e0,
0x00000209f713bed0, 0x00000209f713c8f0, 0x00000209f713ce00, 0x00000209f713b4b0,
0x00000209f713aa90, 0x00000209f713d310, 0x00000209f8e28cd0, 0x00000209f8e291e0,
0x00000209f8e27da0, 0x00000209f8e282b0, 0x00000209f8e29c00, 0x00000209f8e27380,
0x00000209f8e2a110, 0x00000209f8e2a620, 0x00000209f8e27890, 0x00000209f8e2ab30,
0x00000209f8e2ba60, 0x00000209f8e2bf70, 0x00000209f8e2b040, 0x00000209f8e2b550,
0x00000209f8e287c0, 0x00000209f8e2c480, 0x00000209f8e2d3b0, 0x00000209f8e2c990,
0x00000209f8e2d8c0, 0x00000209f8e2cea0, 0x00000209f8e2ddd0, 0x00000209f8e2e2e0,
0x00000209f8e2e7f0, 0x00000209f713a070, 0x00000209f713b9c0, 0x00000209fa2867f0,
0x00000209fa289a90, 0x00000209fa287720, 0x00000209fa2862e0, 0x00000209fa288b60,
0x00000209fa288650, 0x00000209fa287c30, 0x00000209fa288140, 0x00000209fa289fa0,
0x00000209fa289070, 0x00000209fa289580, 0x00000209fa287210, 0x00000209fa28a4b0,
0x00000209fa286d00, 0x00000209fa28c310, 0x00000209fa28aed0, 0x00000209fa28a9c0,
0x00000209fa28d240, 0x00000209fa28b3e0, 0x00000209fa28c820, 0x00000209fa28d750,
0x00000209fa28dc60, 0x00000209fa28b8f0, 0x00000209fa28be00, 0x00000209fa28cd30,
0x00000209f89e4d90, 0x00000209f89e2f30, 0x00000209f89e1af0, 0x00000209f89e3950,
0x00000209f89e15e0, 0x00000209f89e4370, 0x00000209f89e52a0, 0x00000209f89e57b0,
0x00000209f89e2000, 0x00000209f89e5cc0, 0x00000209f89e61d0, 0x00000209f89e66e0,
0x00000209f89e6bf0, 0x00000209f89e3440, 0x00000209f89e8a50, 0x00000209f89e7100,
0x00000209f89e7610, 0x00000209f89e8030, 0x00000209f89e7b20, 0x00000209f89e8540,
0x00000209f7a3d310, 0x00000209f7a3d820, 0x00000209f7a3dd30, 0x00000209f7a3c8f0,
0x00000209f7a3e240, 0x00000209f7a3e750, 0x00000209f7a400a0, 0x00000209f7a3ec60,
0x00000209f7a405b0, 0x00000209f7a3f170, 0x00000209f7a3f680, 0x00000209f7a3fb90,
0x00000209f7a3ce00, 0x00000209f7a414e0, 0x00000209f7a42e30, 0x00000209f7a43d60,
0x00000209f7a43850, 0x00000209f7a43340, 0x00000209f7a44270, 0x00000209f7a42920,
0x00000209f7a40ac0, 0x00000209f7a40fd0, 0x00000209f7a419f0, 0x00000209f7a41f00,
0x00000209f7a42410, 0x00000209f7958300, 0x00000209f79573d0, 0x00000209f7955060,
0x00000209f7958810, 0x00000209f79564a0, 0x00000209f79569b0, 0x00000209f7957df0,
0x00000209f7958d20, 0x00000209f7956ec0, 0x00000209f79578e0, 0x00000209f7955570,
0x00000209f7959230, 0x00000209f7955a80, 0x00000209f7959740, 0x00000209f7955f90,
0x00000209f795c4d0, 0x00000209f795b5a0, 0x00000209f795a670, 0x00000209f795ab80,
0x00000209f795bab0, 0x00000209f7959c50, 0x00000209f795b090, 0x00000209f795bfc0,
0x00000209f795c9e0, 0x00000209f795a160, 0x00000209f67faa00, 0x00000209f67fc860,
0x00000209f67f9fe0, 0x00000209f67fa4f0, 0x00000209f67fb930, 0x00000209f67faf10,
0x00000209f67fb420, 0x00000209f67fc350, 0x00000209f67fbe40, 0x00000209f67fcd70,
0x00000209f67f95c0, 0x00000209f6800a30, 0x00000209f67fd280, 0x00000209f67fd790,
0x00000209f67f9ad0, 0x00000209f67fdca0, 0x00000209f6800f40, 0x00000209f67ffb00,
0x00000209f6800010, 0x00000209f67ff5f0, 0x00000209f6800520, 0x00000209f67fe1b0,
0x00000209f67ff0e0, 0x00000209f67fe6c0, 0x00000209f67febd0, 0x00000209f7a780d0,
0x00000209f7a785e0, 0x00000209f7a771a0, 0x00000209f7a77bc0, 0x00000209f7a78af0,
0x00000209f7a776b0, 0x00000209f7a79510, 0x00000209f7a75d60, 0x00000209f7a76270,
0x00000209f7a79f30, 0x00000209f7a76780, 0x00000209f7a7a440, 0x00000209f7a76c90,
0x00000209f7a7b370, 0x00000209f7a7d6e0, 0x00000209f7a7d1d0, 0x00000209f7a7b880,
0x00000209f7a7ae60, 0x00000209f7a7bd90, 0x00000209fb4f7320, 0x00000209fb4f8250,
0x00000209fb4f5ee0, 0x00000209fb4f9690, 0x00000209fb4fce40, 0x00000209fb4fafe0,
0x00000209fb4fc420, 0x00000209fdb90320, 0x00000209f53abd30, 0x00000209fdb8e9d0,
0x00000209fdb8f900, 0x00000209fdb90830, 0x00000209fdb8d080, 0x00000209fdb90d40,
0x00000209fdb94f10, 0x00000209fdb930b0, 0x00000209fdb92180, 0x00000209fdb91c70,
0x00000209fdb94a00, 0x00000209fdb935c0, 0x00000209fdb93fe0, 0x00000209fdb91760,
0x00000209fdb95420, 0x00000209fdb95930, 0x00000209fdb95e40, 0x00000209fdb92690,
0x00000209fdb96860, 0x00000209fdb96350, 0x00000209fdb9a520, 0x00000209fdb9a010,
0x00000209fdb995f0, 0x00000209fb4f7830, 0x00000209fd8f66b0, 0x00000209fd8f4d60,
0x00000209fd8f5c90, 0x00000209fea626a0, 0x00000209fb82e670, 0x00000209fef37d90,
0x00000209fb82dc50, 0x00000209855b8aa0, 0x00000209849131a0, 0x00000209fb82eb80,
0x000002098503a000, 0x00000209fac9ea80, 0x00000209fac9e060, 0x000002098558faa0,
0x0000020985039af0
}

Java Threads: ( => current thread )
  0x00000209b5681190 JavaThread "main" [_thread_blocked, id=6352, stack(0x000000d779500000,0x000000d779600000)]
  0x00000209d54c2fb0 JavaThread "Reference Handler" daemon [_thread_blocked, id=12164, stack(0x000000d779c00000,0x000000d779d00000)]
  0x00000209d54c3a80 JavaThread "Finalizer" daemon [_thread_blocked, id=9928, stack(0x000000d779d00000,0x000000d779e00000)]
  0x00000209d54df630 JavaThread "Signal Dispatcher" daemon [_thread_blocked, id=4288, stack(0x000000d779e00000,0x000000d779f00000)]
  0x00000209d54e0f10 JavaThread "Attach Listener" daemon [_thread_blocked, id=10456, stack(0x000000d779f00000,0x000000d77a000000)]
  0x00000209d54e17e0 JavaThread "Service Thread" daemon [_thread_blocked, id=19572, stack(0x000000d77a000000,0x000000d77a100000)]
  0x00000209d54e20b0 JavaThread "Monitor Deflation Thread" daemon [_thread_blocked, id=19568, stack(0x000000d77a100000,0x000000d77a200000)]
=>0x00000209d54e3cc0 JavaThread "C2 CompilerThread0" daemon [_thread_in_native, id=16852, stack(0x000000d77a200000,0x000000d77a300000)]
  0x00000209d54e45d0 JavaThread "C1 CompilerThread0" daemon [_thread_blocked, id=22984, stack(0x000000d77a300000,0x000000d77a400000)]
  0x00000209d54e4ee0 JavaThread "Sweeper thread" daemon [_thread_blocked, id=20744, stack(0x000000d77a400000,0x000000d77a500000)]
  0x00000209f50f39a0 JavaThread "Common-Cleaner" daemon [_thread_blocked, id=18492, stack(0x000000d77a500000,0x000000d77a600000)]
  0x00000209f526acf0 JavaThread "Notification Thread" daemon [_thread_blocked, id=4772, stack(0x000000d77a600000,0x000000d77a700000)]
  0x00000209f66679b0 JavaThread "Daemon health stats" [_thread_blocked, id=19756, stack(0x000000d77a900000,0x000000d77aa00000)]
  0x00000209f726a170 JavaThread "Incoming local TCP Connector on port 61336" [_thread_in_native, id=14668, stack(0x000000d77ae00000,0x000000d77af00000)]
  0x00000209f7175870 JavaThread "Daemon periodic checks" [_thread_blocked, id=2344, stack(0x000000d77af00000,0x000000d77b000000)]
  0x00000209f71e1cc0 JavaThread "Daemon" [_thread_blocked, id=13936, stack(0x000000d77b000000,0x000000d77b100000)]
  0x00000209f71eb3e0 JavaThread "Handler for socket connection from /127.0.0.1:61336 to /127.0.0.1:53578" [_thread_in_native, id=9252, stack(0x000000d77b100000,0x000000d77b200000)]
  0x00000209f713d820 JavaThread "Cancel handler" [_thread_blocked, id=2692, stack(0x000000d77b200000,0x000000d77b300000)]
  0x00000209f713afa0 JavaThread "Daemon worker" [_thread_blocked, id=21580, stack(0x000000d77b300000,0x000000d77b400000)]
  0x00000209f713c3e0 JavaThread "Asynchronous log dispatcher for DefaultDaemonConnection: socket connection from /127.0.0.1:61336 to /127.0.0.1:53578" [_thread_blocked, id=9264, stack(0x000000d77b400000,0x000000d77b500000)]
  0x00000209f713bed0 JavaThread "Stdin handler" [_thread_blocked, id=6160, stack(0x000000d77b500000,0x000000d77b600000)]
  0x00000209f713c8f0 JavaThread "Daemon client event forwarder" [_thread_blocked, id=14840, stack(0x000000d77b600000,0x000000d77b700000)]
  0x00000209f713ce00 JavaThread "Cache worker for journal cache (C:\Users\asepr\.gradle\caches\journal-1)" [_thread_blocked, id=17824, stack(0x000000d77bc00000,0x000000d77bd00000)]
  0x00000209f713b4b0 JavaThread "File lock request listener" [_thread_in_native, id=12888, stack(0x000000d77bd00000,0x000000d77be00000)]
  0x00000209f713aa90 JavaThread "Cache worker for file hash cache (C:\Users\asepr\.gradle\caches\9.0.0\fileHashes)" [_thread_blocked, id=8744, stack(0x000000d77be00000,0x000000d77bf00000)]
  0x00000209f713d310 JavaThread "Cache worker for file hash cache (C:\Users\asepr\mobile-app\mobile\android\.gradle\9.0.0\fileHashes)" [_thread_blocked, id=20908, stack(0x000000d77c100000,0x000000d77c200000)]
  0x00000209f8e28cd0 JavaThread "Cache worker for Build Output Cleanup Cache (C:\Users\asepr\mobile-app\mobile\android\.gradle\buildOutputCleanup)" [_thread_blocked, id=13240, stack(0x000000d77c200000,0x000000d77c300000)]
  0x00000209f8e291e0 JavaThread "File watcher server" daemon [_thread_in_native, id=22212, stack(0x000000d77c300000,0x000000d77c400000)]
  0x00000209f8e27da0 JavaThread "File watcher consumer" daemon [_thread_blocked, id=19796, stack(0x000000d77c400000,0x000000d77c500000)]
  0x00000209f8e282b0 JavaThread "Cache worker for checksums cache (C:\Users\asepr\mobile-app\mobile\android\.gradle\9.0.0\checksums)" [_thread_blocked, id=16440, stack(0x000000d77c500000,0x000000d77c600000)]
  0x00000209f8e29c00 JavaThread "Cache worker for file content cache (C:\Users\asepr\.gradle\caches\9.0.0\fileContent)" [_thread_blocked, id=21344, stack(0x000000d77c600000,0x000000d77c700000)]
  0x00000209f8e27380 JavaThread "Cache worker for cache directory md-supplier (C:\Users\asepr\.gradle\caches\9.0.0\md-supplier)" [_thread_blocked, id=7048, stack(0x000000d77c700000,0x000000d77c800000)]
  0x00000209f8e2a110 JavaThread "Cache worker for cache directory md-rule (C:\Users\asepr\.gradle\caches\9.0.0\md-rule)" [_thread_blocked, id=18996, stack(0x000000d77c800000,0x000000d77c900000)]
  0x00000209f8e2a620 JavaThread "jar transforms" [_thread_blocked, id=23208, stack(0x000000d77c900000,0x000000d77ca00000)]
  0x00000209f8e27890 JavaThread "Cache worker for Build Output Cleanup Cache (C:\Users\asepr\mobile-app\mobile\node_modules\@react-native\gradle-plugin\.gradle\buildOutputCleanup)" [_thread_blocked, id=9208, stack(0x000000d77ca00000,0x000000d77cb00000)]
  0x00000209f8e2ab30 JavaThread "Unconstrained build operations" [_thread_blocked, id=4024, stack(0x000000d77a800000,0x000000d77a900000)]
  0x00000209f8e2ba60 JavaThread "Unconstrained build operations Thread 2" [_thread_blocked, id=23332, stack(0x000000d77cb00000,0x000000d77cc00000)]
  0x00000209f8e2bf70 JavaThread "Unconstrained build operations Thread 3" [_thread_blocked, id=6692, stack(0x000000d77cc00000,0x000000d77cd00000)]
  0x00000209f8e2b040 JavaThread "Unconstrained build operations Thread 4" [_thread_blocked, id=3524, stack(0x000000d77cd00000,0x000000d77ce00000)]
  0x00000209f8e2b550 JavaThread "Unconstrained build operations Thread 5" [_thread_blocked, id=17648, stack(0x000000d77cf00000,0x000000d77d000000)]
  0x00000209f8e287c0 JavaThread "Unconstrained build operations Thread 6" [_thread_blocked, id=3152, stack(0x000000d77d000000,0x000000d77d100000)]
  0x00000209f8e2c480 JavaThread "Unconstrained build operations Thread 7" [_thread_blocked, id=18144, stack(0x000000d77ce00000,0x000000d77cf00000)]
  0x00000209f8e2d3b0 JavaThread "Unconstrained build operations Thread 8" [_thread_blocked, id=16168, stack(0x000000d77d100000,0x000000d77d200000)]
  0x00000209f8e2c990 JavaThread "Unconstrained build operations Thread 9" [_thread_blocked, id=18960, stack(0x000000d77d200000,0x000000d77d300000)]
  0x00000209f8e2d8c0 JavaThread "Unconstrained build operations Thread 10" [_thread_blocked, id=3300, stack(0x000000d77d300000,0x000000d77d400000)]
  0x00000209f8e2cea0 JavaThread "Unconstrained build operations Thread 11" [_thread_blocked, id=7656, stack(0x000000d77d400000,0x000000d77d500000)]
  0x00000209f8e2ddd0 JavaThread "Unconstrained build operations Thread 12" [_thread_blocked, id=8928, stack(0x000000d77d500000,0x000000d77d600000)]
  0x00000209f8e2e2e0 JavaThread "Unconstrained build operations Thread 13" [_thread_blocked, id=19500, stack(0x000000d77d600000,0x000000d77d700000)]
  0x00000209f8e2e7f0 JavaThread "Unconstrained build operations Thread 14" [_thread_blocked, id=15396, stack(0x000000d77d700000,0x000000d77d800000)]
  0x00000209f713a070 JavaThread "Unconstrained build operations Thread 15" [_thread_blocked, id=13908, stack(0x000000d77d800000,0x000000d77d900000)]
  0x00000209f713b9c0 JavaThread "Unconstrained build operations Thread 16" [_thread_blocked, id=12428, stack(0x000000d77d900000,0x000000d77da00000)]
  0x00000209fa2867f0 JavaThread "Unconstrained build operations Thread 17" [_thread_blocked, id=20232, stack(0x000000d77da00000,0x000000d77db00000)]
  0x00000209fa289a90 JavaThread "Unconstrained build operations Thread 18" [_thread_blocked, id=11384, stack(0x000000d77db00000,0x000000d77dc00000)]
  0x00000209fa287720 JavaThread "Unconstrained build operations Thread 19" [_thread_blocked, id=4400, stack(0x000000d77dc00000,0x000000d77dd00000)]
  0x00000209fa2862e0 JavaThread "Unconstrained build operations Thread 20" [_thread_blocked, id=22804, stack(0x000000d77dd00000,0x000000d77de00000)]
  0x00000209fa288b60 JavaThread "Unconstrained build operations Thread 21" [_thread_blocked, id=224, stack(0x000000d77de00000,0x000000d77df00000)]
  0x00000209fa288650 JavaThread "Unconstrained build operations Thread 22" [_thread_blocked, id=15296, stack(0x000000d77df00000,0x000000d77e000000)]
  0x00000209fa287c30 JavaThread "Unconstrained build operations Thread 23" [_thread_blocked, id=12400, stack(0x000000d77e000000,0x000000d77e100000)]
  0x00000209fa288140 JavaThread "Unconstrained build operations Thread 24" [_thread_blocked, id=13288, stack(0x000000d77e100000,0x000000d77e200000)]
  0x00000209fa289fa0 JavaThread "Unconstrained build operations Thread 25" [_thread_blocked, id=12264, stack(0x000000d77e200000,0x000000d77e300000)]
  0x00000209fa289070 JavaThread "Unconstrained build operations Thread 26" [_thread_blocked, id=8712, stack(0x000000d77e300000,0x000000d77e400000)]
  0x00000209fa289580 JavaThread "Unconstrained build operations Thread 27" [_thread_blocked, id=21524, stack(0x000000d77e400000,0x000000d77e500000)]
  0x00000209fa287210 JavaThread "Unconstrained build operations Thread 28" [_thread_blocked, id=6132, stack(0x000000d77e500000,0x000000d77e600000)]
  0x00000209fa28a4b0 JavaThread "Unconstrained build operations Thread 29" [_thread_blocked, id=13780, stack(0x000000d77e600000,0x000000d77e700000)]
  0x00000209fa286d00 JavaThread "Unconstrained build operations Thread 30" [_thread_blocked, id=22784, stack(0x000000d77e700000,0x000000d77e800000)]
  0x00000209fa28c310 JavaThread "Unconstrained build operations Thread 31" [_thread_blocked, id=16120, stack(0x000000d77e800000,0x000000d77e900000)]
  0x00000209fa28aed0 JavaThread "Unconstrained build operations Thread 32" [_thread_blocked, id=11748, stack(0x000000d77e900000,0x000000d77ea00000)]
  0x00000209fa28a9c0 JavaThread "Unconstrained build operations Thread 33" [_thread_blocked, id=17252, stack(0x000000d77ea00000,0x000000d77eb00000)]
  0x00000209fa28d240 JavaThread "Unconstrained build operations Thread 34" [_thread_blocked, id=16240, stack(0x000000d77eb00000,0x000000d77ec00000)]
  0x00000209fa28b3e0 JavaThread "Unconstrained build operations Thread 35" [_thread_blocked, id=9416, stack(0x000000d77ec00000,0x000000d77ed00000)]
  0x00000209fa28c820 JavaThread "Unconstrained build operations Thread 36" [_thread_blocked, id=23280, stack(0x000000d77ed00000,0x000000d77ee00000)]
  0x00000209fa28d750 JavaThread "Unconstrained build operations Thread 37" [_thread_blocked, id=2628, stack(0x000000d77ee00000,0x000000d77ef00000)]
  0x00000209fa28dc60 JavaThread "Unconstrained build operations Thread 38" [_thread_blocked, id=8532, stack(0x000000d77ef00000,0x000000d77f000000)]
  0x00000209fa28b8f0 JavaThread "Unconstrained build operations Thread 39" [_thread_blocked, id=8348, stack(0x000000d77f000000,0x000000d77f100000)]
  0x00000209fa28be00 JavaThread "build event listener" [_thread_blocked, id=18000, stack(0x000000d77f100000,0x000000d77f200000)]
  0x00000209fa28cd30 JavaThread "Memory manager" [_thread_blocked, id=8048, stack(0x000000d77f200000,0x000000d77f300000)]
  0x00000209f89e4d90 JavaThread "ForkJoinPool.commonPool-worker-1" daemon [_thread_blocked, id=7016, stack(0x000000d77f300000,0x000000d77f400000)]
  0x00000209f89e2f30 JavaThread "ForkJoinPool.commonPool-worker-2" daemon [_thread_blocked, id=2476, stack(0x000000d77f400000,0x000000d77f500000)]
  0x00000209f89e1af0 JavaThread "ForkJoinPool.commonPool-worker-3" daemon [_thread_blocked, id=17796, stack(0x000000d77f500000,0x000000d77f600000)]
  0x00000209f89e3950 JavaThread "ForkJoinPool.commonPool-worker-4" daemon [_thread_blocked, id=21920, stack(0x000000d77f600000,0x000000d77f700000)]
  0x00000209f89e15e0 JavaThread "ForkJoinPool.commonPool-worker-5" daemon [_thread_blocked, id=19488, stack(0x000000d77f700000,0x000000d77f800000)]
  0x00000209f89e4370 JavaThread "ForkJoinPool.commonPool-worker-6" daemon [_thread_blocked, id=10752, stack(0x000000d77f800000,0x000000d77f900000)]
  0x00000209f89e52a0 JavaThread "ForkJoinPool.commonPool-worker-7" daemon [_thread_blocked, id=9908, stack(0x000000d77f900000,0x000000d77fa00000)]
  0x00000209f89e57b0 JavaThread "ForkJoinPool.commonPool-worker-8" daemon [_thread_blocked, id=11736, stack(0x000000d77fa00000,0x000000d77fb00000)]
  0x00000209f89e2000 JavaThread "ForkJoinPool.commonPool-worker-9" daemon [_thread_blocked, id=12836, stack(0x000000d77fb00000,0x000000d77fc00000)]
  0x00000209f89e5cc0 JavaThread "ForkJoinPool.commonPool-worker-10" daemon [_thread_blocked, id=8120, stack(0x000000d77fc00000,0x000000d77fd00000)]
  0x00000209f89e61d0 JavaThread "ForkJoinPool.commonPool-worker-11" daemon [_thread_blocked, id=7572, stack(0x000000d77fd00000,0x000000d77fe00000)]
  0x00000209f89e66e0 JavaThread "Exec process" [_thread_blocked, id=6832, stack(0x000000d77fe00000,0x000000d77ff00000)]
  0x00000209f89e6bf0 JavaThread "Exec process Thread 2" [_thread_blocked, id=10844, stack(0x000000d77ff00000,0x000000d780000000)]
  0x00000209f89e3440 JavaThread "Exec process Thread 3" [_thread_blocked, id=13896, stack(0x000000d700000000,0x000000d700100000)]
  0x00000209f89e8a50 JavaThread "included builds" [_thread_blocked, id=18008, stack(0x000000d700100000,0x000000d700200000)]
  0x00000209f89e7100 JavaThread "Execution worker" [_thread_blocked, id=3980, stack(0x000000d700200000,0x000000d700300000)]
  0x00000209f89e7610 JavaThread "Execution worker Thread 2" [_thread_blocked, id=7500, stack(0x000000d700300000,0x000000d700400000)]
  0x00000209f89e8030 JavaThread "Execution worker Thread 3" [_thread_blocked, id=16076, stack(0x000000d700400000,0x000000d700500000)]
  0x00000209f89e7b20 JavaThread "Execution worker Thread 4" [_thread_blocked, id=21072, stack(0x000000d700500000,0x000000d700600000)]
  0x00000209f89e8540 JavaThread "Execution worker Thread 5" [_thread_blocked, id=23356, stack(0x000000d700600000,0x000000d700700000)]
  0x00000209f7a3d310 JavaThread "Execution worker Thread 6" [_thread_blocked, id=17608, stack(0x000000d700700000,0x000000d700800000)]
  0x00000209f7a3d820 JavaThread "Execution worker Thread 7" [_thread_blocked, id=23164, stack(0x000000d700800000,0x000000d700900000)]
  0x00000209f7a3dd30 JavaThread "Execution worker Thread 8" [_thread_in_native, id=11528, stack(0x000000d700900000,0x000000d700a00000)]
  0x00000209f7a3c8f0 JavaThread "Execution worker Thread 9" [_thread_blocked, id=6940, stack(0x000000d700a00000,0x000000d700b00000)]
  0x00000209f7a3e240 JavaThread "Execution worker Thread 10" [_thread_blocked, id=5348, stack(0x000000d700b00000,0x000000d700c00000)]
  0x00000209f7a3e750 JavaThread "Execution worker Thread 11" [_thread_blocked, id=19352, stack(0x000000d700c00000,0x000000d700d00000)]
  0x00000209f7a400a0 JavaThread "Cache worker for execution history cache (C:\Users\asepr\mobile-app\mobile\node_modules\@react-native\gradle-plugin\.gradle\9.0.0\executionHistory)" [_thread_blocked, id=9744, stack(0x000000d700d00000,0x000000d700e00000)]
  0x00000209f7a3ec60 JavaThread "Unconstrained build operations Thread 40" [_thread_blocked, id=23292, stack(0x000000d700e00000,0x000000d700f00000)]
  0x00000209f7a405b0 JavaThread "Unconstrained build operations Thread 41" [_thread_blocked, id=3472, stack(0x000000d700f00000,0x000000d701000000)]
  0x00000209f7a3f170 JavaThread "Unconstrained build operations Thread 42" [_thread_blocked, id=17916, stack(0x000000d701000000,0x000000d701100000)]
  0x00000209f7a3f680 JavaThread "Unconstrained build operations Thread 43" [_thread_blocked, id=20772, stack(0x000000d701100000,0x000000d701200000)]
  0x00000209f7a3fb90 JavaThread "Unconstrained build operations Thread 44" [_thread_blocked, id=23480, stack(0x000000d701200000,0x000000d701300000)]
  0x00000209f7a3ce00 JavaThread "Unconstrained build operations Thread 45" [_thread_blocked, id=5368, stack(0x000000d701300000,0x000000d701400000)]
  0x00000209f7a414e0 JavaThread "Unconstrained build operations Thread 46" [_thread_blocked, id=7648, stack(0x000000d701400000,0x000000d701500000)]
  0x00000209f7a42e30 JavaThread "Unconstrained build operations Thread 47" [_thread_blocked, id=10884, stack(0x000000d701500000,0x000000d701600000)]
  0x00000209f7a43d60 JavaThread "Unconstrained build operations Thread 48" [_thread_blocked, id=3212, stack(0x000000d701600000,0x000000d701700000)]
  0x00000209f7a43850 JavaThread "Unconstrained build operations Thread 49" [_thread_blocked, id=9260, stack(0x000000d701700000,0x000000d701800000)]
  0x00000209f7a43340 JavaThread "Unconstrained build operations Thread 50" [_thread_blocked, id=8396, stack(0x000000d701800000,0x000000d701900000)]
  0x00000209f7a44270 JavaThread "Unconstrained build operations Thread 51" [_thread_blocked, id=8336, stack(0x000000d701900000,0x000000d701a00000)]
  0x00000209f7a42920 JavaThread "Unconstrained build operations Thread 52" [_thread_blocked, id=20868, stack(0x000000d701a00000,0x000000d701b00000)]
  0x00000209f7a40ac0 JavaThread "Unconstrained build operations Thread 53" [_thread_blocked, id=14424, stack(0x000000d701b00000,0x000000d701c00000)]
  0x00000209f7a40fd0 JavaThread "Unconstrained build operations Thread 54" [_thread_blocked, id=21688, stack(0x000000d701c00000,0x000000d701d00000)]
  0x00000209f7a419f0 JavaThread "Unconstrained build operations Thread 55" [_thread_blocked, id=13584, stack(0x000000d701d00000,0x000000d701e00000)]
  0x00000209f7a41f00 JavaThread "Unconstrained build operations Thread 56" [_thread_blocked, id=14228, stack(0x000000d701e00000,0x000000d701f00000)]
  0x00000209f7a42410 JavaThread "Unconstrained build operations Thread 57" [_thread_blocked, id=9900, stack(0x000000d701f00000,0x000000d702000000)]
  0x00000209f7958300 JavaThread "Unconstrained build operations Thread 58" [_thread_blocked, id=5096, stack(0x000000d702000000,0x000000d702100000)]
  0x00000209f79573d0 JavaThread "Unconstrained build operations Thread 59" [_thread_blocked, id=16416, stack(0x000000d702100000,0x000000d702200000)]
  0x00000209f7955060 JavaThread "Unconstrained build operations Thread 60" [_thread_blocked, id=21516, stack(0x000000d702200000,0x000000d702300000)]
  0x00000209f7958810 JavaThread "Unconstrained build operations Thread 61" [_thread_blocked, id=20292, stack(0x000000d702300000,0x000000d702400000)]
  0x00000209f79564a0 JavaThread "Unconstrained build operations Thread 62" [_thread_blocked, id=5084, stack(0x000000d702400000,0x000000d702500000)]
  0x00000209f79569b0 JavaThread "Unconstrained build operations Thread 63" [_thread_blocked, id=15580, stack(0x000000d702500000,0x000000d702600000)]
  0x00000209f7957df0 JavaThread "Unconstrained build operations Thread 64" [_thread_blocked, id=7856, stack(0x000000d702600000,0x000000d702700000)]
  0x00000209f7958d20 JavaThread "Unconstrained build operations Thread 65" [_thread_blocked, id=17152, stack(0x000000d702700000,0x000000d702800000)]
  0x00000209f7956ec0 JavaThread "Unconstrained build operations Thread 66" [_thread_blocked, id=6448, stack(0x000000d702800000,0x000000d702900000)]
  0x00000209f79578e0 JavaThread "Unconstrained build operations Thread 67" [_thread_blocked, id=8412, stack(0x000000d702900000,0x000000d702a00000)]
  0x00000209f7955570 JavaThread "Unconstrained build operations Thread 68" [_thread_blocked, id=4972, stack(0x000000d702a00000,0x000000d702b00000)]
  0x00000209f7959230 JavaThread "Unconstrained build operations Thread 69" [_thread_blocked, id=18884, stack(0x000000d702b00000,0x000000d702c00000)]
  0x00000209f7955a80 JavaThread "Unconstrained build operations Thread 70" [_thread_blocked, id=7756, stack(0x000000d702c00000,0x000000d702d00000)]
  0x00000209f7959740 JavaThread "Unconstrained build operations Thread 71" [_thread_blocked, id=10872, stack(0x000000d702d00000,0x000000d702e00000)]
  0x00000209f7955f90 JavaThread "Unconstrained build operations Thread 72" [_thread_blocked, id=2876, stack(0x000000d702e00000,0x000000d702f00000)]
  0x00000209f795c4d0 JavaThread "Unconstrained build operations Thread 73" [_thread_blocked, id=23068, stack(0x000000d702f00000,0x000000d703000000)]
  0x00000209f795b5a0 JavaThread "Unconstrained build operations Thread 74" [_thread_blocked, id=6956, stack(0x000000d703000000,0x000000d703100000)]
  0x00000209f795a670 JavaThread "Unconstrained build operations Thread 75" [_thread_blocked, id=7576, stack(0x000000d703100000,0x000000d703200000)]
  0x00000209f795ab80 JavaThread "Unconstrained build operations Thread 76" [_thread_blocked, id=14108, stack(0x000000d703200000,0x000000d703300000)]
  0x00000209f795bab0 JavaThread "Unconstrained build operations Thread 77" [_thread_blocked, id=5744, stack(0x000000d703300000,0x000000d703400000)]
  0x00000209f7959c50 JavaThread "Unconstrained build operations Thread 78" [_thread_blocked, id=23004, stack(0x000000d703400000,0x000000d703500000)]
  0x00000209f795b090 JavaThread "Unconstrained build operations Thread 79" [_thread_blocked, id=16756, stack(0x000000d703500000,0x000000d703600000)]
  0x00000209f795bfc0 JavaThread "Unconstrained build operations Thread 80" [_thread_blocked, id=20156, stack(0x000000d703600000,0x000000d703700000)]
  0x00000209f795c9e0 JavaThread "Unconstrained build operations Thread 81" [_thread_blocked, id=4080, stack(0x000000d703700000,0x000000d703800000)]
  0x00000209f795a160 JavaThread "Unconstrained build operations Thread 82" [_thread_blocked, id=13540, stack(0x000000d703800000,0x000000d703900000)]
  0x00000209f67faa00 JavaThread "Unconstrained build operations Thread 83" [_thread_blocked, id=17068, stack(0x000000d703900000,0x000000d703a00000)]
  0x00000209f67fc860 JavaThread "Unconstrained build operations Thread 84" [_thread_blocked, id=8684, stack(0x000000d703a00000,0x000000d703b00000)]
  0x00000209f67f9fe0 JavaThread "Unconstrained build operations Thread 85" [_thread_blocked, id=22608, stack(0x000000d703b00000,0x000000d703c00000)]
  0x00000209f67fa4f0 JavaThread "Unconstrained build operations Thread 86" [_thread_blocked, id=16532, stack(0x000000d703c00000,0x000000d703d00000)]
  0x00000209f67fb930 JavaThread "Unconstrained build operations Thread 87" [_thread_blocked, id=6992, stack(0x000000d703d00000,0x000000d703e00000)]
  0x00000209f67faf10 JavaThread "Unconstrained build operations Thread 88" [_thread_blocked, id=832, stack(0x000000d703e00000,0x000000d703f00000)]
  0x00000209f67fb420 JavaThread "Unconstrained build operations Thread 89" [_thread_blocked, id=10356, stack(0x000000d703f00000,0x000000d704000000)]
  0x00000209f67fc350 JavaThread "Unconstrained build operations Thread 90" [_thread_blocked, id=10160, stack(0x000000d704000000,0x000000d704100000)]
  0x00000209f67fbe40 JavaThread "Unconstrained build operations Thread 91" [_thread_blocked, id=10952, stack(0x000000d704100000,0x000000d704200000)]
  0x00000209f67fcd70 JavaThread "Unconstrained build operations Thread 92" [_thread_blocked, id=12148, stack(0x000000d704200000,0x000000d704300000)]
  0x00000209f67f95c0 JavaThread "Unconstrained build operations Thread 93" [_thread_blocked, id=18068, stack(0x000000d704300000,0x000000d704400000)]
  0x00000209f6800a30 JavaThread "Unconstrained build operations Thread 94" [_thread_blocked, id=15116, stack(0x000000d704400000,0x000000d704500000)]
  0x00000209f67fd280 JavaThread "Unconstrained build operations Thread 95" [_thread_blocked, id=11668, stack(0x000000d704500000,0x000000d704600000)]
  0x00000209f67fd790 JavaThread "Unconstrained build operations Thread 96" [_thread_blocked, id=20260, stack(0x000000d704600000,0x000000d704700000)]
  0x00000209f67f9ad0 JavaThread "Unconstrained build operations Thread 97" [_thread_blocked, id=23348, stack(0x000000d704700000,0x000000d704800000)]
  0x00000209f67fdca0 JavaThread "Unconstrained build operations Thread 98" [_thread_blocked, id=21452, stack(0x000000d704800000,0x000000d704900000)]
  0x00000209f6800f40 JavaThread "Unconstrained build operations Thread 99" [_thread_blocked, id=988, stack(0x000000d704900000,0x000000d704a00000)]
  0x00000209f67ffb00 JavaThread "Unconstrained build operations Thread 100" [_thread_blocked, id=21408, stack(0x000000d704a00000,0x000000d704b00000)]
  0x00000209f6800010 JavaThread "Unconstrained build operations Thread 101" [_thread_blocked, id=14240, stack(0x000000d704b00000,0x000000d704c00000)]
  0x00000209f67ff5f0 JavaThread "Unconstrained build operations Thread 102" [_thread_blocked, id=3168, stack(0x000000d704c00000,0x000000d704d00000)]
  0x00000209f6800520 JavaThread "Unconstrained build operations Thread 103" [_thread_blocked, id=6880, stack(0x000000d704d00000,0x000000d704e00000)]
  0x00000209f67fe1b0 JavaThread "Unconstrained build operations Thread 104" [_thread_blocked, id=20020, stack(0x000000d704e00000,0x000000d704f00000)]
  0x00000209f67ff0e0 JavaThread "Unconstrained build operations Thread 105" [_thread_blocked, id=22908, stack(0x000000d704f00000,0x000000d705000000)]
  0x00000209f67fe6c0 JavaThread "Unconstrained build operations Thread 106" [_thread_blocked, id=17356, stack(0x000000d705000000,0x000000d705100000)]
  0x00000209f67febd0 JavaThread "Unconstrained build operations Thread 107" [_thread_blocked, id=3788, stack(0x000000d705100000,0x000000d705200000)]
  0x00000209f7a780d0 JavaThread "Unconstrained build operations Thread 108" [_thread_blocked, id=15964, stack(0x000000d705200000,0x000000d705300000)]
  0x00000209f7a785e0 JavaThread "Unconstrained build operations Thread 109" [_thread_blocked, id=8372, stack(0x000000d705300000,0x000000d705400000)]
  0x00000209f7a771a0 JavaThread "Unconstrained build operations Thread 110" [_thread_blocked, id=4824, stack(0x000000d705400000,0x000000d705500000)]
  0x00000209f7a77bc0 JavaThread "Unconstrained build operations Thread 111" [_thread_blocked, id=6904, stack(0x000000d705500000,0x000000d705600000)]
  0x00000209f7a78af0 JavaThread "Unconstrained build operations Thread 112" [_thread_blocked, id=22640, stack(0x000000d705600000,0x000000d705700000)]
  0x00000209f7a776b0 JavaThread "jar transforms Thread 2" [_thread_blocked, id=3156, stack(0x000000d705700000,0x000000d705800000)]
  0x00000209f7a79510 JavaThread "jar transforms Thread 3" [_thread_blocked, id=20108, stack(0x000000d705800000,0x000000d705900000)]
  0x00000209f7a75d60 JavaThread "Problems report writer" [_thread_blocked, id=12196, stack(0x000000d705900000,0x000000d705a00000)]
  0x00000209f7a76270 JavaThread "Unconstrained build operations Thread 113" [_thread_blocked, id=16640, stack(0x000000d705a00000,0x000000d705b00000)]
  0x00000209f7a79f30 JavaThread "Unconstrained build operations Thread 114" [_thread_blocked, id=14000, stack(0x000000d705b00000,0x000000d705c00000)]
  0x00000209f7a76780 JavaThread "Unconstrained build operations Thread 115" [_thread_blocked, id=10196, stack(0x000000d705c00000,0x000000d705d00000)]
  0x00000209f7a7a440 JavaThread "Unconstrained build operations Thread 116" [_thread_blocked, id=12020, stack(0x000000d705d00000,0x000000d705e00000)]
  0x00000209f7a76c90 JavaThread "Unconstrained build operations Thread 117" [_thread_blocked, id=11296, stack(0x000000d705e00000,0x000000d705f00000)]
  0x00000209f7a7b370 JavaThread "Unconstrained build operations Thread 118" [_thread_blocked, id=8140, stack(0x000000d705f00000,0x000000d706000000)]
  0x00000209f7a7d6e0 JavaThread "Unconstrained build operations Thread 119" [_thread_blocked, id=10728, stack(0x000000d706000000,0x000000d706100000)]
  0x00000209f7a7d1d0 JavaThread "Unconstrained build operations Thread 120" [_thread_blocked, id=15256, stack(0x000000d706100000,0x000000d706200000)]
  0x00000209f7a7b880 JavaThread "jar transforms Thread 4" [_thread_blocked, id=11756, stack(0x000000d706200000,0x000000d706300000)]
  0x00000209f7a7ae60 JavaThread "jar transforms Thread 5" [_thread_blocked, id=5240, stack(0x000000d706300000,0x000000d706400000)]
  0x00000209f7a7bd90 JavaThread "jar transforms Thread 6" [_thread_blocked, id=1368, stack(0x000000d706400000,0x000000d706500000)]
  0x00000209fb4f7320 JavaThread "build event listener" [_thread_blocked, id=14964, stack(0x000000d706500000,0x000000d706600000)]
  0x00000209fb4f8250 JavaThread "jar transforms Thread 7" [_thread_blocked, id=23276, stack(0x000000d706600000,0x000000d706700000)]
  0x00000209fb4f5ee0 JavaThread "jar transforms Thread 8" [_thread_blocked, id=20712, stack(0x000000d706700000,0x000000d706800000)]
  0x00000209fb4f9690 JavaThread "jar transforms Thread 9" [_thread_blocked, id=19228, stack(0x000000d706800000,0x000000d706900000)]
  0x00000209fb4fce40 JavaThread "jar transforms Thread 10" [_thread_blocked, id=11168, stack(0x000000d706900000,0x000000d706a00000)]
  0x00000209fb4fafe0 JavaThread "jar transforms Thread 11" [_thread_blocked, id=13828, stack(0x000000d706a00000,0x000000d706b00000)]
  0x00000209fb4fc420 JavaThread "jar transforms Thread 12" [_thread_blocked, id=21248, stack(0x000000d706b00000,0x000000d706c00000)]
  0x00000209fdb90320 JavaThread "Cache worker for execution history cache (C:\Users\asepr\mobile-app\mobile\android\.gradle\9.0.0\executionHistory)" [_thread_blocked, id=3044, stack(0x000000d706e00000,0x000000d706f00000)]
  0x00000209f53abd30 JavaThread "C2 CompilerThread1" daemon [_thread_in_native, id=20444, stack(0x000000d706f00000,0x000000d707000000)]
  0x00000209fdb8e9d0 JavaThread "WorkerExecutor Queue" [_thread_blocked, id=8868, stack(0x000000d707000000,0x000000d707100000)]
  0x00000209fdb8f900 JavaThread "pool-3-thread-1" [_thread_blocked, id=20272, stack(0x000000d707100000,0x000000d707200000)]
  0x00000209fdb90830 JavaThread "stderr" [_thread_in_native, id=3940, stack(0x000000d707200000,0x000000d707300000)]
  0x00000209fdb8d080 JavaThread "stdout" [_thread_in_native, id=20348, stack(0x000000d707300000,0x000000d707400000)]
  0x00000209fdb90d40 JavaThread "Cache worker for Java compile cache (C:\Users\asepr\.gradle\caches\9.0.0\javaCompile)" [_thread_blocked, id=3304, stack(0x000000d707400000,0x000000d707500000)]
  0x00000209fdb94f10 JavaThread "Build operations" [_thread_blocked, id=16652, stack(0x000000d707500000,0x000000d707600000)]
  0x00000209fdb930b0 JavaThread "Build operations Thread 2" [_thread_blocked, id=4792, stack(0x000000d707600000,0x000000d707700000)]
  0x00000209fdb92180 JavaThread "Build operations Thread 3" [_thread_blocked, id=11832, stack(0x000000d707700000,0x000000d707800000)]
  0x00000209fdb91c70 JavaThread "Build operations Thread 4" [_thread_blocked, id=19752, stack(0x000000d707800000,0x000000d707900000)]
  0x00000209fdb94a00 JavaThread "Build operations Thread 5" [_thread_blocked, id=7592, stack(0x000000d707900000,0x000000d707a00000)]
  0x00000209fdb935c0 JavaThread "Build operations Thread 6" [_thread_blocked, id=21552, stack(0x000000d707a00000,0x000000d707b00000)]
  0x00000209fdb93fe0 JavaThread "Build operations Thread 7" [_thread_blocked, id=15388, stack(0x000000d707b00000,0x000000d707c00000)]
  0x00000209fdb91760 JavaThread "Build operations Thread 8" [_thread_blocked, id=22380, stack(0x000000d707c00000,0x000000d707d00000)]
  0x00000209fdb95420 JavaThread "Build operations Thread 9" [_thread_blocked, id=23160, stack(0x000000d707d00000,0x000000d707e00000)]
  0x00000209fdb95930 JavaThread "Build operations Thread 10" [_thread_blocked, id=1492, stack(0x000000d707e00000,0x000000d707f00000)]
  0x00000209fdb95e40 JavaThread "Build operations Thread 11" [_thread_blocked, id=13596, stack(0x000000d707f00000,0x000000d708000000)]
  0x00000209fdb92690 JavaThread "WorkerExecutor Queue Thread 2" [_thread_in_native, id=21836, stack(0x000000d708000000,0x000000d708100000)]
  0x00000209fdb96860 JavaThread "Build operations Thread 12" [_thread_blocked, id=14996, stack(0x000000d708100000,0x000000d708200000)]
  0x00000209fdb96350 JavaThread "WorkerExecutor Queue Thread 3" [_thread_in_native, id=18516, stack(0x000000d708200000,0x000000d708300000)]
  0x00000209fdb9a520 JavaThread "WorkerExecutor Queue Thread 4" [_thread_in_native, id=22752, stack(0x000000d708300000,0x000000d708400000)]
  0x00000209fdb9a010 JavaThread "WorkerExecutor Queue Thread 5" [_thread_blocked, id=16272, stack(0x000000d708400000,0x000000d708500000)]
  0x00000209fdb995f0 JavaThread "RMI Scheduler(0)" daemon [_thread_blocked, id=16572, stack(0x000000d708500000,0x000000d708600000)]
  0x00000209fb4f7830 JavaThread "RMI RenewClean-[127.0.0.1:17877,org.jetbrains.kotlin.daemon.common.LoopbackNetworkInterface$ClientLoopbackSocketFactory@2cd5eff]" daemon [_thread_blocked, id=5288, stack(0x000000d708600000,0x000000d708700000)]
  0x00000209fd8f66b0 JavaThread "RMI GC Daemon" daemon [_thread_blocked, id=11400, stack(0x000000d708700000,0x000000d708800000)]
  0x00000209fd8f4d60 JavaThread "RMI TCP Accept-0" daemon [_thread_in_native, id=19744, stack(0x000000d708800000,0x000000d708900000)]
  0x00000209fd8f5c90 JavaThread "RMI Reaper" [_thread_blocked, id=16052, stack(0x000000d708900000,0x000000d708a00000)]
  0x00000209fea626a0 JavaThread "RMI TCP Connection(1)-127.0.0.1" daemon [_thread_in_native, id=14860, stack(0x000000d708a00000,0x000000d708b00000)]
  0x00000209fb82e670 JavaThread "WorkerExecutor Queue Thread 6" [_thread_blocked, id=22848, stack(0x000000d708b00000,0x000000d708c00000)]
  0x00000209fef37d90 JavaThread "RMI RenewClean-[127.0.0.1:17877,org.jetbrains.kotlin.daemon.common.LoopbackNetworkInterface$ClientLoopbackSocketFactory@6f95863a]" daemon [_thread_blocked, id=1468, stack(0x000000d708c00000,0x000000d708d00000)]
  0x00000209fb82dc50 JavaThread "RMI TCP Connection(2)-127.0.0.1" daemon [_thread_in_native, id=19160, stack(0x000000d708d00000,0x000000d708e00000)]
  0x00000209855b8aa0 JavaThread "WorkerExecutor Queue Thread 7" [_thread_blocked, id=13468, stack(0x000000d708e00000,0x000000d708f00000)]
  0x00000209849131a0 JavaThread "RMI RenewClean-[127.0.0.1:17877,org.jetbrains.kotlin.daemon.common.LoopbackNetworkInterface$ClientLoopbackSocketFactory@3a7afc6f]" daemon [_thread_blocked, id=10760, stack(0x000000d708f00000,0x000000d709000000)]
  0x00000209fb82eb80 JavaThread "RMI TCP Connection(3)-127.0.0.1" daemon [_thread_in_native, id=3260, stack(0x000000d709000000,0x000000d709100000)]
  0x000002098503a000 JavaThread "WorkerExecutor Queue Thread 8" [_thread_blocked, id=8528, stack(0x000000d709100000,0x000000d709200000)]
  0x00000209fac9ea80 JavaThread "WorkerExecutor Queue Thread 9" [_thread_blocked, id=21400, stack(0x000000d709400000,0x000000d709500000)]
  0x00000209fac9e060 JavaThread "WorkerExecutor Queue Thread 10" [_thread_blocked, id=16324, stack(0x000000d709500000,0x000000d709600000)]
  0x000002098558faa0 JavaThread "WorkerExecutor Queue Thread 11" [_thread_blocked, id=10664, stack(0x000000d709600000,0x000000d709700000)]
  0x0000020985039af0 JavaThread "WorkerExecutor Queue Thread 12" [_thread_blocked, id=5404, stack(0x000000d709700000,0x000000d709800000)]

Other Threads:
  0x00000209d54befc0 VMThread "VM Thread" [stack: 0x000000d779b00000,0x000000d779c00000] [id=21316]
  0x00000209f51a9b90 WatcherThread [stack: 0x000000d77a700000,0x000000d77a800000] [id=15668]
  0x00000209b537d900 GCTaskThread "GC Thread#0" [stack: 0x000000d779600000,0x000000d779700000] [id=9328]
  0x00000209f52fbfa0 GCTaskThread "GC Thread#1" [stack: 0x000000d77aa00000,0x000000d77ab00000] [id=10132]
  0x00000209f5ab79b0 GCTaskThread "GC Thread#2" [stack: 0x000000d77ab00000,0x000000d77ac00000] [id=19812]
  0x00000209f6741090 GCTaskThread "GC Thread#3" [stack: 0x000000d77ac00000,0x000000d77ad00000] [id=23240]
  0x00000209f6741350 GCTaskThread "GC Thread#4" [stack: 0x000000d77ad00000,0x000000d77ae00000] [id=21964]
  0x00000209f74d6580 GCTaskThread "GC Thread#5" [stack: 0x000000d77b700000,0x000000d77b800000] [id=12376]
  0x00000209f74d5d40 GCTaskThread "GC Thread#6" [stack: 0x000000d77b800000,0x000000d77b900000] [id=4128]
  0x00000209f74d5a80 GCTaskThread "GC Thread#7" [stack: 0x000000d77b900000,0x000000d77ba00000] [id=18464]
  0x00000209f74d6000 GCTaskThread "GC Thread#8" [stack: 0x000000d77ba00000,0x000000d77bb00000] [id=18260]
  0x00000209f74d62c0 GCTaskThread "GC Thread#9" [stack: 0x000000d77bb00000,0x000000d77bc00000] [id=23156]
  0x00000209b537e730 ConcurrentGCThread "G1 Main Marker" [stack: 0x000000d779700000,0x000000d779800000] [id=22808]
  0x00000209b56ee360 ConcurrentGCThread "G1 Conc#0" [stack: 0x000000d779800000,0x000000d779900000] [id=8428]
  0x00000209f74d6b00 ConcurrentGCThread "G1 Conc#1" [stack: 0x000000d77bf00000,0x000000d77c000000] [id=9184]
  0x00000209f74d6dc0 ConcurrentGCThread "G1 Conc#2" [stack: 0x000000d77c000000,0x000000d77c100000] [id=23432]
  0x00000209b5729930 ConcurrentGCThread "G1 Refine#0" [stack: 0x000000d779900000,0x000000d779a00000] [id=16260]
  0x00000209d53752c0 ConcurrentGCThread "G1 Service" [stack: 0x000000d779a00000,0x000000d779b00000] [id=21380]

Threads with active compile tasks:
C2 CompilerThread0  53829 30968 %     4       com.android.tools.r8.internal.s70::a @ 12 (500 bytes)
C2 CompilerThread1  53829 30840   !   4       org.gradle.execution.plan.DefaultPlanExecutor$ExecutorWorker::lambda$getNextItem$1 (177 bytes)

VM state: not at safepoint (normal execution)

VM Mutex/Monitor currently owned by a thread: None

Heap address: 0x0000000080000000, size: 2048 MB, Compressed Oops mode: 32-bit

CDS archive(s) mapped at: [0x00000209d6000000-0x00000209d6bb0000-0x00000209d6bb0000), size 12255232, SharedBaseAddress: 0x00000209d6000000, ArchiveRelocationMode: 1.
Compressed class space mapped at: 0x00000209d7000000-0x00000209f1000000, reserved size: 436207616
Narrow klass base: 0x00000209d6000000, Narrow klass shift: 0, Narrow klass range: 0x100000000

GC Precious Log:
 CPUs: 12 total, 12 available
 Memory: 6005M
 Large Page Support: Disabled
 NUMA Support: Disabled
 Compressed Oops: Enabled (32-bit)
 Heap Region Size: 1M
 Heap Min Capacity: 8M
 Heap Initial Capacity: 94M
 Heap Max Capacity: 2G
 Pre-touch: Disabled
 Parallel Workers: 10
 Concurrent Workers: 3
 Concurrent Refinement Workers: 10
 Periodic GC: Disabled

Heap:
 garbage-first heap   total 546816K, used 422612K [0x0000000080000000, 0x0000000100000000)
  region size 1024K, 63 young (64512K), 11 survivors (11264K)
 Metaspace       used 159140K, committed 161920K, reserved 622592K
  class space    used 21671K, committed 22976K, reserved 425984K

Heap Regions: E=young(eden), S=young(survivor), O=old, HS=humongous(starts), HC=humongous(continues), CS=collection set, F=free, OA=open archive, CA=closed archive, TAMS=top-at-mark-start (previous, next)
|   0|0x0000000080000000, 0x0000000080100000, 0x0000000080100000|100%|HS|  |TAMS 0x0000000080100000, 0x0000000080000000| Complete 
|   1|0x0000000080100000, 0x0000000080200000, 0x0000000080200000|100%|HC|  |TAMS 0x0000000080200000, 0x0000000080100000| Complete 
|   2|0x0000000080200000, 0x0000000080300000, 0x0000000080300000|100%|HC|  |TAMS 0x0000000080300000, 0x0000000080200000| Complete 
|   3|0x0000000080300000, 0x0000000080400000, 0x0000000080400000|100%| O|  |TAMS 0x0000000080400000, 0x0000000080300000| Untracked 
|   4|0x0000000080400000, 0x0000000080500000, 0x0000000080500000|100%| O|  |TAMS 0x0000000080500000, 0x0000000080400000| Untracked 
|   5|0x0000000080500000, 0x0000000080600000, 0x0000000080600000|100%| O|  |TAMS 0x0000000080600000, 0x0000000080500000| Untracked 
|   6|0x0000000080600000, 0x0000000080700000, 0x0000000080700000|100%|HS|  |TAMS 0x0000000080700000, 0x0000000080600000| Complete 
|   7|0x0000000080700000, 0x0000000080800000, 0x0000000080800000|100%| O|  |TAMS 0x0000000080800000, 0x0000000080700000| Untracked 
|   8|0x0000000080800000, 0x0000000080900000, 0x0000000080900000|100%| O|  |TAMS 0x0000000080900000, 0x0000000080800000| Untracked 
|   9|0x0000000080900000, 0x0000000080a00000, 0x0000000080a00000|100%| O|  |TAMS 0x0000000080a00000, 0x0000000080900000| Untracked 
|  10|0x0000000080a00000, 0x0000000080b00000, 0x0000000080b00000|100%| O|  |TAMS 0x0000000080b00000, 0x0000000080a00000| Untracked 
|  11|0x0000000080b00000, 0x0000000080c00000, 0x0000000080c00000|100%| O|  |TAMS 0x0000000080c00000, 0x0000000080b00000| Untracked 
|  12|0x0000000080c00000, 0x0000000080d00000, 0x0000000080d00000|100%| O|  |TAMS 0x0000000080d00000, 0x0000000080c00000| Untracked 
|  13|0x0000000080d00000, 0x0000000080e00000, 0x0000000080e00000|100%| O|  |TAMS 0x0000000080e00000, 0x0000000080d00000| Untracked 
|  14|0x0000000080e00000, 0x0000000080f00000, 0x0000000080f00000|100%| O|  |TAMS 0x0000000080f00000, 0x0000000080e00000| Untracked 
|  15|0x0000000080f00000, 0x0000000081000000, 0x0000000081000000|100%| O|  |TAMS 0x0000000081000000, 0x0000000080f00000| Untracked 
|  16|0x0000000081000000, 0x0000000081100000, 0x0000000081100000|100%| O|  |TAMS 0x0000000081100000, 0x0000000081000000| Untracked 
|  17|0x0000000081100000, 0x0000000081200000, 0x0000000081200000|100%| O|  |TAMS 0x0000000081200000, 0x0000000081100000| Untracked 
|  18|0x0000000081200000, 0x0000000081300000, 0x0000000081300000|100%| O|  |TAMS 0x0000000081300000, 0x0000000081200000| Untracked 
|  19|0x0000000081300000, 0x0000000081400000, 0x0000000081400000|100%| O|  |TAMS 0x0000000081400000, 0x0000000081300000| Untracked 
|  20|0x0000000081400000, 0x0000000081500000, 0x0000000081500000|100%| O|  |TAMS 0x0000000081500000, 0x0000000081400000| Untracked 
|  21|0x0000000081500000, 0x0000000081600000, 0x0000000081600000|100%| O|  |TAMS 0x0000000081600000, 0x0000000081500000| Untracked 
|  22|0x0000000081600000, 0x0000000081700000, 0x0000000081700000|100%| O|  |TAMS 0x0000000081700000, 0x0000000081600000| Untracked 
|  23|0x0000000081700000, 0x0000000081800000, 0x0000000081800000|100%| O|  |TAMS 0x0000000081800000, 0x0000000081700000| Untracked 
|  24|0x0000000081800000, 0x0000000081900000, 0x0000000081900000|100%| O|  |TAMS 0x0000000081900000, 0x0000000081800000| Untracked 
|  25|0x0000000081900000, 0x0000000081a00000, 0x0000000081a00000|100%| O|  |TAMS 0x0000000081a00000, 0x0000000081900000| Untracked 
|  26|0x0000000081a00000, 0x0000000081b00000, 0x0000000081b00000|100%| O|  |TAMS 0x0000000081b00000, 0x0000000081a00000| Untracked 
|  27|0x0000000081b00000, 0x0000000081c00000, 0x0000000081c00000|100%| O|  |TAMS 0x0000000081c00000, 0x0000000081b00000| Untracked 
|  28|0x0000000081c00000, 0x0000000081d00000, 0x0000000081d00000|100%| O|  |TAMS 0x0000000081d00000, 0x0000000081c00000| Untracked 
|  29|0x0000000081d00000, 0x0000000081e00000, 0x0000000081e00000|100%| O|  |TAMS 0x0000000081e00000, 0x0000000081d00000| Untracked 
|  30|0x0000000081e00000, 0x0000000081f00000, 0x0000000081f00000|100%|HS|  |TAMS 0x0000000081f00000, 0x0000000081e00000| Complete 
|  31|0x0000000081f00000, 0x0000000082000000, 0x0000000082000000|100%|HC|  |TAMS 0x0000000082000000, 0x0000000081f00000| Complete 
|  32|0x0000000082000000, 0x0000000082100000, 0x0000000082100000|100%|HC|  |TAMS 0x0000000082100000, 0x0000000082000000| Complete 
|  33|0x0000000082100000, 0x0000000082200000, 0x0000000082200000|100%|HS|  |TAMS 0x0000000082200000, 0x0000000082100000| Complete 
|  34|0x0000000082200000, 0x0000000082300000, 0x0000000082300000|100%|HC|  |TAMS 0x0000000082300000, 0x0000000082200000| Complete 
|  35|0x0000000082300000, 0x0000000082400000, 0x0000000082400000|100%|HC|  |TAMS 0x0000000082400000, 0x0000000082300000| Complete 
|  36|0x0000000082400000, 0x0000000082500000, 0x0000000082500000|100%| O|  |TAMS 0x0000000082500000, 0x0000000082400000| Untracked 
|  37|0x0000000082500000, 0x0000000082600000, 0x0000000082600000|100%| O|  |TAMS 0x0000000082600000, 0x0000000082500000| Untracked 
|  38|0x0000000082600000, 0x0000000082700000, 0x0000000082700000|100%| O|  |TAMS 0x0000000082700000, 0x0000000082600000| Untracked 
|  39|0x0000000082700000, 0x0000000082800000, 0x0000000082800000|100%| O|  |TAMS 0x0000000082800000, 0x0000000082700000| Untracked 
|  40|0x0000000082800000, 0x0000000082900000, 0x0000000082900000|100%| O|  |TAMS 0x0000000082900000, 0x0000000082800000| Untracked 
|  41|0x0000000082900000, 0x0000000082a00000, 0x0000000082a00000|100%| O|  |TAMS 0x0000000082a00000, 0x0000000082900000| Untracked 
|  42|0x0000000082a00000, 0x0000000082b00000, 0x0000000082b00000|100%| O|  |TAMS 0x0000000082b00000, 0x0000000082a00000| Untracked 
|  43|0x0000000082b00000, 0x0000000082c00000, 0x0000000082c00000|100%| O|  |TAMS 0x0000000082c00000, 0x0000000082b00000| Untracked 
|  44|0x0000000082c00000, 0x0000000082d00000, 0x0000000082d00000|100%| O|  |TAMS 0x0000000082d00000, 0x0000000082c00000| Untracked 
|  45|0x0000000082d00000, 0x0000000082e00000, 0x0000000082e00000|100%| O|  |TAMS 0x0000000082d00000, 0x0000000082d00000| Untracked 
|  46|0x0000000082e00000, 0x0000000082f00000, 0x0000000082f00000|100%|HS|  |TAMS 0x0000000082f00000, 0x0000000082e00000| Complete 
|  47|0x0000000082f00000, 0x0000000083000000, 0x0000000083000000|100%| O|  |TAMS 0x0000000082f00000, 0x0000000082f00000| Untracked 
|  48|0x0000000083000000, 0x0000000083100000, 0x0000000083100000|100%| O|  |TAMS 0x0000000083100000, 0x0000000083000000| Untracked 
|  49|0x0000000083100000, 0x0000000083200000, 0x0000000083200000|100%| O|  |TAMS 0x0000000083200000, 0x0000000083100000| Untracked 
|  50|0x0000000083200000, 0x0000000083300000, 0x0000000083300000|100%| O|  |TAMS 0x0000000083300000, 0x0000000083200000| Untracked 
|  51|0x0000000083300000, 0x0000000083400000, 0x0000000083400000|100%| O|  |TAMS 0x0000000083400000, 0x0000000083300000| Untracked 
|  52|0x0000000083400000, 0x0000000083500000, 0x0000000083500000|100%| O|  |TAMS 0x0000000083500000, 0x0000000083400000| Untracked 
|  53|0x0000000083500000, 0x0000000083600000, 0x0000000083600000|100%| O|  |TAMS 0x0000000083600000, 0x0000000083500000| Untracked 
|  54|0x0000000083600000, 0x0000000083700000, 0x0000000083700000|100%| O|  |TAMS 0x0000000083700000, 0x0000000083600000| Untracked 
|  55|0x0000000083700000, 0x0000000083800000, 0x0000000083800000|100%| O|  |TAMS 0x0000000083800000, 0x0000000083700000| Untracked 
|  56|0x0000000083800000, 0x0000000083900000, 0x0000000083900000|100%| O|  |TAMS 0x0000000083900000, 0x0000000083800000| Untracked 
|  57|0x0000000083900000, 0x0000000083a00000, 0x0000000083a00000|100%| O|  |TAMS 0x0000000083a00000, 0x0000000083900000| Untracked 
|  58|0x0000000083a00000, 0x0000000083b00000, 0x0000000083b00000|100%| O|  |TAMS 0x0000000083b00000, 0x0000000083a00000| Untracked 
|  59|0x0000000083b00000, 0x0000000083c00000, 0x0000000083c00000|100%| O|  |TAMS 0x0000000083c00000, 0x0000000083b00000| Untracked 
|  60|0x0000000083c00000, 0x0000000083d00000, 0x0000000083d00000|100%| O|  |TAMS 0x0000000083d00000, 0x0000000083c00000| Untracked 
|  61|0x0000000083d00000, 0x0000000083e00000, 0x0000000083e00000|100%| O|  |TAMS 0x0000000083e00000, 0x0000000083d00000| Untracked 
|  62|0x0000000083e00000, 0x0000000083f00000, 0x0000000083f00000|100%| O|  |TAMS 0x0000000083f00000, 0x0000000083e00000| Untracked 
|  63|0x0000000083f00000, 0x0000000084000000, 0x0000000084000000|100%| O|  |TAMS 0x0000000084000000, 0x0000000083f00000| Untracked 
|  64|0x0000000084000000, 0x0000000084100000, 0x0000000084100000|100%| O|  |TAMS 0x0000000084100000, 0x0000000084000000| Untracked 
|  65|0x0000000084100000, 0x0000000084200000, 0x0000000084200000|100%| O|  |TAMS 0x0000000084200000, 0x0000000084100000| Untracked 
|  66|0x0000000084200000, 0x0000000084300000, 0x0000000084300000|100%| O|  |TAMS 0x0000000084300000, 0x0000000084200000| Untracked 
|  67|0x0000000084300000, 0x0000000084400000, 0x0000000084400000|100%| O|  |TAMS 0x0000000084400000, 0x0000000084300000| Untracked 
|  68|0x0000000084400000, 0x0000000084500000, 0x0000000084500000|100%| O|  |TAMS 0x0000000084500000, 0x0000000084400000| Untracked 
|  69|0x0000000084500000, 0x0000000084600000, 0x0000000084600000|100%| O|  |TAMS 0x0000000084600000, 0x0000000084500000| Untracked 
|  70|0x0000000084600000, 0x0000000084700000, 0x0000000084700000|100%| O|  |TAMS 0x0000000084700000, 0x0000000084600000| Untracked 
|  71|0x0000000084700000, 0x0000000084800000, 0x0000000084800000|100%| O|  |TAMS 0x0000000084800000, 0x0000000084700000| Untracked 
|  72|0x0000000084800000, 0x0000000084900000, 0x0000000084900000|100%| O|  |TAMS 0x0000000084900000, 0x0000000084800000| Untracked 
|  73|0x0000000084900000, 0x0000000084a00000, 0x0000000084a00000|100%| O|  |TAMS 0x0000000084900000, 0x0000000084900000| Untracked 
|  74|0x0000000084a00000, 0x0000000084b00000, 0x0000000084b00000|100%| O|  |TAMS 0x0000000084b00000, 0x0000000084a00000| Untracked 
|  75|0x0000000084b00000, 0x0000000084c00000, 0x0000000084c00000|100%| O|  |TAMS 0x0000000084c00000, 0x0000000084b00000| Untracked 
|  76|0x0000000084c00000, 0x0000000084d00000, 0x0000000084d00000|100%|HS|  |TAMS 0x0000000084d00000, 0x0000000084c00000| Complete 
|  77|0x0000000084d00000, 0x0000000084e00000, 0x0000000084e00000|100%|HS|  |TAMS 0x0000000084e00000, 0x0000000084d00000| Complete 
|  78|0x0000000084e00000, 0x0000000084f00000, 0x0000000084f00000|100%|HS|  |TAMS 0x0000000084f00000, 0x0000000084e00000| Complete 
|  79|0x0000000084f00000, 0x0000000085000000, 0x0000000085000000|100%| O|  |TAMS 0x0000000085000000, 0x0000000084f00000| Untracked 
|  80|0x0000000085000000, 0x0000000085100000, 0x0000000085100000|100%|HS|  |TAMS 0x0000000085100000, 0x0000000085000000| Complete 
|  81|0x0000000085100000, 0x0000000085200000, 0x0000000085200000|100%|HS|  |TAMS 0x0000000085200000, 0x0000000085100000| Complete 
|  82|0x0000000085200000, 0x0000000085300000, 0x0000000085300000|100%| O|  |TAMS 0x0000000085300000, 0x0000000085200000| Untracked 
|  83|0x0000000085300000, 0x0000000085400000, 0x0000000085400000|100%| O|  |TAMS 0x0000000085400000, 0x0000000085300000| Untracked 
|  84|0x0000000085400000, 0x0000000085500000, 0x0000000085500000|100%| O|  |TAMS 0x0000000085500000, 0x0000000085400000| Untracked 
|  85|0x0000000085500000, 0x0000000085600000, 0x0000000085600000|100%| O|  |TAMS 0x0000000085600000, 0x0000000085500000| Untracked 
|  86|0x0000000085600000, 0x0000000085700000, 0x0000000085700000|100%|HS|  |TAMS 0x0000000085700000, 0x0000000085600000| Complete 
|  87|0x0000000085700000, 0x0000000085800000, 0x0000000085800000|100%| O|  |TAMS 0x0000000085800000, 0x0000000085700000| Untracked 
|  88|0x0000000085800000, 0x0000000085900000, 0x0000000085900000|100%| O|  |TAMS 0x0000000085900000, 0x0000000085800000| Untracked 
|  89|0x0000000085900000, 0x0000000085a00000, 0x0000000085a00000|100%| O|  |TAMS 0x0000000085a00000, 0x0000000085900000| Untracked 
|  90|0x0000000085a00000, 0x0000000085b00000, 0x0000000085b00000|100%| O|  |TAMS 0x0000000085b00000, 0x0000000085a00000| Untracked 
|  91|0x0000000085b00000, 0x0000000085c00000, 0x0000000085c00000|100%| O|  |TAMS 0x0000000085c00000, 0x0000000085b00000| Untracked 
|  92|0x0000000085c00000, 0x0000000085d00000, 0x0000000085d00000|100%| O|  |TAMS 0x0000000085d00000, 0x0000000085c00000| Untracked 
|  93|0x0000000085d00000, 0x0000000085e00000, 0x0000000085e00000|100%| O|  |TAMS 0x0000000085e00000, 0x0000000085d00000| Untracked 
|  94|0x0000000085e00000, 0x0000000085f00000, 0x0000000085f00000|100%| O|  |TAMS 0x0000000085f00000, 0x0000000085e00000| Untracked 
|  95|0x0000000085f00000, 0x0000000086000000, 0x0000000086000000|100%| O|  |TAMS 0x0000000086000000, 0x0000000085f00000| Untracked 
|  96|0x0000000086000000, 0x0000000086100000, 0x0000000086100000|100%| O|  |TAMS 0x0000000086100000, 0x0000000086000000| Untracked 
|  97|0x0000000086100000, 0x0000000086200000, 0x0000000086200000|100%| O|  |TAMS 0x0000000086200000, 0x0000000086100000| Untracked 
|  98|0x0000000086200000, 0x0000000086300000, 0x0000000086300000|100%| O|  |TAMS 0x0000000086300000, 0x0000000086200000| Untracked 
|  99|0x0000000086300000, 0x0000000086400000, 0x0000000086400000|100%|HS|  |TAMS 0x0000000086400000, 0x0000000086300000| Complete 
| 100|0x0000000086400000, 0x0000000086500000, 0x0000000086500000|100%|HC|  |TAMS 0x0000000086500000, 0x0000000086400000| Complete 
| 101|0x0000000086500000, 0x0000000086600000, 0x0000000086600000|100%|HC|  |TAMS 0x0000000086600000, 0x0000000086500000| Complete 
| 102|0x0000000086600000, 0x0000000086700000, 0x0000000086700000|100%| O|  |TAMS 0x0000000086700000, 0x0000000086600000| Untracked 
| 103|0x0000000086700000, 0x0000000086800000, 0x0000000086800000|100%| O|  |TAMS 0x0000000086800000, 0x0000000086700000| Untracked 
| 104|0x0000000086800000, 0x0000000086900000, 0x0000000086900000|100%| O|  |TAMS 0x0000000086900000, 0x0000000086800000| Untracked 
| 105|0x0000000086900000, 0x0000000086a00000, 0x0000000086a00000|100%| O|  |TAMS 0x0000000086a00000, 0x0000000086900000| Untracked 
| 106|0x0000000086a00000, 0x0000000086b00000, 0x0000000086b00000|100%| O|  |TAMS 0x0000000086b00000, 0x0000000086a00000| Untracked 
| 107|0x0000000086b00000, 0x0000000086c00000, 0x0000000086c00000|100%| O|  |TAMS 0x0000000086c00000, 0x0000000086b00000| Untracked 
| 108|0x0000000086c00000, 0x0000000086d00000, 0x0000000086d00000|100%| O|  |TAMS 0x0000000086d00000, 0x0000000086c00000| Untracked 
| 109|0x0000000086d00000, 0x0000000086e00000, 0x0000000086e00000|100%| O|  |TAMS 0x0000000086e00000, 0x0000000086d00000| Untracked 
| 110|0x0000000086e00000, 0x0000000086f00000, 0x0000000086f00000|100%| O|  |TAMS 0x0000000086f00000, 0x0000000086e00000| Untracked 
| 111|0x0000000086f00000, 0x0000000087000000, 0x0000000087000000|100%| O|  |TAMS 0x0000000087000000, 0x0000000086f00000| Untracked 
| 112|0x0000000087000000, 0x0000000087100000, 0x0000000087100000|100%| O|  |TAMS 0x0000000087100000, 0x0000000087000000| Untracked 
| 113|0x0000000087100000, 0x0000000087200000, 0x0000000087200000|100%| O|  |TAMS 0x0000000087200000, 0x0000000087100000| Untracked 
| 114|0x0000000087200000, 0x0000000087300000, 0x0000000087300000|100%| O|  |TAMS 0x0000000087300000, 0x0000000087200000| Untracked 
| 115|0x0000000087300000, 0x0000000087400000, 0x0000000087400000|100%| O|  |TAMS 0x0000000087400000, 0x0000000087300000| Untracked 
| 116|0x0000000087400000, 0x0000000087500000, 0x0000000087500000|100%| O|  |TAMS 0x0000000087500000, 0x0000000087400000| Untracked 
| 117|0x0000000087500000, 0x0000000087600000, 0x0000000087600000|100%| O|  |TAMS 0x0000000087600000, 0x0000000087500000| Untracked 
| 118|0x0000000087600000, 0x0000000087700000, 0x0000000087700000|100%| O|  |TAMS 0x0000000087700000, 0x0000000087600000| Untracked 
| 119|0x0000000087700000, 0x0000000087800000, 0x0000000087800000|100%| O|  |TAMS 0x0000000087800000, 0x0000000087700000| Untracked 
| 120|0x0000000087800000, 0x0000000087900000, 0x0000000087900000|100%| O|  |TAMS 0x0000000087900000, 0x0000000087800000| Untracked 
| 121|0x0000000087900000, 0x0000000087a00000, 0x0000000087a00000|100%| O|  |TAMS 0x0000000087a00000, 0x0000000087900000| Untracked 
| 122|0x0000000087a00000, 0x0000000087b00000, 0x0000000087b00000|100%| O|  |TAMS 0x0000000087b00000, 0x0000000087a00000| Untracked 
| 123|0x0000000087b00000, 0x0000000087c00000, 0x0000000087c00000|100%| O|  |TAMS 0x0000000087c00000, 0x0000000087b00000| Untracked 
| 124|0x0000000087c00000, 0x0000000087d00000, 0x0000000087d00000|100%| O|  |TAMS 0x0000000087d00000, 0x0000000087c00000| Untracked 
| 125|0x0000000087d00000, 0x0000000087e00000, 0x0000000087e00000|100%| O|  |TAMS 0x0000000087e00000, 0x0000000087d00000| Untracked 
| 126|0x0000000087e00000, 0x0000000087f00000, 0x0000000087f00000|100%| O|  |TAMS 0x0000000087f00000, 0x0000000087e00000| Untracked 
| 127|0x0000000087f00000, 0x0000000088000000, 0x0000000088000000|100%| O|  |TAMS 0x0000000088000000, 0x0000000087f00000| Untracked 
| 128|0x0000000088000000, 0x0000000088100000, 0x0000000088100000|100%| O|  |TAMS 0x0000000088100000, 0x0000000088000000| Untracked 
| 129|0x0000000088100000, 0x0000000088200000, 0x0000000088200000|100%| O|  |TAMS 0x0000000088200000, 0x0000000088100000| Untracked 
| 130|0x0000000088200000, 0x0000000088300000, 0x0000000088300000|100%| O|  |TAMS 0x0000000088300000, 0x0000000088200000| Untracked 
| 131|0x0000000088300000, 0x0000000088400000, 0x0000000088400000|100%| O|  |TAMS 0x0000000088400000, 0x0000000088300000| Untracked 
| 132|0x0000000088400000, 0x0000000088500000, 0x0000000088500000|100%| O|  |TAMS 0x0000000088400000, 0x0000000088400000| Untracked 
| 133|0x0000000088500000, 0x0000000088600000, 0x0000000088600000|100%| O|  |TAMS 0x0000000088600000, 0x0000000088500000| Untracked 
| 134|0x0000000088600000, 0x0000000088700000, 0x0000000088700000|100%| O|  |TAMS 0x0000000088700000, 0x0000000088600000| Untracked 
| 135|0x0000000088700000, 0x0000000088800000, 0x0000000088800000|100%| O|  |TAMS 0x0000000088800000, 0x0000000088700000| Untracked 
| 136|0x0000000088800000, 0x0000000088900000, 0x0000000088900000|100%| O|  |TAMS 0x0000000088900000, 0x0000000088800000| Untracked 
| 137|0x0000000088900000, 0x0000000088a00000, 0x0000000088a00000|100%| O|  |TAMS 0x0000000088a00000, 0x0000000088900000| Untracked 
| 138|0x0000000088a00000, 0x0000000088b00000, 0x0000000088b00000|100%| O|  |TAMS 0x0000000088b00000, 0x0000000088a00000| Untracked 
| 139|0x0000000088b00000, 0x0000000088c00000, 0x0000000088c00000|100%| O|  |TAMS 0x0000000088c00000, 0x0000000088b00000| Untracked 
| 140|0x0000000088c00000, 0x0000000088d00000, 0x0000000088d00000|100%| O|  |TAMS 0x0000000088d00000, 0x0000000088c00000| Untracked 
| 141|0x0000000088d00000, 0x0000000088e00000, 0x0000000088e00000|100%| O|  |TAMS 0x0000000088e00000, 0x0000000088d00000| Untracked 
| 142|0x0000000088e00000, 0x0000000088f00000, 0x0000000088f00000|100%| O|  |TAMS 0x0000000088f00000, 0x0000000088e00000| Untracked 
| 143|0x0000000088f00000, 0x0000000089000000, 0x0000000089000000|100%|HS|  |TAMS 0x0000000089000000, 0x0000000088f00000| Complete 
| 144|0x0000000089000000, 0x0000000089100000, 0x0000000089100000|100%|HS|  |TAMS 0x0000000089100000, 0x0000000089000000| Complete 
| 145|0x0000000089100000, 0x0000000089200000, 0x0000000089200000|100%| O|  |TAMS 0x0000000089200000, 0x0000000089100000| Untracked 
| 146|0x0000000089200000, 0x0000000089300000, 0x0000000089300000|100%| O|  |TAMS 0x0000000089300000, 0x0000000089200000| Untracked 
| 147|0x0000000089300000, 0x0000000089400000, 0x0000000089400000|100%| O|  |TAMS 0x0000000089400000, 0x0000000089300000| Untracked 
| 148|0x0000000089400000, 0x0000000089500000, 0x0000000089500000|100%| O|  |TAMS 0x0000000089500000, 0x0000000089400000| Untracked 
| 149|0x0000000089500000, 0x0000000089600000, 0x0000000089600000|100%| O|  |TAMS 0x0000000089600000, 0x0000000089500000| Untracked 
| 150|0x0000000089600000, 0x0000000089700000, 0x0000000089700000|100%| O|  |TAMS 0x0000000089700000, 0x0000000089600000| Untracked 
| 151|0x0000000089700000, 0x0000000089800000, 0x0000000089800000|100%| O|  |TAMS 0x0000000089800000, 0x0000000089700000| Untracked 
| 152|0x0000000089800000, 0x0000000089900000, 0x0000000089900000|100%| O|  |TAMS 0x0000000089900000, 0x0000000089800000| Untracked 
| 153|0x0000000089900000, 0x0000000089a00000, 0x0000000089a00000|100%| O|  |TAMS 0x0000000089a00000, 0x0000000089900000| Untracked 
| 154|0x0000000089a00000, 0x0000000089b00000, 0x0000000089b00000|100%| O|  |TAMS 0x0000000089b00000, 0x0000000089a00000| Untracked 
| 155|0x0000000089b00000, 0x0000000089c00000, 0x0000000089c00000|100%| O|  |TAMS 0x0000000089c00000, 0x0000000089b00000| Untracked 
| 156|0x0000000089c00000, 0x0000000089d00000, 0x0000000089d00000|100%| O|  |TAMS 0x0000000089d00000, 0x0000000089c00000| Untracked 
| 157|0x0000000089d00000, 0x0000000089e00000, 0x0000000089e00000|100%| O|  |TAMS 0x0000000089e00000, 0x0000000089d00000| Untracked 
| 158|0x0000000089e00000, 0x0000000089f00000, 0x0000000089f00000|100%| O|  |TAMS 0x0000000089f00000, 0x0000000089e00000| Untracked 
| 159|0x0000000089f00000, 0x000000008a000000, 0x000000008a000000|100%| O|  |TAMS 0x0000000089f00000, 0x0000000089f00000| Untracked 
| 160|0x000000008a000000, 0x000000008a100000, 0x000000008a100000|100%| O|  |TAMS 0x000000008a100000, 0x000000008a000000| Untracked 
| 161|0x000000008a100000, 0x000000008a200000, 0x000000008a200000|100%| O|  |TAMS 0x000000008a200000, 0x000000008a100000| Untracked 
| 162|0x000000008a200000, 0x000000008a300000, 0x000000008a300000|100%| O|  |TAMS 0x000000008a300000, 0x000000008a200000| Untracked 
| 163|0x000000008a300000, 0x000000008a400000, 0x000000008a400000|100%| O|  |TAMS 0x000000008a400000, 0x000000008a300000| Untracked 
| 164|0x000000008a400000, 0x000000008a500000, 0x000000008a500000|100%| O|  |TAMS 0x000000008a500000, 0x000000008a400000| Untracked 
| 165|0x000000008a500000, 0x000000008a600000, 0x000000008a600000|100%| O|  |TAMS 0x000000008a600000, 0x000000008a500000| Untracked 
| 166|0x000000008a600000, 0x000000008a700000, 0x000000008a700000|100%| O|  |TAMS 0x000000008a700000, 0x000000008a600000| Untracked 
| 167|0x000000008a700000, 0x000000008a800000, 0x000000008a800000|100%| O|  |TAMS 0x000000008a800000, 0x000000008a700000| Untracked 
| 168|0x000000008a800000, 0x000000008a900000, 0x000000008a900000|100%| O|  |TAMS 0x000000008a800000, 0x000000008a800000| Untracked 
| 169|0x000000008a900000, 0x000000008aa00000, 0x000000008aa00000|100%|HS|  |TAMS 0x000000008aa00000, 0x000000008a900000| Complete 
| 170|0x000000008aa00000, 0x000000008ab00000, 0x000000008ab00000|100%|HS|  |TAMS 0x000000008ab00000, 0x000000008aa00000| Complete 
| 171|0x000000008ab00000, 0x000000008ac00000, 0x000000008ac00000|100%|HS|  |TAMS 0x000000008ac00000, 0x000000008ab00000| Complete 
| 172|0x000000008ac00000, 0x000000008ad00000, 0x000000008ad00000|100%|HS|  |TAMS 0x000000008ad00000, 0x000000008ac00000| Complete 
| 173|0x000000008ad00000, 0x000000008ae00000, 0x000000008ae00000|100%|HC|  |TAMS 0x000000008ae00000, 0x000000008ad00000| Complete 
| 174|0x000000008ae00000, 0x000000008af00000, 0x000000008af00000|100%| O|  |TAMS 0x000000008af00000, 0x000000008ae00000| Untracked 
| 175|0x000000008af00000, 0x000000008b000000, 0x000000008b000000|100%| O|  |TAMS 0x000000008af00000, 0x000000008af00000| Untracked 
| 176|0x000000008b000000, 0x000000008b100000, 0x000000008b100000|100%| O|  |TAMS 0x000000008b000000, 0x000000008b000000| Untracked 
| 177|0x000000008b100000, 0x000000008b200000, 0x000000008b200000|100%| O|  |TAMS 0x000000008b200000, 0x000000008b100000| Untracked 
| 178|0x000000008b200000, 0x000000008b300000, 0x000000008b300000|100%| O|  |TAMS 0x000000008b200000, 0x000000008b200000| Untracked 
| 179|0x000000008b300000, 0x000000008b400000, 0x000000008b400000|100%| O|  |TAMS 0x000000008b400000, 0x000000008b300000| Untracked 
| 180|0x000000008b400000, 0x000000008b500000, 0x000000008b500000|100%| O|  |TAMS 0x000000008b500000, 0x000000008b400000| Untracked 
| 181|0x000000008b500000, 0x000000008b600000, 0x000000008b600000|100%| O|  |TAMS 0x000000008b600000, 0x000000008b500000| Untracked 
| 182|0x000000008b600000, 0x000000008b700000, 0x000000008b700000|100%| O|  |TAMS 0x000000008b700000, 0x000000008b600000| Untracked 
| 183|0x000000008b700000, 0x000000008b800000, 0x000000008b800000|100%| O|  |TAMS 0x000000008b800000, 0x000000008b700000| Untracked 
| 184|0x000000008b800000, 0x000000008b900000, 0x000000008b900000|100%| O|  |TAMS 0x000000008b900000, 0x000000008b800000| Untracked 
| 185|0x000000008b900000, 0x000000008ba00000, 0x000000008ba00000|100%| O|  |TAMS 0x000000008ba00000, 0x000000008b900000| Untracked 
| 186|0x000000008ba00000, 0x000000008bb00000, 0x000000008bb00000|100%| O|  |TAMS 0x000000008bb00000, 0x000000008ba00000| Untracked 
| 187|0x000000008bb00000, 0x000000008bc00000, 0x000000008bc00000|100%| O|  |TAMS 0x000000008bc00000, 0x000000008bb00000| Untracked 
| 188|0x000000008bc00000, 0x000000008bd00000, 0x000000008bd00000|100%| O|  |TAMS 0x000000008bd00000, 0x000000008bc00000| Untracked 
| 189|0x000000008bd00000, 0x000000008be00000, 0x000000008be00000|100%|HS|  |TAMS 0x000000008be00000, 0x000000008bd00000| Complete 
| 190|0x000000008be00000, 0x000000008bf00000, 0x000000008bf00000|100%|HS|  |TAMS 0x000000008bf00000, 0x000000008be00000| Complete 
| 191|0x000000008bf00000, 0x000000008c000000, 0x000000008c000000|100%| O|  |TAMS 0x000000008c000000, 0x000000008bf00000| Untracked 
| 192|0x000000008c000000, 0x000000008c100000, 0x000000008c100000|100%|HS|  |TAMS 0x000000008c100000, 0x000000008c000000| Complete 
| 193|0x000000008c100000, 0x000000008c200000, 0x000000008c200000|100%|HC|  |TAMS 0x000000008c200000, 0x000000008c100000| Complete 
| 194|0x000000008c200000, 0x000000008c300000, 0x000000008c300000|100%| O|  |TAMS 0x000000008c300000, 0x000000008c200000| Untracked 
| 195|0x000000008c300000, 0x000000008c400000, 0x000000008c400000|100%| O|  |TAMS 0x000000008c400000, 0x000000008c300000| Untracked 
| 196|0x000000008c400000, 0x000000008c500000, 0x000000008c500000|100%| O|  |TAMS 0x000000008c500000, 0x000000008c400000| Untracked 
| 197|0x000000008c500000, 0x000000008c600000, 0x000000008c600000|100%| O|  |TAMS 0x000000008c600000, 0x000000008c500000| Untracked 
| 198|0x000000008c600000, 0x000000008c700000, 0x000000008c700000|100%| O|  |TAMS 0x000000008c700000, 0x000000008c600000| Untracked 
| 199|0x000000008c700000, 0x000000008c800000, 0x000000008c800000|100%| O|  |TAMS 0x000000008c800000, 0x000000008c700000| Untracked 
| 200|0x000000008c800000, 0x000000008c900000, 0x000000008c900000|100%| O|  |TAMS 0x000000008c900000, 0x000000008c800000| Untracked 
| 201|0x000000008c900000, 0x000000008ca00000, 0x000000008ca00000|100%| O|  |TAMS 0x000000008ca00000, 0x000000008c900000| Untracked 
| 202|0x000000008ca00000, 0x000000008cb00000, 0x000000008cb00000|100%| O|  |TAMS 0x000000008cb00000, 0x000000008ca00000| Untracked 
| 203|0x000000008cb00000, 0x000000008cc00000, 0x000000008cc00000|100%| O|  |TAMS 0x000000008cc00000, 0x000000008cb00000| Untracked 
| 204|0x000000008cc00000, 0x000000008cd00000, 0x000000008cd00000|100%| O|  |TAMS 0x000000008cd00000, 0x000000008cc00000| Untracked 
| 205|0x000000008cd00000, 0x000000008ce00000, 0x000000008ce00000|100%| O|  |TAMS 0x000000008ce00000, 0x000000008cd00000| Untracked 
| 206|0x000000008ce00000, 0x000000008cf00000, 0x000000008cf00000|100%| O|  |TAMS 0x000000008cf00000, 0x000000008ce00000| Untracked 
| 207|0x000000008cf00000, 0x000000008d000000, 0x000000008d000000|100%| O|  |TAMS 0x000000008d000000, 0x000000008cf00000| Untracked 
| 208|0x000000008d000000, 0x000000008d100000, 0x000000008d100000|100%| O|  |TAMS 0x000000008d100000, 0x000000008d000000| Untracked 
| 209|0x000000008d100000, 0x000000008d200000, 0x000000008d200000|100%|HS|  |TAMS 0x000000008d200000, 0x000000008d100000| Complete 
| 210|0x000000008d200000, 0x000000008d300000, 0x000000008d300000|100%|HS|  |TAMS 0x000000008d300000, 0x000000008d200000| Complete 
| 211|0x000000008d300000, 0x000000008d400000, 0x000000008d400000|100%|HS|  |TAMS 0x000000008d400000, 0x000000008d300000| Complete 
| 212|0x000000008d400000, 0x000000008d500000, 0x000000008d500000|100%| O|  |TAMS 0x000000008d500000, 0x000000008d400000| Untracked 
| 213|0x000000008d500000, 0x000000008d600000, 0x000000008d600000|100%| O|  |TAMS 0x000000008d600000, 0x000000008d500000| Untracked 
| 214|0x000000008d600000, 0x000000008d700000, 0x000000008d700000|100%| O|  |TAMS 0x000000008d700000, 0x000000008d600000| Untracked 
| 215|0x000000008d700000, 0x000000008d800000, 0x000000008d800000|100%| O|  |TAMS 0x000000008d800000, 0x000000008d700000| Untracked 
| 216|0x000000008d800000, 0x000000008d900000, 0x000000008d900000|100%| O|  |TAMS 0x000000008d900000, 0x000000008d800000| Untracked 
| 217|0x000000008d900000, 0x000000008da00000, 0x000000008da00000|100%| O|  |TAMS 0x000000008da00000, 0x000000008d900000| Untracked 
| 218|0x000000008da00000, 0x000000008db00000, 0x000000008db00000|100%| O|  |TAMS 0x000000008db00000, 0x000000008da00000| Untracked 
| 219|0x000000008db00000, 0x000000008dc00000, 0x000000008dc00000|100%| O|  |TAMS 0x000000008dc00000, 0x000000008db00000| Untracked 
| 220|0x000000008dc00000, 0x000000008dd00000, 0x000000008dd00000|100%|HS|  |TAMS 0x000000008dd00000, 0x000000008dc00000| Complete 
| 221|0x000000008dd00000, 0x000000008de00000, 0x000000008de00000|100%|HC|  |TAMS 0x000000008de00000, 0x000000008dd00000| Complete 
| 222|0x000000008de00000, 0x000000008df00000, 0x000000008df00000|100%|HS|  |TAMS 0x000000008df00000, 0x000000008de00000| Complete 
| 223|0x000000008df00000, 0x000000008e000000, 0x000000008e000000|100%|HC|  |TAMS 0x000000008e000000, 0x000000008df00000| Complete 
| 224|0x000000008e000000, 0x000000008e100000, 0x000000008e100000|100%| O|  |TAMS 0x000000008e100000, 0x000000008e000000| Untracked 
| 225|0x000000008e100000, 0x000000008e200000, 0x000000008e200000|100%| O|  |TAMS 0x000000008e200000, 0x000000008e100000| Untracked 
| 226|0x000000008e200000, 0x000000008e300000, 0x000000008e300000|100%| O|  |TAMS 0x000000008e300000, 0x000000008e200000| Untracked 
| 227|0x000000008e300000, 0x000000008e400000, 0x000000008e400000|100%| O|  |TAMS 0x000000008e400000, 0x000000008e300000| Untracked 
| 228|0x000000008e400000, 0x000000008e500000, 0x000000008e500000|100%| O|  |TAMS 0x000000008e500000, 0x000000008e400000| Untracked 
| 229|0x000000008e500000, 0x000000008e600000, 0x000000008e600000|100%| O|  |TAMS 0x000000008e600000, 0x000000008e500000| Untracked 
| 230|0x000000008e600000, 0x000000008e700000, 0x000000008e700000|100%| O|  |TAMS 0x000000008e700000, 0x000000008e600000| Untracked 
| 231|0x000000008e700000, 0x000000008e800000, 0x000000008e800000|100%| O|  |TAMS 0x000000008e800000, 0x000000008e700000| Untracked 
| 232|0x000000008e800000, 0x000000008e900000, 0x000000008e900000|100%| O|  |TAMS 0x000000008e900000, 0x000000008e800000| Untracked 
| 233|0x000000008e900000, 0x000000008ea00000, 0x000000008ea00000|100%| O|  |TAMS 0x000000008ea00000, 0x000000008e900000| Untracked 
| 234|0x000000008ea00000, 0x000000008eb00000, 0x000000008eb00000|100%|HS|  |TAMS 0x000000008eb00000, 0x000000008ea00000| Complete 
| 235|0x000000008eb00000, 0x000000008ec00000, 0x000000008ec00000|100%|HS|  |TAMS 0x000000008ec00000, 0x000000008eb00000| Complete 
| 236|0x000000008ec00000, 0x000000008ed00000, 0x000000008ed00000|100%|HS|  |TAMS 0x000000008ed00000, 0x000000008ec00000| Complete 
| 237|0x000000008ed00000, 0x000000008ee00000, 0x000000008ee00000|100%| O|  |TAMS 0x000000008ee00000, 0x000000008ed00000| Untracked 
| 238|0x000000008ee00000, 0x000000008ef00000, 0x000000008ef00000|100%| O|  |TAMS 0x000000008ef00000, 0x000000008ee00000| Untracked 
| 239|0x000000008ef00000, 0x000000008f000000, 0x000000008f000000|100%| O|  |TAMS 0x000000008f000000, 0x000000008ef00000| Untracked 
| 240|0x000000008f000000, 0x000000008f100000, 0x000000008f100000|100%| O|  |TAMS 0x000000008f100000, 0x000000008f000000| Untracked 
| 241|0x000000008f100000, 0x000000008f200000, 0x000000008f200000|100%| O|  |TAMS 0x000000008f200000, 0x000000008f100000| Untracked 
| 242|0x000000008f200000, 0x000000008f300000, 0x000000008f300000|100%| O|  |TAMS 0x000000008f300000, 0x000000008f200000| Untracked 
| 243|0x000000008f300000, 0x000000008f400000, 0x000000008f400000|100%| O|  |TAMS 0x000000008f400000, 0x000000008f300000| Untracked 
| 244|0x000000008f400000, 0x000000008f500000, 0x000000008f500000|100%| O|  |TAMS 0x000000008f500000, 0x000000008f400000| Untracked 
| 245|0x000000008f500000, 0x000000008f600000, 0x000000008f600000|100%| O|  |TAMS 0x000000008f600000, 0x000000008f500000| Untracked 
| 246|0x000000008f600000, 0x000000008f700000, 0x000000008f700000|100%| O|  |TAMS 0x000000008f700000, 0x000000008f600000| Untracked 
| 247|0x000000008f700000, 0x000000008f800000, 0x000000008f800000|100%| O|  |TAMS 0x000000008f800000, 0x000000008f700000| Untracked 
| 248|0x000000008f800000, 0x000000008f900000, 0x000000008f900000|100%| O|  |TAMS 0x000000008f900000, 0x000000008f800000| Untracked 
| 249|0x000000008f900000, 0x000000008fa00000, 0x000000008fa00000|100%| O|  |TAMS 0x000000008fa00000, 0x000000008f900000| Untracked 
| 250|0x000000008fa00000, 0x000000008fb00000, 0x000000008fb00000|100%| O|  |TAMS 0x000000008fb00000, 0x000000008fa00000| Untracked 
| 251|0x000000008fb00000, 0x000000008fc00000, 0x000000008fc00000|100%| O|  |TAMS 0x000000008fc00000, 0x000000008fb00000| Untracked 
| 252|0x000000008fc00000, 0x000000008fd00000, 0x000000008fd00000|100%| O|  |TAMS 0x000000008fd00000, 0x000000008fc00000| Untracked 
| 253|0x000000008fd00000, 0x000000008fe00000, 0x000000008fe00000|100%| O|  |TAMS 0x000000008fe00000, 0x000000008fd00000| Untracked 
| 254|0x000000008fe00000, 0x000000008ff00000, 0x000000008ff00000|100%| O|  |TAMS 0x000000008ff00000, 0x000000008fe00000| Untracked 
| 255|0x000000008ff00000, 0x0000000090000000, 0x0000000090000000|100%| O|  |TAMS 0x0000000090000000, 0x000000008ff00000| Untracked 
| 256|0x0000000090000000, 0x0000000090100000, 0x0000000090100000|100%| O|  |TAMS 0x0000000090100000, 0x0000000090000000| Untracked 
| 257|0x0000000090100000, 0x0000000090200000, 0x0000000090200000|100%| O|  |TAMS 0x0000000090200000, 0x0000000090100000| Untracked 
| 258|0x0000000090200000, 0x0000000090300000, 0x0000000090300000|100%| O|  |TAMS 0x0000000090300000, 0x0000000090200000| Untracked 
| 259|0x0000000090300000, 0x0000000090400000, 0x0000000090400000|100%| O|  |TAMS 0x0000000090400000, 0x0000000090300000| Untracked 
| 260|0x0000000090400000, 0x0000000090500000, 0x0000000090500000|100%| O|  |TAMS 0x0000000090500000, 0x0000000090400000| Untracked 
| 261|0x0000000090500000, 0x0000000090600000, 0x0000000090600000|100%| O|  |TAMS 0x0000000090600000, 0x0000000090500000| Untracked 
| 262|0x0000000090600000, 0x0000000090700000, 0x0000000090700000|100%| O|  |TAMS 0x0000000090700000, 0x0000000090600000| Untracked 
| 263|0x0000000090700000, 0x0000000090800000, 0x0000000090800000|100%| O|  |TAMS 0x0000000090800000, 0x0000000090700000| Untracked 
| 264|0x0000000090800000, 0x0000000090900000, 0x0000000090900000|100%| O|  |TAMS 0x0000000090900000, 0x0000000090800000| Untracked 
| 265|0x0000000090900000, 0x0000000090a00000, 0x0000000090a00000|100%| O|  |TAMS 0x0000000090a00000, 0x0000000090900000| Untracked 
| 266|0x0000000090a00000, 0x0000000090b00000, 0x0000000090b00000|100%| O|  |TAMS 0x0000000090b00000, 0x0000000090a00000| Untracked 
| 267|0x0000000090b00000, 0x0000000090c00000, 0x0000000090c00000|100%| O|  |TAMS 0x0000000090c00000, 0x0000000090b00000| Untracked 
| 268|0x0000000090c00000, 0x0000000090d00000, 0x0000000090d00000|100%| O|  |TAMS 0x0000000090d00000, 0x0000000090c00000| Untracked 
| 269|0x0000000090d00000, 0x0000000090e00000, 0x0000000090e00000|100%| O|  |TAMS 0x0000000090e00000, 0x0000000090d00000| Untracked 
| 270|0x0000000090e00000, 0x0000000090f00000, 0x0000000090f00000|100%| O|  |TAMS 0x0000000090f00000, 0x0000000090e00000| Untracked 
| 271|0x0000000090f00000, 0x0000000091000000, 0x0000000091000000|100%| O|  |TAMS 0x0000000091000000, 0x0000000090f00000| Untracked 
| 272|0x0000000091000000, 0x0000000091100000, 0x0000000091100000|100%| O|  |TAMS 0x0000000091100000, 0x0000000091000000| Untracked 
| 273|0x0000000091100000, 0x0000000091200000, 0x0000000091200000|100%| O|  |TAMS 0x0000000091200000, 0x0000000091100000| Untracked 
| 274|0x0000000091200000, 0x0000000091300000, 0x0000000091300000|100%| O|  |TAMS 0x0000000091300000, 0x0000000091200000| Untracked 
| 275|0x0000000091300000, 0x0000000091400000, 0x0000000091400000|100%| O|  |TAMS 0x0000000091400000, 0x0000000091300000| Untracked 
| 276|0x0000000091400000, 0x0000000091500000, 0x0000000091500000|100%| O|  |TAMS 0x0000000091500000, 0x0000000091400000| Untracked 
| 277|0x0000000091500000, 0x0000000091600000, 0x0000000091600000|100%| O|  |TAMS 0x0000000091600000, 0x0000000091500000| Untracked 
| 278|0x0000000091600000, 0x0000000091700000, 0x0000000091700000|100%| O|  |TAMS 0x0000000091700000, 0x0000000091600000| Untracked 
| 279|0x0000000091700000, 0x0000000091800000, 0x0000000091800000|100%| O|  |TAMS 0x0000000091800000, 0x0000000091700000| Untracked 
| 280|0x0000000091800000, 0x0000000091900000, 0x0000000091900000|100%| O|  |TAMS 0x0000000091900000, 0x0000000091800000| Untracked 
| 281|0x0000000091900000, 0x0000000091a00000, 0x0000000091a00000|100%| O|  |TAMS 0x0000000091a00000, 0x0000000091900000| Untracked 
| 282|0x0000000091a00000, 0x0000000091b00000, 0x0000000091b00000|100%| O|  |TAMS 0x0000000091b00000, 0x0000000091a00000| Untracked 
| 283|0x0000000091b00000, 0x0000000091c00000, 0x0000000091c00000|100%| O|  |TAMS 0x0000000091c00000, 0x0000000091b00000| Untracked 
| 284|0x0000000091c00000, 0x0000000091d00000, 0x0000000091d00000|100%| O|  |TAMS 0x0000000091d00000, 0x0000000091c00000| Untracked 
| 285|0x0000000091d00000, 0x0000000091e00000, 0x0000000091e00000|100%| O|  |TAMS 0x0000000091e00000, 0x0000000091d00000| Untracked 
| 286|0x0000000091e00000, 0x0000000091f00000, 0x0000000091f00000|100%| O|  |TAMS 0x0000000091f00000, 0x0000000091e00000| Untracked 
| 287|0x0000000091f00000, 0x0000000092000000, 0x0000000092000000|100%| O|  |TAMS 0x0000000092000000, 0x0000000091f00000| Untracked 
| 288|0x0000000092000000, 0x0000000092100000, 0x0000000092100000|100%| O|  |TAMS 0x0000000092100000, 0x0000000092000000| Untracked 
| 289|0x0000000092100000, 0x0000000092200000, 0x0000000092200000|100%| O|  |TAMS 0x0000000092200000, 0x0000000092100000| Untracked 
| 290|0x0000000092200000, 0x0000000092300000, 0x0000000092300000|100%| O|  |TAMS 0x0000000092300000, 0x0000000092200000| Untracked 
| 291|0x0000000092300000, 0x0000000092400000, 0x0000000092400000|100%| O|  |TAMS 0x0000000092400000, 0x0000000092300000| Untracked 
| 292|0x0000000092400000, 0x0000000092500000, 0x0000000092500000|100%| O|  |TAMS 0x0000000092421e00, 0x0000000092400000| Untracked 
| 293|0x0000000092500000, 0x0000000092600000, 0x0000000092600000|100%| O|  |TAMS 0x0000000092500000, 0x0000000092500000| Untracked 
| 294|0x0000000092600000, 0x0000000092700000, 0x0000000092700000|100%| O|  |TAMS 0x0000000092600000, 0x0000000092600000| Untracked 
| 295|0x0000000092700000, 0x0000000092800000, 0x0000000092800000|100%| O|  |TAMS 0x0000000092700000, 0x0000000092700000| Untracked 
| 296|0x0000000092800000, 0x0000000092900000, 0x0000000092900000|100%| O|  |TAMS 0x0000000092800000, 0x0000000092800000| Untracked 
| 297|0x0000000092900000, 0x0000000092a00000, 0x0000000092a00000|100%| O|  |TAMS 0x0000000092900000, 0x0000000092900000| Untracked 
| 298|0x0000000092a00000, 0x0000000092b00000, 0x0000000092b00000|100%| O|  |TAMS 0x0000000092a00000, 0x0000000092a00000| Untracked 
| 299|0x0000000092b00000, 0x0000000092c00000, 0x0000000092c00000|100%| O|  |TAMS 0x0000000092b00000, 0x0000000092b00000| Untracked 
| 300|0x0000000092c00000, 0x0000000092d00000, 0x0000000092d00000|100%| O|  |TAMS 0x0000000092c00000, 0x0000000092c00000| Untracked 
| 301|0x0000000092d00000, 0x0000000092e00000, 0x0000000092e00000|100%| O|  |TAMS 0x0000000092d00000, 0x0000000092d00000| Untracked 
| 302|0x0000000092e00000, 0x0000000092f00000, 0x0000000092f00000|100%| O|  |TAMS 0x0000000092e00000, 0x0000000092e00000| Untracked 
| 303|0x0000000092f00000, 0x0000000093000000, 0x0000000093000000|100%| O|  |TAMS 0x0000000092f00000, 0x0000000092f00000| Untracked 
| 304|0x0000000093000000, 0x0000000093100000, 0x0000000093100000|100%| O|  |TAMS 0x0000000093000000, 0x0000000093000000| Untracked 
| 305|0x0000000093100000, 0x0000000093200000, 0x0000000093200000|100%| O|  |TAMS 0x0000000093100000, 0x0000000093100000| Untracked 
| 306|0x0000000093200000, 0x0000000093300000, 0x0000000093300000|100%| O|  |TAMS 0x0000000093200000, 0x0000000093200000| Untracked 
| 307|0x0000000093300000, 0x0000000093400000, 0x0000000093400000|100%| O|  |TAMS 0x0000000093300000, 0x0000000093300000| Untracked 
| 308|0x0000000093400000, 0x0000000093500000, 0x0000000093500000|100%|HS|  |TAMS 0x0000000093400000, 0x0000000093400000| Complete 
| 309|0x0000000093500000, 0x0000000093600000, 0x0000000093600000|100%|HC|  |TAMS 0x0000000093500000, 0x0000000093500000| Complete 
| 310|0x0000000093600000, 0x0000000093700000, 0x0000000093700000|100%| O|  |TAMS 0x0000000093600000, 0x0000000093600000| Untracked 
| 311|0x0000000093700000, 0x0000000093800000, 0x0000000093800000|100%| O|  |TAMS 0x0000000093700000, 0x0000000093700000| Untracked 
| 312|0x0000000093800000, 0x0000000093900000, 0x0000000093900000|100%| O|  |TAMS 0x0000000093800000, 0x0000000093800000| Untracked 
| 313|0x0000000093900000, 0x0000000093a00000, 0x0000000093a00000|100%| O|  |TAMS 0x0000000093900000, 0x0000000093900000| Untracked 
| 314|0x0000000093a00000, 0x0000000093b00000, 0x0000000093b00000|100%| O|  |TAMS 0x0000000093a00000, 0x0000000093a00000| Untracked 
| 315|0x0000000093b00000, 0x0000000093c00000, 0x0000000093c00000|100%| O|  |TAMS 0x0000000093b00000, 0x0000000093b00000| Untracked 
| 316|0x0000000093c00000, 0x0000000093d00000, 0x0000000093d00000|100%| O|  |TAMS 0x0000000093c00000, 0x0000000093c00000| Untracked 
| 317|0x0000000093d00000, 0x0000000093e00000, 0x0000000093e00000|100%| O|  |TAMS 0x0000000093d00000, 0x0000000093d00000| Untracked 
| 318|0x0000000093e00000, 0x0000000093f00000, 0x0000000093f00000|100%| O|  |TAMS 0x0000000093e00000, 0x0000000093e00000| Untracked 
| 319|0x0000000093f00000, 0x0000000094000000, 0x0000000094000000|100%| O|  |TAMS 0x0000000093f00000, 0x0000000093f00000| Untracked 
| 320|0x0000000094000000, 0x0000000094100000, 0x0000000094100000|100%| O|  |TAMS 0x0000000094000000, 0x0000000094000000| Untracked 
| 321|0x0000000094100000, 0x0000000094200000, 0x0000000094200000|100%| O|  |TAMS 0x0000000094100000, 0x0000000094100000| Untracked 
| 322|0x0000000094200000, 0x0000000094300000, 0x0000000094300000|100%| O|  |TAMS 0x0000000094200000, 0x0000000094200000| Untracked 
| 323|0x0000000094300000, 0x0000000094400000, 0x0000000094400000|100%| O|  |TAMS 0x0000000094300000, 0x0000000094300000| Untracked 
| 324|0x0000000094400000, 0x0000000094500000, 0x0000000094500000|100%| O|  |TAMS 0x0000000094400000, 0x0000000094400000| Untracked 
| 325|0x0000000094500000, 0x0000000094600000, 0x0000000094600000|100%| O|  |TAMS 0x0000000094500000, 0x0000000094500000| Untracked 
| 326|0x0000000094600000, 0x0000000094700000, 0x0000000094700000|100%| O|  |TAMS 0x0000000094600000, 0x0000000094600000| Untracked 
| 327|0x0000000094700000, 0x0000000094800000, 0x0000000094800000|100%| O|  |TAMS 0x0000000094700000, 0x0000000094700000| Untracked 
| 328|0x0000000094800000, 0x0000000094900000, 0x0000000094900000|100%| O|  |TAMS 0x0000000094800000, 0x0000000094800000| Untracked 
| 329|0x0000000094900000, 0x0000000094a00000, 0x0000000094a00000|100%| O|  |TAMS 0x0000000094900000, 0x0000000094900000| Untracked 
| 330|0x0000000094a00000, 0x0000000094b00000, 0x0000000094b00000|100%| O|  |TAMS 0x0000000094a00000, 0x0000000094a00000| Untracked 
| 331|0x0000000094b00000, 0x0000000094c00000, 0x0000000094c00000|100%| O|  |TAMS 0x0000000094b00000, 0x0000000094b00000| Untracked 
| 332|0x0000000094c00000, 0x0000000094d00000, 0x0000000094d00000|100%| O|  |TAMS 0x0000000094c00000, 0x0000000094c00000| Untracked 
| 333|0x0000000094d00000, 0x0000000094e00000, 0x0000000094e00000|100%| O|  |TAMS 0x0000000094d00000, 0x0000000094d00000| Untracked 
| 334|0x0000000094e00000, 0x0000000094f00000, 0x0000000094f00000|100%| O|  |TAMS 0x0000000094e00000, 0x0000000094e00000| Untracked 
| 335|0x0000000094f00000, 0x0000000095000000, 0x0000000095000000|100%| O|  |TAMS 0x0000000094f00000, 0x0000000094f00000| Untracked 
| 336|0x0000000095000000, 0x0000000095100000, 0x0000000095100000|100%| O|  |TAMS 0x0000000095000000, 0x0000000095000000| Untracked 
| 337|0x0000000095100000, 0x0000000095200000, 0x0000000095200000|100%| O|  |TAMS 0x0000000095100000, 0x0000000095100000| Untracked 
| 338|0x0000000095200000, 0x0000000095300000, 0x0000000095300000|100%| O|  |TAMS 0x0000000095200000, 0x0000000095200000| Untracked 
| 339|0x0000000095300000, 0x0000000095400000, 0x0000000095400000|100%|HS|  |TAMS 0x0000000095300000, 0x0000000095300000| Complete 
| 340|0x0000000095400000, 0x0000000095500000, 0x0000000095500000|100%|HC|  |TAMS 0x0000000095400000, 0x0000000095400000| Complete 
| 341|0x0000000095500000, 0x0000000095600000, 0x0000000095600000|100%|HS|  |TAMS 0x0000000095500000, 0x0000000095500000| Complete 
| 342|0x0000000095600000, 0x0000000095700000, 0x0000000095700000|100%|HC|  |TAMS 0x0000000095600000, 0x0000000095600000| Complete 
| 343|0x0000000095700000, 0x0000000095800000, 0x0000000095800000|100%|HS|  |TAMS 0x0000000095700000, 0x0000000095700000| Complete 
| 344|0x0000000095800000, 0x0000000095900000, 0x0000000095900000|100%|HC|  |TAMS 0x0000000095800000, 0x0000000095800000| Complete 
| 345|0x0000000095900000, 0x0000000095a00000, 0x0000000095a00000|100%| O|  |TAMS 0x0000000095900000, 0x0000000095900000| Untracked 
| 346|0x0000000095a00000, 0x0000000095b00000, 0x0000000095b00000|100%| O|  |TAMS 0x0000000095a00000, 0x0000000095a00000| Untracked 
| 347|0x0000000095b00000, 0x0000000095c00000, 0x0000000095c00000|100%| O|  |TAMS 0x0000000095b00000, 0x0000000095b00000| Untracked 
| 348|0x0000000095c00000, 0x0000000095d00000, 0x0000000095d00000|100%| O|  |TAMS 0x0000000095c00000, 0x0000000095c00000| Untracked 
| 349|0x0000000095d00000, 0x0000000095d00000, 0x0000000095e00000|  0%| F|  |TAMS 0x0000000095d00000, 0x0000000095d00000| Untracked 
| 350|0x0000000095e00000, 0x0000000095e00000, 0x0000000095f00000|  0%| F|  |TAMS 0x0000000095e00000, 0x0000000095e00000| Untracked 
| 351|0x0000000095f00000, 0x0000000096000000, 0x0000000096000000|100%| O|  |TAMS 0x0000000095f00000, 0x0000000095f00000| Untracked 
| 352|0x0000000096000000, 0x0000000096100000, 0x0000000096100000|100%| O|  |TAMS 0x0000000096000000, 0x0000000096000000| Untracked 
| 353|0x0000000096100000, 0x0000000096200000, 0x0000000096200000|100%| O|  |TAMS 0x0000000096100000, 0x0000000096100000| Untracked 
| 354|0x0000000096200000, 0x0000000096250200, 0x0000000096300000| 31%| O|  |TAMS 0x0000000096200000, 0x0000000096200000| Untracked 
| 355|0x0000000096300000, 0x0000000096300000, 0x0000000096400000|  0%| F|  |TAMS 0x0000000096300000, 0x0000000096300000| Untracked 
| 356|0x0000000096400000, 0x0000000096400000, 0x0000000096500000|  0%| F|  |TAMS 0x0000000096400000, 0x0000000096400000| Untracked 
| 357|0x0000000096500000, 0x0000000096500000, 0x0000000096600000|  0%| F|  |TAMS 0x0000000096500000, 0x0000000096500000| Untracked 
| 358|0x0000000096600000, 0x0000000096600000, 0x0000000096700000|  0%| F|  |TAMS 0x0000000096600000, 0x0000000096600000| Untracked 
| 359|0x0000000096700000, 0x0000000096700000, 0x0000000096800000|  0%| F|  |TAMS 0x0000000096700000, 0x0000000096700000| Untracked 
| 360|0x0000000096800000, 0x0000000096800000, 0x0000000096900000|  0%| F|  |TAMS 0x0000000096800000, 0x0000000096800000| Untracked 
| 361|0x0000000096900000, 0x0000000096900000, 0x0000000096a00000|  0%| F|  |TAMS 0x0000000096900000, 0x0000000096900000| Untracked 
| 362|0x0000000096a00000, 0x0000000096a00000, 0x0000000096b00000|  0%| F|  |TAMS 0x0000000096a00000, 0x0000000096a00000| Untracked 
| 363|0x0000000096b00000, 0x0000000096b00000, 0x0000000096c00000|  0%| F|  |TAMS 0x0000000096b00000, 0x0000000096b00000| Untracked 
| 364|0x0000000096c00000, 0x0000000096c00000, 0x0000000096d00000|  0%| F|  |TAMS 0x0000000096c00000, 0x0000000096c00000| Untracked 
| 365|0x0000000096d00000, 0x0000000096d00000, 0x0000000096e00000|  0%| F|  |TAMS 0x0000000096d00000, 0x0000000096d00000| Untracked 
| 366|0x0000000096e00000, 0x0000000096e00000, 0x0000000096f00000|  0%| F|  |TAMS 0x0000000096e00000, 0x0000000096e00000| Untracked 
| 367|0x0000000096f00000, 0x0000000096f00000, 0x0000000097000000|  0%| F|  |TAMS 0x0000000096f00000, 0x0000000096f00000| Untracked 
| 368|0x0000000097000000, 0x0000000097000000, 0x0000000097100000|  0%| F|  |TAMS 0x0000000097000000, 0x0000000097000000| Untracked 
| 369|0x0000000097100000, 0x0000000097100000, 0x0000000097200000|  0%| F|  |TAMS 0x0000000097100000, 0x0000000097100000| Untracked 
| 370|0x0000000097200000, 0x0000000097200000, 0x0000000097300000|  0%| F|  |TAMS 0x0000000097200000, 0x0000000097200000| Untracked 
| 371|0x0000000097300000, 0x0000000097300000, 0x0000000097400000|  0%| F|  |TAMS 0x0000000097300000, 0x0000000097300000| Untracked 
| 372|0x0000000097400000, 0x0000000097400000, 0x0000000097500000|  0%| F|  |TAMS 0x0000000097400000, 0x0000000097400000| Untracked 
| 373|0x0000000097500000, 0x0000000097500000, 0x0000000097600000|  0%| F|  |TAMS 0x0000000097500000, 0x0000000097500000| Untracked 
| 374|0x0000000097600000, 0x0000000097600000, 0x0000000097700000|  0%| F|  |TAMS 0x0000000097600000, 0x0000000097600000| Untracked 
| 375|0x0000000097700000, 0x0000000097700000, 0x0000000097800000|  0%| F|  |TAMS 0x0000000097700000, 0x0000000097700000| Untracked 
| 376|0x0000000097800000, 0x0000000097800000, 0x0000000097900000|  0%| F|  |TAMS 0x0000000097800000, 0x0000000097800000| Untracked 
| 377|0x0000000097900000, 0x0000000097900000, 0x0000000097a00000|  0%| F|  |TAMS 0x0000000097900000, 0x0000000097900000| Untracked 
| 378|0x0000000097a00000, 0x0000000097a00000, 0x0000000097b00000|  0%| F|  |TAMS 0x0000000097a00000, 0x0000000097a00000| Untracked 
| 379|0x0000000097b00000, 0x0000000097b00000, 0x0000000097c00000|  0%| F|  |TAMS 0x0000000097b00000, 0x0000000097b00000| Untracked 
| 380|0x0000000097c00000, 0x0000000097c00000, 0x0000000097d00000|  0%| F|  |TAMS 0x0000000097c00000, 0x0000000097c00000| Untracked 
| 381|0x0000000097d00000, 0x0000000097d00000, 0x0000000097e00000|  0%| F|  |TAMS 0x0000000097d00000, 0x0000000097d00000| Untracked 
| 382|0x0000000097e00000, 0x0000000097e00000, 0x0000000097f00000|  0%| F|  |TAMS 0x0000000097e00000, 0x0000000097e00000| Untracked 
| 383|0x0000000097f00000, 0x0000000097f00000, 0x0000000098000000|  0%| F|  |TAMS 0x0000000097f00000, 0x0000000097f00000| Untracked 
| 384|0x0000000098000000, 0x0000000098000000, 0x0000000098100000|  0%| F|  |TAMS 0x0000000098000000, 0x0000000098000000| Untracked 
| 385|0x0000000098100000, 0x0000000098100000, 0x0000000098200000|  0%| F|  |TAMS 0x0000000098100000, 0x0000000098100000| Untracked 
| 386|0x0000000098200000, 0x0000000098200000, 0x0000000098300000|  0%| F|  |TAMS 0x0000000098200000, 0x0000000098200000| Untracked 
| 387|0x0000000098300000, 0x0000000098300000, 0x0000000098400000|  0%| F|  |TAMS 0x0000000098300000, 0x0000000098300000| Untracked 
| 388|0x0000000098400000, 0x0000000098400000, 0x0000000098500000|  0%| F|  |TAMS 0x0000000098400000, 0x0000000098400000| Untracked 
| 389|0x0000000098500000, 0x0000000098500000, 0x0000000098600000|  0%| F|  |TAMS 0x0000000098500000, 0x0000000098500000| Untracked 
| 390|0x0000000098600000, 0x0000000098600000, 0x0000000098700000|  0%| F|  |TAMS 0x0000000098600000, 0x0000000098600000| Untracked 
| 391|0x0000000098700000, 0x0000000098700000, 0x0000000098800000|  0%| F|  |TAMS 0x0000000098700000, 0x0000000098700000| Untracked 
| 392|0x0000000098800000, 0x0000000098800000, 0x0000000098900000|  0%| F|  |TAMS 0x0000000098800000, 0x0000000098800000| Untracked 
| 393|0x0000000098900000, 0x0000000098900000, 0x0000000098a00000|  0%| F|  |TAMS 0x0000000098900000, 0x0000000098900000| Untracked 
| 394|0x0000000098a00000, 0x0000000098a00000, 0x0000000098b00000|  0%| F|  |TAMS 0x0000000098a00000, 0x0000000098a00000| Untracked 
| 395|0x0000000098b00000, 0x0000000098b00000, 0x0000000098c00000|  0%| F|  |TAMS 0x0000000098b00000, 0x0000000098b00000| Untracked 
| 396|0x0000000098c00000, 0x0000000098c00000, 0x0000000098d00000|  0%| F|  |TAMS 0x0000000098c00000, 0x0000000098c00000| Untracked 
| 397|0x0000000098d00000, 0x0000000098d00000, 0x0000000098e00000|  0%| F|  |TAMS 0x0000000098d00000, 0x0000000098d00000| Untracked 
| 398|0x0000000098e00000, 0x0000000098e00000, 0x0000000098f00000|  0%| F|  |TAMS 0x0000000098e00000, 0x0000000098e00000| Untracked 
| 399|0x0000000098f00000, 0x0000000098f00000, 0x0000000099000000|  0%| F|  |TAMS 0x0000000098f00000, 0x0000000098f00000| Untracked 
| 400|0x0000000099000000, 0x0000000099000000, 0x0000000099100000|  0%| F|  |TAMS 0x0000000099000000, 0x0000000099000000| Untracked 
| 401|0x0000000099100000, 0x0000000099100000, 0x0000000099200000|  0%| F|  |TAMS 0x0000000099100000, 0x0000000099100000| Untracked 
| 402|0x0000000099200000, 0x0000000099200000, 0x0000000099300000|  0%| F|  |TAMS 0x0000000099200000, 0x0000000099200000| Untracked 
| 403|0x0000000099300000, 0x0000000099300000, 0x0000000099400000|  0%| F|  |TAMS 0x0000000099300000, 0x0000000099300000| Untracked 
| 404|0x0000000099400000, 0x0000000099400000, 0x0000000099500000|  0%| F|  |TAMS 0x0000000099400000, 0x0000000099400000| Untracked 
| 405|0x0000000099500000, 0x0000000099500000, 0x0000000099600000|  0%| F|  |TAMS 0x0000000099500000, 0x0000000099500000| Untracked 
| 406|0x0000000099600000, 0x0000000099600000, 0x0000000099700000|  0%| F|  |TAMS 0x0000000099600000, 0x0000000099600000| Untracked 
| 407|0x0000000099700000, 0x0000000099765018, 0x0000000099800000| 39%| S|CS|TAMS 0x0000000099700000, 0x0000000099700000| Complete 
| 408|0x0000000099800000, 0x0000000099900000, 0x0000000099900000|100%| S|CS|TAMS 0x0000000099800000, 0x0000000099800000| Complete 
| 409|0x0000000099900000, 0x0000000099a00000, 0x0000000099a00000|100%| S|CS|TAMS 0x0000000099900000, 0x0000000099900000| Complete 
| 410|0x0000000099a00000, 0x0000000099b00000, 0x0000000099b00000|100%| S|CS|TAMS 0x0000000099a00000, 0x0000000099a00000| Complete 
| 411|0x0000000099b00000, 0x0000000099c00000, 0x0000000099c00000|100%| S|CS|TAMS 0x0000000099b00000, 0x0000000099b00000| Complete 
| 412|0x0000000099c00000, 0x0000000099d00000, 0x0000000099d00000|100%| S|CS|TAMS 0x0000000099c00000, 0x0000000099c00000| Complete 
| 413|0x0000000099d00000, 0x0000000099e00000, 0x0000000099e00000|100%| S|CS|TAMS 0x0000000099d00000, 0x0000000099d00000| Complete 
| 414|0x0000000099e00000, 0x0000000099f00000, 0x0000000099f00000|100%| S|CS|TAMS 0x0000000099e00000, 0x0000000099e00000| Complete 
| 415|0x0000000099f00000, 0x000000009a000000, 0x000000009a000000|100%| S|CS|TAMS 0x0000000099f00000, 0x0000000099f00000| Complete 
| 416|0x000000009a000000, 0x000000009a100000, 0x000000009a100000|100%| S|CS|TAMS 0x000000009a000000, 0x000000009a000000| Complete 
| 417|0x000000009a100000, 0x000000009a200000, 0x000000009a200000|100%| S|CS|TAMS 0x000000009a100000, 0x000000009a100000| Complete 
| 418|0x000000009a200000, 0x000000009a200000, 0x000000009a300000|  0%| F|  |TAMS 0x000000009a200000, 0x000000009a200000| Untracked 
| 419|0x000000009a300000, 0x000000009a300000, 0x000000009a400000|  0%| F|  |TAMS 0x000000009a300000, 0x000000009a300000| Untracked 
| 420|0x000000009a400000, 0x000000009a400000, 0x000000009a500000|  0%| F|  |TAMS 0x000000009a400000, 0x000000009a400000| Untracked 
| 421|0x000000009a500000, 0x000000009a500000, 0x000000009a600000|  0%| F|  |TAMS 0x000000009a500000, 0x000000009a500000| Untracked 
| 422|0x000000009a600000, 0x000000009a600000, 0x000000009a700000|  0%| F|  |TAMS 0x000000009a600000, 0x000000009a600000| Untracked 
| 423|0x000000009a700000, 0x000000009a700000, 0x000000009a800000|  0%| F|  |TAMS 0x000000009a700000, 0x000000009a700000| Untracked 
| 424|0x000000009a800000, 0x000000009a800000, 0x000000009a900000|  0%| F|  |TAMS 0x000000009a800000, 0x000000009a800000| Untracked 
| 425|0x000000009a900000, 0x000000009a900000, 0x000000009aa00000|  0%| F|  |TAMS 0x000000009a900000, 0x000000009a900000| Untracked 
| 426|0x000000009aa00000, 0x000000009aa00000, 0x000000009ab00000|  0%| F|  |TAMS 0x000000009aa00000, 0x000000009aa00000| Untracked 
| 427|0x000000009ab00000, 0x000000009ab00000, 0x000000009ac00000|  0%| F|  |TAMS 0x000000009ab00000, 0x000000009ab00000| Untracked 
| 428|0x000000009ac00000, 0x000000009ac00000, 0x000000009ad00000|  0%| F|  |TAMS 0x000000009ac00000, 0x000000009ac00000| Untracked 
| 429|0x000000009ad00000, 0x000000009ad00000, 0x000000009ae00000|  0%| F|  |TAMS 0x000000009ad00000, 0x000000009ad00000| Untracked 
| 430|0x000000009ae00000, 0x000000009ae00000, 0x000000009af00000|  0%| F|  |TAMS 0x000000009ae00000, 0x000000009ae00000| Untracked 
| 431|0x000000009af00000, 0x000000009af00000, 0x000000009b000000|  0%| F|  |TAMS 0x000000009af00000, 0x000000009af00000| Untracked 
| 432|0x000000009b000000, 0x000000009b000000, 0x000000009b100000|  0%| F|  |TAMS 0x000000009b000000, 0x000000009b000000| Untracked 
| 433|0x000000009b100000, 0x000000009b100000, 0x000000009b200000|  0%| F|  |TAMS 0x000000009b100000, 0x000000009b100000| Untracked 
| 434|0x000000009b200000, 0x000000009b200000, 0x000000009b300000|  0%| F|  |TAMS 0x000000009b200000, 0x000000009b200000| Untracked 
| 435|0x000000009b300000, 0x000000009b300000, 0x000000009b400000|  0%| F|  |TAMS 0x000000009b300000, 0x000000009b300000| Untracked 
| 436|0x000000009b400000, 0x000000009b400000, 0x000000009b500000|  0%| F|  |TAMS 0x000000009b400000, 0x000000009b400000| Untracked 
| 437|0x000000009b500000, 0x000000009b500000, 0x000000009b600000|  0%| F|  |TAMS 0x000000009b500000, 0x000000009b500000| Untracked 
| 438|0x000000009b600000, 0x000000009b600000, 0x000000009b700000|  0%| F|  |TAMS 0x000000009b600000, 0x000000009b600000| Untracked 
| 439|0x000000009b700000, 0x000000009b700000, 0x000000009b800000|  0%| F|  |TAMS 0x000000009b700000, 0x000000009b700000| Untracked 
| 440|0x000000009b800000, 0x000000009b800000, 0x000000009b900000|  0%| F|  |TAMS 0x000000009b800000, 0x000000009b800000| Untracked 
| 441|0x000000009b900000, 0x000000009b900000, 0x000000009ba00000|  0%| F|  |TAMS 0x000000009b900000, 0x000000009b900000| Untracked 
| 442|0x000000009ba00000, 0x000000009ba00000, 0x000000009bb00000|  0%| F|  |TAMS 0x000000009ba00000, 0x000000009ba00000| Untracked 
| 443|0x000000009bb00000, 0x000000009bb00000, 0x000000009bc00000|  0%| F|  |TAMS 0x000000009bb00000, 0x000000009bb00000| Untracked 
| 444|0x000000009bc00000, 0x000000009bc00000, 0x000000009bd00000|  0%| F|  |TAMS 0x000000009bc00000, 0x000000009bc00000| Untracked 
| 445|0x000000009bd00000, 0x000000009bd00000, 0x000000009be00000|  0%| F|  |TAMS 0x000000009bd00000, 0x000000009bd00000| Untracked 
| 446|0x000000009be00000, 0x000000009be00000, 0x000000009bf00000|  0%| F|  |TAMS 0x000000009be00000, 0x000000009be00000| Untracked 
| 447|0x000000009bf00000, 0x000000009bf00000, 0x000000009c000000|  0%| F|  |TAMS 0x000000009bf00000, 0x000000009bf00000| Untracked 
| 448|0x000000009c000000, 0x000000009c000000, 0x000000009c100000|  0%| F|  |TAMS 0x000000009c000000, 0x000000009c000000| Untracked 
| 449|0x000000009c100000, 0x000000009c100000, 0x000000009c200000|  0%| F|  |TAMS 0x000000009c100000, 0x000000009c100000| Untracked 
| 450|0x000000009c200000, 0x000000009c200000, 0x000000009c300000|  0%| F|  |TAMS 0x000000009c200000, 0x000000009c200000| Untracked 
| 451|0x000000009c300000, 0x000000009c300000, 0x000000009c400000|  0%| F|  |TAMS 0x000000009c300000, 0x000000009c300000| Untracked 
| 452|0x000000009c400000, 0x000000009c400000, 0x000000009c500000|  0%| F|  |TAMS 0x000000009c400000, 0x000000009c400000| Untracked 
| 453|0x000000009c500000, 0x000000009c500000, 0x000000009c600000|  0%| F|  |TAMS 0x000000009c500000, 0x000000009c500000| Untracked 
| 454|0x000000009c600000, 0x000000009c600000, 0x000000009c700000|  0%| F|  |TAMS 0x000000009c600000, 0x000000009c600000| Untracked 
| 455|0x000000009c700000, 0x000000009c700000, 0x000000009c800000|  0%| F|  |TAMS 0x000000009c700000, 0x000000009c700000| Untracked 
| 456|0x000000009c800000, 0x000000009c800000, 0x000000009c900000|  0%| F|  |TAMS 0x000000009c800000, 0x000000009c800000| Untracked 
| 457|0x000000009c900000, 0x000000009c900000, 0x000000009ca00000|  0%| F|  |TAMS 0x000000009c900000, 0x000000009c900000| Untracked 
| 458|0x000000009ca00000, 0x000000009ca00000, 0x000000009cb00000|  0%| F|  |TAMS 0x000000009ca00000, 0x000000009ca00000| Untracked 
| 459|0x000000009cb00000, 0x000000009cb00000, 0x000000009cc00000|  0%| F|  |TAMS 0x000000009cb00000, 0x000000009cb00000| Untracked 
| 460|0x000000009cc00000, 0x000000009cc00000, 0x000000009cd00000|  0%| F|  |TAMS 0x000000009cc00000, 0x000000009cc00000| Untracked 
| 461|0x000000009cd00000, 0x000000009cd00000, 0x000000009ce00000|  0%| F|  |TAMS 0x000000009cd00000, 0x000000009cd00000| Untracked 
| 462|0x000000009ce00000, 0x000000009ce00000, 0x000000009cf00000|  0%| F|  |TAMS 0x000000009ce00000, 0x000000009ce00000| Untracked 
| 463|0x000000009cf00000, 0x000000009cf00000, 0x000000009d000000|  0%| F|  |TAMS 0x000000009cf00000, 0x000000009cf00000| Untracked 
| 464|0x000000009d000000, 0x000000009d000000, 0x000000009d100000|  0%| F|  |TAMS 0x000000009d000000, 0x000000009d000000| Untracked 
| 465|0x000000009d100000, 0x000000009d100000, 0x000000009d200000|  0%| F|  |TAMS 0x000000009d100000, 0x000000009d100000| Untracked 
| 466|0x000000009d200000, 0x000000009d200000, 0x000000009d300000|  0%| F|  |TAMS 0x000000009d200000, 0x000000009d200000| Untracked 
| 467|0x000000009d300000, 0x000000009d300000, 0x000000009d400000|  0%| F|  |TAMS 0x000000009d300000, 0x000000009d300000| Untracked 
| 468|0x000000009d400000, 0x000000009d400000, 0x000000009d500000|  0%| F|  |TAMS 0x000000009d400000, 0x000000009d400000| Untracked 
| 469|0x000000009d500000, 0x000000009d500000, 0x000000009d600000|  0%| F|  |TAMS 0x000000009d500000, 0x000000009d500000| Untracked 
| 470|0x000000009d600000, 0x000000009d600000, 0x000000009d700000|  0%| F|  |TAMS 0x000000009d600000, 0x000000009d600000| Untracked 
| 471|0x000000009d700000, 0x000000009d700000, 0x000000009d800000|  0%| F|  |TAMS 0x000000009d700000, 0x000000009d700000| Untracked 
| 472|0x000000009d800000, 0x000000009d800000, 0x000000009d900000|  0%| F|  |TAMS 0x000000009d800000, 0x000000009d800000| Untracked 
| 473|0x000000009d900000, 0x000000009d900000, 0x000000009da00000|  0%| F|  |TAMS 0x000000009d900000, 0x000000009d900000| Untracked 
| 474|0x000000009da00000, 0x000000009da00000, 0x000000009db00000|  0%| F|  |TAMS 0x000000009da00000, 0x000000009da00000| Untracked 
| 475|0x000000009db00000, 0x000000009db00000, 0x000000009dc00000|  0%| F|  |TAMS 0x000000009db00000, 0x000000009db00000| Untracked 
| 476|0x000000009dc00000, 0x000000009dc00000, 0x000000009dd00000|  0%| F|  |TAMS 0x000000009dc00000, 0x000000009dc00000| Untracked 
| 477|0x000000009dd00000, 0x000000009dd00000, 0x000000009de00000|  0%| F|  |TAMS 0x000000009dd00000, 0x000000009dd00000| Untracked 
| 478|0x000000009de00000, 0x000000009de00000, 0x000000009df00000|  0%| F|  |TAMS 0x000000009de00000, 0x000000009de00000| Untracked 
| 479|0x000000009df00000, 0x000000009df00000, 0x000000009e000000|  0%| F|  |TAMS 0x000000009df00000, 0x000000009df00000| Untracked 
| 480|0x000000009e000000, 0x000000009e000000, 0x000000009e100000|  0%| F|  |TAMS 0x000000009e000000, 0x000000009e000000| Untracked 
| 481|0x000000009e100000, 0x000000009e100000, 0x000000009e200000|  0%| F|  |TAMS 0x000000009e100000, 0x000000009e100000| Untracked 
| 482|0x000000009e200000, 0x000000009e272c70, 0x000000009e300000| 44%| E|  |TAMS 0x000000009e200000, 0x000000009e200000| Complete 
| 483|0x000000009e300000, 0x000000009e400000, 0x000000009e400000|100%| E|CS|TAMS 0x000000009e300000, 0x000000009e300000| Complete 
| 484|0x000000009e400000, 0x000000009e500000, 0x000000009e500000|100%| E|CS|TAMS 0x000000009e400000, 0x000000009e400000| Complete 
| 485|0x000000009e500000, 0x000000009e600000, 0x000000009e600000|100%| E|CS|TAMS 0x000000009e500000, 0x000000009e500000| Complete 
| 486|0x000000009e600000, 0x000000009e700000, 0x000000009e700000|100%| E|  |TAMS 0x000000009e600000, 0x000000009e600000| Complete 
| 487|0x000000009e700000, 0x000000009e800000, 0x000000009e800000|100%| E|CS|TAMS 0x000000009e700000, 0x000000009e700000| Complete 
| 488|0x000000009e800000, 0x000000009e900000, 0x000000009e900000|100%| E|CS|TAMS 0x000000009e800000, 0x000000009e800000| Complete 
| 489|0x000000009e900000, 0x000000009ea00000, 0x000000009ea00000|100%| E|CS|TAMS 0x000000009e900000, 0x000000009e900000| Complete 
| 490|0x000000009ea00000, 0x000000009eb00000, 0x000000009eb00000|100%| E|CS|TAMS 0x000000009ea00000, 0x000000009ea00000| Complete 
| 491|0x000000009eb00000, 0x000000009ec00000, 0x000000009ec00000|100%| E|CS|TAMS 0x000000009eb00000, 0x000000009eb00000| Complete 
| 492|0x000000009ec00000, 0x000000009ed00000, 0x000000009ed00000|100%| E|CS|TAMS 0x000000009ec00000, 0x000000009ec00000| Complete 
| 493|0x000000009ed00000, 0x000000009ee00000, 0x000000009ee00000|100%| E|CS|TAMS 0x000000009ed00000, 0x000000009ed00000| Complete 
| 494|0x000000009ee00000, 0x000000009ef00000, 0x000000009ef00000|100%| E|CS|TAMS 0x000000009ee00000, 0x000000009ee00000| Complete 
| 495|0x000000009ef00000, 0x000000009f000000, 0x000000009f000000|100%| E|CS|TAMS 0x000000009ef00000, 0x000000009ef00000| Complete 
| 496|0x000000009f000000, 0x000000009f100000, 0x000000009f100000|100%| E|CS|TAMS 0x000000009f000000, 0x000000009f000000| Complete 
| 497|0x000000009f100000, 0x000000009f200000, 0x000000009f200000|100%| E|CS|TAMS 0x000000009f100000, 0x000000009f100000| Complete 
| 498|0x000000009f200000, 0x000000009f300000, 0x000000009f300000|100%| E|CS|TAMS 0x000000009f200000, 0x000000009f200000| Complete 
| 499|0x000000009f300000, 0x000000009f400000, 0x000000009f400000|100%| E|CS|TAMS 0x000000009f300000, 0x000000009f300000| Complete 
| 500|0x000000009f400000, 0x000000009f500000, 0x000000009f500000|100%| E|CS|TAMS 0x000000009f400000, 0x000000009f400000| Complete 
| 501|0x000000009f500000, 0x000000009f600000, 0x000000009f600000|100%| E|CS|TAMS 0x000000009f500000, 0x000000009f500000| Complete 
| 502|0x000000009f600000, 0x000000009f700000, 0x000000009f700000|100%| E|CS|TAMS 0x000000009f600000, 0x000000009f600000| Complete 
| 503|0x000000009f700000, 0x000000009f800000, 0x000000009f800000|100%| E|CS|TAMS 0x000000009f700000, 0x000000009f700000| Complete 
| 504|0x000000009f800000, 0x000000009f900000, 0x000000009f900000|100%| E|CS|TAMS 0x000000009f800000, 0x000000009f800000| Complete 
| 505|0x000000009f900000, 0x000000009fa00000, 0x000000009fa00000|100%| E|CS|TAMS 0x000000009f900000, 0x000000009f900000| Complete 
| 506|0x000000009fa00000, 0x000000009fb00000, 0x000000009fb00000|100%| E|CS|TAMS 0x000000009fa00000, 0x000000009fa00000| Complete 
| 507|0x000000009fb00000, 0x000000009fc00000, 0x000000009fc00000|100%| E|CS|TAMS 0x000000009fb00000, 0x000000009fb00000| Complete 
| 508|0x000000009fc00000, 0x000000009fd00000, 0x000000009fd00000|100%| E|CS|TAMS 0x000000009fc00000, 0x000000009fc00000| Complete 
| 509|0x000000009fd00000, 0x000000009fe00000, 0x000000009fe00000|100%| E|CS|TAMS 0x000000009fd00000, 0x000000009fd00000| Complete 
| 510|0x000000009fe00000, 0x000000009ff00000, 0x000000009ff00000|100%| E|CS|TAMS 0x000000009fe00000, 0x000000009fe00000| Complete 
| 511|0x000000009ff00000, 0x00000000a0000000, 0x00000000a0000000|100%| E|CS|TAMS 0x000000009ff00000, 0x000000009ff00000| Complete 
| 512|0x00000000a0000000, 0x00000000a0100000, 0x00000000a0100000|100%| E|CS|TAMS 0x00000000a0000000, 0x00000000a0000000| Complete 
| 513|0x00000000a0100000, 0x00000000a0200000, 0x00000000a0200000|100%| E|CS|TAMS 0x00000000a0100000, 0x00000000a0100000| Complete 
| 514|0x00000000a0200000, 0x00000000a0300000, 0x00000000a0300000|100%| E|CS|TAMS 0x00000000a0200000, 0x00000000a0200000| Complete 
| 515|0x00000000a0300000, 0x00000000a0400000, 0x00000000a0400000|100%| E|CS|TAMS 0x00000000a0300000, 0x00000000a0300000| Complete 
| 516|0x00000000a0400000, 0x00000000a0500000, 0x00000000a0500000|100%| E|CS|TAMS 0x00000000a0400000, 0x00000000a0400000| Complete 
| 517|0x00000000a0500000, 0x00000000a0600000, 0x00000000a0600000|100%| E|CS|TAMS 0x00000000a0500000, 0x00000000a0500000| Complete 
| 518|0x00000000a0600000, 0x00000000a0700000, 0x00000000a0700000|100%| E|CS|TAMS 0x00000000a0600000, 0x00000000a0600000| Complete 
| 519|0x00000000a0700000, 0x00000000a0800000, 0x00000000a0800000|100%| E|CS|TAMS 0x00000000a0700000, 0x00000000a0700000| Complete 
| 520|0x00000000a0800000, 0x00000000a0900000, 0x00000000a0900000|100%| E|CS|TAMS 0x00000000a0800000, 0x00000000a0800000| Complete 
| 521|0x00000000a0900000, 0x00000000a0a00000, 0x00000000a0a00000|100%| E|CS|TAMS 0x00000000a0900000, 0x00000000a0900000| Complete 
| 522|0x00000000a0a00000, 0x00000000a0b00000, 0x00000000a0b00000|100%| E|CS|TAMS 0x00000000a0a00000, 0x00000000a0a00000| Complete 
| 523|0x00000000a0b00000, 0x00000000a0c00000, 0x00000000a0c00000|100%| E|CS|TAMS 0x00000000a0b00000, 0x00000000a0b00000| Complete 
| 524|0x00000000a0c00000, 0x00000000a0d00000, 0x00000000a0d00000|100%| E|CS|TAMS 0x00000000a0c00000, 0x00000000a0c00000| Complete 
| 525|0x00000000a0d00000, 0x00000000a0e00000, 0x00000000a0e00000|100%| E|CS|TAMS 0x00000000a0d00000, 0x00000000a0d00000| Complete 
| 526|0x00000000a0e00000, 0x00000000a0f00000, 0x00000000a0f00000|100%| E|CS|TAMS 0x00000000a0e00000, 0x00000000a0e00000| Complete 
| 527|0x00000000a0f00000, 0x00000000a1000000, 0x00000000a1000000|100%| E|CS|TAMS 0x00000000a0f00000, 0x00000000a0f00000| Complete 
| 528|0x00000000a1000000, 0x00000000a1100000, 0x00000000a1100000|100%| E|CS|TAMS 0x00000000a1000000, 0x00000000a1000000| Complete 
| 529|0x00000000a1100000, 0x00000000a1200000, 0x00000000a1200000|100%| E|CS|TAMS 0x00000000a1100000, 0x00000000a1100000| Complete 
| 530|0x00000000a1200000, 0x00000000a1300000, 0x00000000a1300000|100%| E|CS|TAMS 0x00000000a1200000, 0x00000000a1200000| Complete 
| 531|0x00000000a1300000, 0x00000000a1400000, 0x00000000a1400000|100%| E|CS|TAMS 0x00000000a1300000, 0x00000000a1300000| Complete 
| 532|0x00000000a1400000, 0x00000000a1500000, 0x00000000a1500000|100%| E|CS|TAMS 0x00000000a1400000, 0x00000000a1400000| Complete 
| 533|0x00000000a1500000, 0x00000000a1600000, 0x00000000a1600000|100%| E|CS|TAMS 0x00000000a1500000, 0x00000000a1500000| Complete 

Card table byte_map: [0x00000209ce860000,0x00000209cec60000] _byte_map_base: 0x00000209ce460000

Marking Bits (Prev, Next): (CMBitMap*) 0x00000209b537de30, (CMBitMap*) 0x00000209b537de70
 Prev Bits: [0x00000209cf060000, 0x00000209d1060000)
 Next Bits: [0x00000209d1060000, 0x00000209d3060000)

Polling page: 0x00000209b5730000

Metaspace:

Usage:
  Non-class:    134.25 MB used.
      Class:     21.16 MB used.
       Both:    155.41 MB used.

Virtual space:
  Non-class space:      192.00 MB reserved,     135.69 MB ( 71%) committed,  3 nodes.
      Class space:      416.00 MB reserved,      22.44 MB (  5%) committed,  1 nodes.
             Both:      608.00 MB reserved,     158.12 MB ( 26%) committed. 

Chunk freelists:
   Non-Class:  8.35 MB
       Class:  9.47 MB
        Both:  17.83 MB

MaxMetaspaceSize: 512.00 MB
CompressedClassSpaceSize: 416.00 MB
Initial GC threshold: 21.00 MB
Current GC threshold: 200.00 MB
CDS: on
MetaspaceReclaimPolicy: balanced
 - commit_granule_bytes: 65536.
 - commit_granule_words: 8192.
 - virtual_space_node_default_size: 8388608.
 - enlarge_chunks_in_place: 1.
 - new_chunks_are_fully_committed: 0.
 - uncommit_free_chunks: 1.
 - use_allocation_guard: 0.
 - handle_deallocations: 1.


Internal statistics:

num_allocs_failed_limit: 9.
num_arena_births: 4224.
num_arena_deaths: 2.
num_vsnodes_births: 4.
num_vsnodes_deaths: 0.
num_space_committed: 2529.
num_space_uncommitted: 0.
num_chunks_returned_to_freelist: 12.
num_chunks_taken_from_freelist: 12218.
num_chunk_merges: 3.
num_chunk_splits: 7421.
num_chunks_enlarged: 4094.
num_inconsistent_stats: 0.

CodeHeap 'non-profiled nmethods': size=120000Kb used=15023Kb max_used=15023Kb free=104976Kb
 bounds [0x00000209c62a0000, 0x00000209c7150000, 0x00000209cd7d0000]
CodeHeap 'profiled nmethods': size=120000Kb used=48584Kb max_used=48650Kb free=71415Kb
 bounds [0x00000209be7d0000, 0x00000209c1760000, 0x00000209c5d00000]
CodeHeap 'non-nmethods': size=5760Kb used=2550Kb max_used=2635Kb free=3209Kb
 bounds [0x00000209c5d00000, 0x00000209c5fa0000, 0x00000209c62a0000]
 total_blobs=25698 nmethods=24599 adapters=1009
 compilation: enabled
              stopped_count=0, restarted_count=0
 full_count=0

Compilation events (20 events):
Event: 52.810 Thread 0x00000209d54e45d0 31722       3       org.gradle.api.internal.provider.AbstractProperty$$Lambda$520/0x00000209d745f060::execute (16 bytes)
Event: 52.810 Thread 0x00000209d54e45d0 nmethod 31722 0x00000209c05d6f90 code [0x00000209c05d7140, 0x00000209c05d73e8]
Event: 52.816 Thread 0x00000209d54e45d0 31723       2       org.gradle.internal.execution.steps.ValidateStep$1::visitAdditionalImplementation (1 bytes)
Event: 52.816 Thread 0x00000209d54e45d0 nmethod 31723 0x00000209c0605910 code [0x00000209c0605aa0, 0x00000209c0605b98]
Event: 52.816 Thread 0x00000209d54e45d0 31724       2       org.gradle.internal.execution.steps.ValidateStep$$Lambda$1889/0x00000209d7a33838::accept (16 bytes)
Event: 52.817 Thread 0x00000209d54e45d0 nmethod 31724 0x00000209c0cda390 code [0x00000209c0cda540, 0x00000209c0cda6a8]
Event: 52.817 Thread 0x00000209d54e45d0 31725       2       org.gradle.internal.execution.steps.ValidateStep::lambda$validateImplementations$1 (10 bytes)
Event: 52.817 Thread 0x00000209d54e45d0 nmethod 31725 0x00000209c0bdf490 code [0x00000209c0bdf640, 0x00000209c0bdf748]
Event: 52.826 Thread 0x00000209d54e45d0 31726       2       jdk.internal.reflect.UnsafeQualifiedStaticObjectFieldAccessorImpl::get (15 bytes)
Event: 52.826 Thread 0x00000209d54e45d0 nmethod 31726 0x00000209c0cd7210 code [0x00000209c0cd73a0, 0x00000209c0cd7518]
Event: 52.826 Thread 0x00000209d54e45d0 31727       1       org.gradle.jvm.toolchain.internal.JavaToolchain::getMetadata (5 bytes)
Event: 52.826 Thread 0x00000209d54e45d0 nmethod 31727 0x00000209c6f9d590 code [0x00000209c6f9d720, 0x00000209c6f9d7f8]
Event: 52.832 Thread 0x00000209d54e45d0 31728       2       com.sun.tools.javac.util.BasicDiagnosticFormatter$BasicConfiguration::setIndentation (16 bytes)
Event: 52.832 Thread 0x00000209d54e45d0 nmethod 31728 0x00000209c0cce310 code [0x00000209c0cce4c0, 0x00000209c0cce688]
Event: 52.832 Thread 0x00000209d54e45d0 31729       2       com.sun.tools.javac.main.Option::lookup (41 bytes)
Event: 52.832 Thread 0x00000209d54e45d0 nmethod 31729 0x00000209c0d8a890 code [0x00000209c0d8aa80, 0x00000209c0d8acf8]
Event: 52.832 Thread 0x00000209d54e45d0 31730   !   2       com.sun.tools.javac.file.Locations::getPath (22 bytes)
Event: 52.832 Thread 0x00000209d54e45d0 nmethod 31730 0x00000209c0914890 code [0x00000209c0914a40, 0x00000209c0914c38]
Event: 52.832 Thread 0x00000209d54e45d0 31731       2       com.sun.tools.javac.file.Locations$$Lambda$2669/0x00000209d81f7260::getPath (6 bytes)
Event: 52.833 Thread 0x00000209d54e45d0 nmethod 31731 0x00000209c0914390 code [0x00000209c0914540, 0x00000209c09146c8]

GC Heap History (20 events):
Event: 43.032 GC heap before
{Heap before GC invocations=81 (full 0):
 garbage-first heap   total 546816K, used 462748K [0x0000000080000000, 0x0000000100000000)
  region size 1024K, 137 young (140288K), 19 survivors (19456K)
 Metaspace       used 136909K, committed 139584K, reserved 557056K
  class space    used 18847K, committed 20096K, reserved 425984K
}
Event: 43.056 GC heap after
{Heap after GC invocations=82 (full 0):
 garbage-first heap   total 546816K, used 346057K [0x0000000080000000, 0x0000000100000000)
  region size 1024K, 13 young (13312K), 13 survivors (13312K)
 Metaspace       used 136909K, committed 139584K, reserved 557056K
  class space    used 18847K, committed 20096K, reserved 425984K
}
Event: 44.169 GC heap before
{Heap before GC invocations=82 (full 0):
 garbage-first heap   total 546816K, used 455625K [0x0000000080000000, 0x0000000100000000)
  region size 1024K, 121 young (123904K), 13 survivors (13312K)
 Metaspace       used 146466K, committed 149120K, reserved 557056K
  class space    used 20141K, committed 21376K, reserved 425984K
}
Event: 44.180 GC heap after
{Heap after GC invocations=83 (full 0):
 garbage-first heap   total 546816K, used 349469K [0x0000000080000000, 0x0000000100000000)
  region size 1024K, 8 young (8192K), 8 survivors (8192K)
 Metaspace       used 146466K, committed 149120K, reserved 557056K
  class space    used 20141K, committed 21376K, reserved 425984K
}
Event: 45.693 GC heap before
{Heap before GC invocations=83 (full 0):
 garbage-first heap   total 546816K, used 460061K [0x0000000080000000, 0x0000000100000000)
  region size 1024K, 117 young (119808K), 8 survivors (8192K)
 Metaspace       used 152862K, committed 155584K, reserved 622592K
  class space    used 21112K, committed 22400K, reserved 425984K
}
Event: 45.702 GC heap after
{Heap after GC invocations=84 (full 0):
 garbage-first heap   total 546816K, used 353067K [0x0000000080000000, 0x0000000100000000)
  region size 1024K, 11 young (11264K), 11 survivors (11264K)
 Metaspace       used 152862K, committed 155584K, reserved 622592K
  class space    used 21112K, committed 22400K, reserved 425984K
}
Event: 46.967 GC heap before
{Heap before GC invocations=84 (full 0):
 garbage-first heap   total 546816K, used 463659K [0x0000000080000000, 0x0000000100000000)
  region size 1024K, 120 young (122880K), 11 survivors (11264K)
 Metaspace       used 155283K, committed 158016K, reserved 622592K
  class space    used 21508K, committed 22784K, reserved 425984K
}
Event: 46.979 GC heap after
{Heap after GC invocations=85 (full 0):
 garbage-first heap   total 546816K, used 357568K [0x0000000080000000, 0x0000000100000000)
  region size 1024K, 11 young (11264K), 11 survivors (11264K)
 Metaspace       used 155283K, committed 158016K, reserved 622592K
  class space    used 21508K, committed 22784K, reserved 425984K
}
Event: 47.713 GC heap before
{Heap before GC invocations=85 (full 0):
 garbage-first heap   total 546816K, used 471232K [0x0000000080000000, 0x0000000100000000)
  region size 1024K, 117 young (119808K), 11 survivors (11264K)
 Metaspace       used 155996K, committed 158720K, reserved 622592K
  class space    used 21560K, committed 22848K, reserved 425984K
}
Event: 47.724 GC heap after
{Heap after GC invocations=86 (full 0):
 garbage-first heap   total 546816K, used 366385K [0x0000000080000000, 0x0000000100000000)
  region size 1024K, 12 young (12288K), 12 survivors (12288K)
 Metaspace       used 155996K, committed 158720K, reserved 622592K
  class space    used 21560K, committed 22848K, reserved 425984K
}
Event: 49.349 GC heap before
{Heap before GC invocations=86 (full 0):
 garbage-first heap   total 546816K, used 470833K [0x0000000080000000, 0x0000000100000000)
  region size 1024K, 111 young (113664K), 12 survivors (12288K)
 Metaspace       used 157109K, committed 159808K, reserved 622592K
  class space    used 21593K, committed 22912K, reserved 425984K
}
Event: 49.357 GC heap after
{Heap after GC invocations=87 (full 0):
 garbage-first heap   total 546816K, used 365511K [0x0000000080000000, 0x0000000100000000)
  region size 1024K, 7 young (7168K), 7 survivors (7168K)
 Metaspace       used 157109K, committed 159808K, reserved 622592K
  class space    used 21593K, committed 22912K, reserved 425984K
}
Event: 50.518 GC heap before
{Heap before GC invocations=87 (full 0):
 garbage-first heap   total 546816K, used 470983K [0x0000000080000000, 0x0000000100000000)
  region size 1024K, 107 young (109568K), 7 survivors (7168K)
 Metaspace       used 157910K, committed 160640K, reserved 622592K
  class space    used 21618K, committed 22912K, reserved 425984K
}
Event: 50.523 GC heap after
{Heap after GC invocations=88 (full 0):
 garbage-first heap   total 546816K, used 361792K [0x0000000080000000, 0x0000000100000000)
  region size 1024K, 5 young (5120K), 5 survivors (5120K)
 Metaspace       used 157910K, committed 160640K, reserved 622592K
  class space    used 21618K, committed 22912K, reserved 425984K
}
Event: 51.408 GC heap before
{Heap before GC invocations=88 (full 0):
 garbage-first heap   total 546816K, used 475456K [0x0000000080000000, 0x0000000100000000)
  region size 1024K, 111 young (113664K), 5 survivors (5120K)
 Metaspace       used 158594K, committed 161408K, reserved 622592K
  class space    used 21646K, committed 22976K, reserved 425984K
}
Event: 51.412 GC heap after
{Heap after GC invocations=89 (full 0):
 garbage-first heap   total 546816K, used 364434K [0x0000000080000000, 0x0000000100000000)
  region size 1024K, 6 young (6144K), 6 survivors (6144K)
 Metaspace       used 158594K, committed 161408K, reserved 622592K
  class space    used 21646K, committed 22976K, reserved 425984K
}
Event: 51.720 GC heap before
{Heap before GC invocations=89 (full 0):
 garbage-first heap   total 546816K, used 470930K [0x0000000080000000, 0x0000000100000000)
  region size 1024K, 111 young (113664K), 6 survivors (6144K)
 Metaspace       used 158638K, committed 161408K, reserved 622592K
  class space    used 21647K, committed 22976K, reserved 425984K
}
Event: 51.724 GC heap after
{Heap after GC invocations=90 (full 0):
 garbage-first heap   total 546816K, used 361533K [0x0000000080000000, 0x0000000100000000)
  region size 1024K, 5 young (5120K), 5 survivors (5120K)
 Metaspace       used 158638K, committed 161408K, reserved 622592K
  class space    used 21647K, committed 22976K, reserved 425984K
}
Event: 52.411 GC heap before
{Heap before GC invocations=90 (full 0):
 garbage-first heap   total 546816K, used 481341K [0x0000000080000000, 0x0000000100000000)
  region size 1024K, 116 young (118784K), 5 survivors (5120K)
 Metaspace       used 158949K, committed 161728K, reserved 622592K
  class space    used 21666K, committed 22976K, reserved 425984K
}
Event: 52.417 GC heap after
{Heap after GC invocations=91 (full 0):
 garbage-first heap   total 546816K, used 369364K [0x0000000080000000, 0x0000000100000000)
  region size 1024K, 11 young (11264K), 11 survivors (11264K)
 Metaspace       used 158949K, committed 161728K, reserved 622592K
  class space    used 21666K, committed 22976K, reserved 425984K
}

Dll operation events (16 events):
Event: 0.011 Loaded shared library C:\Program Files\Eclipse Adoptium\jdk-17.0.17.10-hotspot\bin\java.dll
Event: 0.024 Loaded shared library C:\Program Files\Eclipse Adoptium\jdk-17.0.17.10-hotspot\bin\jsvml.dll
Event: 0.064 Loaded shared library C:\Program Files\Eclipse Adoptium\jdk-17.0.17.10-hotspot\bin\zip.dll
Event: 0.067 Loaded shared library C:\Program Files\Eclipse Adoptium\jdk-17.0.17.10-hotspot\bin\instrument.dll
Event: 0.072 Loaded shared library C:\Program Files\Eclipse Adoptium\jdk-17.0.17.10-hotspot\bin\net.dll
Event: 0.073 Loaded shared library C:\Program Files\Eclipse Adoptium\jdk-17.0.17.10-hotspot\bin\nio.dll
Event: 0.076 Loaded shared library C:\Program Files\Eclipse Adoptium\jdk-17.0.17.10-hotspot\bin\zip.dll
Event: 0.309 Loaded shared library C:\Program Files\Eclipse Adoptium\jdk-17.0.17.10-hotspot\bin\jimage.dll
Event: 0.555 Loaded shared library C:\Program Files\Eclipse Adoptium\jdk-17.0.17.10-hotspot\bin\verify.dll
Event: 0.591 Loaded shared library C:\Users\asepr\.gradle\native\1def1411415f61bf3af743bc5b6707747c0891f09f0c88961ee8f79bc544acac\windows-amd64\native-platform.dll
Event: 0.602 Loaded shared library C:\Users\asepr\.gradle\native\0.2.8\x86_64-windows-gnu\gradle-fileevents.dll
Event: 1.806 Loaded shared library C:\Program Files\Eclipse Adoptium\jdk-17.0.17.10-hotspot\bin\management.dll
Event: 1.809 Loaded shared library C:\Program Files\Eclipse Adoptium\jdk-17.0.17.10-hotspot\bin\management_ext.dll
Event: 2.071 Loaded shared library C:\Program Files\Eclipse Adoptium\jdk-17.0.17.10-hotspot\bin\extnet.dll
Event: 2.297 Loaded shared library C:\Program Files\Eclipse Adoptium\jdk-17.0.17.10-hotspot\bin\sunmscapi.dll
Event: 44.196 Loaded shared library C:\Program Files\Eclipse Adoptium\jdk-17.0.17.10-hotspot\bin\rmi.dll

Deoptimization events (20 events):
Event: 52.569 Thread 0x00000209f89e8a50 DEOPT PACKING pc=0x00000209c0612198 sp=0x000000d7001f6270
Event: 52.569 Thread 0x00000209f89e8a50 DEOPT UNPACKING pc=0x00000209c5d57143 sp=0x000000d7001f5780 mode 0
Event: 52.574 Thread 0x00000209f89e8a50 DEOPT PACKING pc=0x00000209c11806a3 sp=0x000000d7001f6aa0
Event: 52.574 Thread 0x00000209f89e8a50 DEOPT UNPACKING pc=0x00000209c5d57143 sp=0x000000d7001f5ec8 mode 0
Event: 52.637 Thread 0x00000209f89e8a50 Uncommon trap: trap_request=0xffffffde fr.pc=0x00000209c7059a70 relative=0x00000000000025d0
Event: 52.637 Thread 0x00000209f89e8a50 Uncommon trap: reason=class_check action=maybe_recompile pc=0x00000209c7059a70 method=com.sun.tools.javac.code.Types.capture(Lcom/sun/tools/javac/code/Type;)Lcom/sun/tools/javac/code/Type; @ 181 c2
Event: 52.637 Thread 0x00000209f89e8a50 DEOPT PACKING pc=0x00000209c7059a70 sp=0x000000d7001f6550
Event: 52.637 Thread 0x00000209f89e8a50 DEOPT UNPACKING pc=0x00000209c5d569a3 sp=0x000000d7001f6510 mode 2
Event: 52.717 Thread 0x00000209fdb935c0 Uncommon trap: trap_request=0xffffff45 fr.pc=0x00000209c674337c relative=0x0000000000000a7c
Event: 52.717 Thread 0x00000209fdb935c0 Uncommon trap: reason=unstable_if action=reinterpret pc=0x00000209c674337c method=java.util.concurrent.ConcurrentLinkedQueue.offer(Ljava/lang/Object;)Z @ 96 c2
Event: 52.717 Thread 0x00000209fdb935c0 DEOPT PACKING pc=0x00000209c674337c sp=0x000000d707afe6d0
Event: 52.717 Thread 0x00000209fdb935c0 DEOPT UNPACKING pc=0x00000209c5d569a3 sp=0x000000d707afe518 mode 2
Event: 52.737 Thread 0x00000209f89e8a50 DEOPT PACKING pc=0x00000209c09065c3 sp=0x000000d7001f9ba0
Event: 52.737 Thread 0x00000209f89e8a50 DEOPT UNPACKING pc=0x00000209c5d57143 sp=0x000000d7001f9078 mode 0
Event: 52.754 Thread 0x00000209f89e8a50 DEOPT PACKING pc=0x00000209c0f9fb59 sp=0x000000d7001f9bb0
Event: 52.754 Thread 0x00000209f89e8a50 DEOPT UNPACKING pc=0x00000209c5d57143 sp=0x000000d7001f9150 mode 0
Event: 52.813 Thread 0x00000209f7a3dd30 Uncommon trap: trap_request=0xffffffcc fr.pc=0x00000209c7134e30 relative=0x0000000000001970
Event: 52.813 Thread 0x00000209f7a3dd30 Uncommon trap: reason=intrinsic_or_type_checked_inlining action=make_not_entrant pc=0x00000209c7134e30 method=com.google.common.collect.RegularImmutableList.copyIntoArray([Ljava/lang/Object;I)I @ 12 c2
Event: 52.813 Thread 0x00000209f7a3dd30 DEOPT PACKING pc=0x00000209c7134e30 sp=0x000000d7009fbeb0
Event: 52.813 Thread 0x00000209f7a3dd30 DEOPT UNPACKING pc=0x00000209c5d569a3 sp=0x000000d7009fbcf8 mode 2

Classes loaded (20 events):
Event: 44.299 Loading class sun/rmi/transport/DGCImpl$1
Event: 44.299 Loading class sun/rmi/transport/DGCImpl$1 done
Event: 44.300 Loading class sun/rmi/transport/SequenceEntry
Event: 44.300 Loading class sun/rmi/transport/SequenceEntry done
Event: 44.434 Loading class java/util/IdentityHashMap$EntrySpliterator
Event: 44.435 Loading class java/util/IdentityHashMap$IdentityHashMapSpliterator
Event: 44.435 Loading class java/util/IdentityHashMap$IdentityHashMapSpliterator done
Event: 44.435 Loading class java/util/IdentityHashMap$EntrySpliterator done
Event: 44.436 Loading class java/util/stream/SortedOps$RefSortingSink
Event: 44.437 Loading class java/util/stream/SortedOps$RefSortingSink done
Event: 44.493 Loading class java/util/SortedSet$1
Event: 44.493 Loading class java/util/SortedSet$1 done
Event: 46.066 Loading class java/nio/ShortBuffer
Event: 46.066 Loading class java/nio/ShortBuffer done
Event: 46.095 Loading class java/nio/ByteBufferAsShortBufferL
Event: 46.096 Loading class java/nio/ByteBufferAsShortBufferL done
Event: 46.124 Loading class java/util/zip/Adler32
Event: 46.125 Loading class java/util/zip/Adler32 done
Event: 50.392 Loading class jdk/internal/misc/ScopedMemoryAccess$Scope$Handle
Event: 50.393 Loading class jdk/internal/misc/ScopedMemoryAccess$Scope$Handle done

Classes unloaded (1 events):
Event: 35.481 Thread 0x00000209d54befc0 Unloading class 0x00000209d7f90400 'java/lang/invoke/LambdaForm$MH+0x00000209d7f90400'

Classes redefined (0 events):
No events

Internal exceptions (20 events):
Event: 52.777 Thread 0x00000209fac9e060 Exception <a 'sun/nio/fs/WindowsException'{0x000000009e6d28a0}> (0x000000009e6d28a0) 
thrown [s\src\hotspot\share\prims\jni.cpp, line 516]
Event: 52.778 Thread 0x00000209f89e7b20 Exception <a 'sun/nio/fs/WindowsException'{0x000000009f27cb58}> (0x000000009f27cb58) 
thrown [s\src\hotspot\share\prims\jni.cpp, line 516]
Event: 52.779 Thread 0x00000209f89e7b20 Exception <a 'sun/nio/fs/WindowsException'{0x000000009f27da80}> (0x000000009f27da80) 
thrown [s\src\hotspot\share\prims\jni.cpp, line 516]
Event: 52.779 Thread 0x00000209f89e7b20 Exception <a 'sun/nio/fs/WindowsException'{0x000000009f27dc70}> (0x000000009f27dc70) 
thrown [s\src\hotspot\share\prims\jni.cpp, line 516]
Event: 52.780 Thread 0x00000209fac9e060 Exception <a 'sun/nio/fs/WindowsException'{0x000000009e6d5170}> (0x000000009e6d5170) 
thrown [s\src\hotspot\share\prims\jni.cpp, line 516]
Event: 52.780 Thread 0x00000209fdb9a010 Exception <a 'sun/nio/fs/WindowsException'{0x000000009e6f92c0}> (0x000000009e6f92c0) 
thrown [s\src\hotspot\share\prims\jni.cpp, line 516]
Event: 52.781 Thread 0x00000209f7a3dd30 Exception <a 'sun/nio/fs/WindowsException'{0x000000009f3f8af0}> (0x000000009f3f8af0) 
thrown [s\src\hotspot\share\prims\jni.cpp, line 516]
Event: 52.782 Thread 0x00000209fac9e060 Exception <a 'sun/nio/fs/WindowsException'{0x000000009e6fd500}> (0x000000009e6fd500) 
thrown [s\src\hotspot\share\prims\jni.cpp, line 516]
Event: 52.784 Thread 0x00000209fac9e060 Exception <a 'sun/nio/fs/WindowsException'{0x000000009e51da90}> (0x000000009e51da90) 
thrown [s\src\hotspot\share\prims\jni.cpp, line 516]
Event: 52.786 Thread 0x00000209fac9e060 Exception <a 'sun/nio/fs/WindowsException'{0x000000009e528398}> (0x000000009e528398) 
thrown [s\src\hotspot\share\prims\jni.cpp, line 516]
Event: 52.788 Thread 0x00000209fac9e060 Exception <a 'sun/nio/fs/WindowsException'{0x000000009e52ac18}> (0x000000009e52ac18) 
thrown [s\src\hotspot\share\prims\jni.cpp, line 516]
Event: 52.790 Thread 0x00000209fac9e060 Exception <a 'sun/nio/fs/WindowsException'{0x000000009e52d498}> (0x000000009e52d498) 
thrown [s\src\hotspot\share\prims\jni.cpp, line 516]
Event: 52.791 Thread 0x00000209fac9e060 Exception <a 'sun/nio/fs/WindowsException'{0x000000009e52fc80}> (0x000000009e52fc80) 
thrown [s\src\hotspot\share\prims\jni.cpp, line 516]
Event: 52.793 Thread 0x00000209fac9e060 Exception <a 'sun/nio/fs/WindowsException'{0x000000009e5324e8}> (0x000000009e5324e8) 
thrown [s\src\hotspot\share\prims\jni.cpp, line 516]
Event: 52.795 Thread 0x00000209fac9e060 Exception <a 'sun/nio/fs/WindowsException'{0x000000009e548f00}> (0x000000009e548f00) 
thrown [s\src\hotspot\share\prims\jni.cpp, line 516]
Event: 52.797 Thread 0x00000209f7a3dd30 Exception <a 'sun/nio/fs/WindowsException'{0x000000009e5608f8}> (0x000000009e5608f8) 
thrown [s\src\hotspot\share\prims\jni.cpp, line 516]
Event: 52.797 Thread 0x00000209fac9e060 Exception <a 'sun/nio/fs/WindowsException'{0x000000009e568ff8}> (0x000000009e568ff8) 
thrown [s\src\hotspot\share\prims\jni.cpp, line 516]
Event: 52.797 Thread 0x00000209f7a3dd30 Exception <a 'sun/nio/fs/WindowsException'{0x000000009e562bc0}> (0x000000009e562bc0) 
thrown [s\src\hotspot\share\prims\jni.cpp, line 516]
Event: 52.798 Thread 0x00000209f7a3dd30 Exception <a 'sun/nio/fs/WindowsException'{0x000000009e564d10}> (0x000000009e564d10) 
thrown [s\src\hotspot\share\prims\jni.cpp, line 516]
Event: 52.800 Thread 0x00000209fac9e060 Exception <a 'sun/nio/fs/WindowsException'{0x000000009e57bb50}> (0x000000009e57bb50) 
thrown [s\src\hotspot\share\prims\jni.cpp, line 516]

VM Operations (20 events):
Event: 50.947 Executing VM operation: ICBufferFull
Event: 50.947 Executing VM operation: ICBufferFull done
Event: 50.990 Executing VM operation: HandshakeAllThreads
Event: 50.990 Executing VM operation: HandshakeAllThreads done
Event: 51.048 Executing VM operation: ICBufferFull
Event: 51.048 Executing VM operation: ICBufferFull done
Event: 51.340 Executing VM operation: ICBufferFull
Event: 51.341 Executing VM operation: ICBufferFull done
Event: 51.407 Executing VM operation: G1CollectForAllocation
Event: 51.412 Executing VM operation: G1CollectForAllocation done
Event: 51.720 Executing VM operation: G1CollectForAllocation
Event: 51.724 Executing VM operation: G1CollectForAllocation done
Event: 52.411 Executing VM operation: G1CollectForAllocation
Event: 52.417 Executing VM operation: G1CollectForAllocation done
Event: 52.640 Executing VM operation: ICBufferFull
Event: 52.641 Executing VM operation: ICBufferFull done
Event: 52.760 Executing VM operation: HandshakeAllThreads
Event: 52.760 Executing VM operation: HandshakeAllThreads done
Event: 52.798 Executing VM operation: ICBufferFull
Event: 52.798 Executing VM operation: ICBufferFull done

Memory protections (0 events):
No events

Nmethod flushes (20 events):
Event: 50.802 Thread 0x00000209d54e4ee0 flushing  nmethod 0x00000209c14c5c90
Event: 52.767 Thread 0x00000209d54e4ee0 flushing  nmethod 0x00000209c6f9c990
Event: 52.770 Thread 0x00000209d54e4ee0 flushing  nmethod 0x00000209bea4a810
Event: 52.777 Thread 0x00000209d54e4ee0 flushing  nmethod 0x00000209bf318c90
Event: 52.789 Thread 0x00000209d54e4ee0 flushing  nmethod 0x00000209bffc4610
Event: 52.790 Thread 0x00000209d54e4ee0 flushing  nmethod 0x00000209c00b8c10
Event: 52.790 Thread 0x00000209d54e4ee0 flushing  nmethod 0x00000209c00b9b90
Event: 52.794 Thread 0x00000209d54e4ee0 flushing  nmethod 0x00000209c05d6f90
Event: 52.795 Thread 0x00000209d54e4ee0 flushing osr nmethod 0x00000209c065cf10
Event: 52.797 Thread 0x00000209d54e4ee0 flushing  nmethod 0x00000209c0914390
Event: 52.797 Thread 0x00000209d54e4ee0 flushing osr nmethod 0x00000209c0915e90
Event: 52.800 Thread 0x00000209d54e4ee0 flushing  nmethod 0x00000209c0bdf490
Event: 52.801 Thread 0x00000209d54e4ee0 flushing  nmethod 0x00000209c0c38d10
Event: 52.801 Thread 0x00000209d54e4ee0 flushing  nmethod 0x00000209c0cb9710
Event: 52.801 Thread 0x00000209d54e4ee0 flushing  nmethod 0x00000209c0cb9a90
Event: 52.801 Thread 0x00000209d54e4ee0 flushing  nmethod 0x00000209c0cce010
Event: 52.801 Thread 0x00000209d54e4ee0 flushing  nmethod 0x00000209c0cd7210
Event: 52.801 Thread 0x00000209d54e4ee0 flushing  nmethod 0x00000209c0cda390
Event: 52.802 Thread 0x00000209d54e4ee0 flushing  nmethod 0x00000209c0d4c390
Event: 52.805 Thread 0x00000209d54e4ee0 flushing  nmethod 0x00000209c1399410

Events (20 events):
Event: 43.112 Thread 0x00000209f89e8a50 Thread added: 0x00000209fdb96350
Event: 43.129 Thread 0x00000209f89e7100 Thread added: 0x00000209fdb9a520
Event: 44.005 Thread 0x00000209f89e8540 Thread added: 0x00000209fdb9a010
Event: 44.168 Thread 0x00000209fdb9a520 Thread added: 0x00000209fdb995f0
Event: 44.190 Thread 0x00000209fdb9a520 Thread added: 0x00000209fb4f7830
Event: 44.200 Thread 0x00000209fdb9a520 Thread added: 0x00000209fd8f66b0
Event: 44.270 Thread 0x00000209fdb9a520 Thread added: 0x00000209fd8f4d60
Event: 44.270 Thread 0x00000209fdb9a520 Thread added: 0x00000209fd8f5c90
Event: 44.293 Thread 0x00000209fd8f4d60 Thread added: 0x00000209fea626a0
Event: 44.756 Thread 0x00000209f7a3e750 Thread added: 0x00000209fb82e670
Event: 44.769 Thread 0x00000209fdb96350 Thread added: 0x00000209fef37d90
Event: 44.794 Thread 0x00000209fd8f4d60 Thread added: 0x00000209fb82dc50
Event: 46.408 Thread 0x00000209f7a3e240 Thread added: 0x00000209855b8aa0
Event: 46.421 Thread 0x00000209fdb92690 Thread added: 0x00000209849131a0
Event: 46.470 Thread 0x00000209fd8f4d60 Thread added: 0x00000209fb82eb80
Event: 48.840 Thread 0x00000209f7a3d310 Thread added: 0x000002098503a000
Event: 48.863 Thread 0x00000209f7a3c8f0 Thread added: 0x00000209fac9ea80
Event: 48.870 Thread 0x00000209f89e8030 Thread added: 0x00000209fac9e060
Event: 50.322 Thread 0x00000209f7a3d310 Thread added: 0x000002098558faa0
Event: 50.329 Thread 0x00000209f89e7610 Thread added: 0x0000020985039af0


Dynamic libraries:
0x00007ff7b88c0000 - 0x00007ff7b88ce000 	C:\Program Files\Eclipse Adoptium\jdk-17.0.17.10-hotspot\bin\java.exe
0x00007fff58640000 - 0x00007fff588a7000 	C:\WINDOWS\SYSTEM32\ntdll.dll
0x00007fff57020000 - 0x00007fff570e9000 	C:\WINDOWS\System32\KERNEL32.DLL
0x00007fff55fd0000 - 0x00007fff563c4000 	C:\WINDOWS\System32\KERNELBASE.dll
0x00007fff554e0000 - 0x00007fff5562b000 	C:\WINDOWS\System32\ucrtbase.dll
0x00007fff4d470000 - 0x00007fff4d488000 	C:\Program Files\Eclipse Adoptium\jdk-17.0.17.10-hotspot\bin\jli.dll
0x00007fff4d490000 - 0x00007fff4d4ae000 	C:\Program Files\Eclipse Adoptium\jdk-17.0.17.10-hotspot\bin\VCRUNTIME140.dll
0x00007fff57cc0000 - 0x00007fff57e85000 	C:\WINDOWS\System32\USER32.dll
0x00007fff55400000 - 0x00007fff55427000 	C:\WINDOWS\System32\win32u.dll
0x00007fff37cb0000 - 0x00007fff37f43000 	C:\WINDOWS\WinSxS\amd64_microsoft.windows.common-controls_6595b64144ccf1df_6.0.26100.8115_none_3e075c82e3354f9c\COMCTL32.dll
0x00007fff57c90000 - 0x00007fff57cbb000 	C:\WINDOWS\System32\GDI32.dll
0x00007fff568c0000 - 0x00007fff56969000 	C:\WINDOWS\System32\msvcrt.dll
0x00007fff55ea0000 - 0x00007fff55fcb000 	C:\WINDOWS\System32\gdi32full.dll
0x00007fff55350000 - 0x00007fff553f3000 	C:\WINDOWS\System32\msvcp_win.dll
0x00007fff56420000 - 0x00007fff56452000 	C:\WINDOWS\System32\IMM32.DLL
0x00007fff50c50000 - 0x00007fff50c5c000 	C:\Program Files\Eclipse Adoptium\jdk-17.0.17.10-hotspot\bin\vcruntime140_1.dll
0x00007fff44f40000 - 0x00007fff44fcd000 	C:\Program Files\Eclipse Adoptium\jdk-17.0.17.10-hotspot\bin\msvcp140.dll
0x00007ffea1c30000 - 0x00007ffea289b000 	C:\Program Files\Eclipse Adoptium\jdk-17.0.17.10-hotspot\bin\server\jvm.dll
0x00007fff56970000 - 0x00007fff56a26000 	C:\WINDOWS\System32\ADVAPI32.dll
0x00007fff57830000 - 0x00007fff578d7000 	C:\WINDOWS\System32\sechost.dll
0x00007fff57710000 - 0x00007fff57828000 	C:\WINDOWS\System32\RPCRT4.dll
0x00007fff57980000 - 0x00007fff57a00000 	C:\WINDOWS\System32\WS2_32.dll
0x00007fff43c10000 - 0x00007fff43c46000 	C:\WINDOWS\SYSTEM32\WINMM.dll
0x00007fff54d70000 - 0x00007fff54dce000 	C:\WINDOWS\SYSTEM32\POWRPROF.dll
0x00007fff4edc0000 - 0x00007fff4edcb000 	C:\WINDOWS\SYSTEM32\VERSION.dll
0x00007fff54d50000 - 0x00007fff54d64000 	C:\WINDOWS\SYSTEM32\UMPDC.dll
0x00007fff53c40000 - 0x00007fff53c5b000 	C:\WINDOWS\SYSTEM32\kernel.appcore.dll
0x00007fff4d460000 - 0x00007fff4d46a000 	C:\Program Files\Eclipse Adoptium\jdk-17.0.17.10-hotspot\bin\jimage.dll
0x00007fff52e50000 - 0x00007fff53092000 	C:\WINDOWS\SYSTEM32\DBGHELP.DLL
0x00007fff56a30000 - 0x00007fff56db2000 	C:\WINDOWS\System32\combase.dll
0x00007fff56460000 - 0x00007fff56538000 	C:\WINDOWS\System32\OLEAUT32.dll
0x00007fff36b90000 - 0x00007fff36bcb000 	C:\WINDOWS\SYSTEM32\dbgcore.DLL
0x00007fff55430000 - 0x00007fff554d5000 	C:\WINDOWS\System32\bcryptPrimitives.dll
0x00007fff50d00000 - 0x00007fff50d0e000 	C:\Program Files\Eclipse Adoptium\jdk-17.0.17.10-hotspot\bin\instrument.dll
0x00007fff40350000 - 0x00007fff40375000 	C:\Program Files\Eclipse Adoptium\jdk-17.0.17.10-hotspot\bin\java.dll
0x00007ffed0da0000 - 0x00007ffed0e77000 	C:\Program Files\Eclipse Adoptium\jdk-17.0.17.10-hotspot\bin\jsvml.dll
0x00007fff57e90000 - 0x00007fff585f7000 	C:\WINDOWS\System32\SHELL32.dll
0x00007fff54f10000 - 0x00007fff5507a000 	C:\WINDOWS\System32\wintypes.dll
0x00007fff55630000 - 0x00007fff55e98000 	C:\WINDOWS\System32\windows.storage.dll
0x00007fff57180000 - 0x00007fff57278000 	C:\WINDOWS\System32\SHCORE.dll
0x00007fff56f20000 - 0x00007fff56f86000 	C:\WINDOWS\System32\shlwapi.dll
0x00007fff54e30000 - 0x00007fff54e59000 	C:\WINDOWS\SYSTEM32\profapi.dll
0x00007ffef23a0000 - 0x00007ffef23b8000 	C:\Program Files\Eclipse Adoptium\jdk-17.0.17.10-hotspot\bin\zip.dll
0x00007ffef3090000 - 0x00007ffef30aa000 	C:\Program Files\Eclipse Adoptium\jdk-17.0.17.10-hotspot\bin\net.dll
0x00007fff4de70000 - 0x00007fff4df9d000 	C:\WINDOWS\SYSTEM32\WINHTTP.dll
0x00007fff54210000 - 0x00007fff5427c000 	C:\WINDOWS\system32\mswsock.dll
0x00007ffef2a10000 - 0x00007ffef2a26000 	C:\Program Files\Eclipse Adoptium\jdk-17.0.17.10-hotspot\bin\nio.dll
0x00007fff48410000 - 0x00007fff48420000 	C:\Program Files\Eclipse Adoptium\jdk-17.0.17.10-hotspot\bin\verify.dll
0x00007fff4abc0000 - 0x00007fff4abe7000 	C:\Users\asepr\.gradle\native\1def1411415f61bf3af743bc5b6707747c0891f09f0c88961ee8f79bc544acac\windows-amd64\native-platform.dll
0x00007fff39fa0000 - 0x00007fff3a017000 	C:\Users\asepr\.gradle\native\0.2.8\x86_64-windows-gnu\gradle-fileevents.dll
0x00007fff4d350000 - 0x00007fff4d35a000 	C:\Program Files\Eclipse Adoptium\jdk-17.0.17.10-hotspot\bin\management.dll
0x00007fff4aff0000 - 0x00007fff4affc000 	C:\Program Files\Eclipse Adoptium\jdk-17.0.17.10-hotspot\bin\management_ext.dll
0x00007fff57960000 - 0x00007fff57968000 	C:\WINDOWS\System32\PSAPI.DLL
0x00007fff53660000 - 0x00007fff53692000 	C:\WINDOWS\SYSTEM32\IPHLPAPI.DLL
0x00007fff57a90000 - 0x00007fff57a9a000 	C:\WINDOWS\System32\NSI.dll
0x00007fff4edd0000 - 0x00007fff4eded000 	C:\WINDOWS\SYSTEM32\dhcpcsvc6.DLL
0x00007fff4e6b0000 - 0x00007fff4e6d5000 	C:\WINDOWS\SYSTEM32\dhcpcsvc.DLL
0x00007fff536f0000 - 0x00007fff53822000 	C:\WINDOWS\SYSTEM32\DNSAPI.dll
0x00007fff22290000 - 0x00007fff22299000 	C:\Program Files\Eclipse Adoptium\jdk-17.0.17.10-hotspot\bin\extnet.dll
0x00007fff544f0000 - 0x00007fff5450b000 	C:\WINDOWS\SYSTEM32\CRYPTSP.dll
0x00007fff53c00000 - 0x00007fff53c39000 	C:\WINDOWS\system32\rsaenh.dll
0x00007fff542c0000 - 0x00007fff542f3000 	C:\WINDOWS\SYSTEM32\USERENV.dll
0x00007fff54e00000 - 0x00007fff54e2a000 	C:\WINDOWS\SYSTEM32\bcrypt.dll
0x00007fff54510000 - 0x00007fff5451c000 	C:\WINDOWS\SYSTEM32\CRYPTBASE.dll
0x00007fff50cf0000 - 0x00007fff50cfe000 	C:\Program Files\Eclipse Adoptium\jdk-17.0.17.10-hotspot\bin\sunmscapi.dll
0x00007fff551d0000 - 0x00007fff55347000 	C:\WINDOWS\System32\CRYPT32.dll
0x00007fff54710000 - 0x00007fff54740000 	C:\WINDOWS\SYSTEM32\ncrypt.dll
0x00007fff546c0000 - 0x00007fff546ff000 	C:\WINDOWS\SYSTEM32\NTASN1.dll
0x00007ffee62c0000 - 0x00007ffee62c8000 	C:\WINDOWS\system32\wshunix.dll
0x00007fff53dc0000 - 0x00007fff53df6000 	C:\WINDOWS\SYSTEM32\ntmarta.dll
0x00007fff50d10000 - 0x00007fff50d17000 	C:\Program Files\Eclipse Adoptium\jdk-17.0.17.10-hotspot\bin\rmi.dll

dbghelp: loaded successfully - version: 4.0.5 - missing functions: none
symbol engine: initialized successfully - sym options: 0x614 - pdb path: .;C:\Program Files\Eclipse Adoptium\jdk-17.0.17.10-hotspot\bin;C:\WINDOWS\SYSTEM32;C:\WINDOWS\WinSxS\amd64_microsoft.windows.common-controls_6595b64144ccf1df_6.0.26100.8115_none_3e075c82e3354f9c;C:\Program Files\Eclipse Adoptium\jdk-17.0.17.10-hotspot\bin\server;C:\Users\asepr\.gradle\native\1def1411415f61bf3af743bc5b6707747c0891f09f0c88961ee8f79bc544acac\windows-amd64;C:\Users\asepr\.gradle\native\0.2.8\x86_64-windows-gnu

VM Arguments:
jvm_args: --add-opens=java.base/java.lang=ALL-UNNAMED --add-opens=java.base/java.lang.invoke=ALL-UNNAMED --add-opens=java.base/java.util=ALL-UNNAMED --add-opens=java.prefs/java.util.prefs=ALL-UNNAMED --add-exports=jdk.compiler/com.sun.tools.javac.api=ALL-UNNAMED --add-exports=jdk.compiler/com.sun.tools.javac.util=ALL-UNNAMED --add-opens=java.base/java.util=ALL-UNNAMED --add-opens=java.prefs/java.util.prefs=ALL-UNNAMED --add-opens=java.base/java.nio.charset=ALL-UNNAMED --add-opens=java.base/java.net=ALL-UNNAMED --add-opens=java.base/java.util.concurrent=ALL-UNNAMED --add-opens=java.base/java.util.concurrent.atomic=ALL-UNNAMED --add-opens=java.xml/javax.xml.namespace=ALL-UNNAMED -XX:MaxMetaspaceSize=512m -Xmx2048m -Dfile.encoding=windows-1252 -Duser.country=ID -Duser.language=en -Duser.variant -javaagent:C:\Users\asepr\.gradle\wrapper\dists\gradle-9.0.0-bin\d6wjpkvcgsg3oed0qlfss3wgl\gradle-9.0.0\lib\agents\gradle-instrumentation-agent-9.0.0.jar 
java_command: org.gradle.launcher.daemon.bootstrap.GradleDaemon 9.0.0
java_class_path (initial): C:\Users\asepr\.gradle\wrapper\dists\gradle-9.0.0-bin\d6wjpkvcgsg3oed0qlfss3wgl\gradle-9.0.0\lib\gradle-daemon-main-9.0.0.jar
Launcher Type: SUN_STANDARD

[Global flags]
     intx CICompilerCount                          = 4                                         {product} {ergonomic}
   size_t CompressedClassSpaceSize                 = 436207616                                 {product} {ergonomic}
     uint ConcGCThreads                            = 3                                         {product} {ergonomic}
     uint G1ConcRefinementThreads                  = 10                                        {product} {ergonomic}
   size_t G1HeapRegionSize                         = 1048576                                   {product} {ergonomic}
    uintx GCDrainStackTargetSize                   = 64                                        {product} {ergonomic}
   size_t InitialHeapSize                          = 98566144                                  {product} {ergonomic}
   size_t MarkStackSize                            = 4194304                                   {product} {ergonomic}
   size_t MaxHeapSize                              = 2147483648                                {product} {command line}
   size_t MaxMetaspaceSize                         = 536870912                                 {product} {command line}
   size_t MaxNewSize                               = 1287651328                                {product} {ergonomic}
   size_t MinHeapDeltaBytes                        = 1048576                                   {product} {ergonomic}
   size_t MinHeapSize                              = 8388608                                   {product} {ergonomic}
    uintx NonNMethodCodeHeapSize                   = 5839372                                {pd product} {ergonomic}
    uintx NonProfiledCodeHeapSize                  = 122909434                              {pd product} {ergonomic}
    uintx ProfiledCodeHeapSize                     = 122909434                              {pd product} {ergonomic}
    uintx ReservedCodeCacheSize                    = 251658240                              {pd product} {ergonomic}
     bool SegmentedCodeCache                       = true                                      {product} {ergonomic}
   size_t SoftMaxHeapSize                          = 2147483648                             {manageable} {ergonomic}
     bool UseCompressedClassPointers               = true                           {product lp64_product} {ergonomic}
     bool UseCompressedOops                        = true                           {product lp64_product} {ergonomic}
     bool UseG1GC                                  = true                                      {product} {ergonomic}
     bool UseLargePagesIndividualAllocation        = false                                  {pd product} {ergonomic}

Logging:
Log output configuration:
 #0: stdout all=warning uptime,level,tags
 #1: stderr all=off uptime,level,tags

Environment Variables:
JAVA_HOME=C:\Program Files\Eclipse Adoptium\jdk-17.0.17.10-hotspot
PATH=C:\Program Files\Eclipse Adoptium\jdk-17.0.17.10-hotspot\bin;C:\WINDOWS\system32;C:\WINDOWS;C:\WINDOWS\System32\Wbem;C:\WINDOWS\System32\WindowsPowerShell\v1.0\;C:\WINDOWS\System32\OpenSSH\;C:\Program Files\Git\cmd;C:\Program Files\Redis\;C:\xampp\php;C:\Program Files\apache-maven-3.8.3\bin;C:\instantclient_21_3;C:\curl-7.81.0-win64-mingw\bin;C:\Program Files\Go\bin;C:\ProgramData\ComposerSetup\bin;C:\Program Files\PuTTY\;C:\Program Files\nodejs\;C:\Program Files\Eclipse Adoptium\jdk-17.0.17.10-hotspot\bin;C:\Android\platform-tools;C:\Program Files (x86)\HP\HP OCR\DB_Lib\;C:\Program Files\HP\Common\HPDestPlgIn\;C:\Program Files (x86)\HP\Common\HPDestPlgIn\;C:\Program Files\Docker\Docker\resources\bin;C:\Program Files\dotnet\;C:\;C:\Users\asepr\AppData\Local\Programs\Microsoft VS Code\bin;C:\Users\asepr\AppData\Local\Microsoft\WindowsApps;C:\Users\asepr\.dotnet\tools
USERNAME=asepr
OS=Windows_NT
PROCESSOR_IDENTIFIER=AMD64 Family 23 Model 104 Stepping 1, AuthenticAMD
TMP=C:\Users\asepr\AppData\Local\Temp
TEMP=C:\Users\asepr\AppData\Local\Temp



Periodic native trim disabled


---------------  S Y S T E M  ---------------

OS:
 Windows 11 , 64 bit Build 26100 (10.0.26100.8246)
OS uptime: 0 days 4:24 hours
Hyper-V role detected

CPU: total 12 (initial active 12) (12 cores per cpu, 2 threads per core) family 23 model 104 stepping 1 microcode 0x8608103, cx8, cmov, fxsr, ht, mmx, 3dnowpref, sse, sse2, sse3, ssse3, sse4a, sse4.1, sse4.2, popcnt, lzcnt, tsc, tscinvbit, avx, avx2, aes, clmul, bmi1, bmi2, adx, sha, fma, vzeroupper, clflush, clflushopt, hv
Processor Information for processor 0
  Max Mhz: 2100, Current Mhz: 1988, Mhz Limit: 2100
Processor Information for processor 1
  Max Mhz: 2100, Current Mhz: 1988, Mhz Limit: 2100
Processor Information for processor 2
  Max Mhz: 2100, Current Mhz: 1988, Mhz Limit: 2100
Processor Information for processor 3
  Max Mhz: 2100, Current Mhz: 2100, Mhz Limit: 2100
Processor Information for processor 4
  Max Mhz: 2100, Current Mhz: 1988, Mhz Limit: 2100
Processor Information for processor 5
  Max Mhz: 2100, Current Mhz: 1988, Mhz Limit: 2100
Processor Information for processor 6
  Max Mhz: 2100, Current Mhz: 2100, Mhz Limit: 2100
Processor Information for processor 7
  Max Mhz: 2100, Current Mhz: 1988, Mhz Limit: 2100
Processor Information for processor 8
  Max Mhz: 2100, Current Mhz: 1988, Mhz Limit: 2100
Processor Information for processor 9
  Max Mhz: 2100, Current Mhz: 1988, Mhz Limit: 2100
Processor Information for processor 10
  Max Mhz: 2100, Current Mhz: 2100, Mhz Limit: 2100
Processor Information for processor 11
  Max Mhz: 2100, Current Mhz: 1988, Mhz Limit: 2100

Memory: 4k page, system-wide physical 6005M (359M free)
TotalPageFile size 24437M (AvailPageFile size 5M)
current process WorkingSet (physical memory assigned to process): 758M, peak: 763M
current process commit charge ("private bytes"): 1062M, peak: 1070M

vm_info: OpenJDK 64-Bit Server VM (17.0.17+10) for windows-amd64 JRE (17.0.17+10), built on Oct 21 2025 23:25:32 by "admin" with unknown MS VC++:1942

END.
