#
# There is insufficient memory for the Java Runtime Environment to continue.
# Native memory allocation (mmap) failed to map 148897792 bytes. Error detail: G1 virtual space
# Possible reasons:
#   The system is out of physical RAM or swap space
#   This process is running with CompressedOops enabled, and the Java Heap may be blocking the growth of the native heap
# Possible solutions:
#   Reduce memory load on the system
#   Increase physical memory or swap space
#   Check if swap backing store is full
#   Decrease Java heap size (-Xmx/-Xms)
#   Decrease number of Java threads
#   Decrease Java thread stack sizes (-Xss)
#   Set larger code cache with -XX:ReservedCodeCacheSize=
#   JVM is running with Unscaled Compressed Oops mode in which the Java heap is
#     placed in the first 4GB address space. The Java Heap base address is the
#     maximum limit for the native heap growth. Please use -XX:HeapBaseMinAddress
#     to set the Java Heap base and to place the Java Heap above 4GB virtual address.
# This output file may be truncated or incomplete.
#
#  Out of Memory Error (os_windows.cpp:3618), pid=11128, tid=8076
#
# JRE version: OpenJDK Runtime Environment Temurin-17.0.17+10 (17.0.17+10) (build 17.0.17+10)
# Java VM: OpenJDK 64-Bit Server VM Temurin-17.0.17+10 (17.0.17+10, mixed mode, sharing, tiered, compressed oops, compressed class ptrs, g1 gc, windows-amd64)
# No core dump will be written. Minidumps are not enabled by default on client versions of Windows
#

---------------  S U M M A R Y ------------

Command Line: --add-opens=java.base/java.lang=ALL-UNNAMED --add-opens=java.base/java.lang.invoke=ALL-UNNAMED --add-opens=java.base/java.util=ALL-UNNAMED --add-opens=java.prefs/java.util.prefs=ALL-UNNAMED --add-exports=jdk.compiler/com.sun.tools.javac.api=ALL-UNNAMED --add-exports=jdk.compiler/com.sun.tools.javac.util=ALL-UNNAMED --add-opens=java.base/java.util=ALL-UNNAMED --add-opens=java.prefs/java.util.prefs=ALL-UNNAMED --add-opens=java.base/java.nio.charset=ALL-UNNAMED --add-opens=java.base/java.net=ALL-UNNAMED --add-opens=java.base/java.util.concurrent=ALL-UNNAMED --add-opens=java.base/java.util.concurrent.atomic=ALL-UNNAMED --add-opens=java.xml/javax.xml.namespace=ALL-UNNAMED -XX:MaxMetaspaceSize=512m -Xmx2048m -Dfile.encoding=windows-1252 -Duser.country=ID -Duser.language=en -Duser.variant -javaagent:C:\Users\asepr\.gradle\wrapper\dists\gradle-9.0.0-bin\d6wjpkvcgsg3oed0qlfss3wgl\gradle-9.0.0\lib\agents\gradle-instrumentation-agent-9.0.0.jar org.gradle.launcher.daemon.bootstrap.GradleDaemon 9.0.0

Host: AMD Ryzen 5 5500U with Radeon Graphics         , 12 cores, 5G,  Windows 11 , 64 bit Build 26100 (10.0.26100.7920)
Time: Tue Mar 31 19:15:40 2026 SE Asia Standard Time elapsed time: 30.146627 seconds (0d 0h 0m 30s)

---------------  T H R E A D  ---------------

Current thread (0x000002c791199590):  VMThread "VM Thread" [stack: 0x000000f211400000,0x000000f211500000] [id=8076]

Stack: [0x000000f211400000,0x000000f211500000]
Native frames: (J=compiled Java code, j=interpreted, Vv=VM code, C=native code)
V  [jvm.dll+0x683fb9]
V  [jvm.dll+0x83a1b5]
V  [jvm.dll+0x83bc2e]
V  [jvm.dll+0x83c2b3]
V  [jvm.dll+0x248eff]
V  [jvm.dll+0x680d79]
V  [jvm.dll+0x675b7a]
V  [jvm.dll+0x3091a7]
V  [jvm.dll+0x310776]
V  [jvm.dll+0x360bbe]
V  [jvm.dll+0x360dfd]
V  [jvm.dll+0x2e022c]
V  [jvm.dll+0x2de602]
V  [jvm.dll+0x2ddd9c]
V  [jvm.dll+0x320a3b]
V  [jvm.dll+0x840acd]
V  [jvm.dll+0x841803]
V  [jvm.dll+0x841d2f]
V  [jvm.dll+0x842115]
V  [jvm.dll+0x8421de]
V  [jvm.dll+0x7ea44c]
V  [jvm.dll+0x682e87]
C  [ucrtbase.dll+0x37b0]
C  [KERNEL32.DLL+0x2e8d7]
C  [ntdll.dll+0x8c48c]

VM_Operation (0x000000f212bf1ec0): G1CollectForAllocation, mode: safepoint, requested by thread 0x000002c7b1dd2df0


---------------  P R O C E S S  ---------------

Threads class SMR info:
_java_thread_list=0x000002c7b23015e0, length=190, elements={
0x000002c7f0725520, 0x000002c79119d970, 0x000002c7911a0450, 0x000002c7911b94e0,
0x000002c7911bc1c0, 0x000002c7911bca90, 0x000002c7911bd360, 0x000002c7911bdf60,
0x000002c7911c0930, 0x000002c7911c1240, 0x000002c791187460, 0x000002c7914b9dc0,
0x000002c7b1c6e090, 0x000002c7b1d84960, 0x000002c7b1cf7030, 0x000002c7b1c8fc90,
0x000002c7b1dd0a80, 0x000002c7b1dd0570, 0x000002c7b1dd2df0, 0x000002c7b1dd0060,
0x000002c7b1dd0f90, 0x000002c7b1dd14a0, 0x000002c7b1dd19b0, 0x000002c7b1dd1ec0,
0x000002c7b1dd3810, 0x000002c7b1dd28e0, 0x000002c7b1dd23d0, 0x000002c7b1dd3300,
0x000002c7b2f1fbd0, 0x000002c7b2f200e0, 0x000002c7b2f20b00, 0x000002c7b2f205f0,
0x000002c7b2f21010, 0x000002c7b2f1eca0, 0x000002c7b2f21a30, 0x000002c7b2f1e280,
0x000002c7b2f21520, 0x000002c7b2f1f1b0, 0x000002c7b2f21f40, 0x000002c7b2f1e790,
0x000002c7b2f22960, 0x000002c7b2f25c00, 0x000002c7b2f251e0, 0x000002c7b2f22450,
0x000002c7b2f22e70, 0x000002c7b2f23380, 0x000002c7b2f23890, 0x000002c7b2f256f0,
0x000002c7b2f23da0, 0x000002c7b2f24cd0, 0x000002c7b2f242b0, 0x000002c7b2f247c0,
0x000002c7b4043fd0, 0x000002c7b40444e0, 0x000002c7b4043ac0, 0x000002c7b4042b90,
0x000002c7b4042170, 0x000002c7b4041c60, 0x000002c7b40449f0, 0x000002c7b40435b0,
0x000002c7b40430a0, 0x000002c7b4044f00, 0x000002c7b4041750, 0x000002c7b4042680,
0x000002c7b40353a0, 0x000002c7b4034980, 0x000002c7b4034e90, 0x000002c7b40358b0,
0x000002c7b4034470, 0x000002c7b4036cf0, 0x000002c7b4033f60, 0x000002c7b4035dc0,
0x000002c7b40362d0, 0x000002c7b40367e0, 0x000002c7b4037200, 0x000002c7b4037710,
0x000002c7b44e60f0, 0x000002c7b44e7530, 0x000002c7b44e8460, 0x000002c7b44e4cb0,
0x000002c7b44e51c0, 0x000002c7b44e5be0, 0x000002c7b4954e80, 0x000002c7b4957700,
0x000002c7b4956ce0, 0x000002c7b49567d0, 0x000002c7b49562c0, 0x000002c7b4955390,
0x000002c7b49558a0, 0x000002c7b4955db0, 0x000002c7b49571f0, 0x000002c7b4958120,
0x000002c7b4954970, 0x000002c7b4bdcf50, 0x000002c7b4bdde80, 0x000002c7b4bdb600,
0x000002c7b4bdbb10, 0x000002c7b4bdca40, 0x000002c7b4bdc020, 0x000002c7b4bdd460,
0x000002c7b4bdb0f0, 0x000002c7b4bdfce0, 0x000002c7b4bdd970, 0x000002c7b4bde390,
0x000002c7b4bdedb0, 0x000002c7b4bde8a0, 0x000002c7b4bdf7d0, 0x000002c7b4bdf2c0,
0x000002c7b4bdc530, 0x000002c7b4be01f0, 0x000002c7b4be1120, 0x000002c7b4be0700,
0x000002c7b4be2050, 0x000002c7b4be2560, 0x000002c7b4be0c10, 0x000002c7b4be1b40,
0x000002c7b4be2a70, 0x000002c7b4be1630, 0x000002c7b22eab30, 0x000002c7b22ec480,
0x000002c7b22ebf70, 0x000002c7b22ecea0, 0x000002c7b22eba60, 0x000002c7b22eb040,
0x000002c7b22eb550, 0x000002c7b22ec990, 0x000002c7b22e96f0, 0x000002c7b22ed3b0,
0x000002c7b22e9c00, 0x000002c7b22ed8c0, 0x000002c7b22ea110, 0x000002c7b22eddd0,
0x000002c7b22ea620, 0x000002c7b22f0b60, 0x000002c7b22efc30, 0x000002c7b22eed00,
0x000002c7b22ef210, 0x000002c7b22ee2e0, 0x000002c7b22ee7f0, 0x000002c7b22f0140,
0x000002c7b22ef720, 0x000002c7b22f0650, 0x000002c7b22f1070, 0x000002c7b4ff3150,
0x000002c7b4ff54c0, 0x000002c7b4ff59d0, 0x000002c7b4ff4590, 0x000002c7b4ff5ee0,
0x000002c7b4ff4aa0, 0x000002c7b4ff63f0, 0x000002c7b4ff3660, 0x000002c7b4ff7320,
0x000002c7b4ff3b70, 0x000002c7b4ff8250, 0x000002c7b4ff6900, 0x000002c7b4ff7830,
0x000002c7b4ff8760, 0x000002c7b4ff7d40, 0x000002c7b4ff6e10, 0x000002c7b4ff8c70,
0x000002c7b4ff4fb0, 0x000002c7b4ffaad0, 0x000002c7b4ff9180, 0x000002c7b4ff9690,
0x000002c7b4ff9ba0, 0x000002c7b4ffa0b0, 0x000002c7b4ffa5c0, 0x000002c7b4cdfea0,
0x000002c7b4ce12e0, 0x000002c7b4ce3b60, 0x000002c7b4ce03b0, 0x000002c7b4ce3650,
0x000002c7b4ce0dd0, 0x000002c7b4ce17f0, 0x000002c7b4ce2c30, 0x000002c7b4ce1d00,
0x000002c7b4ce4070, 0x000002c7b4ce5ed0, 0x000002c7b4ce4a90, 0x000002c7b4ce4580,
0x000002c7b4ce54b0, 0x000002c7b4ce59c0, 0x000002c7b4ce2720, 0x000002c7b4ce7820,
0x000002c7b4ce63e0, 0x000002c7b4ce68f0, 0x000002c7b14036a0, 0x000002c7b4ce7310,
0x000002c7b5501320, 0x000002c7b5503180
}

Java Threads: ( => current thread )
  0x000002c7f0725520 JavaThread "main" [_thread_blocked, id=22336, stack(0x000000f210e00000,0x000000f210f00000)]
  0x000002c79119d970 JavaThread "Reference Handler" daemon [_thread_blocked, id=12716, stack(0x000000f211500000,0x000000f211600000)]
  0x000002c7911a0450 JavaThread "Finalizer" daemon [_thread_blocked, id=9820, stack(0x000000f211600000,0x000000f211700000)]
  0x000002c7911b94e0 JavaThread "Signal Dispatcher" daemon [_thread_blocked, id=12348, stack(0x000000f211700000,0x000000f211800000)]
  0x000002c7911bc1c0 JavaThread "Attach Listener" daemon [_thread_blocked, id=20324, stack(0x000000f211800000,0x000000f211900000)]
  0x000002c7911bca90 JavaThread "Service Thread" daemon [_thread_blocked, id=24376, stack(0x000000f211900000,0x000000f211a00000)]
  0x000002c7911bd360 JavaThread "Monitor Deflation Thread" daemon [_thread_blocked, id=5684, stack(0x000000f211a00000,0x000000f211b00000)]
  0x000002c7911bdf60 JavaThread "C2 CompilerThread0" daemon [_thread_blocked, id=23980, stack(0x000000f211b00000,0x000000f211c00000)]
  0x000002c7911c0930 JavaThread "C1 CompilerThread0" daemon [_thread_blocked, id=24536, stack(0x000000f211c00000,0x000000f211d00000)]
  0x000002c7911c1240 JavaThread "Sweeper thread" daemon [_thread_blocked, id=16980, stack(0x000000f211d00000,0x000000f211e00000)]
  0x000002c791187460 JavaThread "Common-Cleaner" daemon [_thread_blocked, id=16832, stack(0x000000f211e00000,0x000000f211f00000)]
  0x000002c7914b9dc0 JavaThread "Notification Thread" daemon [_thread_blocked, id=24104, stack(0x000000f211f00000,0x000000f212000000)]
  0x000002c7b1c6e090 JavaThread "Daemon health stats" [_thread_blocked, id=7128, stack(0x000000f212500000,0x000000f212600000)]
  0x000002c7b1d84960 JavaThread "Incoming local TCP Connector on port 56713" [_thread_in_native, id=20408, stack(0x000000f212600000,0x000000f212700000)]
  0x000002c7b1cf7030 JavaThread "Daemon periodic checks" [_thread_blocked, id=18600, stack(0x000000f212700000,0x000000f212800000)]
  0x000002c7b1c8fc90 JavaThread "Daemon" [_thread_blocked, id=18960, stack(0x000000f212800000,0x000000f212900000)]
  0x000002c7b1dd0a80 JavaThread "Handler for socket connection from /127.0.0.1:56713 to /127.0.0.1:56714" [_thread_in_native, id=23336, stack(0x000000f212900000,0x000000f212a00000)]
  0x000002c7b1dd0570 JavaThread "Cancel handler" [_thread_blocked, id=9176, stack(0x000000f212a00000,0x000000f212b00000)]
  0x000002c7b1dd2df0 JavaThread "Daemon worker" [_thread_blocked, id=18252, stack(0x000000f212b00000,0x000000f212c00000)]
  0x000002c7b1dd0060 JavaThread "Asynchronous log dispatcher for DefaultDaemonConnection: socket connection from /127.0.0.1:56713 to /127.0.0.1:56714" [_thread_blocked, id=10212, stack(0x000000f212c00000,0x000000f212d00000)]
  0x000002c7b1dd0f90 JavaThread "Stdin handler" [_thread_blocked, id=22880, stack(0x000000f212d00000,0x000000f212e00000)]
  0x000002c7b1dd14a0 JavaThread "Daemon client event forwarder" [_thread_blocked, id=23972, stack(0x000000f212e00000,0x000000f212f00000)]
  0x000002c7b1dd19b0 JavaThread "Cache worker for journal cache (C:\Users\asepr\.gradle\caches\journal-1)" [_thread_blocked, id=11836, stack(0x000000f213400000,0x000000f213500000)]
  0x000002c7b1dd1ec0 JavaThread "File lock request listener" [_thread_in_native, id=17292, stack(0x000000f213500000,0x000000f213600000)]
  0x000002c7b1dd3810 JavaThread "Cache worker for file hash cache (C:\Users\asepr\.gradle\caches\9.0.0\fileHashes)" [_thread_blocked, id=17172, stack(0x000000f213600000,0x000000f213700000)]
  0x000002c7b1dd28e0 JavaThread "Cache worker for file hash cache (C:\Users\asepr\mobile-app\mobile\android\.gradle\9.0.0\fileHashes)" [_thread_blocked, id=15016, stack(0x000000f213900000,0x000000f213a00000)]
  0x000002c7b1dd23d0 JavaThread "Cache worker for Build Output Cleanup Cache (C:\Users\asepr\mobile-app\mobile\android\.gradle\buildOutputCleanup)" [_thread_blocked, id=4324, stack(0x000000f213a00000,0x000000f213b00000)]
  0x000002c7b1dd3300 JavaThread "File watcher server" daemon [_thread_in_native, id=8232, stack(0x000000f213b00000,0x000000f213c00000)]
  0x000002c7b2f1fbd0 JavaThread "File watcher consumer" daemon [_thread_blocked, id=7688, stack(0x000000f213c00000,0x000000f213d00000)]
  0x000002c7b2f200e0 JavaThread "Cache worker for checksums cache (C:\Users\asepr\mobile-app\mobile\android\.gradle\9.0.0\checksums)" [_thread_blocked, id=8788, stack(0x000000f213d00000,0x000000f213e00000)]
  0x000002c7b2f20b00 JavaThread "Cache worker for file content cache (C:\Users\asepr\.gradle\caches\9.0.0\fileContent)" [_thread_blocked, id=5932, stack(0x000000f213e00000,0x000000f213f00000)]
  0x000002c7b2f205f0 JavaThread "Cache worker for cache directory md-supplier (C:\Users\asepr\.gradle\caches\9.0.0\md-supplier)" [_thread_blocked, id=4648, stack(0x000000f213f00000,0x000000f214000000)]
  0x000002c7b2f21010 JavaThread "Cache worker for cache directory md-rule (C:\Users\asepr\.gradle\caches\9.0.0\md-rule)" [_thread_blocked, id=10012, stack(0x000000f214000000,0x000000f214100000)]
  0x000002c7b2f1eca0 JavaThread "jar transforms" [_thread_blocked, id=23712, stack(0x000000f214200000,0x000000f214300000)]
  0x000002c7b2f21a30 JavaThread "Cache worker for Build Output Cleanup Cache (C:\Users\asepr\mobile-app\mobile\node_modules\@react-native\gradle-plugin\.gradle\buildOutputCleanup)" [_thread_blocked, id=1596, stack(0x000000f214300000,0x000000f214400000)]
  0x000002c7b2f1e280 JavaThread "Unconstrained build operations" [_thread_blocked, id=22388, stack(0x000000f214400000,0x000000f214500000)]
  0x000002c7b2f21520 JavaThread "Unconstrained build operations Thread 2" [_thread_blocked, id=24080, stack(0x000000f214500000,0x000000f214600000)]
  0x000002c7b2f1f1b0 JavaThread "Unconstrained build operations Thread 3" [_thread_blocked, id=15448, stack(0x000000f214600000,0x000000f214700000)]
  0x000002c7b2f21f40 JavaThread "Unconstrained build operations Thread 4" [_thread_blocked, id=13484, stack(0x000000f214700000,0x000000f214800000)]
  0x000002c7b2f1e790 JavaThread "Unconstrained build operations Thread 5" [_thread_blocked, id=17480, stack(0x000000f214800000,0x000000f214900000)]
  0x000002c7b2f22960 JavaThread "Unconstrained build operations Thread 6" [_thread_blocked, id=9168, stack(0x000000f214900000,0x000000f214a00000)]
  0x000002c7b2f25c00 JavaThread "Unconstrained build operations Thread 7" [_thread_blocked, id=13476, stack(0x000000f214a00000,0x000000f214b00000)]
  0x000002c7b2f251e0 JavaThread "Unconstrained build operations Thread 8" [_thread_blocked, id=7712, stack(0x000000f214b00000,0x000000f214c00000)]
  0x000002c7b2f22450 JavaThread "Unconstrained build operations Thread 9" [_thread_blocked, id=16124, stack(0x000000f214c00000,0x000000f214d00000)]
  0x000002c7b2f22e70 JavaThread "Unconstrained build operations Thread 10" [_thread_blocked, id=8844, stack(0x000000f214d00000,0x000000f214e00000)]
  0x000002c7b2f23380 JavaThread "Unconstrained build operations Thread 11" [_thread_blocked, id=16416, stack(0x000000f214e00000,0x000000f214f00000)]
  0x000002c7b2f23890 JavaThread "Unconstrained build operations Thread 12" [_thread_blocked, id=12788, stack(0x000000f214f00000,0x000000f215000000)]
  0x000002c7b2f256f0 JavaThread "Unconstrained build operations Thread 13" [_thread_blocked, id=18992, stack(0x000000f215000000,0x000000f215100000)]
  0x000002c7b2f23da0 JavaThread "Unconstrained build operations Thread 14" [_thread_blocked, id=14652, stack(0x000000f215100000,0x000000f215200000)]
  0x000002c7b2f24cd0 JavaThread "Unconstrained build operations Thread 15" [_thread_blocked, id=6012, stack(0x000000f215200000,0x000000f215300000)]
  0x000002c7b2f242b0 JavaThread "Unconstrained build operations Thread 16" [_thread_blocked, id=24020, stack(0x000000f215300000,0x000000f215400000)]
  0x000002c7b2f247c0 JavaThread "Unconstrained build operations Thread 17" [_thread_blocked, id=11116, stack(0x000000f215400000,0x000000f215500000)]
  0x000002c7b4043fd0 JavaThread "Unconstrained build operations Thread 18" [_thread_blocked, id=19196, stack(0x000000f215500000,0x000000f215600000)]
  0x000002c7b40444e0 JavaThread "Unconstrained build operations Thread 19" [_thread_blocked, id=11960, stack(0x000000f215600000,0x000000f215700000)]
  0x000002c7b4043ac0 JavaThread "Unconstrained build operations Thread 20" [_thread_blocked, id=2808, stack(0x000000f215700000,0x000000f215800000)]
  0x000002c7b4042b90 JavaThread "Unconstrained build operations Thread 21" [_thread_blocked, id=12772, stack(0x000000f215800000,0x000000f215900000)]
  0x000002c7b4042170 JavaThread "Unconstrained build operations Thread 22" [_thread_blocked, id=16136, stack(0x000000f215900000,0x000000f215a00000)]
  0x000002c7b4041c60 JavaThread "Unconstrained build operations Thread 23" [_thread_blocked, id=3164, stack(0x000000f215a00000,0x000000f215b00000)]
  0x000002c7b40449f0 JavaThread "Unconstrained build operations Thread 24" [_thread_blocked, id=23600, stack(0x000000f215b00000,0x000000f215c00000)]
  0x000002c7b40435b0 JavaThread "Unconstrained build operations Thread 25" [_thread_blocked, id=23616, stack(0x000000f215c00000,0x000000f215d00000)]
  0x000002c7b40430a0 JavaThread "Unconstrained build operations Thread 26" [_thread_blocked, id=15632, stack(0x000000f215d00000,0x000000f215e00000)]
  0x000002c7b4044f00 JavaThread "Unconstrained build operations Thread 27" [_thread_blocked, id=24344, stack(0x000000f215e00000,0x000000f215f00000)]
  0x000002c7b4041750 JavaThread "Unconstrained build operations Thread 28" [_thread_blocked, id=24348, stack(0x000000f215f00000,0x000000f216000000)]
  0x000002c7b4042680 JavaThread "Unconstrained build operations Thread 29" [_thread_blocked, id=23632, stack(0x000000f216000000,0x000000f216100000)]
  0x000002c7b40353a0 JavaThread "Unconstrained build operations Thread 30" [_thread_blocked, id=3356, stack(0x000000f216100000,0x000000f216200000)]
  0x000002c7b4034980 JavaThread "Unconstrained build operations Thread 31" [_thread_blocked, id=12052, stack(0x000000f216200000,0x000000f216300000)]
  0x000002c7b4034e90 JavaThread "Unconstrained build operations Thread 32" [_thread_blocked, id=18956, stack(0x000000f216300000,0x000000f216400000)]
  0x000002c7b40358b0 JavaThread "Unconstrained build operations Thread 33" [_thread_blocked, id=23708, stack(0x000000f216400000,0x000000f216500000)]
  0x000002c7b4034470 JavaThread "Unconstrained build operations Thread 34" [_thread_blocked, id=7044, stack(0x000000f216500000,0x000000f216600000)]
  0x000002c7b4036cf0 JavaThread "Unconstrained build operations Thread 35" [_thread_blocked, id=1756, stack(0x000000f216600000,0x000000f216700000)]
  0x000002c7b4033f60 JavaThread "Unconstrained build operations Thread 36" [_thread_blocked, id=4564, stack(0x000000f216700000,0x000000f216800000)]
  0x000002c7b4035dc0 JavaThread "Unconstrained build operations Thread 37" [_thread_blocked, id=24060, stack(0x000000f216800000,0x000000f216900000)]
  0x000002c7b40362d0 JavaThread "Unconstrained build operations Thread 38" [_thread_blocked, id=22712, stack(0x000000f216900000,0x000000f216a00000)]
  0x000002c7b40367e0 JavaThread "Unconstrained build operations Thread 39" [_thread_blocked, id=8868, stack(0x000000f216a00000,0x000000f216b00000)]
  0x000002c7b4037200 JavaThread "build event listener" [_thread_blocked, id=5292, stack(0x000000f216b00000,0x000000f216c00000)]
  0x000002c7b4037710 JavaThread "Memory manager" [_thread_blocked, id=3616, stack(0x000000f216d00000,0x000000f216e00000)]
  0x000002c7b44e60f0 JavaThread "ForkJoinPool.commonPool-worker-1" daemon [_thread_blocked, id=6280, stack(0x000000f216e00000,0x000000f216f00000)]
  0x000002c7b44e7530 JavaThread "ForkJoinPool.commonPool-worker-2" daemon [_thread_blocked, id=15624, stack(0x000000f216f00000,0x000000f217000000)]
  0x000002c7b44e8460 JavaThread "ForkJoinPool.commonPool-worker-3" daemon [_thread_blocked, id=9256, stack(0x000000f217000000,0x000000f217100000)]
  0x000002c7b44e4cb0 JavaThread "ForkJoinPool.commonPool-worker-4" daemon [_thread_blocked, id=22184, stack(0x000000f217100000,0x000000f217200000)]
  0x000002c7b44e51c0 JavaThread "ForkJoinPool.commonPool-worker-5" daemon [_thread_blocked, id=3624, stack(0x000000f217200000,0x000000f217300000)]
  0x000002c7b44e5be0 JavaThread "ForkJoinPool.commonPool-worker-6" daemon [_thread_blocked, id=12124, stack(0x000000f217300000,0x000000f217400000)]
  0x000002c7b4954e80 JavaThread "ForkJoinPool.commonPool-worker-7" daemon [_thread_blocked, id=16996, stack(0x000000f217400000,0x000000f217500000)]
  0x000002c7b4957700 JavaThread "ForkJoinPool.commonPool-worker-8" daemon [_thread_blocked, id=20820, stack(0x000000f217500000,0x000000f217600000)]
  0x000002c7b4956ce0 JavaThread "ForkJoinPool.commonPool-worker-9" daemon [_thread_blocked, id=16348, stack(0x000000f217600000,0x000000f217700000)]
  0x000002c7b49567d0 JavaThread "ForkJoinPool.commonPool-worker-10" daemon [_thread_blocked, id=24136, stack(0x000000f217700000,0x000000f217800000)]
  0x000002c7b49562c0 JavaThread "ForkJoinPool.commonPool-worker-11" daemon [_thread_blocked, id=13104, stack(0x000000f217800000,0x000000f217900000)]
  0x000002c7b4955390 JavaThread "Exec process" [_thread_blocked, id=14600, stack(0x000000f217900000,0x000000f217a00000)]
  0x000002c7b49558a0 JavaThread "Exec process Thread 2" [_thread_blocked, id=14208, stack(0x000000f217a00000,0x000000f217b00000)]
  0x000002c7b4955db0 JavaThread "Exec process Thread 3" [_thread_blocked, id=23296, stack(0x000000f217b00000,0x000000f217c00000)]
  0x000002c7b49571f0 JavaThread "included builds" [_thread_blocked, id=12508, stack(0x000000f216c00000,0x000000f216d00000)]
  0x000002c7b4958120 JavaThread "Execution worker" [_thread_blocked, id=15940, stack(0x000000f217c00000,0x000000f217d00000)]
  0x000002c7b4954970 JavaThread "Execution worker Thread 2" [_thread_blocked, id=16752, stack(0x000000f217d00000,0x000000f217e00000)]
  0x000002c7b4bdcf50 JavaThread "Execution worker Thread 3" [_thread_blocked, id=22160, stack(0x000000f217e00000,0x000000f217f00000)]
  0x000002c7b4bdde80 JavaThread "Execution worker Thread 4" [_thread_blocked, id=20092, stack(0x000000f217f00000,0x000000f218000000)]
  0x000002c7b4bdb600 JavaThread "Execution worker Thread 5" [_thread_blocked, id=8752, stack(0x000000f218000000,0x000000f218100000)]
  0x000002c7b4bdbb10 JavaThread "Execution worker Thread 6" [_thread_blocked, id=22096, stack(0x000000f218100000,0x000000f218200000)]
  0x000002c7b4bdca40 JavaThread "Execution worker Thread 7" [_thread_blocked, id=16452, stack(0x000000f218200000,0x000000f218300000)]
  0x000002c7b4bdc020 JavaThread "Execution worker Thread 8" [_thread_blocked, id=16672, stack(0x000000f218300000,0x000000f218400000)]
  0x000002c7b4bdd460 JavaThread "Execution worker Thread 9" [_thread_blocked, id=20656, stack(0x000000f218400000,0x000000f218500000)]
  0x000002c7b4bdb0f0 JavaThread "Execution worker Thread 10" [_thread_blocked, id=19948, stack(0x000000f218500000,0x000000f218600000)]
  0x000002c7b4bdfce0 JavaThread "Execution worker Thread 11" [_thread_blocked, id=16660, stack(0x000000f218600000,0x000000f218700000)]
  0x000002c7b4bdd970 JavaThread "Cache worker for execution history cache (C:\Users\asepr\mobile-app\mobile\node_modules\@react-native\gradle-plugin\.gradle\9.0.0\executionHistory)" [_thread_blocked, id=11788, stack(0x000000f218700000,0x000000f218800000)]
  0x000002c7b4bde390 JavaThread "Unconstrained build operations Thread 40" [_thread_blocked, id=15900, stack(0x000000f218800000,0x000000f218900000)]
  0x000002c7b4bdedb0 JavaThread "Unconstrained build operations Thread 41" [_thread_blocked, id=22760, stack(0x000000f218900000,0x000000f218a00000)]
  0x000002c7b4bde8a0 JavaThread "Unconstrained build operations Thread 42" [_thread_blocked, id=18060, stack(0x000000f218a00000,0x000000f218b00000)]
  0x000002c7b4bdf7d0 JavaThread "Unconstrained build operations Thread 43" [_thread_blocked, id=19416, stack(0x000000f218b00000,0x000000f218c00000)]
  0x000002c7b4bdf2c0 JavaThread "Unconstrained build operations Thread 44" [_thread_blocked, id=11380, stack(0x000000f218c00000,0x000000f218d00000)]
  0x000002c7b4bdc530 JavaThread "Unconstrained build operations Thread 45" [_thread_blocked, id=11616, stack(0x000000f218d00000,0x000000f218e00000)]
  0x000002c7b4be01f0 JavaThread "Unconstrained build operations Thread 46" [_thread_blocked, id=18492, stack(0x000000f218e00000,0x000000f218f00000)]
  0x000002c7b4be1120 JavaThread "Unconstrained build operations Thread 47" [_thread_blocked, id=23788, stack(0x000000f218f00000,0x000000f219000000)]
  0x000002c7b4be0700 JavaThread "Unconstrained build operations Thread 48" [_thread_blocked, id=22784, stack(0x000000f219000000,0x000000f219100000)]
  0x000002c7b4be2050 JavaThread "Unconstrained build operations Thread 49" [_thread_blocked, id=9572, stack(0x000000f219100000,0x000000f219200000)]
  0x000002c7b4be2560 JavaThread "Unconstrained build operations Thread 50" [_thread_blocked, id=23776, stack(0x000000f219200000,0x000000f219300000)]
  0x000002c7b4be0c10 JavaThread "Unconstrained build operations Thread 51" [_thread_blocked, id=6876, stack(0x000000f219300000,0x000000f219400000)]
  0x000002c7b4be1b40 JavaThread "Unconstrained build operations Thread 52" [_thread_blocked, id=18672, stack(0x000000f219400000,0x000000f219500000)]
  0x000002c7b4be2a70 JavaThread "Unconstrained build operations Thread 53" [_thread_blocked, id=12964, stack(0x000000f219500000,0x000000f219600000)]
  0x000002c7b4be1630 JavaThread "Unconstrained build operations Thread 54" [_thread_blocked, id=16720, stack(0x000000f219600000,0x000000f219700000)]
  0x000002c7b22eab30 JavaThread "Unconstrained build operations Thread 55" [_thread_blocked, id=11996, stack(0x000000f219700000,0x000000f219800000)]
  0x000002c7b22ec480 JavaThread "Unconstrained build operations Thread 56" [_thread_blocked, id=17776, stack(0x000000f219800000,0x000000f219900000)]
  0x000002c7b22ebf70 JavaThread "Unconstrained build operations Thread 57" [_thread_blocked, id=2496, stack(0x000000f219900000,0x000000f219a00000)]
  0x000002c7b22ecea0 JavaThread "Unconstrained build operations Thread 58" [_thread_blocked, id=7800, stack(0x000000f219a00000,0x000000f219b00000)]
  0x000002c7b22eba60 JavaThread "Unconstrained build operations Thread 59" [_thread_blocked, id=13296, stack(0x000000f219b00000,0x000000f219c00000)]
  0x000002c7b22eb040 JavaThread "Unconstrained build operations Thread 60" [_thread_blocked, id=3784, stack(0x000000f219c00000,0x000000f219d00000)]
  0x000002c7b22eb550 JavaThread "Unconstrained build operations Thread 61" [_thread_blocked, id=19200, stack(0x000000f219d00000,0x000000f219e00000)]
  0x000002c7b22ec990 JavaThread "Unconstrained build operations Thread 62" [_thread_blocked, id=24532, stack(0x000000f219e00000,0x000000f219f00000)]
  0x000002c7b22e96f0 JavaThread "Unconstrained build operations Thread 63" [_thread_blocked, id=10556, stack(0x000000f219f00000,0x000000f21a000000)]
  0x000002c7b22ed3b0 JavaThread "Unconstrained build operations Thread 64" [_thread_blocked, id=1008, stack(0x000000f21a000000,0x000000f21a100000)]
  0x000002c7b22e9c00 JavaThread "Unconstrained build operations Thread 65" [_thread_blocked, id=12316, stack(0x000000f21a100000,0x000000f21a200000)]
  0x000002c7b22ed8c0 JavaThread "Unconstrained build operations Thread 66" [_thread_blocked, id=16160, stack(0x000000f21a200000,0x000000f21a300000)]
  0x000002c7b22ea110 JavaThread "Unconstrained build operations Thread 67" [_thread_blocked, id=16808, stack(0x000000f21a300000,0x000000f21a400000)]
  0x000002c7b22eddd0 JavaThread "Unconstrained build operations Thread 68" [_thread_blocked, id=5268, stack(0x000000f21a400000,0x000000f21a500000)]
  0x000002c7b22ea620 JavaThread "Unconstrained build operations Thread 69" [_thread_blocked, id=8964, stack(0x000000f21a500000,0x000000f21a600000)]
  0x000002c7b22f0b60 JavaThread "Unconstrained build operations Thread 70" [_thread_blocked, id=24220, stack(0x000000f21a600000,0x000000f21a700000)]
  0x000002c7b22efc30 JavaThread "Unconstrained build operations Thread 71" [_thread_blocked, id=12116, stack(0x000000f21a700000,0x000000f21a800000)]
  0x000002c7b22eed00 JavaThread "Unconstrained build operations Thread 72" [_thread_blocked, id=21020, stack(0x000000f21a800000,0x000000f21a900000)]
  0x000002c7b22ef210 JavaThread "Unconstrained build operations Thread 73" [_thread_blocked, id=21760, stack(0x000000f21a900000,0x000000f21aa00000)]
  0x000002c7b22ee2e0 JavaThread "Unconstrained build operations Thread 74" [_thread_blocked, id=7824, stack(0x000000f21aa00000,0x000000f21ab00000)]
  0x000002c7b22ee7f0 JavaThread "Unconstrained build operations Thread 75" [_thread_blocked, id=19888, stack(0x000000f21ab00000,0x000000f21ac00000)]
  0x000002c7b22f0140 JavaThread "Unconstrained build operations Thread 76" [_thread_blocked, id=11104, stack(0x000000f21ac00000,0x000000f21ad00000)]
  0x000002c7b22ef720 JavaThread "Unconstrained build operations Thread 77" [_thread_blocked, id=18328, stack(0x000000f21ad00000,0x000000f21ae00000)]
  0x000002c7b22f0650 JavaThread "Unconstrained build operations Thread 78" [_thread_blocked, id=16800, stack(0x000000f21ae00000,0x000000f21af00000)]
  0x000002c7b22f1070 JavaThread "Unconstrained build operations Thread 79" [_thread_blocked, id=8936, stack(0x000000f21af00000,0x000000f21b000000)]
  0x000002c7b4ff3150 JavaThread "Unconstrained build operations Thread 80" [_thread_blocked, id=13412, stack(0x000000f21b000000,0x000000f21b100000)]
  0x000002c7b4ff54c0 JavaThread "Unconstrained build operations Thread 81" [_thread_blocked, id=14244, stack(0x000000f21b200000,0x000000f21b300000)]
  0x000002c7b4ff59d0 JavaThread "Unconstrained build operations Thread 82" [_thread_blocked, id=20732, stack(0x000000f21b300000,0x000000f21b400000)]
  0x000002c7b4ff4590 JavaThread "Unconstrained build operations Thread 83" [_thread_blocked, id=24412, stack(0x000000f21b400000,0x000000f21b500000)]
  0x000002c7b4ff5ee0 JavaThread "Unconstrained build operations Thread 84" [_thread_blocked, id=10552, stack(0x000000f21b500000,0x000000f21b600000)]
  0x000002c7b4ff4aa0 JavaThread "Unconstrained build operations Thread 85" [_thread_blocked, id=8016, stack(0x000000f21b600000,0x000000f21b700000)]
  0x000002c7b4ff63f0 JavaThread "Unconstrained build operations Thread 86" [_thread_blocked, id=23716, stack(0x000000f21b700000,0x000000f21b800000)]
  0x000002c7b4ff3660 JavaThread "Unconstrained build operations Thread 87" [_thread_blocked, id=12056, stack(0x000000f21b800000,0x000000f21b900000)]
  0x000002c7b4ff7320 JavaThread "Unconstrained build operations Thread 88" [_thread_blocked, id=6944, stack(0x000000f21b900000,0x000000f21ba00000)]
  0x000002c7b4ff3b70 JavaThread "Unconstrained build operations Thread 89" [_thread_blocked, id=17348, stack(0x000000f21ba00000,0x000000f21bb00000)]
  0x000002c7b4ff8250 JavaThread "Unconstrained build operations Thread 90" [_thread_blocked, id=3956, stack(0x000000f21bb00000,0x000000f21bc00000)]
  0x000002c7b4ff6900 JavaThread "Unconstrained build operations Thread 91" [_thread_blocked, id=21612, stack(0x000000f21bc00000,0x000000f21bd00000)]
  0x000002c7b4ff7830 JavaThread "Unconstrained build operations Thread 92" [_thread_blocked, id=7668, stack(0x000000f21bd00000,0x000000f21be00000)]
  0x000002c7b4ff8760 JavaThread "Unconstrained build operations Thread 93" [_thread_blocked, id=13948, stack(0x000000f21be00000,0x000000f21bf00000)]
  0x000002c7b4ff7d40 JavaThread "Unconstrained build operations Thread 94" [_thread_blocked, id=24028, stack(0x000000f21bf00000,0x000000f21c000000)]
  0x000002c7b4ff6e10 JavaThread "Unconstrained build operations Thread 95" [_thread_blocked, id=24176, stack(0x000000f21c000000,0x000000f21c100000)]
  0x000002c7b4ff8c70 JavaThread "Unconstrained build operations Thread 96" [_thread_blocked, id=23364, stack(0x000000f21c100000,0x000000f21c200000)]
  0x000002c7b4ff4fb0 JavaThread "Unconstrained build operations Thread 97" [_thread_blocked, id=6708, stack(0x000000f21c200000,0x000000f21c300000)]
  0x000002c7b4ffaad0 JavaThread "Unconstrained build operations Thread 98" [_thread_blocked, id=6592, stack(0x000000f21c300000,0x000000f21c400000)]
  0x000002c7b4ff9180 JavaThread "Unconstrained build operations Thread 99" [_thread_blocked, id=21900, stack(0x000000f21c400000,0x000000f21c500000)]
  0x000002c7b4ff9690 JavaThread "Unconstrained build operations Thread 100" [_thread_blocked, id=18476, stack(0x000000f21c500000,0x000000f21c600000)]
  0x000002c7b4ff9ba0 JavaThread "Unconstrained build operations Thread 101" [_thread_blocked, id=12528, stack(0x000000f21c600000,0x000000f21c700000)]
  0x000002c7b4ffa0b0 JavaThread "Unconstrained build operations Thread 102" [_thread_blocked, id=10704, stack(0x000000f21c700000,0x000000f21c800000)]
  0x000002c7b4ffa5c0 JavaThread "Unconstrained build operations Thread 103" [_thread_blocked, id=6328, stack(0x000000f21c800000,0x000000f21c900000)]
  0x000002c7b4cdfea0 JavaThread "Unconstrained build operations Thread 104" [_thread_blocked, id=3632, stack(0x000000f21c900000,0x000000f21ca00000)]
  0x000002c7b4ce12e0 JavaThread "Unconstrained build operations Thread 105" [_thread_blocked, id=17984, stack(0x000000f21ca00000,0x000000f21cb00000)]
  0x000002c7b4ce3b60 JavaThread "Unconstrained build operations Thread 106" [_thread_blocked, id=24180, stack(0x000000f21cb00000,0x000000f21cc00000)]
  0x000002c7b4ce03b0 JavaThread "Unconstrained build operations Thread 107" [_thread_blocked, id=18520, stack(0x000000f21cc00000,0x000000f21cd00000)]
  0x000002c7b4ce3650 JavaThread "Unconstrained build operations Thread 108" [_thread_blocked, id=20320, stack(0x000000f21cd00000,0x000000f21ce00000)]
  0x000002c7b4ce0dd0 JavaThread "Unconstrained build operations Thread 109" [_thread_blocked, id=24188, stack(0x000000f21ce00000,0x000000f21cf00000)]
  0x000002c7b4ce17f0 JavaThread "Unconstrained build operations Thread 110" [_thread_blocked, id=24184, stack(0x000000f21cf00000,0x000000f21d000000)]
  0x000002c7b4ce2c30 JavaThread "Unconstrained build operations Thread 111" [_thread_blocked, id=15496, stack(0x000000f21d000000,0x000000f21d100000)]
  0x000002c7b4ce1d00 JavaThread "Unconstrained build operations Thread 112" [_thread_blocked, id=4664, stack(0x000000f21d100000,0x000000f21d200000)]
  0x000002c7b4ce4070 JavaThread "jar transforms Thread 2" [_thread_blocked, id=24132, stack(0x000000f21d200000,0x000000f21d300000)]
  0x000002c7b4ce5ed0 JavaThread "jar transforms Thread 3" [_thread_blocked, id=1996, stack(0x000000f21d300000,0x000000f21d400000)]
  0x000002c7b4ce4a90 JavaThread "Unconstrained build operations Thread 113" [_thread_blocked, id=5312, stack(0x000000f21b100000,0x000000f21b200000)]
  0x000002c7b4ce4580 JavaThread "Unconstrained build operations Thread 114" [_thread_blocked, id=23760, stack(0x000000f21d400000,0x000000f21d500000)]
  0x000002c7b4ce54b0 JavaThread "Unconstrained build operations Thread 115" [_thread_blocked, id=23756, stack(0x000000f21d500000,0x000000f21d600000)]
  0x000002c7b4ce59c0 JavaThread "Unconstrained build operations Thread 116" [_thread_blocked, id=22452, stack(0x000000f21d600000,0x000000f21d700000)]
  0x000002c7b4ce2720 JavaThread "Unconstrained build operations Thread 117" [_thread_blocked, id=9956, stack(0x000000f21d700000,0x000000f21d800000)]
  0x000002c7b4ce7820 JavaThread "Unconstrained build operations Thread 118" [_thread_blocked, id=16104, stack(0x000000f21d800000,0x000000f21d900000)]
  0x000002c7b4ce63e0 JavaThread "Unconstrained build operations Thread 119" [_thread_blocked, id=10268, stack(0x000000f21d900000,0x000000f21da00000)]
  0x000002c7b4ce68f0 JavaThread "Unconstrained build operations Thread 120" [_thread_blocked, id=13808, stack(0x000000f21da00000,0x000000f21db00000)]
  0x000002c7b14036a0 JavaThread "C2 CompilerThread1" daemon [_thread_blocked, id=11228, stack(0x000000f21db00000,0x000000f21dc00000)]
  0x000002c7b4ce7310 JavaThread "jar transforms Thread 4" [_thread_blocked, id=24320, stack(0x000000f21dd00000,0x000000f21de00000)]
  0x000002c7b5501320 JavaThread "jar transforms Thread 5" [_thread_blocked, id=13860, stack(0x000000f21de00000,0x000000f21df00000)]
  0x000002c7b5503180 JavaThread "jar transforms Thread 6" [_thread_blocked, id=24380, stack(0x000000f21df00000,0x000000f21e000000)]

Other Threads:
=>0x000002c791199590 VMThread "VM Thread" [stack: 0x000000f211400000,0x000000f211500000] [id=8076]
  0x000002c7f07262b0 WatcherThread [stack: 0x000000f212000000,0x000000f212100000] [id=24388]
  0x000002c7f07867f0 GCTaskThread "GC Thread#0" [stack: 0x000000f210f00000,0x000000f211000000] [id=23040]
  0x000002c7915bfc50 GCTaskThread "GC Thread#1" [stack: 0x000000f212100000,0x000000f212200000] [id=24012]
  0x000002c7919d3ca0 GCTaskThread "GC Thread#2" [stack: 0x000000f212200000,0x000000f212300000] [id=8532]
  0x000002c791eac120 GCTaskThread "GC Thread#3" [stack: 0x000000f212300000,0x000000f212400000] [id=24000]
  0x000002c7b12e8ba0 GCTaskThread "GC Thread#4" [stack: 0x000000f212400000,0x000000f212500000] [id=23996]
  0x000002c7b2011170 GCTaskThread "GC Thread#5" [stack: 0x000000f212f00000,0x000000f213000000] [id=23968]
  0x000002c7b2011430 GCTaskThread "GC Thread#6" [stack: 0x000000f213000000,0x000000f213100000] [id=23976]
  0x000002c7b2010930 GCTaskThread "GC Thread#7" [stack: 0x000000f213100000,0x000000f213200000] [id=23948]
  0x000002c7b2010bf0 GCTaskThread "GC Thread#8" [stack: 0x000000f213200000,0x000000f213300000] [id=24436]
  0x000002c7b20116f0 GCTaskThread "GC Thread#9" [stack: 0x000000f213300000,0x000000f213400000] [id=13116]
  0x000002c7f07977b0 ConcurrentGCThread "G1 Main Marker" [stack: 0x000000f211000000,0x000000f211100000] [id=20864]
  0x000002c7f0799b00 ConcurrentGCThread "G1 Conc#0" [stack: 0x000000f211100000,0x000000f211200000] [id=9460]
  0x000002c7b20121f0 ConcurrentGCThread "G1 Conc#1" [stack: 0x000000f213700000,0x000000f213800000] [id=8256]
  0x000002c7b2011c70 ConcurrentGCThread "G1 Conc#2" [stack: 0x000000f213800000,0x000000f213900000] [id=6504]
  0x000002c79104c5f0 ConcurrentGCThread "G1 Refine#0" [stack: 0x000000f211200000,0x000000f211300000] [id=16144]
  0x000002c7b2af62d0 ConcurrentGCThread "G1 Refine#1" [stack: 0x000000f214100000,0x000000f214200000] [id=17972]
  0x000002c79104cdd0 ConcurrentGCThread "G1 Service" [stack: 0x000000f211300000,0x000000f211400000] [id=13488]

Threads with active compile tasks:

VM state: at safepoint (normal execution)

VM Mutex/Monitor currently owned by a thread:  ([mutex/lock_event])
[0x000002c7f0721d80] Threads_lock - owner thread: 0x000002c791199590
[0x000002c7f07209d0] Heap_lock - owner thread: 0x000002c7b1dd2df0

Heap address: 0x0000000080000000, size: 2048 MB, Compressed Oops mode: 32-bit

CDS archive(s) mapped at: [0x000002c792000000-0x000002c792bb0000-0x000002c792bb0000), size 12255232, SharedBaseAddress: 0x000002c792000000, ArchiveRelocationMode: 1.
Compressed class space mapped at: 0x000002c793000000-0x000002c7ad000000, reserved size: 436207616
Narrow klass base: 0x000002c792000000, Narrow klass shift: 0, Narrow klass range: 0x100000000

GC Precious Log:
 CPUs: 12 total, 12 available
 Memory: 6005M
 Large Page Support: Disabled
 NUMA Support: Disabled
 Compressed Oops: Enabled (32-bit)
 Heap Region Size: 1M
 Heap Min Capacity: 8M
 Heap Initial Capacity: 94M
 Heap Max Capacity: 2G
 Pre-touch: Disabled
 Parallel Workers: 10
 Concurrent Workers: 3
 Concurrent Refinement Workers: 10
 Periodic GC: Disabled

Heap:
 garbage-first heap   total 145408K, used 91524K [0x0000000080000000, 0x0000000100000000)
  region size 1024K, 2 young (2048K), 2 survivors (2048K)
 Metaspace       used 74672K, committed 75776K, reserved 491520K
  class space    used 10626K, committed 11136K, reserved 425984K

Heap Regions: E=young(eden), S=young(survivor), O=old, HS=humongous(starts), HC=humongous(continues), CS=collection set, F=free, OA=open archive, CA=closed archive, TAMS=top-at-mark-start (previous, next)
|   0|0x0000000080000000, 0x0000000080100000, 0x0000000080100000|100%|HS|  |TAMS 0x0000000080100000, 0x0000000080100000| Complete 
|   1|0x0000000080100000, 0x0000000080200000, 0x0000000080200000|100%|HC|  |TAMS 0x0000000080200000, 0x0000000080200000| Complete 
|   2|0x0000000080200000, 0x0000000080300000, 0x0000000080300000|100%|HC|  |TAMS 0x0000000080300000, 0x0000000080300000| Complete 
|   3|0x0000000080300000, 0x0000000080400000, 0x0000000080400000|100%| O|  |TAMS 0x0000000080400000, 0x0000000080400000| Untracked 
|   4|0x0000000080400000, 0x0000000080500000, 0x0000000080500000|100%| O|  |TAMS 0x0000000080500000, 0x0000000080500000| Untracked 
|   5|0x0000000080500000, 0x0000000080600000, 0x0000000080600000|100%| O|  |TAMS 0x0000000080600000, 0x0000000080600000| Untracked 
|   6|0x0000000080600000, 0x0000000080700000, 0x0000000080700000|100%|HS|  |TAMS 0x0000000080700000, 0x0000000080700000| Complete 
|   7|0x0000000080700000, 0x0000000080800000, 0x0000000080800000|100%| O|  |TAMS 0x0000000080800000, 0x0000000080800000| Untracked 
|   8|0x0000000080800000, 0x0000000080900000, 0x0000000080900000|100%| O|  |TAMS 0x0000000080900000, 0x0000000080900000| Untracked 
|   9|0x0000000080900000, 0x0000000080a00000, 0x0000000080a00000|100%| O|  |TAMS 0x0000000080a00000, 0x0000000080a00000| Untracked 
|  10|0x0000000080a00000, 0x0000000080b00000, 0x0000000080b00000|100%| O|  |TAMS 0x0000000080b00000, 0x0000000080b00000| Untracked 
|  11|0x0000000080b00000, 0x0000000080c00000, 0x0000000080c00000|100%| O|  |TAMS 0x0000000080c00000, 0x0000000080c00000| Untracked 
|  12|0x0000000080c00000, 0x0000000080d00000, 0x0000000080d00000|100%| O|  |TAMS 0x0000000080d00000, 0x0000000080d00000| Untracked 
|  13|0x0000000080d00000, 0x0000000080e00000, 0x0000000080e00000|100%| O|  |TAMS 0x0000000080e00000, 0x0000000080e00000| Untracked 
|  14|0x0000000080e00000, 0x0000000080f00000, 0x0000000080f00000|100%| O|  |TAMS 0x0000000080f00000, 0x0000000080f00000| Untracked 
|  15|0x0000000080f00000, 0x0000000081000000, 0x0000000081000000|100%| O|  |TAMS 0x0000000081000000, 0x0000000081000000| Untracked 
|  16|0x0000000081000000, 0x0000000081100000, 0x0000000081100000|100%| O|  |TAMS 0x0000000081100000, 0x0000000081100000| Untracked 
|  17|0x0000000081100000, 0x0000000081200000, 0x0000000081200000|100%| O|  |TAMS 0x0000000081200000, 0x0000000081200000| Untracked 
|  18|0x0000000081200000, 0x0000000081300000, 0x0000000081300000|100%| O|  |TAMS 0x0000000081300000, 0x0000000081300000| Untracked 
|  19|0x0000000081300000, 0x0000000081400000, 0x0000000081400000|100%| O|  |TAMS 0x0000000081400000, 0x0000000081400000| Untracked 
|  20|0x0000000081400000, 0x0000000081500000, 0x0000000081500000|100%| O|  |TAMS 0x0000000081500000, 0x0000000081500000| Untracked 
|  21|0x0000000081500000, 0x0000000081600000, 0x0000000081600000|100%|HS|  |TAMS 0x0000000081500000, 0x0000000081600000| Complete 
|  22|0x0000000081600000, 0x0000000081700000, 0x0000000081700000|100%| O|  |TAMS 0x0000000081700000, 0x0000000081700000| Untracked 
|  23|0x0000000081700000, 0x0000000081800000, 0x0000000081800000|100%| O|  |TAMS 0x0000000081800000, 0x0000000081800000| Untracked 
|  24|0x0000000081800000, 0x0000000081900000, 0x0000000081900000|100%| O|  |TAMS 0x0000000081900000, 0x0000000081900000| Untracked 
|  25|0x0000000081900000, 0x0000000081a00000, 0x0000000081a00000|100%| O|  |TAMS 0x0000000081a00000, 0x0000000081a00000| Untracked 
|  26|0x0000000081a00000, 0x0000000081b00000, 0x0000000081b00000|100%| O|  |TAMS 0x0000000081b00000, 0x0000000081b00000| Untracked 
|  27|0x0000000081b00000, 0x0000000081c00000, 0x0000000081c00000|100%| O|  |TAMS 0x0000000081c00000, 0x0000000081c00000| Untracked 
|  28|0x0000000081c00000, 0x0000000081d00000, 0x0000000081d00000|100%| O|  |TAMS 0x0000000081d00000, 0x0000000081d00000| Untracked 
|  29|0x0000000081d00000, 0x0000000081e00000, 0x0000000081e00000|100%| O|  |TAMS 0x0000000081e00000, 0x0000000081e00000| Untracked 
|  30|0x0000000081e00000, 0x0000000081f00000, 0x0000000081f00000|100%| O|  |TAMS 0x0000000081f00000, 0x0000000081f00000| Untracked 
|  31|0x0000000081f00000, 0x0000000082000000, 0x0000000082000000|100%|HS|  |TAMS 0x0000000082000000, 0x0000000082000000| Complete 
|  32|0x0000000082000000, 0x0000000082100000, 0x0000000082100000|100%|HC|  |TAMS 0x0000000082100000, 0x0000000082100000| Complete 
|  33|0x0000000082100000, 0x0000000082200000, 0x0000000082200000|100%|HC|  |TAMS 0x0000000082200000, 0x0000000082200000| Complete 
|  34|0x0000000082200000, 0x0000000082300000, 0x0000000082300000|100%|HS|  |TAMS 0x0000000082300000, 0x0000000082300000| Complete 
|  35|0x0000000082300000, 0x0000000082400000, 0x0000000082400000|100%|HC|  |TAMS 0x0000000082400000, 0x0000000082400000| Complete 
|  36|0x0000000082400000, 0x0000000082500000, 0x0000000082500000|100%|HC|  |TAMS 0x0000000082500000, 0x0000000082500000| Complete 
|  37|0x0000000082500000, 0x0000000082600000, 0x0000000082600000|100%| O|  |TAMS 0x0000000082600000, 0x0000000082600000| Untracked 
|  38|0x0000000082600000, 0x0000000082700000, 0x0000000082700000|100%| O|  |TAMS 0x0000000082700000, 0x0000000082700000| Untracked 
|  39|0x0000000082700000, 0x0000000082800000, 0x0000000082800000|100%| O|  |TAMS 0x0000000082800000, 0x0000000082800000| Untracked 
|  40|0x0000000082800000, 0x0000000082900000, 0x0000000082900000|100%| O|  |TAMS 0x0000000082900000, 0x0000000082900000| Untracked 
|  41|0x0000000082900000, 0x0000000082a00000, 0x0000000082a00000|100%| O|  |TAMS 0x0000000082a00000, 0x0000000082a00000| Untracked 
|  42|0x0000000082a00000, 0x0000000082b00000, 0x0000000082b00000|100%| O|  |TAMS 0x0000000082b00000, 0x0000000082b00000| Untracked 
|  43|0x0000000082b00000, 0x0000000082c00000, 0x0000000082c00000|100%| O|  |TAMS 0x0000000082c00000, 0x0000000082c00000| Untracked 
|  44|0x0000000082c00000, 0x0000000082d00000, 0x0000000082d00000|100%| O|  |TAMS 0x0000000082d00000, 0x0000000082d00000| Untracked 
|  45|0x0000000082d00000, 0x0000000082e00000, 0x0000000082e00000|100%| O|  |TAMS 0x0000000082e00000, 0x0000000082e00000| Untracked 
|  46|0x0000000082e00000, 0x0000000082f00000, 0x0000000082f00000|100%|HS|  |TAMS 0x0000000082e00000, 0x0000000082f00000| Complete 
|  47|0x0000000082f00000, 0x0000000083000000, 0x0000000083000000|100%| O|  |TAMS 0x0000000083000000, 0x0000000083000000| Untracked 
|  48|0x0000000083000000, 0x0000000083100000, 0x0000000083100000|100%| O|  |TAMS 0x0000000083100000, 0x0000000083100000| Untracked 
|  49|0x0000000083100000, 0x0000000083200000, 0x0000000083200000|100%| O|  |TAMS 0x0000000083200000, 0x0000000083200000| Untracked 
|  50|0x0000000083200000, 0x0000000083300000, 0x0000000083300000|100%| O|  |TAMS 0x0000000083300000, 0x0000000083300000| Untracked 
|  51|0x0000000083300000, 0x0000000083400000, 0x0000000083400000|100%| O|  |TAMS 0x0000000083400000, 0x0000000083400000| Untracked 
|  52|0x0000000083400000, 0x0000000083500000, 0x0000000083500000|100%| O|  |TAMS 0x0000000083500000, 0x0000000083500000| Untracked 
|  53|0x0000000083500000, 0x0000000083600000, 0x0000000083600000|100%| O|  |TAMS 0x0000000083600000, 0x0000000083600000| Untracked 
|  54|0x0000000083600000, 0x0000000083700000, 0x0000000083700000|100%| O|  |TAMS 0x0000000083700000, 0x0000000083700000| Untracked 
|  55|0x0000000083700000, 0x0000000083800000, 0x0000000083800000|100%| O|  |TAMS 0x0000000083800000, 0x0000000083800000| Untracked 
|  56|0x0000000083800000, 0x0000000083900000, 0x0000000083900000|100%| O|  |TAMS 0x0000000083900000, 0x0000000083900000| Untracked 
|  57|0x0000000083900000, 0x0000000083a00000, 0x0000000083a00000|100%| O|  |TAMS 0x0000000083a00000, 0x0000000083a00000| Untracked 
|  58|0x0000000083a00000, 0x0000000083b00000, 0x0000000083b00000|100%| O|  |TAMS 0x0000000083b00000, 0x0000000083b00000| Untracked 
|  59|0x0000000083b00000, 0x0000000083c00000, 0x0000000083c00000|100%| O|  |TAMS 0x0000000083c00000, 0x0000000083c00000| Untracked 
|  60|0x0000000083c00000, 0x0000000083d00000, 0x0000000083d00000|100%| O|  |TAMS 0x0000000083d00000, 0x0000000083d00000| Untracked 
|  61|0x0000000083d00000, 0x0000000083e00000, 0x0000000083e00000|100%| O|  |TAMS 0x0000000083e00000, 0x0000000083e00000| Untracked 
|  62|0x0000000083e00000, 0x0000000083f00000, 0x0000000083f00000|100%| O|  |TAMS 0x0000000083f00000, 0x0000000083f00000| Untracked 
|  63|0x0000000083f00000, 0x0000000084000000, 0x0000000084000000|100%| O|  |TAMS 0x0000000084000000, 0x0000000084000000| Untracked 
|  64|0x0000000084000000, 0x0000000084100000, 0x0000000084100000|100%|HS|  |TAMS 0x0000000084000000, 0x0000000084100000| Complete 
|  65|0x0000000084100000, 0x0000000084200000, 0x0000000084200000|100%| O|  |TAMS 0x0000000084200000, 0x0000000084200000| Untracked 
|  66|0x0000000084200000, 0x0000000084300000, 0x0000000084300000|100%| O|  |TAMS 0x0000000084300000, 0x0000000084300000| Untracked 
|  67|0x0000000084300000, 0x0000000084400000, 0x0000000084400000|100%| O|  |TAMS 0x0000000084400000, 0x0000000084400000| Untracked 
|  68|0x0000000084400000, 0x0000000084500000, 0x0000000084500000|100%| O|  |TAMS 0x0000000084500000, 0x0000000084500000| Untracked 
|  69|0x0000000084500000, 0x0000000084600000, 0x0000000084600000|100%| O|  |TAMS 0x0000000084600000, 0x0000000084600000| Untracked 
|  70|0x0000000084600000, 0x0000000084700000, 0x0000000084700000|100%| O|  |TAMS 0x0000000084700000, 0x0000000084700000| Untracked 
|  71|0x0000000084700000, 0x0000000084800000, 0x0000000084800000|100%| O|  |TAMS 0x0000000084800000, 0x0000000084800000| Untracked 
|  72|0x0000000084800000, 0x0000000084900000, 0x0000000084900000|100%| O|  |TAMS 0x0000000084900000, 0x0000000084900000| Untracked 
|  73|0x0000000084900000, 0x0000000084a00000, 0x0000000084a00000|100%| O|  |TAMS 0x0000000084a00000, 0x0000000084a00000| Untracked 
|  74|0x0000000084a00000, 0x0000000084a00000, 0x0000000084b00000|  0%| F|  |TAMS 0x0000000084a00000, 0x0000000084a00000| Untracked 
|  75|0x0000000084b00000, 0x0000000084b00000, 0x0000000084c00000|  0%| F|  |TAMS 0x0000000084b00000, 0x0000000084b00000| Untracked 
|  76|0x0000000084c00000, 0x0000000084d00000, 0x0000000084d00000|100%| O|  |TAMS 0x0000000084cbe600, 0x0000000084d00000| Untracked 
|  77|0x0000000084d00000, 0x0000000084e00000, 0x0000000084e00000|100%|HS|  |TAMS 0x0000000084d00000, 0x0000000084e00000| Complete 
|  78|0x0000000084e00000, 0x0000000084f00000, 0x0000000084f00000|100%|HS|  |TAMS 0x0000000084e00000, 0x0000000084f00000| Complete 
|  79|0x0000000084f00000, 0x0000000085000000, 0x0000000085000000|100%| O|  |TAMS 0x0000000084f00000, 0x0000000085000000| Untracked 
|  80|0x0000000085000000, 0x0000000085100000, 0x0000000085100000|100%|HS|  |TAMS 0x0000000085000000, 0x0000000085100000| Complete 
|  81|0x0000000085100000, 0x0000000085200000, 0x0000000085200000|100%| O|  |TAMS 0x0000000085100000, 0x0000000085200000| Untracked 
|  82|0x0000000085200000, 0x0000000085300000, 0x0000000085300000|100%| O|  |TAMS 0x0000000085200000, 0x0000000085300000| Untracked 
|  83|0x0000000085300000, 0x0000000085400000, 0x0000000085400000|100%| O|  |TAMS 0x0000000085300000, 0x0000000085400000| Untracked 
|  84|0x0000000085400000, 0x0000000085500000, 0x0000000085500000|100%| O|  |TAMS 0x0000000085400000, 0x0000000085500000| Untracked 
|  85|0x0000000085500000, 0x0000000085600000, 0x0000000085600000|100%| O|  |TAMS 0x0000000085500000, 0x0000000085600000| Untracked 
|  86|0x0000000085600000, 0x0000000085700000, 0x0000000085700000|100%| O|  |TAMS 0x0000000085600000, 0x0000000085700000| Untracked 
|  87|0x0000000085700000, 0x0000000085800000, 0x0000000085800000|100%| O|  |TAMS 0x0000000085700000, 0x0000000085800000| Untracked 
|  88|0x0000000085800000, 0x0000000085900000, 0x0000000085900000|100%| O|  |TAMS 0x0000000085800000, 0x0000000085900000| Untracked 
|  89|0x0000000085900000, 0x0000000085968a00, 0x0000000085a00000| 40%| O|  |TAMS 0x0000000085900000, 0x0000000085968808| Untracked 
|  90|0x0000000085a00000, 0x0000000085a00000, 0x0000000085b00000|  0%| F|  |TAMS 0x0000000085a00000, 0x0000000085a00000| Untracked 
|  91|0x0000000085b00000, 0x0000000085b00000, 0x0000000085c00000|  0%| F|  |TAMS 0x0000000085b00000, 0x0000000085b00000| Untracked 
|  92|0x0000000085c00000, 0x0000000085c00000, 0x0000000085d00000|  0%| F|  |TAMS 0x0000000085c00000, 0x0000000085c00000| Untracked 
|  93|0x0000000085d00000, 0x0000000085d00000, 0x0000000085e00000|  0%| F|  |TAMS 0x0000000085d00000, 0x0000000085d00000| Untracked 
|  94|0x0000000085e00000, 0x0000000085e00000, 0x0000000085f00000|  0%| F|  |TAMS 0x0000000085e00000, 0x0000000085e00000| Untracked 
|  95|0x0000000085f00000, 0x0000000085f00000, 0x0000000086000000|  0%| F|  |TAMS 0x0000000085f00000, 0x0000000085f00000| Untracked 
|  96|0x0000000086000000, 0x0000000086000000, 0x0000000086100000|  0%| F|  |TAMS 0x0000000086000000, 0x0000000086000000| Untracked 
|  97|0x0000000086100000, 0x0000000086100000, 0x0000000086200000|  0%| F|  |TAMS 0x0000000086100000, 0x0000000086100000| Untracked 
|  98|0x0000000086200000, 0x0000000086200000, 0x0000000086300000|  0%| F|  |TAMS 0x0000000086200000, 0x0000000086200000| Untracked 
|  99|0x0000000086300000, 0x0000000086300000, 0x0000000086400000|  0%| F|  |TAMS 0x0000000086300000, 0x0000000086300000| Untracked 
| 100|0x0000000086400000, 0x0000000086400000, 0x0000000086500000|  0%| F|  |TAMS 0x0000000086400000, 0x0000000086400000| Untracked 
| 101|0x0000000086500000, 0x0000000086500000, 0x0000000086600000|  0%| F|  |TAMS 0x0000000086500000, 0x0000000086500000| Untracked 
| 102|0x0000000086600000, 0x0000000086600000, 0x0000000086700000|  0%| F|  |TAMS 0x0000000086600000, 0x0000000086600000| Untracked 
| 103|0x0000000086700000, 0x0000000086700000, 0x0000000086800000|  0%| F|  |TAMS 0x0000000086700000, 0x0000000086700000| Untracked 
| 104|0x0000000086800000, 0x0000000086800000, 0x0000000086900000|  0%| F|  |TAMS 0x0000000086800000, 0x0000000086800000| Untracked 
| 105|0x0000000086900000, 0x0000000086900000, 0x0000000086a00000|  0%| F|  |TAMS 0x0000000086900000, 0x0000000086900000| Untracked 
| 106|0x0000000086a00000, 0x0000000086a00000, 0x0000000086b00000|  0%| F|  |TAMS 0x0000000086a00000, 0x0000000086a00000| Untracked 
| 107|0x0000000086b00000, 0x0000000086b00000, 0x0000000086c00000|  0%| F|  |TAMS 0x0000000086b00000, 0x0000000086b00000| Untracked 
| 108|0x0000000086c00000, 0x0000000086c00000, 0x0000000086d00000|  0%| F|  |TAMS 0x0000000086c00000, 0x0000000086c00000| Untracked 
| 109|0x0000000086d00000, 0x0000000086d00000, 0x0000000086e00000|  0%| F|  |TAMS 0x0000000086d00000, 0x0000000086d00000| Untracked 
| 110|0x0000000086e00000, 0x0000000086e00000, 0x0000000086f00000|  0%| F|  |TAMS 0x0000000086e00000, 0x0000000086e00000| Untracked 
| 111|0x0000000086f00000, 0x0000000086f00000, 0x0000000087000000|  0%| F|  |TAMS 0x0000000086f00000, 0x0000000086f00000| Untracked 
| 112|0x0000000087000000, 0x0000000087000000, 0x0000000087100000|  0%| F|  |TAMS 0x0000000087000000, 0x0000000087000000| Untracked 
| 113|0x0000000087100000, 0x00000000871f89e8, 0x0000000087200000| 97%| S|CS|TAMS 0x0000000087100000, 0x0000000087100000| Complete 
| 114|0x0000000087200000, 0x0000000087300000, 0x0000000087300000|100%| S|CS|TAMS 0x0000000087200000, 0x0000000087200000| Complete 
| 115|0x0000000087300000, 0x0000000087300000, 0x0000000087400000|  0%| F|  |TAMS 0x0000000087300000, 0x0000000087300000| Untracked 
| 116|0x0000000087400000, 0x0000000087400000, 0x0000000087500000|  0%| F|  |TAMS 0x0000000087400000, 0x0000000087400000| Untracked 
| 117|0x0000000087500000, 0x0000000087500000, 0x0000000087600000|  0%| F|  |TAMS 0x0000000087500000, 0x0000000087500000| Untracked 
| 118|0x0000000087600000, 0x0000000087600000, 0x0000000087700000|  0%| F|  |TAMS 0x0000000087600000, 0x0000000087600000| Untracked 
| 119|0x0000000087700000, 0x0000000087700000, 0x0000000087800000|  0%| F|  |TAMS 0x0000000087700000, 0x0000000087700000| Untracked 
| 120|0x0000000087800000, 0x0000000087800000, 0x0000000087900000|  0%| F|  |TAMS 0x0000000087800000, 0x0000000087800000| Untracked 
| 121|0x0000000087900000, 0x0000000087900000, 0x0000000087a00000|  0%| F|  |TAMS 0x0000000087900000, 0x0000000087900000| Untracked 
| 122|0x0000000087a00000, 0x0000000087a00000, 0x0000000087b00000|  0%| F|  |TAMS 0x0000000087a00000, 0x0000000087a00000| Untracked 
| 123|0x0000000087b00000, 0x0000000087b00000, 0x0000000087c00000|  0%| F|  |TAMS 0x0000000087b00000, 0x0000000087b00000| Untracked 
| 124|0x0000000087c00000, 0x0000000087c00000, 0x0000000087d00000|  0%| F|  |TAMS 0x0000000087c00000, 0x0000000087c00000| Untracked 
| 125|0x0000000087d00000, 0x0000000087d00000, 0x0000000087e00000|  0%| F|  |TAMS 0x0000000087d00000, 0x0000000087d00000| Untracked 
| 126|0x0000000087e00000, 0x0000000087e00000, 0x0000000087f00000|  0%| F|  |TAMS 0x0000000087e00000, 0x0000000087e00000| Untracked 
| 127|0x0000000087f00000, 0x0000000087f00000, 0x0000000088000000|  0%| F|  |TAMS 0x0000000087f00000, 0x0000000087f00000| Untracked 
| 128|0x0000000088000000, 0x0000000088000000, 0x0000000088100000|  0%| F|  |TAMS 0x0000000088000000, 0x0000000088000000| Untracked 
| 129|0x0000000088100000, 0x0000000088100000, 0x0000000088200000|  0%| F|  |TAMS 0x0000000088100000, 0x0000000088100000| Untracked 
| 130|0x0000000088200000, 0x0000000088200000, 0x0000000088300000|  0%| F|  |TAMS 0x0000000088200000, 0x0000000088200000| Untracked 
| 131|0x0000000088300000, 0x0000000088300000, 0x0000000088400000|  0%| F|  |TAMS 0x0000000088300000, 0x0000000088300000| Untracked 
| 132|0x0000000088400000, 0x0000000088400000, 0x0000000088500000|  0%| F|  |TAMS 0x0000000088400000, 0x0000000088400000| Untracked 
| 133|0x0000000088500000, 0x0000000088500000, 0x0000000088600000|  0%| F|  |TAMS 0x0000000088500000, 0x0000000088500000| Untracked 
| 134|0x0000000088600000, 0x0000000088600000, 0x0000000088700000|  0%| F|  |TAMS 0x0000000088600000, 0x0000000088600000| Untracked 
| 135|0x0000000088700000, 0x0000000088700000, 0x0000000088800000|  0%| F|  |TAMS 0x0000000088700000, 0x0000000088700000| Untracked 
| 136|0x0000000088800000, 0x0000000088800000, 0x0000000088900000|  0%| F|  |TAMS 0x0000000088800000, 0x0000000088800000| Untracked 
| 137|0x0000000088900000, 0x0000000088900000, 0x0000000088a00000|  0%| F|  |TAMS 0x0000000088900000, 0x0000000088900000| Untracked 
| 138|0x0000000088a00000, 0x0000000088a00000, 0x0000000088b00000|  0%| F|  |TAMS 0x0000000088a00000, 0x0000000088a00000| Untracked 
| 139|0x0000000088b00000, 0x0000000088b00000, 0x0000000088c00000|  0%| F|  |TAMS 0x0000000088b00000, 0x0000000088b00000| Untracked 
| 140|0x0000000088c00000, 0x0000000088c00000, 0x0000000088d00000|  0%| F|  |TAMS 0x0000000088c00000, 0x0000000088c00000| Untracked 
| 141|0x0000000088d00000, 0x0000000088d00000, 0x0000000088e00000|  0%| F|  |TAMS 0x0000000088d00000, 0x0000000088d00000| Untracked 

Card table byte_map: [0x000002c7fab30000,0x000002c7faf30000] _byte_map_base: 0x000002c7fa730000

Marking Bits (Prev, Next): (CMBitMap*) 0x000002c7f0786d20, (CMBitMap*) 0x000002c7f0786d60
 Prev Bits: [0x000002c7fb330000, 0x000002c7fd330000)
 Next Bits: [0x000002c7fd330000, 0x000002c7ff330000)

Polling page: 0x000002c7f07d0000

Metaspace:

Usage:
  Non-class:     62.55 MB used.
      Class:     10.38 MB used.
       Both:     72.92 MB used.

Virtual space:
  Non-class space:       64.00 MB reserved,      63.12 MB ( 99%) committed,  1 nodes.
      Class space:      416.00 MB reserved,      10.88 MB (  3%) committed,  1 nodes.
             Both:      480.00 MB reserved,      74.00 MB ( 15%) committed. 

Chunk freelists:
   Non-Class:  208.00 KB
       Class:  5.14 MB
        Both:  5.34 MB

MaxMetaspaceSize: 512.00 MB
CompressedClassSpaceSize: 416.00 MB
Initial GC threshold: 21.00 MB
Current GC threshold: 119.19 MB
CDS: on
MetaspaceReclaimPolicy: balanced
 - commit_granule_bytes: 65536.
 - commit_granule_words: 8192.
 - virtual_space_node_default_size: 8388608.
 - enlarge_chunks_in_place: 1.
 - new_chunks_are_fully_committed: 0.
 - uncommit_free_chunks: 1.
 - use_allocation_guard: 0.
 - handle_deallocations: 1.


Internal statistics:

num_allocs_failed_limit: 9.
num_arena_births: 1526.
num_arena_deaths: 0.
num_vsnodes_births: 2.
num_vsnodes_deaths: 0.
num_space_committed: 1184.
num_space_uncommitted: 0.
num_chunks_returned_to_freelist: 9.
num_chunks_taken_from_freelist: 4982.
num_chunk_merges: 9.
num_chunk_splits: 3180.
num_chunks_enlarged: 1935.
num_inconsistent_stats: 0.

CodeHeap 'non-profiled nmethods': size=120000Kb used=5163Kb max_used=5163Kb free=114837Kb
 bounds [0x000002c787ad0000, 0x000002c787fe0000, 0x000002c78f000000]
CodeHeap 'profiled nmethods': size=120000Kb used=17911Kb max_used=19247Kb free=102088Kb
 bounds [0x000002c780000000, 0x000002c7812d0000, 0x000002c787530000]
CodeHeap 'non-nmethods': size=5760Kb used=1705Kb max_used=1753Kb free=4055Kb
 bounds [0x000002c787530000, 0x000002c7877a0000, 0x000002c787ad0000]
 total_blobs=10629 nmethods=9831 adapters=710
 compilation: enabled
              stopped_count=0, restarted_count=0
 full_count=0

Compilation events (20 events):
Event: 28.073 Thread 0x000002c7911c0930 11879       3       java.lang.invoke.LambdaForm$MH/0x000002c7930e6400::invoke (148 bytes)
Event: 28.073 Thread 0x000002c7911c0930 nmethod 11879 0x000002c7809e6a90 code [0x000002c7809e6d20, 0x000002c7809e7ee8]
Event: 28.078 Thread 0x000002c7911c0930 11880       3       java.util.logging.LogManager::getProperty (9 bytes)
Event: 28.079 Thread 0x000002c7911c0930 nmethod 11880 0x000002c780708310 code [0x000002c7807084c0, 0x000002c780708688]
Event: 28.094 Thread 0x000002c7911c0930 11881       3       sun.util.locale.LocaleObjectCache::get (126 bytes)
Event: 28.094 Thread 0x000002c7911bdf60 11883       4       sun.util.locale.BaseLocale::hashCode (67 bytes)
Event: 28.095 Thread 0x000002c7911c0930 nmethod 11881 0x000002c780a9de90 code [0x000002c780a9e160, 0x000002c780a9f4a8]
Event: 28.095 Thread 0x000002c7911c0930 11882       3       sun.util.locale.LocaleObjectCache::cleanStaleEntries (34 bytes)
Event: 28.095 Thread 0x000002c7b14036a0 11884       4       sun.util.locale.StringTokenIterator::nextDelimiter (116 bytes)
Event: 28.095 Thread 0x000002c7911c0930 nmethod 11882 0x000002c7808b6b90 code [0x000002c7808b6d80, 0x000002c7808b7378]
Event: 28.097 Thread 0x000002c7911c0930 11886       1       java.util.Calendar::getZone (5 bytes)
Event: 28.097 Thread 0x000002c7911c0930 nmethod 11886 0x000002c787fd8690 code [0x000002c787fd8820, 0x000002c787fd88f8]
Event: 28.097 Thread 0x000002c7b14036a0 nmethod 11884 0x000002c787fd8990 code [0x000002c787fd8b20, 0x000002c787fd8cc8]
Event: 28.097 Thread 0x000002c7b14036a0 11885       4       sun.util.locale.StringTokenIterator::next (74 bytes)
Event: 28.110 Thread 0x000002c7b14036a0 nmethod 11885 0x000002c787fd8e90 code [0x000002c787fd9060, 0x000002c787fd9898]
Event: 28.110 Thread 0x000002c7911bdf60 nmethod 11883 0x000002c787fd9d90 code [0x000002c787fd9f40, 0x000002c787fda798]
Event: 28.122 Thread 0x000002c7911c0930 11887       3       org.objectweb.asm.AnnotationWriter::visit (935 bytes)
Event: 28.124 Thread 0x000002c7911c0930 nmethod 11887 0x000002c780a64290 code [0x000002c780a649c0, 0x000002c780a689f8]
Event: 28.124 Thread 0x000002c7911c0930 11888       3       java.lang.reflect.Field::set (30 bytes)
Event: 28.124 Thread 0x000002c7911c0930 nmethod 11888 0x000002c78084cc90 code [0x000002c78084ce80, 0x000002c78084d238]

GC Heap History (20 events):
Event: 18.842 GC heap after
{Heap after GC invocations=21 (full 0):
 garbage-first heap   total 132096K, used 64595K [0x0000000080000000, 0x0000000100000000)
  region size 1024K, 5 young (5120K), 5 survivors (5120K)
 Metaspace       used 68837K, committed 69760K, reserved 491520K
  class space    used 9916K, committed 10368K, reserved 425984K
}
Event: 19.950 GC heap before
{Heap before GC invocations=21 (full 0):
 garbage-first heap   total 132096K, used 106579K [0x0000000080000000, 0x0000000100000000)
  region size 1024K, 47 young (48128K), 5 survivors (5120K)
 Metaspace       used 70745K, committed 71744K, reserved 491520K
  class space    used 10221K, committed 10688K, reserved 425984K
}
Event: 19.958 GC heap after
{Heap after GC invocations=22 (full 0):
 garbage-first heap   total 132096K, used 68795K [0x0000000080000000, 0x0000000100000000)
  region size 1024K, 6 young (6144K), 6 survivors (6144K)
 Metaspace       used 70745K, committed 71744K, reserved 491520K
  class space    used 10221K, committed 10688K, reserved 425984K
}
Event: 21.619 GC heap before
{Heap before GC invocations=23 (full 0):
 garbage-first heap   total 132096K, used 106683K [0x0000000080000000, 0x0000000100000000)
  region size 1024K, 43 young (44032K), 6 survivors (6144K)
 Metaspace       used 71972K, committed 73024K, reserved 491520K
  class space    used 10330K, committed 10816K, reserved 425984K
}
Event: 21.627 GC heap after
{Heap after GC invocations=24 (full 0):
 garbage-first heap   total 132096K, used 73784K [0x0000000080000000, 0x0000000100000000)
  region size 1024K, 6 young (6144K), 6 survivors (6144K)
 Metaspace       used 71972K, committed 73024K, reserved 491520K
  class space    used 10330K, committed 10816K, reserved 425984K
}
Event: 21.690 GC heap before
{Heap before GC invocations=24 (full 0):
 garbage-first heap   total 132096K, used 74808K [0x0000000080000000, 0x0000000100000000)
  region size 1024K, 7 young (7168K), 6 survivors (6144K)
 Metaspace       used 71972K, committed 73024K, reserved 491520K
  class space    used 10330K, committed 10816K, reserved 425984K
}
Event: 21.695 GC heap after
{Heap after GC invocations=25 (full 0):
 garbage-first heap   total 132096K, used 73976K [0x0000000080000000, 0x0000000100000000)
  region size 1024K, 1 young (1024K), 1 survivors (1024K)
 Metaspace       used 71972K, committed 73024K, reserved 491520K
  class space    used 10330K, committed 10816K, reserved 425984K
}
Event: 22.141 GC heap before
{Heap before GC invocations=25 (full 0):
 garbage-first heap   total 132096K, used 106744K [0x0000000080000000, 0x0000000100000000)
  region size 1024K, 34 young (34816K), 1 survivors (1024K)
 Metaspace       used 72157K, committed 73152K, reserved 491520K
  class space    used 10331K, committed 10816K, reserved 425984K
}
Event: 22.146 GC heap after
{Heap after GC invocations=26 (full 0):
 garbage-first heap   total 132096K, used 76605K [0x0000000080000000, 0x0000000100000000)
  region size 1024K, 4 young (4096K), 4 survivors (4096K)
 Metaspace       used 72157K, committed 73152K, reserved 491520K
  class space    used 10331K, committed 10816K, reserved 425984K
}
Event: 22.389 GC heap before
{Heap before GC invocations=27 (full 0):
 garbage-first heap   total 142336K, used 106301K [0x0000000080000000, 0x0000000100000000)
  region size 1024K, 34 young (34816K), 4 survivors (4096K)
 Metaspace       used 72183K, committed 73216K, reserved 491520K
  class space    used 10331K, committed 10816K, reserved 425984K
}
Event: 22.393 GC heap after
{Heap after GC invocations=28 (full 0):
 garbage-first heap   total 142336K, used 77951K [0x0000000080000000, 0x0000000100000000)
  region size 1024K, 4 young (4096K), 4 survivors (4096K)
 Metaspace       used 72183K, committed 73216K, reserved 491520K
  class space    used 10331K, committed 10816K, reserved 425984K
}
Event: 22.406 GC heap before
{Heap before GC invocations=28 (full 0):
 garbage-first heap   total 142336K, used 79999K [0x0000000080000000, 0x0000000100000000)
  region size 1024K, 6 young (6144K), 4 survivors (4096K)
 Metaspace       used 72183K, committed 73216K, reserved 491520K
  class space    used 10331K, committed 10816K, reserved 425984K
}
Event: 22.409 GC heap after
{Heap after GC invocations=29 (full 0):
 garbage-first heap   total 142336K, used 77351K [0x0000000080000000, 0x0000000100000000)
  region size 1024K, 1 young (1024K), 1 survivors (1024K)
 Metaspace       used 72183K, committed 73216K, reserved 491520K
  class space    used 10331K, committed 10816K, reserved 425984K
}
Event: 22.846 GC heap before
{Heap before GC invocations=29 (full 0):
 garbage-first heap   total 142336K, used 114215K [0x0000000080000000, 0x0000000100000000)
  region size 1024K, 38 young (38912K), 1 survivors (1024K)
 Metaspace       used 72189K, committed 73216K, reserved 491520K
  class space    used 10332K, committed 10816K, reserved 425984K
}
Event: 22.849 GC heap after
{Heap after GC invocations=30 (full 0):
 garbage-first heap   total 142336K, used 79939K [0x0000000080000000, 0x0000000100000000)
  region size 1024K, 4 young (4096K), 4 survivors (4096K)
 Metaspace       used 72189K, committed 73216K, reserved 491520K
  class space    used 10332K, committed 10816K, reserved 425984K
}
Event: 27.637 GC heap before
{Heap before GC invocations=31 (full 0):
 garbage-first heap   total 145408K, used 121923K [0x0000000080000000, 0x0000000100000000)
  region size 1024K, 40 young (40960K), 4 survivors (4096K)
 Metaspace       used 72765K, committed 73792K, reserved 491520K
  class space    used 10394K, committed 10880K, reserved 425984K
}
Event: 27.641 GC heap after
{Heap after GC invocations=32 (full 0):
 garbage-first heap   total 145408K, used 90692K [0x0000000080000000, 0x0000000100000000)
  region size 1024K, 5 young (5120K), 5 survivors (5120K)
 Metaspace       used 72765K, committed 73792K, reserved 491520K
  class space    used 10394K, committed 10880K, reserved 425984K
}
Event: 27.672 GC heap before
{Heap before GC invocations=32 (full 0):
 garbage-first heap   total 145408K, used 91716K [0x0000000080000000, 0x0000000100000000)
  region size 1024K, 7 young (7168K), 5 survivors (5120K)
 Metaspace       used 72849K, committed 73920K, reserved 491520K
  class space    used 10403K, committed 10880K, reserved 425984K
}
Event: 27.675 GC heap after
{Heap after GC invocations=33 (full 0):
 garbage-first heap   total 145408K, used 89506K [0x0000000080000000, 0x0000000100000000)
  region size 1024K, 1 young (1024K), 1 survivors (1024K)
 Metaspace       used 72849K, committed 73920K, reserved 491520K
  class space    used 10403K, committed 10880K, reserved 425984K
}
Event: 28.125 GC heap before
{Heap before GC invocations=33 (full 0):
 garbage-first heap   total 145408K, used 117154K [0x0000000080000000, 0x0000000100000000)
  region size 1024K, 27 young (27648K), 1 survivors (1024K)
 Metaspace       used 74672K, committed 75776K, reserved 491520K
  class space    used 10626K, committed 11136K, reserved 425984K
}

Dll operation events (15 events):
Event: 0.010 Loaded shared library C:\Program Files\Eclipse Adoptium\jdk-17.0.17.10-hotspot\bin\java.dll
Event: 0.026 Loaded shared library C:\Program Files\Eclipse Adoptium\jdk-17.0.17.10-hotspot\bin\jsvml.dll
Event: 0.069 Loaded shared library C:\Program Files\Eclipse Adoptium\jdk-17.0.17.10-hotspot\bin\zip.dll
Event: 0.072 Loaded shared library C:\Program Files\Eclipse Adoptium\jdk-17.0.17.10-hotspot\bin\instrument.dll
Event: 0.076 Loaded shared library C:\Program Files\Eclipse Adoptium\jdk-17.0.17.10-hotspot\bin\net.dll
Event: 0.077 Loaded shared library C:\Program Files\Eclipse Adoptium\jdk-17.0.17.10-hotspot\bin\nio.dll
Event: 0.079 Loaded shared library C:\Program Files\Eclipse Adoptium\jdk-17.0.17.10-hotspot\bin\zip.dll
Event: 0.343 Loaded shared library C:\Program Files\Eclipse Adoptium\jdk-17.0.17.10-hotspot\bin\jimage.dll
Event: 0.587 Loaded shared library C:\Program Files\Eclipse Adoptium\jdk-17.0.17.10-hotspot\bin\verify.dll
Event: 0.633 Loaded shared library C:\Users\asepr\.gradle\native\1def1411415f61bf3af743bc5b6707747c0891f09f0c88961ee8f79bc544acac\windows-amd64\native-platform.dll
Event: 0.663 Loaded shared library C:\Users\asepr\.gradle\native\0.2.8\x86_64-windows-gnu\gradle-fileevents.dll
Event: 2.019 Loaded shared library C:\Program Files\Eclipse Adoptium\jdk-17.0.17.10-hotspot\bin\management.dll
Event: 2.022 Loaded shared library C:\Program Files\Eclipse Adoptium\jdk-17.0.17.10-hotspot\bin\management_ext.dll
Event: 2.330 Loaded shared library C:\Program Files\Eclipse Adoptium\jdk-17.0.17.10-hotspot\bin\extnet.dll
Event: 2.593 Loaded shared library C:\Program Files\Eclipse Adoptium\jdk-17.0.17.10-hotspot\bin\sunmscapi.dll

Deoptimization events (20 events):
Event: 27.751 Thread 0x000002c7b1dd2df0 DEOPT PACKING pc=0x000002c787c783cc sp=0x000000f212bf3680
Event: 27.751 Thread 0x000002c7b1dd2df0 DEOPT UNPACKING pc=0x000002c7875869a3 sp=0x000000f212bf3560 mode 2
Event: 27.798 Thread 0x000002c7b1dd2df0 DEOPT PACKING pc=0x000002c781217201 sp=0x000000f212bf2ea0
Event: 27.798 Thread 0x000002c7b1dd2df0 DEOPT UNPACKING pc=0x000002c787587143 sp=0x000000f212bf2368 mode 0
Event: 27.911 Thread 0x000002c7b1dd2df0 DEOPT PACKING pc=0x000002c780483632 sp=0x000000f212befcc0
Event: 27.911 Thread 0x000002c7b1dd2df0 DEOPT UNPACKING pc=0x000002c787587143 sp=0x000000f212bef140 mode 0
Event: 27.921 Thread 0x000002c7b1dd2df0 DEOPT PACKING pc=0x000002c780483632 sp=0x000000f212befcc0
Event: 27.921 Thread 0x000002c7b1dd2df0 DEOPT UNPACKING pc=0x000002c787587143 sp=0x000000f212bef140 mode 0
Event: 28.098 Thread 0x000002c7b1dd2df0 Uncommon trap: trap_request=0xffffffde fr.pc=0x000002c787c5805c relative=0x000000000000037c
Event: 28.098 Thread 0x000002c7b1dd2df0 Uncommon trap: reason=class_check action=maybe_recompile pc=0x000002c787c5805c method=java.util.stream.AbstractPipeline.copyIntoWithCancel(Ljava/util/stream/Sink;Ljava/util/Spliterator;)Z @ 32 c2
Event: 28.098 Thread 0x000002c7b1dd2df0 DEOPT PACKING pc=0x000002c787c5805c sp=0x000000f212bf2640
Event: 28.098 Thread 0x000002c7b1dd2df0 DEOPT UNPACKING pc=0x000002c7875869a3 sp=0x000000f212bf2500 mode 2
Event: 28.098 Thread 0x000002c7b1dd2df0 Uncommon trap: trap_request=0xffffffde fr.pc=0x000002c787c5805c relative=0x000000000000037c
Event: 28.098 Thread 0x000002c7b1dd2df0 Uncommon trap: reason=class_check action=maybe_recompile pc=0x000002c787c5805c method=java.util.stream.AbstractPipeline.copyIntoWithCancel(Ljava/util/stream/Sink;Ljava/util/Spliterator;)Z @ 32 c2
Event: 28.098 Thread 0x000002c7b1dd2df0 DEOPT PACKING pc=0x000002c787c5805c sp=0x000000f212bf2640
Event: 28.098 Thread 0x000002c7b1dd2df0 DEOPT UNPACKING pc=0x000002c7875869a3 sp=0x000000f212bf2500 mode 2
Event: 28.098 Thread 0x000002c7b1dd2df0 Uncommon trap: trap_request=0xffffffde fr.pc=0x000002c787c5805c relative=0x000000000000037c
Event: 28.098 Thread 0x000002c7b1dd2df0 Uncommon trap: reason=class_check action=maybe_recompile pc=0x000002c787c5805c method=java.util.stream.AbstractPipeline.copyIntoWithCancel(Ljava/util/stream/Sink;Ljava/util/Spliterator;)Z @ 32 c2
Event: 28.098 Thread 0x000002c7b1dd2df0 DEOPT PACKING pc=0x000002c787c5805c sp=0x000000f212bf2640
Event: 28.098 Thread 0x000002c7b1dd2df0 DEOPT UNPACKING pc=0x000002c7875869a3 sp=0x000000f212bf2500 mode 2

Classes loaded (20 events):
Event: 20.131 Loading class java/util/AbstractMap$2$1
Event: 20.131 Loading class java/util/AbstractMap$2$1 done
Event: 20.296 Loading class java/util/AbstractCollectionBeanInfo
Event: 20.296 Loading class java/util/AbstractCollectionBeanInfo done
Event: 20.296 Loading class java/util/AbstractCollectionBeanInfo
Event: 20.296 Loading class java/util/AbstractCollectionBeanInfo done
Event: 20.297 Loading class java/util/AbstractCollectionCustomizer
Event: 20.297 Loading class java/util/AbstractCollectionCustomizer done
Event: 20.297 Loading class java/util/AbstractCollectionCustomizer
Event: 20.297 Loading class java/util/AbstractCollectionCustomizer done
Event: 20.804 Loading class java/util/Collections$ReverseComparator
Event: 20.805 Loading class java/util/Collections$ReverseComparator done
Event: 20.805 Loading class java/util/Collections$ReverseComparator2
Event: 20.806 Loading class java/util/Collections$ReverseComparator2 done
Event: 21.974 Loading class java/util/concurrent/atomic/Striped64$Cell
Event: 21.975 Loading class java/util/concurrent/atomic/Striped64$Cell done
Event: 28.032 Loading class java/util/Comparators$NullComparator
Event: 28.033 Loading class java/util/Comparators$NullComparator done
Event: 28.097 Loading class sun/text/resources/cldr/FormatData_en_US
Event: 28.097 Loading class sun/text/resources/cldr/FormatData_en_US done

Classes unloaded (0 events):
No events

Classes redefined (0 events):
No events

Internal exceptions (20 events):
Event: 20.348 Thread 0x000002c7b1dd2df0 Exception <a 'java/lang/ClassNotFoundException'{0x00000000874a8b68}: org/gradle/api/internal/artifacts/dsl/dependencies/DefaultDependencyHandler_DecoratedCustomizer> (0x00000000874a8b68) 
thrown [s\src\hotspot\share\classfile\systemDictionary.cpp, line 256]
Event: 21.423 Thread 0x000002c7b4bdbb10 Exception <a 'sun/nio/fs/WindowsException'{0x0000000085e446c8}> (0x0000000085e446c8) 
thrown [s\src\hotspot\share\prims\jni.cpp, line 516]
Event: 21.424 Thread 0x000002c7b4bdbb10 Exception <a 'sun/nio/fs/WindowsException'{0x0000000085e46fd8}> (0x0000000085e46fd8) 
thrown [s\src\hotspot\share\prims\jni.cpp, line 516]
Event: 21.425 Thread 0x000002c7b4bdbb10 Exception <a 'sun/nio/fs/WindowsException'{0x0000000085e497f8}> (0x0000000085e497f8) 
thrown [s\src\hotspot\share\prims\jni.cpp, line 516]
Event: 21.426 Thread 0x000002c7b4bdbb10 Exception <a 'sun/nio/fs/WindowsException'{0x0000000085e55520}> (0x0000000085e55520) 
thrown [s\src\hotspot\share\prims\jni.cpp, line 516]
Event: 21.756 Thread 0x000002c7b40449f0 Implicit null exception at 0x000002c787fb2526 to 0x000002c787fb2bc0
Event: 25.133 Thread 0x000002c7b1dd2df0 Exception <a 'java/lang/ClassNotFoundException'{0x0000000087b9bca0}: build_5p0crngh0jxl54fidubcayj0gBeanInfo> (0x0000000087b9bca0) 
thrown [s\src\hotspot\share\classfile\systemDictionary.cpp, line 256]
Event: 25.134 Thread 0x000002c7b1dd2df0 Exception <a 'java/lang/ClassNotFoundException'{0x0000000087ba32e0}: build_5p0crngh0jxl54fidubcayj0gCustomizer> (0x0000000087ba32e0) 
thrown [s\src\hotspot\share\classfile\systemDictionary.cpp, line 256]
Event: 27.486 Thread 0x000002c7b1dd2df0 Exception <a 'java/lang/ClassNotFoundException'{0x000000008731df38}: org/gradle/api/internal/plugins/DefaultObjectConfigurationActionBeanInfo> (0x000000008731df38) 
thrown [s\src\hotspot\share\classfile\systemDictionary.cpp, line 256]
Event: 27.487 Thread 0x000002c7b1dd2df0 Exception <a 'java/lang/ClassNotFoundException'{0x0000000087332db8}: org/gradle/api/internal/plugins/DefaultObjectConfigurationActionCustomizer> (0x0000000087332db8) 
thrown [s\src\hotspot\share\classfile\systemDictionary.cpp, line 256]
Event: 27.495 Thread 0x000002c7b1dd2df0 Exception <a 'java/lang/ClassNotFoundException'{0x000000008738e228}: org/gradle/plugin/software/internal/SoftwareFeaturesDynamicObject_DecoratedBeanInfo> (0x000000008738e228) 
thrown [s\src\hotspot\share\classfile\systemDictionary.cpp, line 256]
Event: 27.496 Thread 0x000002c7b1dd2df0 Exception <a 'java/lang/ClassNotFoundException'{0x00000000873a53d8}: org/gradle/plugin/software/internal/SoftwareFeaturesDynamicObjectBeanInfo> (0x00000000873a53d8) 
thrown [s\src\hotspot\share\classfile\systemDictionary.cpp, line 256]
Event: 27.496 Thread 0x000002c7b1dd2df0 Exception <a 'java/lang/ClassNotFoundException'{0x00000000873bc088}: org/gradle/internal/metaobject/AbstractDynamicObjectBeanInfo> (0x00000000873bc088) 
thrown [s\src\hotspot\share\classfile\systemDictionary.cpp, line 256]
Event: 27.497 Thread 0x000002c7b1dd2df0 Exception <a 'java/lang/ClassNotFoundException'{0x00000000873d2cc8}: org/gradle/internal/metaobject/AbstractDynamicObjectCustomizer> (0x00000000873d2cc8) 
thrown [s\src\hotspot\share\classfile\systemDictionary.cpp, line 256]
Event: 27.498 Thread 0x000002c7b1dd2df0 Exception <a 'java/lang/ClassNotFoundException'{0x00000000873f6d20}: org/gradle/plugin/software/internal/SoftwareFeaturesDynamicObjectCustomizer> (0x00000000873f6d20) 
thrown [s\src\hotspot\share\classfile\systemDictionary.cpp, line 256]
Event: 27.499 Thread 0x000002c7b1dd2df0 Exception <a 'java/lang/ClassNotFoundException'{0x00000000872152b0}: org/gradle/plugin/software/internal/SoftwareFeaturesDynamicObject_DecoratedCustomizer> (0x00000000872152b0) 
thrown [s\src\hotspot\share\classfile\systemDictionary.cpp, line 256]
Event: 27.533 Thread 0x000002c7b1dd2df0 Exception <a 'java/lang/ClassNotFoundException'{0x000000008712dbf8}: build_90dyr4g7jgnz8s3ck62nam5upBeanInfo> (0x000000008712dbf8) 
thrown [s\src\hotspot\share\classfile\systemDictionary.cpp, line 256]
Event: 27.533 Thread 0x000002c7b1dd2df0 Exception <a 'java/lang/ClassNotFoundException'{0x000000008713b018}: build_90dyr4g7jgnz8s3ck62nam5upCustomizer> (0x000000008713b018) 
thrown [s\src\hotspot\share\classfile\systemDictionary.cpp, line 256]
Event: 27.912 Thread 0x000002c7b1dd2df0 Exception <a 'java/lang/NoSuchMethodError'{0x0000000087c25638}: 'java.lang.Object java.lang.invoke.DirectMethodHandle$Holder.invokeSpecial(java.lang.Object, java.lang.Object, long, java.lang.Object, java.lang.Object, java.lang.Object, java.lang.Object, java.lang.Object, java.lang.Object, java.lang.Object, java.lang.Object, java.lang.Object)'> (0x0000000087c25638) 
thrown [s\src\hotspot\share\interpreter\linkResolver.cpp, line 759]
Event: 27.912 Thread 0x000002c7b1dd2df0 Exception <a 'java/lang/NoSuchMethodError'{0x0000000087c2b870}: 'java.lang.Object java.lang.invoke.DelegatingMethodHandle$Holder.reinvoke_L(java.lang.Object, long, java.lang.Object, java.lang.Object, java.lang.Object, java.lang.Object, java.lang.Object, java.lang.Object, java.lang.Object, java.lang.Object, java.lang.Object)'> (0x0000000087c2b870) 
thrown [s\src\hotspot\share\interpreter\linkResolver.cpp, line 759]

VM Operations (20 events):
Event: 22.238 Executing VM operation: G1PauseCleanup done
Event: 22.389 Executing VM operation: G1CollectForAllocation
Event: 22.393 Executing VM operation: G1CollectForAllocation done
Event: 22.406 Executing VM operation: G1CollectForAllocation
Event: 22.409 Executing VM operation: G1CollectForAllocation done
Event: 22.846 Executing VM operation: G1CollectForAllocation
Event: 22.850 Executing VM operation: G1CollectForAllocation done
Event: 22.910 Executing VM operation: G1PauseRemark
Event: 22.917 Executing VM operation: G1PauseRemark done
Event: 22.942 Executing VM operation: G1PauseCleanup
Event: 22.942 Executing VM operation: G1PauseCleanup done
Event: 23.951 Executing VM operation: Cleanup
Event: 23.951 Executing VM operation: Cleanup done
Event: 25.973 Executing VM operation: Cleanup
Event: 25.973 Executing VM operation: Cleanup done
Event: 27.637 Executing VM operation: G1CollectForAllocation
Event: 27.641 Executing VM operation: G1CollectForAllocation done
Event: 27.672 Executing VM operation: G1CollectForAllocation
Event: 27.675 Executing VM operation: G1CollectForAllocation done
Event: 28.125 Executing VM operation: G1CollectForAllocation

Memory protections (0 events):
No events

Nmethod flushes (20 events):
Event: 21.893 Thread 0x000002c7911c1240 flushing  nmethod 0x000002c780e16890
Event: 21.893 Thread 0x000002c7911c1240 flushing  nmethod 0x000002c780e2e490
Event: 21.893 Thread 0x000002c7911c1240 flushing  nmethod 0x000002c780e45990
Event: 21.893 Thread 0x000002c7911c1240 flushing  nmethod 0x000002c780e82790
Event: 21.893 Thread 0x000002c7911c1240 flushing  nmethod 0x000002c780e8bb90
Event: 21.894 Thread 0x000002c7911c1240 flushing  nmethod 0x000002c780e9f090
Event: 21.894 Thread 0x000002c7911c1240 flushing  nmethod 0x000002c780ea2590
Event: 21.894 Thread 0x000002c7911c1240 flushing  nmethod 0x000002c780ed2390
Event: 21.894 Thread 0x000002c7911c1240 flushing  nmethod 0x000002c780ee2010
Event: 21.894 Thread 0x000002c7911c1240 flushing  nmethod 0x000002c780ef9a90
Event: 21.894 Thread 0x000002c7911c1240 flushing  nmethod 0x000002c780f1de10
Event: 21.894 Thread 0x000002c7911c1240 flushing  nmethod 0x000002c780f45310
Event: 21.894 Thread 0x000002c7911c1240 flushing  nmethod 0x000002c780f49390
Event: 21.895 Thread 0x000002c7911c1240 flushing  nmethod 0x000002c780f65210
Event: 21.895 Thread 0x000002c7911c1240 flushing  nmethod 0x000002c780f7d510
Event: 21.895 Thread 0x000002c7911c1240 flushing  nmethod 0x000002c780f99f90
Event: 21.896 Thread 0x000002c7911c1240 flushing  nmethod 0x000002c781070d90
Event: 21.896 Thread 0x000002c7911c1240 flushing  nmethod 0x000002c78107b290
Event: 21.896 Thread 0x000002c7911c1240 flushing  nmethod 0x000002c78108f090
Event: 21.898 Thread 0x000002c7911c1240 flushing  nmethod 0x000002c7811b9010

Events (20 events):
Event: 19.691 Thread 0x000002c7b1dd2df0 Thread added: 0x000002c7b4ce17f0
Event: 19.692 Thread 0x000002c7b1dd2df0 Thread added: 0x000002c7b4ce2c30
Event: 19.693 Thread 0x000002c7b1dd2df0 Thread added: 0x000002c7b4ce1d00
Event: 19.797 Thread 0x000002c7b1dd2df0 Thread added: 0x000002c7b4ce4070
Event: 20.232 Thread 0x000002c7b1dd2df0 Thread added: 0x000002c7b4ce5ed0
Event: 20.916 Thread 0x000002c7b49c25b0 Thread exited: 0x000002c7b49c25b0
Event: 21.228 Thread 0x000002c7b4bdc020 Thread added: 0x000002c7b4ce4a90
Event: 21.229 Thread 0x000002c7b4bdc020 Thread added: 0x000002c7b4ce4580
Event: 21.229 Thread 0x000002c7b4bdc020 Thread added: 0x000002c7b4ce54b0
Event: 21.229 Thread 0x000002c7b4bdc020 Thread added: 0x000002c7b4ce59c0
Event: 21.230 Thread 0x000002c7b4bdc020 Thread added: 0x000002c7b4ce2720
Event: 21.230 Thread 0x000002c7b4bdc020 Thread added: 0x000002c7b4ce7820
Event: 21.231 Thread 0x000002c7b4bdc020 Thread added: 0x000002c7b4ce63e0
Event: 21.231 Thread 0x000002c7b4bdc020 Thread added: 0x000002c7b4ce68f0
Event: 22.923 Thread 0x000002c7911c0930 Thread added: 0x000002c7b14036a0
Event: 25.058 Thread 0x000002c7b14036a0 Thread added: 0x000002c7b1404140
Event: 25.126 Thread 0x000002c7b1dd2df0 Thread added: 0x000002c7b4ce7310
Event: 27.510 Thread 0x000002c7b1dd2df0 Thread added: 0x000002c7b5501320
Event: 27.520 Thread 0x000002c7b1dd2df0 Thread added: 0x000002c7b5503180
Event: 27.907 Thread 0x000002c7b1404140 Thread exited: 0x000002c7b1404140


Dynamic libraries:
0x00007ff700980000 - 0x00007ff70098e000 	C:\Program Files\Eclipse Adoptium\jdk-17.0.17.10-hotspot\bin\java.exe
0x00007ffacd9a0000 - 0x00007ffacdc07000 	C:\WINDOWS\SYSTEM32\ntdll.dll
0x00007ffacb7a0000 - 0x00007ffacb869000 	C:\WINDOWS\System32\KERNEL32.DLL
0x00007ffaca5d0000 - 0x00007ffaca9c1000 	C:\WINDOWS\System32\KERNELBASE.dll
0x00007ffacad80000 - 0x00007ffacaecb000 	C:\WINDOWS\System32\ucrtbase.dll
0x00007ffa94a30000 - 0x00007ffa94a4e000 	C:\Program Files\Eclipse Adoptium\jdk-17.0.17.10-hotspot\bin\VCRUNTIME140.dll
0x00007ffab5820000 - 0x00007ffab5838000 	C:\Program Files\Eclipse Adoptium\jdk-17.0.17.10-hotspot\bin\jli.dll
0x00007ffacbba0000 - 0x00007ffacbd65000 	C:\WINDOWS\System32\USER32.dll
0x00007ffaaf150000 - 0x00007ffaaf3e3000 	C:\WINDOWS\WinSxS\amd64_microsoft.windows.common-controls_6595b64144ccf1df_6.0.26100.8037_none_3e092faae333b53b\COMCTL32.dll
0x00007ffacacc0000 - 0x00007ffacace7000 	C:\WINDOWS\System32\win32u.dll
0x00007ffacc060000 - 0x00007ffacc109000 	C:\WINDOWS\System32\msvcrt.dll
0x00007ffacd710000 - 0x00007ffacd73b000 	C:\WINDOWS\System32\GDI32.dll
0x00007ffaca280000 - 0x00007ffaca3ab000 	C:\WINDOWS\System32\gdi32full.dll
0x00007ffacac10000 - 0x00007ffacacb3000 	C:\WINDOWS\System32\msvcp_win.dll
0x00007ffacd4e0000 - 0x00007ffacd511000 	C:\WINDOWS\System32\IMM32.DLL
0x00007ffa882d0000 - 0x00007ffa882dc000 	C:\Program Files\Eclipse Adoptium\jdk-17.0.17.10-hotspot\bin\vcruntime140_1.dll
0x00007ffa1f370000 - 0x00007ffa1f3fd000 	C:\Program Files\Eclipse Adoptium\jdk-17.0.17.10-hotspot\bin\msvcp140.dll
0x00007ffa1ddd0000 - 0x00007ffa1ea3b000 	C:\Program Files\Eclipse Adoptium\jdk-17.0.17.10-hotspot\bin\server\jvm.dll
0x00007ffacd8a0000 - 0x00007ffacd95b000 	C:\WINDOWS\System32\ADVAPI32.dll
0x00007ffacd520000 - 0x00007ffacd5c7000 	C:\WINDOWS\System32\sechost.dll
0x00007ffacd5f0000 - 0x00007ffacd708000 	C:\WINDOWS\System32\RPCRT4.dll
0x00007ffacbe70000 - 0x00007ffacbee4000 	C:\WINDOWS\System32\WS2_32.dll
0x00007ffaca0e0000 - 0x00007ffaca13e000 	C:\WINDOWS\SYSTEM32\POWRPROF.dll
0x00007ffab8ea0000 - 0x00007ffab8ed5000 	C:\WINDOWS\SYSTEM32\WINMM.dll
0x00007ffac35e0000 - 0x00007ffac35eb000 	C:\WINDOWS\SYSTEM32\VERSION.dll
0x00007ffaca0c0000 - 0x00007ffaca0d4000 	C:\WINDOWS\SYSTEM32\UMPDC.dll
0x00007ffac8f70000 - 0x00007ffac8f8b000 	C:\WINDOWS\SYSTEM32\kernel.appcore.dll
0x00007ffa83060000 - 0x00007ffa8306a000 	C:\Program Files\Eclipse Adoptium\jdk-17.0.17.10-hotspot\bin\jimage.dll
0x00007ffac83e0000 - 0x00007ffac8622000 	C:\WINDOWS\SYSTEM32\DBGHELP.DLL
0x00007ffaccf70000 - 0x00007ffacd2f2000 	C:\WINDOWS\System32\combase.dll
0x00007ffacbf80000 - 0x00007ffacc057000 	C:\WINDOWS\System32\OLEAUT32.dll
0x00007ffaacc40000 - 0x00007ffaacc7b000 	C:\WINDOWS\SYSTEM32\dbgcore.DLL
0x00007ffaca3b0000 - 0x00007ffaca455000 	C:\WINDOWS\System32\bcryptPrimitives.dll
0x00007ffabadc0000 - 0x00007ffabadce000 	C:\Program Files\Eclipse Adoptium\jdk-17.0.17.10-hotspot\bin\instrument.dll
0x00007ffa5e710000 - 0x00007ffa5e735000 	C:\Program Files\Eclipse Adoptium\jdk-17.0.17.10-hotspot\bin\java.dll
0x00007ffa5e630000 - 0x00007ffa5e707000 	C:\Program Files\Eclipse Adoptium\jdk-17.0.17.10-hotspot\bin\jsvml.dll
0x00007ffacc1d0000 - 0x00007ffacc92f000 	C:\WINDOWS\System32\SHELL32.dll
0x00007ffaca460000 - 0x00007ffaca5ca000 	C:\WINDOWS\System32\wintypes.dll
0x00007ffacaed0000 - 0x00007ffacb734000 	C:\WINDOWS\System32\windows.storage.dll
0x00007ffacbd70000 - 0x00007ffacbe67000 	C:\WINDOWS\System32\SHCORE.dll
0x00007ffacbef0000 - 0x00007ffacbf57000 	C:\WINDOWS\System32\shlwapi.dll
0x00007ffaca1a0000 - 0x00007ffaca1c9000 	C:\WINDOWS\SYSTEM32\profapi.dll
0x00007ffa2dba0000 - 0x00007ffa2dbb8000 	C:\Program Files\Eclipse Adoptium\jdk-17.0.17.10-hotspot\bin\zip.dll
0x00007ffa4b660000 - 0x00007ffa4b67a000 	C:\Program Files\Eclipse Adoptium\jdk-17.0.17.10-hotspot\bin\net.dll
0x00007ffac2ea0000 - 0x00007ffac2fc7000 	C:\WINDOWS\SYSTEM32\WINHTTP.dll
0x00007ffac9580000 - 0x00007ffac95eb000 	C:\WINDOWS\system32\mswsock.dll
0x00007ffa37f80000 - 0x00007ffa37f96000 	C:\Program Files\Eclipse Adoptium\jdk-17.0.17.10-hotspot\bin\nio.dll
0x00007ffabade0000 - 0x00007ffabadf0000 	C:\Program Files\Eclipse Adoptium\jdk-17.0.17.10-hotspot\bin\verify.dll
0x00007ffabac00000 - 0x00007ffabac27000 	C:\Users\asepr\.gradle\native\1def1411415f61bf3af743bc5b6707747c0891f09f0c88961ee8f79bc544acac\windows-amd64\native-platform.dll
0x00007ffa88380000 - 0x00007ffa883f7000 	C:\Users\asepr\.gradle\native\0.2.8\x86_64-windows-gnu\gradle-fileevents.dll
0x00007ffac34b0000 - 0x00007ffac34ba000 	C:\Program Files\Eclipse Adoptium\jdk-17.0.17.10-hotspot\bin\management.dll
0x00007ffaad8b0000 - 0x00007ffaad8bc000 	C:\Program Files\Eclipse Adoptium\jdk-17.0.17.10-hotspot\bin\management_ext.dll
0x00007ffacce60000 - 0x00007ffacce68000 	C:\WINDOWS\System32\PSAPI.DLL
0x00007ffac88f0000 - 0x00007ffac8923000 	C:\WINDOWS\SYSTEM32\IPHLPAPI.DLL
0x00007ffacbf70000 - 0x00007ffacbf7a000 	C:\WINDOWS\System32\NSI.dll
0x00007ffac35f0000 - 0x00007ffac360d000 	C:\WINDOWS\SYSTEM32\dhcpcsvc6.DLL
0x00007ffac2e70000 - 0x00007ffac2e93000 	C:\WINDOWS\SYSTEM32\dhcpcsvc.DLL
0x00007ffac8a60000 - 0x00007ffac8b8a000 	C:\WINDOWS\SYSTEM32\DNSAPI.dll
0x00007ffaad8a0000 - 0x00007ffaad8a9000 	C:\Program Files\Eclipse Adoptium\jdk-17.0.17.10-hotspot\bin\extnet.dll
0x00007ffac9860000 - 0x00007ffac987b000 	C:\WINDOWS\SYSTEM32\CRYPTSP.dll
0x00007ffac8f90000 - 0x00007ffac8fc9000 	C:\WINDOWS\system32\rsaenh.dll
0x00007ffac9630000 - 0x00007ffac9662000 	C:\WINDOWS\SYSTEM32\USERENV.dll
0x00007ffaca170000 - 0x00007ffaca19a000 	C:\WINDOWS\SYSTEM32\bcrypt.dll
0x00007ffac9880000 - 0x00007ffac988c000 	C:\WINDOWS\SYSTEM32\CRYPTBASE.dll
0x00007ffa98030000 - 0x00007ffa9803e000 	C:\Program Files\Eclipse Adoptium\jdk-17.0.17.10-hotspot\bin\sunmscapi.dll
0x00007ffaca9d0000 - 0x00007ffacab47000 	C:\WINDOWS\System32\CRYPT32.dll
0x00007ffac9a80000 - 0x00007ffac9ab0000 	C:\WINDOWS\SYSTEM32\ncrypt.dll
0x00007ffac9a30000 - 0x00007ffac9a6f000 	C:\WINDOWS\SYSTEM32\NTASN1.dll
0x00007ffa97b20000 - 0x00007ffa97b28000 	C:\WINDOWS\system32\wshunix.dll

dbghelp: loaded successfully - version: 4.0.5 - missing functions: none
symbol engine: initialized successfully - sym options: 0x614 - pdb path: .;C:\Program Files\Eclipse Adoptium\jdk-17.0.17.10-hotspot\bin;C:\WINDOWS\SYSTEM32;C:\WINDOWS\WinSxS\amd64_microsoft.windows.common-controls_6595b64144ccf1df_6.0.26100.8037_none_3e092faae333b53b;C:\Program Files\Eclipse Adoptium\jdk-17.0.17.10-hotspot\bin\server;C:\Users\asepr\.gradle\native\1def1411415f61bf3af743bc5b6707747c0891f09f0c88961ee8f79bc544acac\windows-amd64;C:\Users\asepr\.gradle\native\0.2.8\x86_64-windows-gnu

VM Arguments:
jvm_args: --add-opens=java.base/java.lang=ALL-UNNAMED --add-opens=java.base/java.lang.invoke=ALL-UNNAMED --add-opens=java.base/java.util=ALL-UNNAMED --add-opens=java.prefs/java.util.prefs=ALL-UNNAMED --add-exports=jdk.compiler/com.sun.tools.javac.api=ALL-UNNAMED --add-exports=jdk.compiler/com.sun.tools.javac.util=ALL-UNNAMED --add-opens=java.base/java.util=ALL-UNNAMED --add-opens=java.prefs/java.util.prefs=ALL-UNNAMED --add-opens=java.base/java.nio.charset=ALL-UNNAMED --add-opens=java.base/java.net=ALL-UNNAMED --add-opens=java.base/java.util.concurrent=ALL-UNNAMED --add-opens=java.base/java.util.concurrent.atomic=ALL-UNNAMED --add-opens=java.xml/javax.xml.namespace=ALL-UNNAMED -XX:MaxMetaspaceSize=512m -Xmx2048m -Dfile.encoding=windows-1252 -Duser.country=ID -Duser.language=en -Duser.variant -javaagent:C:\Users\asepr\.gradle\wrapper\dists\gradle-9.0.0-bin\d6wjpkvcgsg3oed0qlfss3wgl\gradle-9.0.0\lib\agents\gradle-instrumentation-agent-9.0.0.jar 
java_command: org.gradle.launcher.daemon.bootstrap.GradleDaemon 9.0.0
java_class_path (initial): C:\Users\asepr\.gradle\wrapper\dists\gradle-9.0.0-bin\d6wjpkvcgsg3oed0qlfss3wgl\gradle-9.0.0\lib\gradle-daemon-main-9.0.0.jar
Launcher Type: SUN_STANDARD

[Global flags]
     intx CICompilerCount                          = 4                                         {product} {ergonomic}
   size_t CompressedClassSpaceSize                 = 436207616                                 {product} {ergonomic}
     uint ConcGCThreads                            = 3                                         {product} {ergonomic}
     uint G1ConcRefinementThreads                  = 10                                        {product} {ergonomic}
   size_t G1HeapRegionSize                         = 1048576                                   {product} {ergonomic}
    uintx GCDrainStackTargetSize                   = 64                                        {product} {ergonomic}
   size_t InitialHeapSize                          = 98566144                                  {product} {ergonomic}
   size_t MarkStackSize                            = 4194304                                   {product} {ergonomic}
   size_t MaxHeapSize                              = 2147483648                                {product} {command line}
   size_t MaxMetaspaceSize                         = 536870912                                 {product} {command line}
   size_t MaxNewSize                               = 1287651328                                {product} {ergonomic}
   size_t MinHeapDeltaBytes                        = 1048576                                   {product} {ergonomic}
   size_t MinHeapSize                              = 8388608                                   {product} {ergonomic}
    uintx NonNMethodCodeHeapSize                   = 5839372                                {pd product} {ergonomic}
    uintx NonProfiledCodeHeapSize                  = 122909434                              {pd product} {ergonomic}
    uintx ProfiledCodeHeapSize                     = 122909434                              {pd product} {ergonomic}
    uintx ReservedCodeCacheSize                    = 251658240                              {pd product} {ergonomic}
     bool SegmentedCodeCache                       = true                                      {product} {ergonomic}
   size_t SoftMaxHeapSize                          = 2147483648                             {manageable} {ergonomic}
     bool UseCompressedClassPointers               = true                           {product lp64_product} {ergonomic}
     bool UseCompressedOops                        = true                           {product lp64_product} {ergonomic}
     bool UseG1GC                                  = true                                      {product} {ergonomic}
     bool UseLargePagesIndividualAllocation        = false                                  {pd product} {ergonomic}

Logging:
Log output configuration:
 #0: stdout all=warning uptime,level,tags
 #1: stderr all=off uptime,level,tags

Environment Variables:
JAVA_HOME=C:\Program Files\Eclipse Adoptium\jdk-17.0.17.10-hotspot
PATH=C:\Users\asepr\mobile-app\mobile\node_modules\.bin;C:\Users\asepr\mobile-app\mobile\node_modules\.bin;C:\Users\asepr\mobile-app\node_modules\.bin;C:\Users\asepr\node_modules\.bin;C:\Users\node_modules\.bin;C:\node_modules\.bin;C:\Users\asepr\AppData\Roaming\npm\node_modules\npm\node_modules\@npmcli\run-script\lib\node-gyp-bin;C:\Users\asepr\bin;C:\Program Files\Git\mingw64\bin;C:\Program Files\Git\usr\local\bin;C:\Program Files\Git\usr\bin;C:\Program Files\Git\usr\bin;C:\Program Files\Git\mingw64\bin;C:\Program Files\Git\usr\bin;C:\Users\asepr\bin;C:\Users\asepr\AppData\Roaming\Code\User\globalStorage\github.copilot-chat\debugCommand;C:\Users\asepr\AppData\Roaming\Code\User\globalStorage\github.copilot-chat\copilotCli;C:\Users\asepr\AppData\Local\Programs\Microsoft VS Code;C:\Program Files\Eclipse Adoptium\jdk-17.0.17.10-hotspot\bin;C:\WINDOWS\system32;C:\WINDOWS;C:\WINDOWS\System32\Wbem;C:\WINDOWS\System32\WindowsPowerShell\v1.0;C:\WINDOWS\System32\OpenSSH;C:\Program Files\Git\cmd;C:\Program Files\Redis;C:\xampp\php;C:\Program Files\apache-maven-3.8.3\bin;C:\instantclient_21_3;C:\curl-7.81.0-win64-mingw\bin;C:\Program Files\Go\bin;C:\ProgramData\ComposerSetup\bin;C:\Program Files\PuTTY;C:\Program Files\nodejs;%JAVA_HOME%\bin;C:\Android\platform-tools;C:\WINDOWS\system32;C:\WINDOWS;C:\WINDOWS\System32\Wbem;C:\WINDOWS\System32\WindowsPowerShell\v1.0;C:\WINDOWS\System32\OpenSSH;C:\Program Files\Git\cmd;C:\Program Files\Redis;C:\xampp\php;C:\Program Files\apache-maven-3.8.3\bin;C:\instantclient_21_3;C:\curl-7.81.0-win64-mingw\bin;C:\Program Files\Go\bin;C:\ProgramData\ComposerSetup\bin;C:\Program Files\PuTTY;C:\Program Files\Docker\Docker\resources\bin;C:\Program Files\nodejs;C:\Program Files\dotnet;C:\;C:\Users\asepr\AppData\Local\Programs\Microsoft VS Code\bin;C:\Users\asepr\AppData\Local\Microsoft\WindowsApps;C:\Users\asepr\.dotnet\tools;C:\Program Files\Git\usr\bin\vendor_perl;C:\Program Files\Git\usr\bin\core_perl
USERNAME=asepr
SHELL=C:\Program Files\Git\usr\bin\bash.exe
DISPLAY=needs-to-be-defined
LANG=en_US.UTF-8
TERM=xterm-256color
TMPDIR=C:\Users\asepr\AppData\Local\Temp
OS=Windows_NT
PROCESSOR_IDENTIFIER=AMD64 Family 23 Model 104 Stepping 1, AuthenticAMD
TMP=C:\Users\asepr\AppData\Local\Temp
TEMP=C:\Users\asepr\AppData\Local\Temp



Periodic native trim disabled


---------------  S Y S T E M  ---------------

OS:
 Windows 11 , 64 bit Build 26100 (10.0.26100.7920)
OS uptime: 0 days 2:51 hours
Hyper-V role detected

CPU: total 12 (initial active 12) (12 cores per cpu, 2 threads per core) family 23 model 104 stepping 1 microcode 0x8608103, cx8, cmov, fxsr, ht, mmx, 3dnowpref, sse, sse2, sse3, ssse3, sse4a, sse4.1, sse4.2, popcnt, lzcnt, tsc, tscinvbit, avx, avx2, aes, clmul, bmi1, bmi2, adx, sha, fma, vzeroupper, clflush, clflushopt, hv
Processor Information for processor 0
  Max Mhz: 2100, Current Mhz: 1988, Mhz Limit: 2100
Processor Information for processor 1
  Max Mhz: 2100, Current Mhz: 1988, Mhz Limit: 2100
Processor Information for processor 2
  Max Mhz: 2100, Current Mhz: 1988, Mhz Limit: 2100
Processor Information for processor 3
  Max Mhz: 2100, Current Mhz: 1988, Mhz Limit: 2100
Processor Information for processor 4
  Max Mhz: 2100, Current Mhz: 1988, Mhz Limit: 2100
Processor Information for processor 5
  Max Mhz: 2100, Current Mhz: 2100, Mhz Limit: 2100
Processor Information for processor 6
  Max Mhz: 2100, Current Mhz: 1988, Mhz Limit: 2100
Processor Information for processor 7
  Max Mhz: 2100, Current Mhz: 1988, Mhz Limit: 2100
Processor Information for processor 8
  Max Mhz: 2100, Current Mhz: 2100, Mhz Limit: 2100
Processor Information for processor 9
  Max Mhz: 2100, Current Mhz: 1988, Mhz Limit: 2100
Processor Information for processor 10
  Max Mhz: 2100, Current Mhz: 1988, Mhz Limit: 2100
Processor Information for processor 11
  Max Mhz: 2100, Current Mhz: 1988, Mhz Limit: 2100

Memory: 4k page, system-wide physical 6005M (537M free)
TotalPageFile size 24437M (AvailPageFile size 1M)
current process WorkingSet (physical memory assigned to process): 314M, peak: 321M
current process commit charge ("private bytes"): 420M, peak: 562M

vm_info: OpenJDK 64-Bit Server VM (17.0.17+10) for windows-amd64 JRE (17.0.17+10), built on Oct 21 2025 23:25:32 by "admin" with unknown MS VC++:1942

END.
